===== Download Panda-70M Clips (full dataset) =====
Job ID: 59194
Node: cn1.cds.iisc.in
Start: Wed Sep 16 04:23:53 PM IST 2026
METADATA_DIR=/scratch/users/anirban/tamaghnam/latentvans/data/future_l1_50k_metadata_full
OUTPUT_DIR=/scratch/users/anirban/tamaghnam/latentvans/data/panda70m_clips
Requirement already satisfied: yt-dlp in /scratch/users/anirban/tamaghnam/envs/latentvans/lib/python3.11/site-packages (2026.8.19)
Requirement already satisfied: datasets in /scratch/users/anirban/tamaghnam/envs/latentvans/lib/python3.11/site-packages (5.0.1)
Requirement already satisfied: filelock in /scratch/users/anirban/tamaghnam/envs/latentvans/lib/python3.11/site-packages (from datasets) (3.32.5)
Requirement already satisfied: numpy>=1.17 in /scratch/users/anirban/tamaghnam/envs/latentvans/lib/python3.11/site-packages (from datasets) (2.4.6)
Requirement already satisfied: pyarrow>=21.0.0 in /scratch/users/anirban/tamaghnam/envs/latentvans/lib/python3.11/site-packages (from datasets) (25.0.1)
Requirement already satisfied: dill<0.4.2,>=0.3.0 in /scratch/users/anirban/tamaghnam/envs/latentvans/lib/python3.11/site-packages (from datasets) (0.4.1)
Requirement already satisfied: pandas in /scratch/users/anirban/tamaghnam/envs/latentvans/lib/python3.11/site-packages (from datasets) (3.0.5)
Requirement already satisfied: requests>=2.32.2 in /scratch/users/anirban/tamaghnam/envs/latentvans/lib/python3.11/site-packages (from datasets) (2.34.2)
Requirement already satisfied: httpx<1.0.0 in /scratch/users/anirban/tamaghnam/envs/latentvans/lib/python3.11/site-packages (from datasets) (0.28.1)
Requirement already satisfied: tqdm>=4.66.3 in /scratch/users/anirban/tamaghnam/envs/latentvans/lib/python3.11/site-packages (from datasets) (4.70.0)
Requirement already satisfied: xxhash in /scratch/users/anirban/tamaghnam/envs/latentvans/lib/python3.11/site-packages (from datasets) (4.0.1)
Requirement already satisfied: multiprocess<0.70.20 in /scratch/users/anirban/tamaghnam/envs/latentvans/lib/python3.11/site-packages (from datasets) (0.70.19)
Requirement already satisfied: fsspec<=2026.6.0,>=2023.1.0 in /scratch/users/anirban/tamaghnam/envs/latentvans/lib/python3.11/site-packages (from fsspec[http]<=2026.6.0,>=2023.1.0->datasets) (2026.6.0)
Requirement already satisfied: huggingface-hub<2.0,>=0.25.0 in /scratch/users/anirban/tamaghnam/envs/latentvans/lib/python3.11/site-packages (from datasets) (1.31.0)
Requirement already satisfied: packaging in /scratch/users/anirban/tamaghnam/envs/latentvans/lib/python3.11/site-packages (from datasets) (26.3)
Requirement already satisfied: pyyaml>=5.1 in /scratch/users/anirban/tamaghnam/envs/latentvans/lib/python3.11/site-packages (from datasets) (6.0.3)
Requirement already satisfied: aiohttp!=4.0.0a0,!=4.0.0a1 in /scratch/users/anirban/tamaghnam/envs/latentvans/lib/python3.11/site-packages (from fsspec[http]<=2026.6.0,>=2023.1.0->datasets) (3.14.3)
Requirement already satisfied: anyio in /scratch/users/anirban/tamaghnam/envs/latentvans/lib/python3.11/site-packages (from httpx<1.0.0->datasets) (4.15.1)
Requirement already satisfied: certifi in /scratch/users/anirban/tamaghnam/envs/latentvans/lib/python3.11/site-packages (from httpx<1.0.0->datasets) (2026.7.22)
Requirement already satisfied: httpcore==1.* in /scratch/users/anirban/tamaghnam/envs/latentvans/lib/python3.11/site-packages (from httpx<1.0.0->datasets) (1.0.9)
Requirement already satisfied: idna in /scratch/users/anirban/tamaghnam/envs/latentvans/lib/python3.11/site-packages (from httpx<1.0.0->datasets) (3.19)
Requirement already satisfied: h11>=0.16 in /scratch/users/anirban/tamaghnam/envs/latentvans/lib/python3.11/site-packages (from httpcore==1.*->httpx<1.0.0->datasets) (0.16.0)
Requirement already satisfied: click<9.0.0,>=8.4.2 in /scratch/users/anirban/tamaghnam/envs/latentvans/lib/python3.11/site-packages (from huggingface-hub<2.0,>=0.25.0->datasets) (8.5.0)
Requirement already satisfied: hf-xet<2.0.0,>=1.5.2 in /scratch/users/anirban/tamaghnam/envs/latentvans/lib/python3.11/site-packages (from huggingface-hub<2.0,>=0.25.0->datasets) (1.6.0)
Requirement already satisfied: typing-extensions>=4.1.0 in /scratch/users/anirban/tamaghnam/envs/latentvans/lib/python3.11/site-packages (from huggingface-hub<2.0,>=0.25.0->datasets) (4.16.0)
Requirement already satisfied: aiohappyeyeballs>=2.5.0 in /scratch/users/anirban/tamaghnam/envs/latentvans/lib/python3.11/site-packages (from aiohttp!=4.0.0a0,!=4.0.0a1->fsspec[http]<=2026.6.0,>=2023.1.0->datasets) (2.7.1)
Requirement already satisfied: aiosignal>=1.4.0 in /scratch/users/anirban/tamaghnam/envs/latentvans/lib/python3.11/site-packages (from aiohttp!=4.0.0a0,!=4.0.0a1->fsspec[http]<=2026.6.0,>=2023.1.0->datasets) (1.4.0)
Requirement already satisfied: attrs>=17.3.0 in /scratch/users/anirban/tamaghnam/envs/latentvans/lib/python3.11/site-packages (from aiohttp!=4.0.0a0,!=4.0.0a1->fsspec[http]<=2026.6.0,>=2023.1.0->datasets) (26.1.0)
Requirement already satisfied: frozenlist>=1.1.1 in /scratch/users/anirban/tamaghnam/envs/latentvans/lib/python3.11/site-packages (from aiohttp!=4.0.0a0,!=4.0.0a1->fsspec[http]<=2026.6.0,>=2023.1.0->datasets) (1.8.0)
Requirement already satisfied: multidict<7.0,>=4.5 in /scratch/users/anirban/tamaghnam/envs/latentvans/lib/python3.11/site-packages (from aiohttp!=4.0.0a0,!=4.0.0a1->fsspec[http]<=2026.6.0,>=2023.1.0->datasets) (6.7.1)
Requirement already satisfied: propcache>=0.2.0 in /scratch/users/anirban/tamaghnam/envs/latentvans/lib/python3.11/site-packages (from aiohttp!=4.0.0a0,!=4.0.0a1->fsspec[http]<=2026.6.0,>=2023.1.0->datasets) (0.5.2)
Requirement already satisfied: yarl<2.0,>=1.17.0 in /scratch/users/anirban/tamaghnam/envs/latentvans/lib/python3.11/site-packages (from aiohttp!=4.0.0a0,!=4.0.0a1->fsspec[http]<=2026.6.0,>=2023.1.0->datasets) (1.24.5)
Requirement already satisfied: charset_normalizer<4,>=2 in /scratch/users/anirban/tamaghnam/envs/latentvans/lib/python3.11/site-packages (from requests>=2.32.2->datasets) (3.5.1)
Requirement already satisfied: urllib3<3,>=1.26 in /scratch/users/anirban/tamaghnam/envs/latentvans/lib/python3.11/site-packages (from requests>=2.32.2->datasets) (2.7.0)
Requirement already satisfied: python-dateutil>=2.8.2 in /scratch/users/anirban/tamaghnam/envs/latentvans/lib/python3.11/site-packages (from pandas->datasets) (2.9.0.post0)
Requirement already satisfied: six>=1.5 in /scratch/users/anirban/tamaghnam/envs/latentvans/lib/python3.11/site-packages (from python-dateutil>=2.8.2->pandas->datasets) (1.17.0)
[16:23:58] ======================================================================
[16:23:58] Loading all TwiFF targets from /scratch/users/anirban/tamaghnam/latentvans/data/future_l1_50k_metadata_full
[16:23:58] ======================================================================
[16:24:07] 50000 distinct clip files targeted for this run (start/end taken directly from each row's own meta_data)
[16:24:07] 49222 distinct source YouTube videos among those targets
[16:24:07] ======================================================================
[16:24:07] Downloading + cutting clips (grouped by source video)
[16:24:07] ======================================================================
[16:24:07]   [video 1/49222] yt-dlp nrs96_CbkZM (1 clip(s) needed) ...
[16:24:14]     [1/50000] cutting nrs96_CbkZM-0:00:35.000-0:00:49.720.mp4 (0:00:35.000 -> 0:00:49.720)
[16:24:15]   [video 2/49222] yt-dlp bdjknG7ezbw (1 clip(s) needed) ...
[16:24:37]     [2/50000] cutting bdjknG7ezbw-0:06:00.159-0:06:28.020.mp4 (0:06:00.159 -> 0:06:28.020)
[16:24:39]   [video 3/49222] yt-dlp RtqABKiNbKw (1 clip(s) needed) ...
[16:24:55]     [3/50000] cutting RtqABKiNbKw-0:00:56.156-0:01:08.134.mp4 (0:00:56.156 -> 0:01:08.134)
[16:24:55]   [video 4/49222] yt-dlp I5DJM_GggZc (1 clip(s) needed) ...
[16:25:47]     [4/50000] cutting I5DJM_GggZc-0:00:34.417-0:01:10.336.mp4 (0:00:34.417 -> 0:01:10.336)
[16:25:49]   [video 5/49222] yt-dlp 6vTVmpcadW4 (1 clip(s) needed) ...
[16:25:58]     [5/50000] cutting 6vTVmpcadW4-0:00:14.166-0:00:59.733.mp4 (0:00:14.166 -> 0:00:59.733)
[16:25:58]   [video 6/49222] yt-dlp cluu5NN6m_c (1 clip(s) needed) ...
[16:26:21]     [6/50000] cutting cluu5NN6m_c-0:03:01.347-0:03:07.287.mp4 (0:03:01.347 -> 0:03:07.287)
[16:26:21]   [video 7/49222] yt-dlp 6ErRoLfWKTU (1 clip(s) needed) ...
[16:27:02]     [7/50000] cutting 6ErRoLfWKTU-0:00:10.927-0:00:58.975.mp4 (0:00:10.927 -> 0:00:58.975)
[16:27:03]   [video 8/49222] yt-dlp aVXY9BKd42k (1 clip(s) needed) ...
[16:27:17]     [8/50000] cutting aVXY9BKd42k-0:02:46.833-0:02:55.909.mp4 (0:02:46.833 -> 0:02:55.909)
[16:27:17]   [video 9/49222] yt-dlp 0Dvcu3-y_xc (1 clip(s) needed) ...
[16:27:26]     [9/50000] cutting 0Dvcu3-y_xc-0:00:04.920-0:00:10.040.mp4 (0:00:04.920 -> 0:00:10.040)
[16:27:26]   [video 10/49222] yt-dlp 54ic18tFrrw (1 clip(s) needed) ...
[16:27:58]     [10/50000] cutting 54ic18tFrrw-0:05:15.773-0:05:31.456.mp4 (0:05:15.773 -> 0:05:31.456)
[16:27:58]   [video 11/49222] yt-dlp biESz2cW2ac (1 clip(s) needed) ...
[16:28:20]     [11/50000] cutting biESz2cW2ac-0:04:19.726-0:04:47.754.mp4 (0:04:19.726 -> 0:04:47.754)
[16:28:21]   [video 12/49222] yt-dlp 1A-fcrUk4Jk (1 clip(s) needed) ...
[16:28:40]     [12/50000] cutting 1A-fcrUk4Jk-0:04:40.786-0:04:56.782.mp4 (0:04:40.786 -> 0:04:56.782)
[16:28:41]   [video 13/49222] yt-dlp NHJHq5Eu9GQ (1 clip(s) needed) ...
[16:29:00]     [13/50000] cutting NHJHq5Eu9GQ-0:01:03.063-0:01:51.077.mp4 (0:01:03.063 -> 0:01:51.077)
[16:29:02]   [video 14/49222] yt-dlp UGycDaAAGqg (1 clip(s) needed) ...
[16:29:16]     [14/50000] cutting UGycDaAAGqg-0:02:28.781-0:02:33.253.mp4 (0:02:28.781 -> 0:02:33.253)
[16:29:17]   [video 15/49222] yt-dlp 6WagVAIcHM0 (1 clip(s) needed) ...
[16:29:34]     [15/50000] cutting 6WagVAIcHM0-0:00:11.644-0:00:25.325.mp4 (0:00:11.644 -> 0:00:25.325)
[16:29:35]   [video 16/49222] yt-dlp CxutM0SIsfI (1 clip(s) needed) ...
[16:29:57]     [16/50000] cutting CxutM0SIsfI-0:04:53.426-0:05:02.302.mp4 (0:04:53.426 -> 0:05:02.302)
[16:29:58]   [video 17/49222] yt-dlp GcRCs7aNBMo (1 clip(s) needed) ...
[16:30:11]     [17/50000] cutting GcRCs7aNBMo-0:00:05.972-0:00:54.020.mp4 (0:00:05.972 -> 0:00:54.020)
[16:30:13]   [video 18/49222] yt-dlp 0qhtqREPepI (1 clip(s) needed) ...
[16:30:23]     [18/50000] cutting 0qhtqREPepI-0:01:20.080-0:01:23.716.mp4 (0:01:20.080 -> 0:01:23.716)
[16:30:23]   [video 19/49222] yt-dlp kRcRXPcRrkQ (1 clip(s) needed) ...
[16:30:30]     [19/50000] cutting kRcRXPcRrkQ-0:00:25.640-0:00:40.200.mp4 (0:00:25.640 -> 0:00:40.200)
[16:30:30]   [video 20/49222] yt-dlp qmYwHfY1RW0 (1 clip(s) needed) ...
[16:30:48]     [20/50000] cutting qmYwHfY1RW0-0:02:45.198-0:02:49.669.mp4 (0:02:45.198 -> 0:02:49.669)
[16:30:48]   [video 21/49222] yt-dlp o7xpCaupKZM (1 clip(s) needed) ...
[16:31:01]     [21/50000] cutting o7xpCaupKZM-0:05:41.640-0:05:51.520.mp4 (0:05:41.640 -> 0:05:51.520)
[16:31:02]   [video 22/49222] yt-dlp YMzw9Bz-Ojk (1 clip(s) needed) ...
[16:31:15]     [22/50000] cutting YMzw9Bz-Ojk-0:01:30.123-0:01:34.561.mp4 (0:01:30.123 -> 0:01:34.561)
[16:31:16]   [video 23/49222] yt-dlp d0OTlucki00 (1 clip(s) needed) ...
[16:31:19]     FAILED: ERROR: [youtube] d0OTlucki00: Private video
[16:31:19]   [video 24/49222] yt-dlp jew1458EF5I (1 clip(s) needed) ...
[16:31:23]     FAILED: ERROR: [youtube] jew1458EF5I: This video is not available
[16:31:23]   [video 25/49222] yt-dlp 9buJ7le4EwE (1 clip(s) needed) ...
[16:32:23]     [25/50000] cutting 9buJ7le4EwE-0:00:13.980-0:00:46.279.mp4 (0:00:13.980 -> 0:00:46.279)
[16:32:24]   [video 26/49222] yt-dlp dB2gUt-WfPg (1 clip(s) needed) ...
[16:33:20]     [26/50000] cutting dB2gUt-WfPg-0:05:50.283-0:05:53.903.mp4 (0:05:50.283 -> 0:05:53.903)
[16:33:20]   [video 27/49222] yt-dlp ly4iX5829iY (1 clip(s) needed) ...
[16:34:12]     [27/50000] cutting ly4iX5829iY-0:15:22.379-0:15:46.236.mp4 (0:15:22.379 -> 0:15:46.236)
[16:34:13]   [video 28/49222] yt-dlp gPSyGb1kKgc (2 clip(s) needed) ...
[16:34:34]     [28/50000] cutting gPSyGb1kKgc-0:03:23.736-0:03:37.483.mp4 (0:03:23.736 -> 0:03:37.483)
[16:34:35]     [29/50000] cutting gPSyGb1kKgc-0:05:25.708-0:05:30.546.mp4 (0:05:25.708 -> 0:05:30.546)
[16:34:35]   [video 29/49222] yt-dlp 3BYPZlvIsSY (1 clip(s) needed) ...
[16:34:49]     [30/50000] cutting 3BYPZlvIsSY-0:01:34.561-0:01:39.132.mp4 (0:01:34.561 -> 0:01:39.132)
[16:34:49]   [video 30/49222] yt-dlp elYb0YpMmrA (1 clip(s) needed) ...
[16:35:19]     [31/50000] cutting elYb0YpMmrA-0:04:48.566-0:04:54.866.mp4 (0:04:48.566 -> 0:04:54.866)
[16:35:19]   [video 31/49222] yt-dlp ZtWL7svp7uY (1 clip(s) needed) ...
[16:35:59]     [32/50000] cutting ZtWL7svp7uY-0:00:59.592-0:01:08.101.mp4 (0:00:59.592 -> 0:01:08.101)
[16:36:00]   [video 32/49222] yt-dlp 52jR4awyrIY (1 clip(s) needed) ...
[16:37:34]     [33/50000] cutting 52jR4awyrIY-0:00:15.465-0:00:49.165.mp4 (0:00:15.465 -> 0:00:49.165)
[16:37:35]   [video 33/49222] yt-dlp CW9UFaVYucs (1 clip(s) needed) ...
[16:39:43]     [34/50000] cutting CW9UFaVYucs-0:00:01.301-0:00:11.745.mp4 (0:00:01.301 -> 0:00:11.745)
[16:39:44]   [video 34/49222] yt-dlp -6EKrSZ6nu0 (1 clip(s) needed) ...
[16:41:38]     [35/50000] cutting -6EKrSZ6nu0-0:03:28.958-0:03:38.851.mp4 (0:03:28.958 -> 0:03:38.851)
[16:41:39]   [video 35/49222] yt-dlp crmWtaAsdes (1 clip(s) needed) ...
[16:41:53]     [36/50000] cutting crmWtaAsdes-0:03:30.076-0:03:38.117.mp4 (0:03:30.076 -> 0:03:38.117)
[16:41:53]   [video 36/49222] yt-dlp QCGKkbziUPs (1 clip(s) needed) ...
[16:42:47]     [37/50000] cutting QCGKkbziUPs-0:01:25.985-0:01:54.614.mp4 (0:01:25.985 -> 0:01:54.614)
[16:42:48]   [video 37/49222] yt-dlp JDqoV6U_Ltk (1 clip(s) needed) ...
[16:43:10]     [38/50000] cutting JDqoV6U_Ltk-0:04:02.666-0:04:28.300.mp4 (0:04:02.666 -> 0:04:28.300)
[16:43:11]   [video 38/49222] yt-dlp NlBBSl1us0A (1 clip(s) needed) ...
[16:43:30]     [39/50000] cutting NlBBSl1us0A-0:00:42.108-0:00:51.017.mp4 (0:00:42.108 -> 0:00:51.017)
[16:43:30]   [video 39/49222] yt-dlp 6SmdxUnU3ek (1 clip(s) needed) ...
[16:43:59]     [40/50000] cutting 6SmdxUnU3ek-0:04:42.982-0:04:50.990.mp4 (0:04:42.982 -> 0:04:50.990)
[16:43:59]   [video 40/49222] yt-dlp pGvbei4moOY (1 clip(s) needed) ...
[16:44:25]     [41/50000] cutting pGvbei4moOY-0:03:36.316-0:04:03.483.mp4 (0:03:36.316 -> 0:04:03.483)
[16:44:26]   [video 41/49222] yt-dlp dtw6ZRrxsAo (1 clip(s) needed) ...
[16:44:58]     [42/50000] cutting dtw6ZRrxsAo-0:07:49.235-0:08:04.433.mp4 (0:07:49.235 -> 0:08:04.433)
[16:44:59]   [video 42/49222] yt-dlp owYxWC0grAA (1 clip(s) needed) ...
[16:45:10]     [43/50000] cutting owYxWC0grAA-0:01:31.391-0:01:35.495.mp4 (0:01:31.391 -> 0:01:35.495)
[16:45:10]   [video 43/49222] yt-dlp OIvbhJuUXjQ (1 clip(s) needed) ...
[16:45:25]     [44/50000] cutting OIvbhJuUXjQ-0:03:25.700-0:03:31.533.mp4 (0:03:25.700 -> 0:03:31.533)
[16:45:26]   [video 44/49222] yt-dlp jF5YmCbYsSY (1 clip(s) needed) ...
[16:46:53]     [45/50000] cutting jF5YmCbYsSY-0:01:30.457-0:01:42.435.mp4 (0:01:30.457 -> 0:01:42.435)
[16:46:53]   [video 45/49222] yt-dlp NWx8yZJ0Wc8 (1 clip(s) needed) ...
[16:47:14]     [46/50000] cutting NWx8yZJ0Wc8-0:03:11.160-0:03:19.160.mp4 (0:03:11.160 -> 0:03:19.160)
[16:47:15]   [video 46/49222] yt-dlp 6Z7XsEKONTs (1 clip(s) needed) ...
[16:47:44]     [47/50000] cutting 6Z7XsEKONTs-0:00:06.000-0:00:54.000.mp4 (0:00:06.000 -> 0:00:54.000)
[16:47:45]   [video 47/49222] yt-dlp LRccP16tO7s (1 clip(s) needed) ...
[16:48:24]     [48/50000] cutting LRccP16tO7s-0:15:49.448-0:15:56.388.mp4 (0:15:49.448 -> 0:15:56.388)
[16:48:25]   [video 48/49222] yt-dlp 7slzyWeS3DE (1 clip(s) needed) ...
[16:48:34]     [49/50000] cutting 7slzyWeS3DE-0:01:10.070-0:01:14.107.mp4 (0:01:10.070 -> 0:01:14.107)
[16:48:34]   [video 49/49222] yt-dlp OBXz4xiM_B0 (1 clip(s) needed) ...
[16:48:44]     [50/50000] cutting OBXz4xiM_B0-0:00:05.438-0:00:09.476.mp4 (0:00:05.438 -> 0:00:09.476)
[16:48:45]   [video 50/49222] yt-dlp iwIaZL6CaJs (1 clip(s) needed) ...
[16:49:08]     [51/50000] cutting iwIaZL6CaJs-0:01:51.945-0:02:03.923.mp4 (0:01:51.945 -> 0:02:03.923)
[16:49:08]   [video 51/49222] yt-dlp wuBIA0SY4RA (1 clip(s) needed) ...
[16:49:21]     [52/50000] cutting wuBIA0SY4RA-0:00:34.367-0:00:39.172.mp4 (0:00:34.367 -> 0:00:39.172)
[16:49:21]   [video 52/49222] yt-dlp ysFJkQONQgA (1 clip(s) needed) ...
[16:49:47]     [53/50000] cutting ysFJkQONQgA-0:00:11.011-0:00:17.650.mp4 (0:00:11.011 -> 0:00:17.650)
[16:49:47]   [video 53/49222] yt-dlp hmdQgyl6KEY (1 clip(s) needed) ...
[16:50:37]     [54/50000] cutting hmdQgyl6KEY-0:02:38.191-0:03:05.151.mp4 (0:02:38.191 -> 0:03:05.151)
[16:50:39]   [video 54/49222] yt-dlp eLbS1S-jMDE (1 clip(s) needed) ...
[16:51:03]     [55/50000] cutting eLbS1S-jMDE-0:01:00.733-0:01:12.733.mp4 (0:01:00.733 -> 0:01:12.733)
[16:51:04]   [video 55/49222] yt-dlp SWcgx1KoR3I (1 clip(s) needed) ...
[16:52:02]     [56/50000] cutting SWcgx1KoR3I-0:01:52.366-0:01:56.366.mp4 (0:01:52.366 -> 0:01:56.366)
[16:52:03]   [video 56/49222] yt-dlp ZihNAIxeyO0 (1 clip(s) needed) ...
[16:53:07]     [57/50000] cutting ZihNAIxeyO0-0:06:40.680-0:06:52.680.mp4 (0:06:40.680 -> 0:06:52.680)
[16:53:07]   [video 57/49222] yt-dlp JLRZeCWut4M (1 clip(s) needed) ...
[16:53:38]     [58/50000] cutting JLRZeCWut4M-0:00:57.090-0:01:07.000.mp4 (0:00:57.090 -> 0:01:07.000)
[16:53:38]   [video 58/49222] yt-dlp f0oF1OPrfKk (1 clip(s) needed) ...
[16:53:55]     [59/50000] cutting f0oF1OPrfKk-0:01:45.230-0:02:33.278.mp4 (0:01:45.230 -> 0:02:33.278)
[16:53:57]   [video 59/49222] yt-dlp PY9H1F699dU (1 clip(s) needed) ...
[16:54:07]     [60/50000] cutting PY9H1F699dU-0:00:06.000-0:00:54.000.mp4 (0:00:06.000 -> 0:00:54.000)
[16:54:09]   [video 60/49222] yt-dlp _gRDpGfAmtg (1 clip(s) needed) ...
[16:54:19]     [61/50000] cutting _gRDpGfAmtg-0:01:34.227-0:01:39.699.mp4 (0:01:34.227 -> 0:01:39.699)
[16:54:19]   [video 61/49222] yt-dlp 5kPeTwPBNTU (1 clip(s) needed) ...
[16:54:30]     [62/50000] cutting 5kPeTwPBNTU-0:01:26.040-0:01:34.040.mp4 (0:01:26.040 -> 0:01:34.040)
[16:54:30]   [video 62/49222] yt-dlp sUATKRa9gYM (1 clip(s) needed) ...
[16:55:22]     [63/50000] cutting sUATKRa9gYM-0:01:58.985-0:02:08.828.mp4 (0:01:58.985 -> 0:02:08.828)
[16:55:23]   [video 63/49222] yt-dlp pFO7w-d72UA (1 clip(s) needed) ...
[16:55:38]     [64/50000] cutting pFO7w-d72UA-0:01:10.003-0:01:16.009.mp4 (0:01:10.003 -> 0:01:16.009)
[16:55:38]   [video 64/49222] yt-dlp PlJPzEmQFGM (1 clip(s) needed) ...
[16:56:13]     [65/50000] cutting PlJPzEmQFGM-0:06:40.967-0:06:44.504.mp4 (0:06:40.967 -> 0:06:44.504)
[16:56:13]   [video 65/49222] yt-dlp 7pu7kkM-NPQ (1 clip(s) needed) ...
[16:56:28]     [66/50000] cutting 7pu7kkM-NPQ-0:00:05.972-0:00:54.020.mp4 (0:00:05.972 -> 0:00:54.020)
[16:56:30]     stream-copy cut failed, produced a too-small file, or didn't decode cleanly -- re-encoding instead
[16:56:37]   [video 66/49222] yt-dlp xDLnOU0heBU (1 clip(s) needed) ...
[16:56:58]     [67/50000] cutting xDLnOU0heBU-0:03:49.812-0:04:37.827.mp4 (0:03:49.812 -> 0:04:37.827)
[16:57:00]   [video 67/49222] yt-dlp xqQSyJb4IuY (1 clip(s) needed) ...
[16:57:11]     [68/50000] cutting xqQSyJb4IuY-0:00:54.095-0:01:03.980.mp4 (0:00:54.095 -> 0:01:03.980)
[16:57:11]   [video 68/49222] yt-dlp zSfsNZzKZss (1 clip(s) needed) ...
[16:57:15]     FAILED: ERROR: [youtube] zSfsNZzKZss: This video is not available
[16:57:15]   [video 69/49222] yt-dlp LJJv7T5drSs (1 clip(s) needed) ...
[16:57:28]     [70/50000] cutting LJJv7T5drSs-0:01:25.766-0:01:39.033.mp4 (0:01:25.766 -> 0:01:39.033)
[16:57:28]   [video 70/49222] yt-dlp 203x3L2HYAY (1 clip(s) needed) ...
[16:57:34]     FAILED: ERROR: [youtube] 203x3L2HYAY: Private video
[16:57:34]   [video 71/49222] yt-dlp vymatezdzOQ (1 clip(s) needed) ...
[16:57:44]     [72/50000] cutting vymatezdzOQ-0:00:17.951-0:00:21.955.mp4 (0:00:17.951 -> 0:00:21.955)
[16:57:45]   [video 72/49222] yt-dlp qD1t-nJbJAg (1 clip(s) needed) ...
[16:58:09]     [73/50000] cutting qD1t-nJbJAg-0:00:22.789-0:00:47.580.mp4 (0:00:22.789 -> 0:00:47.580)
[16:58:10]   [video 73/49222] yt-dlp ncCaN0HTkdw (1 clip(s) needed) ...
[16:58:41]     [74/50000] cutting ncCaN0HTkdw-0:01:18.378-0:01:32.225.mp4 (0:01:18.378 -> 0:01:32.225)
[16:58:42]   [video 74/49222] yt-dlp hCzZw-HgbWY (1 clip(s) needed) ...
[16:58:51]     [75/50000] cutting hCzZw-HgbWY-0:00:34.117-0:00:55.138.mp4 (0:00:34.117 -> 0:00:55.138)
[16:58:52]   [video 75/49222] yt-dlp zRVy8-UTWPo (1 clip(s) needed) ...
[16:59:34]     [76/50000] cutting zRVy8-UTWPo-0:01:18.208-0:01:21.541.mp4 (0:01:18.208 -> 0:01:21.541)
[16:59:35]   [video 76/49222] yt-dlp PSXs8JtJwTE (1 clip(s) needed) ...
[16:59:45]     [77/50000] cutting PSXs8JtJwTE-0:00:20.553-0:01:08.601.mp4 (0:00:20.553 -> 0:01:08.601)
[16:59:47]   [video 77/49222] yt-dlp lZC1N94zfB0 (1 clip(s) needed) ...
[17:00:43]     [78/50000] cutting lZC1N94zfB0-0:07:31.080-0:07:41.640.mp4 (0:07:31.080 -> 0:07:41.640)
[17:00:44]   [video 78/49222] yt-dlp f6e20tihEHQ (1 clip(s) needed) ...
[17:01:48]     [79/50000] cutting f6e20tihEHQ-0:14:16.522-0:14:21.694.mp4 (0:14:16.522 -> 0:14:21.694)
[17:01:49]   [video 79/49222] yt-dlp ZpfLgvLJVLY (1 clip(s) needed) ...
[17:02:12]     [80/50000] cutting ZpfLgvLJVLY-0:03:53.466-0:04:10.516.mp4 (0:03:53.466 -> 0:04:10.516)
[17:02:13]   [video 80/49222] yt-dlp 2KUpTltWbfQ (2 clip(s) needed) ...
[17:02:17]     FAILED: ERROR: [youtube] 2KUpTltWbfQ: This video is not available
[17:02:17]   [video 81/49222] yt-dlp kZ7fCEkvov8 (1 clip(s) needed) ...
[17:02:26]     [83/50000] cutting kZ7fCEkvov8-0:00:09.109-0:00:57.157.mp4 (0:00:09.109 -> 0:00:57.157)
[17:02:27]   [video 82/49222] yt-dlp 20ZpFpKT6n8 (1 clip(s) needed) ...
[17:03:07]     [84/50000] cutting 20ZpFpKT6n8-0:02:06.025-0:02:35.488.mp4 (0:02:06.025 -> 0:02:35.488)
[17:03:08]   [video 83/49222] yt-dlp ju423WmJECI (1 clip(s) needed) ...
[17:03:18]     [85/50000] cutting ju423WmJECI-0:00:16.474-0:00:27.193.mp4 (0:00:16.474 -> 0:00:27.193)
[17:03:18]   [video 84/49222] yt-dlp 12Sdh6f7wTM (1 clip(s) needed) ...
[17:03:59]     [86/50000] cutting 12Sdh6f7wTM-0:01:03.930-0:01:51.978.mp4 (0:01:03.930 -> 0:01:51.978)
[17:04:01]   [video 85/49222] yt-dlp wZcNfq_Vdnk (1 clip(s) needed) ...
[17:04:05]     FAILED: ERROR: [youtube] wZcNfq_Vdnk: This video is unavailable
[17:04:05]   [video 86/49222] yt-dlp tjzKkUDwrXg (1 clip(s) needed) ...
[17:04:31]     [88/50000] cutting tjzKkUDwrXg-0:07:25.845-0:07:30.049.mp4 (0:07:25.845 -> 0:07:30.049)
[17:04:32]   [video 87/49222] yt-dlp -Ah7oV_tyUA (1 clip(s) needed) ...
[17:04:43]     [89/50000] cutting -Ah7oV_tyUA-0:00:58.266-0:01:04.333.mp4 (0:00:58.266 -> 0:01:04.333)
[17:04:44]   [video 88/49222] yt-dlp oxS1NZp87a8 (1 clip(s) needed) ...
[17:05:28]     [90/50000] cutting oxS1NZp87a8-0:07:10.563-0:07:25.111.mp4 (0:07:10.563 -> 0:07:25.111)
[17:05:28]   [video 89/49222] yt-dlp i8WVyvIK-14 (1 clip(s) needed) ...
[17:05:32]     FAILED: ERROR: [youtube] i8WVyvIK-14: This video is not available
[17:05:32]   [video 90/49222] yt-dlp MEjtkEBRUcM (1 clip(s) needed) ...
[17:05:47]     [92/50000] cutting MEjtkEBRUcM-0:02:06.059-0:02:54.107.mp4 (0:02:06.059 -> 0:02:54.107)
[17:05:49]   [video 91/49222] yt-dlp yJRh7f6z1sE (1 clip(s) needed) ...
[17:05:58]     [93/50000] cutting yJRh7f6z1sE-0:00:18.977-0:00:27.694.mp4 (0:00:18.977 -> 0:00:27.694)
[17:05:58]   [video 92/49222] yt-dlp -v6JwcFDxMM (1 clip(s) needed) ...
[17:06:35]     [94/50000] cutting -v6JwcFDxMM-0:06:57.784-0:07:17.904.mp4 (0:06:57.784 -> 0:07:17.904)
[17:06:36]   [video 93/49222] yt-dlp MelAUuZoaJI (1 clip(s) needed) ...
[17:06:53]     [95/50000] cutting MelAUuZoaJI-0:01:43.880-0:01:47.320.mp4 (0:01:43.880 -> 0:01:47.320)
[17:06:53]   [video 94/49222] yt-dlp hl682hXoWiE (1 clip(s) needed) ...
[17:09:47]     [96/50000] cutting hl682hXoWiE-0:02:04.390-0:02:08.394.mp4 (0:02:04.390 -> 0:02:08.394)
[17:09:48]   [video 95/49222] yt-dlp jPlifvgyrVI (1 clip(s) needed) ...
[17:10:06]     [97/50000] cutting jPlifvgyrVI-0:01:48.400-0:02:08.633.mp4 (0:01:48.400 -> 0:02:08.633)
[17:10:07]   [video 96/49222] yt-dlp 6_x6XxN9QIQ (1 clip(s) needed) ...
[17:10:25]     [98/50000] cutting 6_x6XxN9QIQ-0:03:08.655-0:03:20.633.mp4 (0:03:08.655 -> 0:03:20.633)
[17:10:26]   [video 97/49222] yt-dlp d5T6ycacS80 (1 clip(s) needed) ...
[17:11:00]     [99/50000] cutting d5T6ycacS80-0:00:05.964-0:00:54.012.mp4 (0:00:05.964 -> 0:00:54.012)
[17:11:02]   [video 98/49222] yt-dlp A91K5XQ-WtQ (1 clip(s) needed) ...
[17:11:15]     [100/50000] cutting A91K5XQ-WtQ-0:01:08.560-0:01:15.880.mp4 (0:01:08.560 -> 0:01:15.880)
[17:11:15]   [video 99/49222] yt-dlp 7w8RNTg3vuM (2 clip(s) needed) ...
[17:12:00]     [101/50000] cutting 7w8RNTg3vuM-0:12:57.510-0:13:22.168.mp4 (0:12:57.510 -> 0:13:22.168)
[17:12:02]     [102/50000] cutting 7w8RNTg3vuM-0:04:01.574-0:04:05.111.mp4 (0:04:01.574 -> 0:04:05.111)
[17:12:02]   [video 100/49222] yt-dlp 50z0iiBtzJw (1 clip(s) needed) ...
[17:12:29]     [103/50000] cutting 50z0iiBtzJw-0:01:23.000-0:02:11.000.mp4 (0:01:23.000 -> 0:02:11.000)
[17:12:31]   [video 101/49222] yt-dlp lZbdmkaMJ_o (1 clip(s) needed) ...
[17:12:55]     [104/50000] cutting lZbdmkaMJ_o-0:03:36.500-0:03:48.500.mp4 (0:03:36.500 -> 0:03:48.500)
[17:12:56]   [video 102/49222] yt-dlp JX7KyaYj4Gk (1 clip(s) needed) ...
[17:13:11]     [105/50000] cutting JX7KyaYj4Gk-0:03:01.881-0:03:11.457.mp4 (0:03:01.881 -> 0:03:11.457)
[17:13:12]   [video 103/49222] yt-dlp 8mvtkPyImFo (1 clip(s) needed) ...
[17:13:26]     [106/50000] cutting 8mvtkPyImFo-0:00:02.485-0:00:22.455.mp4 (0:00:02.485 -> 0:00:22.455)
[17:13:27]   [video 104/49222] yt-dlp 4hdy4LExWXE (1 clip(s) needed) ...
[17:13:37]     [107/50000] cutting 4hdy4LExWXE-0:00:18.251-0:01:06.299.mp4 (0:00:18.251 -> 0:01:06.299)
[17:13:39]   [video 105/49222] yt-dlp XAs9TQpxvz0 (1 clip(s) needed) ...
[17:13:59]     [108/50000] cutting XAs9TQpxvz0-0:03:01.208-0:03:07.541.mp4 (0:03:01.208 -> 0:03:07.541)
[17:13:59]   [video 106/49222] yt-dlp LHfHBCvaYOY (1 clip(s) needed) ...
[17:14:16]     [109/50000] cutting LHfHBCvaYOY-0:01:14.200-0:01:40.533.mp4 (0:01:14.200 -> 0:01:40.533)
[17:14:17]   [video 107/49222] yt-dlp tM4v__Bzthc (1 clip(s) needed) ...
[17:14:40]     [110/50000] cutting tM4v__Bzthc-0:05:10.766-0:05:20.266.mp4 (0:05:10.766 -> 0:05:20.266)
[17:14:40]   [video 108/49222] yt-dlp 0E1eW_AkLU4 (1 clip(s) needed) ...
[17:15:39]     [111/50000] cutting 0E1eW_AkLU4-0:02:14.317-0:02:23.576.mp4 (0:02:14.317 -> 0:02:23.576)
[17:15:40]   [video 109/49222] yt-dlp rzmj2ejfNO0 (1 clip(s) needed) ...
[17:15:52]     [112/50000] cutting rzmj2ejfNO0-0:12:42.962-0:12:52.104.mp4 (0:12:42.962 -> 0:12:52.104)
[17:15:52]   [video 110/49222] yt-dlp xrXHWqXeE_4 (1 clip(s) needed) ...
[17:16:14]     [113/50000] cutting xrXHWqXeE_4-0:03:28.960-0:04:16.960.mp4 (0:03:28.960 -> 0:04:16.960)
[17:16:15]   [video 111/49222] yt-dlp _267Lc28e_U (1 clip(s) needed) ...
[17:16:26]     [114/50000] cutting _267Lc28e_U-0:01:05.432-0:01:09.469.mp4 (0:01:05.432 -> 0:01:09.469)
[17:16:26]   [video 112/49222] yt-dlp lpHkpBx2Lcs (1 clip(s) needed) ...
[17:16:38]     [115/50000] cutting lpHkpBx2Lcs-0:00:05.922-0:00:13.930.mp4 (0:00:05.922 -> 0:00:13.930)
[17:16:38]   [video 113/49222] yt-dlp MoiSR7_LZvU (1 clip(s) needed) ...
[17:16:53]     [116/50000] cutting MoiSR7_LZvU-0:00:06.000-0:00:54.000.mp4 (0:00:06.000 -> 0:00:54.000)
[17:16:54]   [video 114/49222] yt-dlp oKeOWWV4tIE (1 clip(s) needed) ...
[17:17:12]     [117/50000] cutting oKeOWWV4tIE-0:04:45.351-0:05:33.399.mp4 (0:04:45.351 -> 0:05:33.399)
[17:17:14]   [video 115/49222] yt-dlp qfy6Bbro8GI (1 clip(s) needed) ...
[17:17:25]     [118/50000] cutting qfy6Bbro8GI-0:02:24.878-0:02:47.634.mp4 (0:02:24.878 -> 0:02:47.634)
[17:17:25]   [video 116/49222] yt-dlp fyhI4GPgEUM (2 clip(s) needed) ...
[17:17:29]     FAILED: ERROR: [youtube] fyhI4GPgEUM: This video is not available
[17:17:29]   [video 117/49222] yt-dlp 1NzaP3ZdKDE (1 clip(s) needed) ...
[17:17:38]     [121/50000] cutting 1NzaP3ZdKDE-0:01:20.400-0:01:28.400.mp4 (0:01:20.400 -> 0:01:28.400)
[17:17:39]   [video 118/49222] yt-dlp oFeGzyMVbBE (1 clip(s) needed) ...
[17:17:50]     [122/50000] cutting oFeGzyMVbBE-0:00:07.520-0:00:11.840.mp4 (0:00:07.520 -> 0:00:11.840)
[17:17:51]   [video 119/49222] yt-dlp OpPlsPw_Kts (1 clip(s) needed) ...
[17:18:11]     [123/50000] cutting OpPlsPw_Kts-0:02:03.556-0:02:51.604.mp4 (0:02:03.556 -> 0:02:51.604)
[17:18:13]   [video 120/49222] yt-dlp QQ9-k9RCClE (1 clip(s) needed) ...
[17:18:27]     [124/50000] cutting QQ9-k9RCClE-0:02:34.587-0:02:55.141.mp4 (0:02:34.587 -> 0:02:55.141)
[17:18:28]   [video 121/49222] yt-dlp UlAPsqpymdk (1 clip(s) needed) ...
[17:18:57]     [125/50000] cutting UlAPsqpymdk-0:06:46.366-0:06:51.933.mp4 (0:06:46.366 -> 0:06:51.933)
[17:18:58]   [video 122/49222] yt-dlp kYxys6pXwwc (1 clip(s) needed) ...
[17:19:01]     FAILED: ERROR: [youtube] kYxys6pXwwc: Please sign in. Use --cookies-from-browser or --cookies for the authentication. See  https://github.com/yt-dlp/yt-dlp/wiki/FAQ#how-do-i-pass-cookies-to-yt-dlp  for how to manually pass cookies. Also see  https://github.com/yt-dlp/yt-dlp/wiki/Extractors#exporting-youtube-cookies  for tips on effectively exporting YouTube cookies
[17:19:01]   [video 123/49222] yt-dlp ClTgCRAKWaE (1 clip(s) needed) ...
[17:19:17]     [127/50000] cutting ClTgCRAKWaE-0:02:15.260-0:02:31.192.mp4 (0:02:15.260 -> 0:02:31.192)
[17:19:17]   [video 124/49222] yt-dlp WONvohK6IJo (1 clip(s) needed) ...
[17:19:33]     [128/50000] cutting WONvohK6IJo-0:00:16.033-0:01:04.033.mp4 (0:00:16.033 -> 0:01:04.033)
[17:19:34]   [video 125/49222] yt-dlp u0Pn0MSLgZM (1 clip(s) needed) ...
[17:19:59]     [129/50000] cutting u0Pn0MSLgZM-0:07:33.494-0:07:41.377.mp4 (0:07:33.494 -> 0:07:41.377)
[17:20:00]   [video 126/49222] yt-dlp vMeC-ibV8Ok (1 clip(s) needed) ...
[17:20:03]     FAILED: ERROR: [youtube] vMeC-ibV8Ok: This video is not available
[17:20:03]   [video 127/49222] yt-dlp JRpr9nGnJgg (1 clip(s) needed) ...
[17:20:32]     [131/50000] cutting JRpr9nGnJgg-0:00:49.716-0:00:54.421.mp4 (0:00:49.716 -> 0:00:54.421)
[17:20:33]   [video 128/49222] yt-dlp Sw4GyP3hgzM (1 clip(s) needed) ...
[17:20:44]     [132/50000] cutting Sw4GyP3hgzM-0:02:12.732-0:02:19.639.mp4 (0:02:12.732 -> 0:02:19.639)
[17:20:44]   [video 129/49222] yt-dlp 8DrhqanBWxI (1 clip(s) needed) ...
[17:21:06]     [133/50000] cutting 8DrhqanBWxI-0:03:08.388-0:03:56.436.mp4 (0:03:08.388 -> 0:03:56.436)
[17:21:07]   [video 130/49222] yt-dlp -8zciT7nXvM (1 clip(s) needed) ...
[17:21:16]     [134/50000] cutting -8zciT7nXvM-0:04:31.871-0:04:35.908.mp4 (0:04:31.871 -> 0:04:35.908)
[17:21:16]   [video 131/49222] yt-dlp nz5PFm1LSeM (1 clip(s) needed) ...
[17:21:24]     [135/50000] cutting nz5PFm1LSeM-0:00:05.438-0:00:11.378.mp4 (0:00:05.438 -> 0:00:11.378)
[17:21:25]   [video 132/49222] yt-dlp LzXKDN3ahrs (1 clip(s) needed) ...
[17:21:59]     [136/50000] cutting LzXKDN3ahrs-0:00:18.151-0:01:01.961.mp4 (0:00:18.151 -> 0:01:01.961)
[17:22:00]   [video 133/49222] yt-dlp G4FkN4apE6c (1 clip(s) needed) ...
[17:22:18]     [137/50000] cutting G4FkN4apE6c-0:03:11.391-0:03:14.961.mp4 (0:03:11.391 -> 0:03:14.961)
[17:22:18]   [video 134/49222] yt-dlp VygYLx7Cwb4 (1 clip(s) needed) ...
[17:22:36]     [138/50000] cutting VygYLx7Cwb4-0:03:19.433-0:03:24.233.mp4 (0:03:19.433 -> 0:03:24.233)
[17:22:37]   [video 135/49222] yt-dlp G8fGuAh1B1I (1 clip(s) needed) ...
[17:22:58]     [139/50000] cutting G8fGuAh1B1I-0:04:19.559-0:05:07.607.mp4 (0:04:19.559 -> 0:05:07.607)
[17:23:00]   [video 136/49222] yt-dlp 7vumghYkoEk (1 clip(s) needed) ...
[17:23:21]     [140/50000] cutting 7vumghYkoEk-0:01:57.160-0:02:45.160.mp4 (0:01:57.160 -> 0:02:45.160)
[17:23:22]   [video 137/49222] yt-dlp akp4QwGSxLw (1 clip(s) needed) ...
[17:24:40]     [141/50000] cutting akp4QwGSxLw-0:03:31.200-0:03:43.200.mp4 (0:03:31.200 -> 0:03:43.200)
[17:24:41]   [video 138/49222] yt-dlp 31mLklP9SjQ (1 clip(s) needed) ...
[17:24:55]     [142/50000] cutting 31mLklP9SjQ-0:00:39.139-0:01:15.742.mp4 (0:00:39.139 -> 0:01:15.742)
[17:24:57]   [video 139/49222] yt-dlp POU6D878CZ8 (1 clip(s) needed) ...
[17:25:17]     [143/50000] cutting POU6D878CZ8-0:00:43.743-0:00:49.749.mp4 (0:00:43.743 -> 0:00:49.749)
[17:25:17]   [video 140/49222] yt-dlp zgCGq7F1K-g (1 clip(s) needed) ...
[17:27:05]     [144/50000] cutting zgCGq7F1K-g-0:00:05.855-0:00:12.529.mp4 (0:00:05.855 -> 0:00:12.529)
[17:27:05]   [video 141/49222] yt-dlp KE_Ly61h10w (1 clip(s) needed) ...
[17:27:36]     [145/50000] cutting KE_Ly61h10w-0:02:50.770-0:03:02.749.mp4 (0:02:50.770 -> 0:03:02.749)
[17:27:37]   [video 142/49222] yt-dlp 4Zb0ibyLO00 (1 clip(s) needed) ...
[17:27:53]     [146/50000] cutting 4Zb0ibyLO00-0:02:37.157-0:02:41.995.mp4 (0:02:37.157 -> 0:02:41.995)
[17:27:53]   [video 143/49222] yt-dlp O3oenEbQOuo (1 clip(s) needed) ...
[17:28:05]     [147/50000] cutting O3oenEbQOuo-0:00:15.949-0:01:03.997.mp4 (0:00:15.949 -> 0:01:03.997)
[17:28:06]   [video 144/49222] yt-dlp LiGHmL4QMgY (1 clip(s) needed) ...
[17:28:14]     [148/50000] cutting LiGHmL4QMgY-0:00:16.725-0:00:51.468.mp4 (0:00:16.725 -> 0:00:51.468)
[17:28:17]   [video 145/49222] yt-dlp bSi09Psyd8s (1 clip(s) needed) ...
[17:28:42]     [149/50000] cutting bSi09Psyd8s-0:01:05.880-0:01:23.840.mp4 (0:01:05.880 -> 0:01:23.840)
[17:28:43]   [video 146/49222] yt-dlp ZnFG39JVRo4 (1 clip(s) needed) ...
[17:28:51]     [150/50000] cutting ZnFG39JVRo4-0:00:05.472-0:00:14.581.mp4 (0:00:05.472 -> 0:00:14.581)
[17:28:51]   [video 147/49222] yt-dlp EV6a995pyYk (1 clip(s) needed) ...
[17:28:57]     [151/50000] cutting EV6a995pyYk-0:01:46.266-0:01:55.500.mp4 (0:01:46.266 -> 0:01:55.500)
[17:28:57]   [video 148/49222] yt-dlp ASQkVluduMM (1 clip(s) needed) ...
[17:29:09]     [152/50000] cutting ASQkVluduMM-0:01:21.833-0:01:30.766.mp4 (0:01:21.833 -> 0:01:30.766)
[17:29:09]   [video 149/49222] yt-dlp UrLEOeSV3aY (1 clip(s) needed) ...
[17:29:26]     [153/50000] cutting UrLEOeSV3aY-0:02:29.274-0:02:41.119.mp4 (0:02:29.274 -> 0:02:41.119)
[17:29:26]   [video 150/49222] yt-dlp DpaOW2_KLdk (1 clip(s) needed) ...
[17:29:42]     [154/50000] cutting DpaOW2_KLdk-0:00:20.470-0:00:32.465.mp4 (0:00:20.470 -> 0:00:32.465)
[17:29:42]   [video 151/49222] yt-dlp lmzMR3Nqugs (1 clip(s) needed) ...
[17:29:51]     [155/50000] cutting lmzMR3Nqugs-0:00:44.511-0:00:53.286.mp4 (0:00:44.511 -> 0:00:53.286)
[17:29:52]   [video 152/49222] yt-dlp BqjhRfOKDfE (1 clip(s) needed) ...
[17:30:09]     [156/50000] cutting BqjhRfOKDfE-0:04:28.201-0:04:48.488.mp4 (0:04:28.201 -> 0:04:48.488)
[17:30:10]   [video 153/49222] yt-dlp BQAImwhnmx8 (1 clip(s) needed) ...
[17:30:14]     FAILED: ERROR: [youtube] BQAImwhnmx8: Private video
[17:30:14]   [video 154/49222] yt-dlp 7gUS8pvAeRM (2 clip(s) needed) ...
[17:30:25]     [158/50000] cutting 7gUS8pvAeRM-0:00:05.422-0:00:09.467.mp4 (0:00:05.422 -> 0:00:09.467)
[17:30:25]     [159/50000] cutting 7gUS8pvAeRM-0:01:22.624-0:01:28.088.mp4 (0:01:22.624 -> 0:01:28.088)
[17:30:25]   [video 155/49222] yt-dlp 11eCt4M700s (1 clip(s) needed) ...
[17:31:05]     [160/50000] cutting 11eCt4M700s-0:03:29.359-0:03:36.583.mp4 (0:03:29.359 -> 0:03:36.583)
[17:31:06]   [video 156/49222] yt-dlp Tvf1bCX-gt8 (1 clip(s) needed) ...
[17:31:23]     [161/50000] cutting Tvf1bCX-gt8-0:00:40.120-0:01:28.120.mp4 (0:00:40.120 -> 0:01:28.120)
[17:31:25]   [video 157/49222] yt-dlp f77V2T5CXFQ (1 clip(s) needed) ...
[17:31:49]     [162/50000] cutting f77V2T5CXFQ-0:01:21.781-0:01:28.721.mp4 (0:01:21.781 -> 0:01:28.721)
[17:31:49]   [video 158/49222] yt-dlp Bg1Vp1gwWVw (1 clip(s) needed) ...
[17:31:58]     [163/50000] cutting Bg1Vp1gwWVw-0:00:28.995-0:01:08.301.mp4 (0:00:28.995 -> 0:01:08.301)
[17:31:59]   [video 159/49222] yt-dlp y8VtRj83R1s (2 clip(s) needed) ...
[17:33:13]     [164/50000] cutting y8VtRj83R1s-0:02:19.139-0:02:27.046.mp4 (0:02:19.139 -> 0:02:27.046)
[17:33:14]     [165/50000] cutting y8VtRj83R1s-0:04:25.732-0:04:34.407.mp4 (0:04:25.732 -> 0:04:34.407)
[17:33:14]   [video 160/49222] yt-dlp AJFLz_hQsjo (1 clip(s) needed) ...
[17:34:00]     [166/50000] cutting AJFLz_hQsjo-0:08:50.100-0:09:22.500.mp4 (0:08:50.100 -> 0:09:22.500)
[17:34:01]   [video 161/49222] yt-dlp V4QKHboJUU4 (1 clip(s) needed) ...
[17:34:12]     [167/50000] cutting V4QKHboJUU4-0:00:36.536-0:00:45.712.mp4 (0:00:36.536 -> 0:00:45.712)
[17:34:13]   [video 162/49222] yt-dlp BhMAwuPR1EE (1 clip(s) needed) ...
[17:34:26]     [168/50000] cutting BhMAwuPR1EE-0:03:11.925-0:03:35.148.mp4 (0:03:11.925 -> 0:03:35.148)
[17:34:27]   [video 163/49222] yt-dlp 0hxRVnzDKzM (1 clip(s) needed) ...
[17:35:03]     [169/50000] cutting 0hxRVnzDKzM-0:13:22.200-0:13:28.866.mp4 (0:13:22.200 -> 0:13:28.866)
[17:35:03]   [video 164/49222] yt-dlp YWwMKxOgpUM (1 clip(s) needed) ...
[17:35:18]     [170/50000] cutting YWwMKxOgpUM-0:04:38.011-0:04:41.080.mp4 (0:04:38.011 -> 0:04:41.080)
[17:35:18]   [video 165/49222] yt-dlp NPZ7oEac7Uc (1 clip(s) needed) ...
[17:35:36]     [171/50000] cutting NPZ7oEac7Uc-0:07:49.035-0:08:00.813.mp4 (0:07:49.035 -> 0:08:00.813)
[17:35:37]   [video 166/49222] yt-dlp YwTCXbZhBYs (1 clip(s) needed) ...
[17:35:47]     [172/50000] cutting YwTCXbZhBYs-0:00:33.080-0:00:48.920.mp4 (0:00:33.080 -> 0:00:48.920)
[17:35:47]   [video 167/49222] yt-dlp Z_pFCsvKHzg (1 clip(s) needed) ...
[17:35:59]     [173/50000] cutting Z_pFCsvKHzg-0:00:35.969-0:00:42.642.mp4 (0:00:35.969 -> 0:00:42.642)
[17:36:00]   [video 168/49222] yt-dlp Bh1XUjBE0N4 (1 clip(s) needed) ...
[17:36:09]     [174/50000] cutting Bh1XUjBE0N4-0:00:02.168-0:00:11.411.mp4 (0:00:02.168 -> 0:00:11.411)
[17:36:10]   [video 169/49222] yt-dlp z79z6Vh6C14 (1 clip(s) needed) ...
[17:36:24]     [175/50000] cutting z79z6Vh6C14-0:02:52.440-0:02:55.640.mp4 (0:02:52.440 -> 0:02:55.640)
[17:36:24]   [video 170/49222] yt-dlp zJvop-bx09Y (1 clip(s) needed) ...
[17:37:16]     [176/50000] cutting zJvop-bx09Y-0:01:34.803-0:01:41.101.mp4 (0:01:34.803 -> 0:01:41.101)
[17:37:17]   [video 171/49222] yt-dlp SNwcNJq0CF4 (1 clip(s) needed) ...
[17:41:25]     [177/50000] cutting SNwcNJq0CF4-0:17:55.324-0:18:01.830.mp4 (0:17:55.324 -> 0:18:01.830)
[17:41:26]   [video 172/49222] yt-dlp iVKOHOBgOLI (1 clip(s) needed) ...
[17:42:00]     [178/50000] cutting iVKOHOBgOLI-0:00:14.314-0:01:02.362.mp4 (0:00:14.314 -> 0:01:02.362)
[17:42:01]   [video 173/49222] yt-dlp dlvAPUiyc7U (1 clip(s) needed) ...
[17:42:38]     [179/50000] cutting dlvAPUiyc7U-0:07:46.360-0:08:34.360.mp4 (0:07:46.360 -> 0:08:34.360)
[17:42:39]   [video 174/49222] yt-dlp kIetDoO86HU (1 clip(s) needed) ...
[17:42:45]     FAILED: ERROR: [youtube] kIetDoO86HU: This video is unavailable
[17:42:45]   [video 175/49222] yt-dlp YCQtytLenwc (1 clip(s) needed) ...
[17:43:34]     [181/50000] cutting YCQtytLenwc-0:03:34.681-0:03:40.286.mp4 (0:03:34.681 -> 0:03:40.286)
[17:43:34]   [video 176/49222] yt-dlp IIB7i9AGQKI (1 clip(s) needed) ...
[17:43:43]     [182/50000] cutting IIB7i9AGQKI-0:00:03.470-0:00:31.331.mp4 (0:00:03.470 -> 0:00:31.331)
[17:43:44]   [video 177/49222] yt-dlp NgNnE110A4o (1 clip(s) needed) ...
[17:43:56]     [183/50000] cutting NgNnE110A4o-0:02:00.854-0:02:10.730.mp4 (0:02:00.854 -> 0:02:10.730)
[17:43:57]   [video 178/49222] yt-dlp 93KOQhWuKAI (1 clip(s) needed) ...
[17:44:11]     [184/50000] cutting 93KOQhWuKAI-0:00:43.520-0:01:20.680.mp4 (0:00:43.520 -> 0:01:20.680)
[17:44:13]   [video 179/49222] yt-dlp 3RIiCvjUD7o (1 clip(s) needed) ...
[17:44:46]     [185/50000] cutting 3RIiCvjUD7o-0:07:11.806-0:07:52.096.mp4 (0:07:11.806 -> 0:07:52.096)
[17:44:48]   [video 180/49222] yt-dlp h6UITmKT1_I (1 clip(s) needed) ...
[17:45:23]     [186/50000] cutting h6UITmKT1_I-0:10:45.695-0:10:51.550.mp4 (0:10:45.695 -> 0:10:51.550)
[17:45:23]   [video 181/49222] yt-dlp mgqmTAEWvic (1 clip(s) needed) ...
[17:45:52]     [187/50000] cutting mgqmTAEWvic-0:01:22.240-0:01:34.160.mp4 (0:01:22.240 -> 0:01:34.160)
[17:45:53]   [video 182/49222] yt-dlp 4dNcb9fii9o (1 clip(s) needed) ...
[17:46:03]     [188/50000] cutting 4dNcb9fii9o-0:01:12.138-0:01:32.425.mp4 (0:01:12.138 -> 0:01:32.425)
[17:46:04]   [video 183/49222] yt-dlp p6xU8N90CQs (1 clip(s) needed) ...
[17:46:26]     [189/50000] cutting p6xU8N90CQs-0:03:51.898-0:03:58.504.mp4 (0:03:51.898 -> 0:03:58.504)
[17:46:27]   [video 184/49222] yt-dlp FlnOz-p-rHI (1 clip(s) needed) ...
[17:46:48]     [190/50000] cutting FlnOz-p-rHI-0:00:10.944-0:00:58.992.mp4 (0:00:10.944 -> 0:00:58.992)
[17:46:50]   [video 185/49222] yt-dlp daM1z3uO0ZY (1 clip(s) needed) ...
[17:47:16]     [191/50000] cutting daM1z3uO0ZY-0:05:04.103-0:05:13.212.mp4 (0:05:04.103 -> 0:05:13.212)
[17:47:16]   [video 186/49222] yt-dlp 4KsSboBh9eU (1 clip(s) needed) ...
[17:47:25]     [192/50000] cutting 4KsSboBh9eU-0:00:14.714-0:00:19.953.mp4 (0:00:14.714 -> 0:00:19.953)
[17:47:26]   [video 187/49222] yt-dlp wGNkvtSvMUE (1 clip(s) needed) ...
[17:47:44]     [193/50000] cutting wGNkvtSvMUE-0:06:17.560-0:06:27.560.mp4 (0:06:17.560 -> 0:06:27.560)
[17:47:45]   [video 188/49222] yt-dlp TlO5vCd9zDg (1 clip(s) needed) ...
[17:48:04]     [194/50000] cutting TlO5vCd9zDg-0:03:44.557-0:03:49.128.mp4 (0:03:44.557 -> 0:03:49.128)
[17:48:05]   [video 189/49222] yt-dlp 9-xZcBnptcI (1 clip(s) needed) ...
[17:48:25]     [195/50000] cutting 9-xZcBnptcI-0:03:38.968-0:04:08.464.mp4 (0:03:38.968 -> 0:04:08.464)
[17:48:26]   [video 190/49222] yt-dlp 0KJmVkEHpCE (1 clip(s) needed) ...
[17:48:43]     [196/50000] cutting 0KJmVkEHpCE-0:00:53.086-0:00:58.425.mp4 (0:00:53.086 -> 0:00:58.425)
[17:48:43]   [video 191/49222] yt-dlp jGx21LfitoY (1 clip(s) needed) ...
[17:48:53]     [197/50000] cutting jGx21LfitoY-0:01:24.484-0:01:29.055.mp4 (0:01:24.484 -> 0:01:29.055)
[17:48:53]   [video 192/49222] yt-dlp xEaRtpSyHEc (1 clip(s) needed) ...
[17:49:13]     [198/50000] cutting xEaRtpSyHEc-0:01:28.797-0:01:38.515.mp4 (0:01:28.797 -> 0:01:38.515)
[17:49:13]   [video 193/49222] yt-dlp RKn6yZTqwLU (1 clip(s) needed) ...
[17:49:33]     [199/50000] cutting RKn6yZTqwLU-0:02:37.708-0:03:12.375.mp4 (0:02:37.708 -> 0:03:12.375)
[17:49:34]   [video 194/49222] yt-dlp Uz5vtaxHgpk (1 clip(s) needed) ...
[17:49:45]     [200/50000] cutting Uz5vtaxHgpk-0:00:48.166-0:00:54.208.mp4 (0:00:48.166 -> 0:00:54.208)
[17:49:46]   [video 195/49222] yt-dlp nfhf1EwaMMo (1 clip(s) needed) ...
[17:50:03]     [201/50000] cutting nfhf1EwaMMo-0:02:27.213-0:02:52.438.mp4 (0:02:27.213 -> 0:02:52.438)
[17:50:04]   [video 196/49222] yt-dlp 8LG9jRlNWsE (1 clip(s) needed) ...
[17:50:23]     [202/50000] cutting 8LG9jRlNWsE-0:07:59.000-0:08:04.520.mp4 (0:07:59.000 -> 0:08:04.520)
[17:50:23]   [video 197/49222] yt-dlp rB6B8FKaFVU (1 clip(s) needed) ...
[17:50:55]     [203/50000] cutting rB6B8FKaFVU-0:05:52.685-0:06:03.730.mp4 (0:05:52.685 -> 0:06:03.730)
[17:50:55]   [video 198/49222] yt-dlp sdTlOvSt_tw (1 clip(s) needed) ...
[17:51:07]     [204/50000] cutting sdTlOvSt_tw-0:01:12.960-0:01:44.200.mp4 (0:01:12.960 -> 0:01:44.200)
[17:51:08]   [video 199/49222] yt-dlp -yZGfnO8QJU (1 clip(s) needed) ...
[17:51:23]     [205/50000] cutting -yZGfnO8QJU-0:00:54.800-0:01:07.280.mp4 (0:00:54.800 -> 0:01:07.280)
[17:51:24]   [video 200/49222] yt-dlp 2qbdEMzK1AM (1 clip(s) needed) ...
[17:51:52]     [206/50000] cutting 2qbdEMzK1AM-0:00:28.461-0:00:48.381.mp4 (0:00:28.461 -> 0:00:48.381)
[17:51:53]   [video 201/49222] yt-dlp KsTFZNWSfM0 (1 clip(s) needed) ...
[17:52:02]     [207/50000] cutting KsTFZNWSfM0-0:00:37.958-0:00:47.958.mp4 (0:00:37.958 -> 0:00:47.958)
[17:52:02]   [video 202/49222] yt-dlp BV6sgmcKgNI (1 clip(s) needed) ...
[17:52:26]     [208/50000] cutting BV6sgmcKgNI-0:00:32.920-0:00:41.040.mp4 (0:00:32.920 -> 0:00:41.040)
[17:52:27]   [video 203/49222] yt-dlp qyElIIlKrlg (1 clip(s) needed) ...
[17:52:31]     FAILED: ERROR: [youtube] qyElIIlKrlg: This video is not available
[17:52:31]   [video 204/49222] yt-dlp UrygD50QsDU (1 clip(s) needed) ...
[17:52:40]     [210/50000] cutting UrygD50QsDU-0:01:32.480-0:01:41.640.mp4 (0:01:32.480 -> 0:01:41.640)
[17:52:40]   [video 205/49222] yt-dlp oCTbBTK4His (2 clip(s) needed) ...
[17:52:50]     [211/50000] cutting oCTbBTK4His-0:00:34.951-0:00:40.999.mp4 (0:00:34.951 -> 0:00:40.999)
[17:52:50]     [212/50000] cutting oCTbBTK4His-0:00:51.134-0:00:58.391.mp4 (0:00:51.134 -> 0:00:58.391)
[17:52:50]   [video 206/49222] yt-dlp nb5kHUNrCOc (1 clip(s) needed) ...
[17:53:10]     [213/50000] cutting nb5kHUNrCOc-0:04:24.700-0:05:08.700.mp4 (0:04:24.700 -> 0:05:08.700)
[17:53:10]   [video 207/49222] yt-dlp N0wii5VStRI (1 clip(s) needed) ...
[17:53:27]     [214/50000] cutting N0wii5VStRI-0:04:23.596-0:04:28.668.mp4 (0:04:23.596 -> 0:04:28.668)
[17:53:27]   [video 208/49222] yt-dlp lDa0bBF9R60 (1 clip(s) needed) ...
[17:54:06]     [215/50000] cutting lDa0bBF9R60-0:03:15.278-0:03:33.755.mp4 (0:03:15.278 -> 0:03:33.755)
[17:54:06]   [video 209/49222] yt-dlp _WpKdDh_Dec (1 clip(s) needed) ...
[17:54:25]     [216/50000] cutting _WpKdDh_Dec-0:00:13.980-0:00:22.789.mp4 (0:00:13.980 -> 0:00:22.789)
[17:54:25]   [video 210/49222] yt-dlp NoIob59rdsY (1 clip(s) needed) ...
[17:54:43]     [217/50000] cutting NoIob59rdsY-0:00:15.020-0:00:19.500.mp4 (0:00:15.020 -> 0:00:19.500)
[17:54:43]   [video 211/49222] yt-dlp 5EAqZgkoDxw (1 clip(s) needed) ...
[17:55:12]     [218/50000] cutting 5EAqZgkoDxw-0:08:18.030-0:09:06.078.mp4 (0:08:18.030 -> 0:09:06.078)
[17:55:14]   [video 212/49222] yt-dlp q2eOhB5YJ54 (1 clip(s) needed) ...
[17:55:27]     [219/50000] cutting q2eOhB5YJ54-0:00:55.522-0:01:43.570.mp4 (0:00:55.522 -> 0:01:43.570)
[17:55:29]   [video 213/49222] yt-dlp 61xlk6KFKiU (1 clip(s) needed) ...
[17:55:53]     [220/50000] cutting 61xlk6KFKiU-0:08:41.100-0:09:29.100.mp4 (0:08:41.100 -> 0:09:29.100)
[17:55:55]   [video 214/49222] yt-dlp VFqKR0W3oeM (1 clip(s) needed) ...
[17:56:16]     [221/50000] cutting VFqKR0W3oeM-0:04:19.692-0:04:23.363.mp4 (0:04:19.692 -> 0:04:23.363)
[17:56:16]   [video 215/49222] yt-dlp 8G8-4mfDdsM (1 clip(s) needed) ...
[17:56:33]     [222/50000] cutting 8G8-4mfDdsM-0:00:50.483-0:01:19.279.mp4 (0:00:50.483 -> 0:01:19.279)
[17:56:35]   [video 216/49222] yt-dlp ziuiyfddIMI (1 clip(s) needed) ...
[17:56:59]     [223/50000] cutting ziuiyfddIMI-0:02:11.598-0:02:19.606.mp4 (0:02:11.598 -> 0:02:19.606)
[17:57:00]   [video 217/49222] yt-dlp YjSybVQ1Tm8 (2 clip(s) needed) ...
[17:57:15]     [224/50000] cutting YjSybVQ1Tm8-0:03:28.080-0:03:35.800.mp4 (0:03:28.080 -> 0:03:35.800)
[17:57:16]     [225/50000] cutting YjSybVQ1Tm8-0:03:13.360-0:03:18.000.mp4 (0:03:13.360 -> 0:03:18.000)
[17:57:16]   [video 218/49222] yt-dlp KLi5eVaQL_Q (1 clip(s) needed) ...
[17:57:27]     [226/50000] cutting KLi5eVaQL_Q-0:00:02.100-0:00:19.100.mp4 (0:00:02.100 -> 0:00:19.100)
[17:57:28]   [video 219/49222] yt-dlp YqSxl6Ma3lw (1 clip(s) needed) ...
[17:57:58]     [227/50000] cutting YqSxl6Ma3lw-0:16:14.673-0:16:18.711.mp4 (0:16:14.673 -> 0:16:18.711)
[17:57:59]   [video 220/49222] yt-dlp xVBWqiogToE (1 clip(s) needed) ...
[17:58:24]     [228/50000] cutting xVBWqiogToE-0:00:36.700-0:01:24.700.mp4 (0:00:36.700 -> 0:01:24.700)
[17:58:26]   [video 221/49222] yt-dlp ZHre7CEcBac (1 clip(s) needed) ...
[17:58:44]     [229/50000] cutting ZHre7CEcBac-0:03:28.841-0:03:34.447.mp4 (0:03:28.841 -> 0:03:34.447)
[17:58:44]   [video 222/49222] yt-dlp J19vMuQzzJU (1 clip(s) needed) ...
[17:59:00]     [230/50000] cutting J19vMuQzzJU-0:00:30.530-0:01:18.445.mp4 (0:00:30.530 -> 0:01:18.445)
[17:59:01]   [video 223/49222] yt-dlp s7PtiPiOels (1 clip(s) needed) ...
[17:59:23]     [231/50000] cutting s7PtiPiOels-0:00:05.972-0:00:54.020.mp4 (0:00:05.972 -> 0:00:54.020)
[17:59:25]   [video 224/49222] yt-dlp Gc0lJq9z1Es (1 clip(s) needed) ...
[17:59:40]     [232/50000] cutting Gc0lJq9z1Es-0:00:05.972-0:00:54.020.mp4 (0:00:05.972 -> 0:00:54.020)
[17:59:42]   [video 225/49222] yt-dlp HfsaWt0sHRQ (1 clip(s) needed) ...
[18:00:05]     [233/50000] cutting HfsaWt0sHRQ-0:04:26.633-0:04:38.945.mp4 (0:04:26.633 -> 0:04:38.945)
[18:00:06]   [video 226/49222] yt-dlp pmB4RTrl-Jc (1 clip(s) needed) ...
[18:00:19]     [234/50000] cutting pmB4RTrl-Jc-0:00:53.160-0:00:58.160.mp4 (0:00:53.160 -> 0:00:58.160)
[18:00:20]   [video 227/49222] yt-dlp MaLFQT1MXUA (1 clip(s) needed) ...
[18:00:38]     [235/50000] cutting MaLFQT1MXUA-0:04:43.149-0:04:48.788.mp4 (0:04:43.149 -> 0:04:48.788)
[18:00:39]   [video 228/49222] yt-dlp 45eH3Y31l3k (1 clip(s) needed) ...
[18:01:34]     [236/50000] cutting 45eH3Y31l3k-0:03:27.665-0:03:36.507.mp4 (0:03:27.665 -> 0:03:36.507)
[18:01:35]   [video 229/49222] yt-dlp 7w8JG5x5xC8 (1 clip(s) needed) ...
[18:02:03]     [237/50000] cutting 7w8JG5x5xC8-0:03:56.269-0:04:08.248.mp4 (0:03:56.269 -> 0:04:08.248)
[18:02:04]   [video 230/49222] yt-dlp jwlsIxpVLn4 (1 clip(s) needed) ...
[18:02:45]     [238/50000] cutting jwlsIxpVLn4-0:03:34.314-0:03:42.922.mp4 (0:03:34.314 -> 0:03:42.922)
[18:02:46]   [video 231/49222] yt-dlp F13qQP9kR2w (1 clip(s) needed) ...
[18:02:57]     [239/50000] cutting F13qQP9kR2w-0:01:29.066-0:02:17.066.mp4 (0:01:29.066 -> 0:02:17.066)
[18:02:58]   [video 232/49222] yt-dlp Su48aoMxozM (1 clip(s) needed) ...
[18:03:17]     [240/50000] cutting Su48aoMxozM-0:00:05.538-0:00:49.949.mp4 (0:00:05.538 -> 0:00:49.949)
[18:03:18]   [video 233/49222] yt-dlp BNXBbi6iA64 (1 clip(s) needed) ...
[18:04:10]     [241/50000] cutting BNXBbi6iA64-0:04:09.215-0:04:15.455.mp4 (0:04:09.215 -> 0:04:15.455)
[18:04:10]   [video 234/49222] yt-dlp Y5xfVeT1q-s (1 clip(s) needed) ...
[18:04:24]     [242/50000] cutting Y5xfVeT1q-s-0:03:21.618-0:03:26.915.mp4 (0:03:21.618 -> 0:03:26.915)
[18:04:24]   [video 235/49222] yt-dlp kkbpjtnDZJ0 (1 clip(s) needed) ...
[18:04:37]     [243/50000] cutting kkbpjtnDZJ0-0:01:11.471-0:01:23.383.mp4 (0:01:11.471 -> 0:01:23.383)
[18:04:38]   [video 236/49222] yt-dlp cnLAc8qtDug (1 clip(s) needed) ...
[18:04:55]     [244/50000] cutting cnLAc8qtDug-0:00:48.400-0:00:56.320.mp4 (0:00:48.400 -> 0:00:56.320)
[18:04:55]   [video 237/49222] yt-dlp x1zMpYMgHDU (1 clip(s) needed) ...
[18:05:06]     [245/50000] cutting x1zMpYMgHDU-0:00:32.732-0:00:44.010.mp4 (0:00:32.732 -> 0:00:44.010)
[18:05:06]   [video 238/49222] yt-dlp KT4NcPqhKsA (1 clip(s) needed) ...
[18:05:33]     [246/50000] cutting KT4NcPqhKsA-0:01:40.500-0:01:45.283.mp4 (0:01:40.500 -> 0:01:45.283)
[18:05:33]   [video 239/49222] yt-dlp eCkZHRHaylg (1 clip(s) needed) ...
[18:05:59]     [247/50000] cutting eCkZHRHaylg-0:02:01.039-0:02:09.787.mp4 (0:02:01.039 -> 0:02:09.787)
[18:05:59]   [video 240/49222] yt-dlp z92kV3NKEsw (1 clip(s) needed) ...
[18:06:02]     FAILED: ERROR: [youtube] z92kV3NKEsw: Please sign in. Use --cookies-from-browser or --cookies for the authentication. See  https://github.com/yt-dlp/yt-dlp/wiki/FAQ#how-do-i-pass-cookies-to-yt-dlp  for how to manually pass cookies. Also see  https://github.com/yt-dlp/yt-dlp/wiki/Extractors#exporting-youtube-cookies  for tips on effectively exporting YouTube cookies
[18:06:02]   [video 241/49222] yt-dlp asXyHT9zSCo (1 clip(s) needed) ...
[18:06:13]     [249/50000] cutting asXyHT9zSCo-0:00:52.600-0:00:56.480.mp4 (0:00:52.600 -> 0:00:56.480)
[18:06:14]   [video 242/49222] yt-dlp JhEKe2W68MQ (1 clip(s) needed) ...
[18:07:04]     [250/50000] cutting JhEKe2W68MQ-0:10:01.000-0:10:49.000.mp4 (0:10:01.000 -> 0:10:49.000)
[18:07:05]   [video 243/49222] yt-dlp Sme5mNWbCQw (1 clip(s) needed) ...
[18:07:19]     [251/50000] cutting Sme5mNWbCQw-0:00:15.840-0:00:27.720.mp4 (0:00:15.840 -> 0:00:27.720)
[18:07:20]   [video 244/49222] yt-dlp 4mG3viSTZdc (1 clip(s) needed) ...
[18:07:28]     [252/50000] cutting 4mG3viSTZdc-0:00:45.670-0:00:50.842.mp4 (0:00:45.670 -> 0:00:50.842)
[18:07:28]   [video 245/49222] yt-dlp AalLWB3f364 (1 clip(s) needed) ...
[18:07:38]     [253/50000] cutting AalLWB3f364-0:00:57.360-0:01:01.760.mp4 (0:00:57.360 -> 0:01:01.760)
[18:07:38]   [video 246/49222] yt-dlp ZDTT8_9EcJI (1 clip(s) needed) ...
[18:07:54]     [254/50000] cutting ZDTT8_9EcJI-0:00:06.000-0:00:54.000.mp4 (0:00:06.000 -> 0:00:54.000)
[18:07:56]   [video 247/49222] yt-dlp UOrIEf6PZsY (1 clip(s) needed) ...
[18:08:08]     [255/50000] cutting UOrIEf6PZsY-0:00:14.247-0:00:17.517.mp4 (0:00:14.247 -> 0:00:17.517)
[18:08:08]   [video 248/49222] yt-dlp H20ELzoVOs0 (1 clip(s) needed) ...
[18:08:19]     [256/50000] cutting H20ELzoVOs0-0:01:18.912-0:01:50.743.mp4 (0:01:18.912 -> 0:01:50.743)
[18:08:20]   [video 249/49222] yt-dlp SJdbZYFeGNU (1 clip(s) needed) ...
[18:08:28]     [257/50000] cutting SJdbZYFeGNU-0:00:00.500-0:00:04.838.mp4 (0:00:00.500 -> 0:00:04.838)
[18:08:28]   [video 250/49222] yt-dlp yWyhA97P5xU (1 clip(s) needed) ...
[18:08:48]     [258/50000] cutting yWyhA97P5xU-0:02:38.320-0:02:50.080.mp4 (0:02:38.320 -> 0:02:50.080)
[18:08:48]   [video 251/49222] yt-dlp 0bJopXjHrK8 (1 clip(s) needed) ...
[18:09:06]     [259/50000] cutting 0bJopXjHrK8-0:03:11.300-0:03:59.300.mp4 (0:03:11.300 -> 0:03:59.300)
[18:09:08]   [video 252/49222] yt-dlp 5cWiJG7sjoc (1 clip(s) needed) ...
[18:09:40]     [260/50000] cutting 5cWiJG7sjoc-0:01:58.500-0:02:06.733.mp4 (0:01:58.500 -> 0:02:06.733)
[18:09:41]   [video 253/49222] yt-dlp EbujNqwa37Q (1 clip(s) needed) ...
[18:10:07]     [261/50000] cutting EbujNqwa37Q-0:04:44.750-0:05:02.383.mp4 (0:04:44.750 -> 0:05:02.383)
[18:10:08]   [video 254/49222] yt-dlp yGnrxROLGHU (1 clip(s) needed) ...
[18:10:28]     [262/50000] cutting yGnrxROLGHU-0:04:49.120-0:04:58.600.mp4 (0:04:49.120 -> 0:04:58.600)
[18:10:29]   [video 255/49222] yt-dlp AlEipyzJob0 (1 clip(s) needed) ...
[18:10:50]     [263/50000] cutting AlEipyzJob0-0:08:25.379-0:08:30.593.mp4 (0:08:25.379 -> 0:08:30.593)
[18:10:50]   [video 256/49222] yt-dlp xHN542jHMZ4 (1 clip(s) needed) ...
[18:11:05]     [264/50000] cutting xHN542jHMZ4-0:09:09.999-0:09:15.054.mp4 (0:09:09.999 -> 0:09:15.054)
[18:11:05]   [video 257/49222] yt-dlp 2Qx-c_rqswI (1 clip(s) needed) ...
[18:11:21]     [265/50000] cutting 2Qx-c_rqswI-0:06:07.767-0:06:11.804.mp4 (0:06:07.767 -> 0:06:11.804)
[18:11:22]   [video 258/49222] yt-dlp kppPsWTYXiQ (1 clip(s) needed) ...
[18:11:32]     [266/50000] cutting kppPsWTYXiQ-0:02:35.321-0:02:40.126.mp4 (0:02:35.321 -> 0:02:40.126)
[18:11:32]   [video 259/49222] yt-dlp LvHGD-zd5B8 (1 clip(s) needed) ...
[18:11:42]     [267/50000] cutting LvHGD-zd5B8-0:01:11.040-0:01:30.520.mp4 (0:01:11.040 -> 0:01:30.520)
[18:11:43]   [video 260/49222] yt-dlp cJHcBXF_8h8 (1 clip(s) needed) ...
[18:11:57]     [268/50000] cutting cJHcBXF_8h8-0:02:42.066-0:03:06.066.mp4 (0:02:42.066 -> 0:03:06.066)
[18:11:58]   [video 261/49222] yt-dlp zerNJnkO0bk (1 clip(s) needed) ...
[18:12:08]     [269/50000] cutting zerNJnkO0bk-0:01:13.273-0:01:17.777.mp4 (0:01:13.273 -> 0:01:17.777)
[18:12:08]   [video 262/49222] yt-dlp df0G5LgIbPk (1 clip(s) needed) ...
[18:12:17]     [270/50000] cutting df0G5LgIbPk-0:00:06.406-0:00:15.532.mp4 (0:00:06.406 -> 0:00:15.532)
[18:12:18]   [video 263/49222] yt-dlp GxLycxl3AsA (1 clip(s) needed) ...
[18:12:36]     [271/50000] cutting GxLycxl3AsA-0:04:52.480-0:05:15.000.mp4 (0:04:52.480 -> 0:05:15.000)
[18:12:37]   [video 264/49222] yt-dlp VRQLP0DgkHo (1 clip(s) needed) ...
[18:12:58]     [272/50000] cutting VRQLP0DgkHo-0:02:37.233-0:02:51.133.mp4 (0:02:37.233 -> 0:02:51.133)
[18:12:59]   [video 265/49222] yt-dlp x4dhayU-HKQ (1 clip(s) needed) ...
[18:13:08]     [273/50000] cutting x4dhayU-HKQ-0:00:48.348-0:00:54.120.mp4 (0:00:48.348 -> 0:00:54.120)
[18:13:09]   [video 266/49222] yt-dlp FvXMUoFae9Q (1 clip(s) needed) ...
[18:13:18]     [274/50000] cutting FvXMUoFae9Q-0:04:35.074-0:05:23.122.mp4 (0:04:35.074 -> 0:05:23.122)
[18:13:19]   [video 267/49222] yt-dlp 9WhCS6F6wGg (1 clip(s) needed) ...
[18:13:31]     [275/50000] cutting 9WhCS6F6wGg-0:01:42.235-0:01:46.256.mp4 (0:01:42.235 -> 0:01:46.256)
[18:13:31]   [video 268/49222] yt-dlp Cbf8l4q9-mw (1 clip(s) needed) ...
[18:13:55]     [276/50000] cutting Cbf8l4q9-mw-0:01:20.713-0:02:08.761.mp4 (0:01:20.713 -> 0:02:08.761)
[18:13:58]   [video 269/49222] yt-dlp qjNMxKr15ZQ (1 clip(s) needed) ...
[18:14:08]     [277/50000] cutting qjNMxKr15ZQ-0:00:41.125-0:00:44.708.mp4 (0:00:41.125 -> 0:00:44.708)
[18:14:08]   [video 270/49222] yt-dlp OhyvcvluRyI (1 clip(s) needed) ...
[18:14:35]     [278/50000] cutting OhyvcvluRyI-0:04:28.860-0:05:00.860.mp4 (0:04:28.860 -> 0:05:00.860)
[18:14:37]   [video 271/49222] yt-dlp huJKOOsFEZw (1 clip(s) needed) ...
[18:14:44]     [279/50000] cutting huJKOOsFEZw-0:00:04.004-0:00:36.169.mp4 (0:00:04.004 -> 0:00:36.169)
[18:14:45]   [video 272/49222] yt-dlp 59onsFxfPYc (1 clip(s) needed) ...
[18:15:18]     [280/50000] cutting 59onsFxfPYc-0:05:26.666-0:05:34.900.mp4 (0:05:26.666 -> 0:05:34.900)
[18:15:18]   [video 273/49222] yt-dlp 4jQng-_evAw (1 clip(s) needed) ...
[18:15:47]     [281/50000] cutting 4jQng-_evAw-0:08:17.400-0:08:23.033.mp4 (0:08:17.400 -> 0:08:23.033)
[18:15:48]   [video 274/49222] yt-dlp kW_8jnMhj0Q (1 clip(s) needed) ...
[18:16:01]     [282/50000] cutting kW_8jnMhj0Q-0:01:29.189-0:01:49.242.mp4 (0:01:29.189 -> 0:01:49.242)
[18:16:02]   [video 275/49222] yt-dlp -_fZYF5h81M (1 clip(s) needed) ...
[18:16:31]     [283/50000] cutting -_fZYF5h81M-0:08:23.760-0:08:43.800.mp4 (0:08:23.760 -> 0:08:43.800)
[18:16:32]   [video 276/49222] yt-dlp mGwh4xQSyxw (1 clip(s) needed) ...
[18:17:04]     [284/50000] cutting mGwh4xQSyxw-0:01:25.966-0:02:13.966.mp4 (0:01:25.966 -> 0:02:13.966)
[18:17:05]   [video 277/49222] yt-dlp EJlM64jnNtU (1 clip(s) needed) ...
[18:17:16]     [285/50000] cutting EJlM64jnNtU-0:01:01.661-0:01:09.669.mp4 (0:01:01.661 -> 0:01:09.669)
[18:17:17]   [video 278/49222] yt-dlp eJPQl2bTkTk (1 clip(s) needed) ...
[18:17:30]     [286/50000] cutting eJPQl2bTkTk-0:00:05.972-0:00:54.020.mp4 (0:00:05.972 -> 0:00:54.020)
[18:17:32]   [video 279/49222] yt-dlp CcMcnIrl8E8 (1 clip(s) needed) ...
[18:17:48]     [287/50000] cutting CcMcnIrl8E8-0:00:17.684-0:00:25.775.mp4 (0:00:17.684 -> 0:00:25.775)
[18:17:49]   [video 280/49222] yt-dlp -APGLp4GpAc (1 clip(s) needed) ...
[18:17:58]     [288/50000] cutting -APGLp4GpAc-0:01:03.146-0:01:06.983.mp4 (0:01:03.146 -> 0:01:06.983)
[18:17:58]   [video 281/49222] yt-dlp s5y13rFsbig (1 clip(s) needed) ...
[18:18:21]     [289/50000] cutting s5y13rFsbig-0:04:13.520-0:04:21.000.mp4 (0:04:13.520 -> 0:04:21.000)
[18:18:21]   [video 282/49222] yt-dlp 0gza1PSkNh8 (1 clip(s) needed) ...
[18:18:40]     [290/50000] cutting 0gza1PSkNh8-0:02:07.560-0:02:14.501.mp4 (0:02:07.560 -> 0:02:14.501)
[18:18:41]   [video 283/49222] yt-dlp ttcAGQKdKvs (1 clip(s) needed) ...
[18:18:44]     FAILED: ERROR: [youtube] ttcAGQKdKvs: This video is not available
[18:18:44]   [video 284/49222] yt-dlp wl_jhQTENFI (1 clip(s) needed) ...
[18:19:05]     [292/50000] cutting wl_jhQTENFI-0:00:44.733-0:01:32.733.mp4 (0:00:44.733 -> 0:01:32.733)
[18:19:06]   [video 285/49222] yt-dlp Je99qIVfwrc (1 clip(s) needed) ...
[18:20:17]     [293/50000] cutting Je99qIVfwrc-0:00:01.668-0:00:15.140.mp4 (0:00:01.668 -> 0:00:15.140)
[18:20:17]   [video 286/49222] yt-dlp CDRC0niC7wQ (1 clip(s) needed) ...
[18:20:29]     [294/50000] cutting CDRC0niC7wQ-0:00:32.680-0:00:37.920.mp4 (0:00:32.680 -> 0:00:37.920)
[18:20:29]   [video 287/49222] yt-dlp eK51MQJejek (1 clip(s) needed) ...
[18:20:50]     [295/50000] cutting eK51MQJejek-0:00:00.867-0:00:07.907.mp4 (0:00:00.867 -> 0:00:07.907)
[18:20:51]   [video 288/49222] yt-dlp K1QWjS73XEU (1 clip(s) needed) ...
[18:21:01]     [296/50000] cutting K1QWjS73XEU-0:02:05.120-0:02:11.240.mp4 (0:02:05.120 -> 0:02:11.240)
[18:21:01]   [video 289/49222] yt-dlp DEHWO74kLQU (1 clip(s) needed) ...
[18:21:12]     [297/50000] cutting DEHWO74kLQU-0:01:36.280-0:01:39.520.mp4 (0:01:36.280 -> 0:01:39.520)
[18:21:13]   [video 290/49222] yt-dlp hEIJVJ29CUs (1 clip(s) needed) ...
[18:21:25]     [298/50000] cutting hEIJVJ29CUs-0:08:30.593-0:08:38.184.mp4 (0:08:30.593 -> 0:08:38.184)
[18:21:25]   [video 291/49222] yt-dlp _O0iPbRYI-A (1 clip(s) needed) ...
[18:21:39]     [299/50000] cutting _O0iPbRYI-A-0:00:17.017-0:00:30.930.mp4 (0:00:17.017 -> 0:00:30.930)
[18:21:40]   [video 292/49222] yt-dlp KhuqMTiPnVs (1 clip(s) needed) ...
[18:21:58]     [300/50000] cutting KhuqMTiPnVs-0:04:19.266-0:04:24.866.mp4 (0:04:19.266 -> 0:04:24.866)
[18:21:58]   [video 293/49222] yt-dlp QCWkZ3yTAzk (1 clip(s) needed) ...
[18:22:02]     FAILED: ERROR: [youtube] QCWkZ3yTAzk: Please sign in. Use --cookies-from-browser or --cookies for the authentication. See  https://github.com/yt-dlp/yt-dlp/wiki/FAQ#how-do-i-pass-cookies-to-yt-dlp  for how to manually pass cookies. Also see  https://github.com/yt-dlp/yt-dlp/wiki/Extractors#exporting-youtube-cookies  for tips on effectively exporting YouTube cookies
[18:22:02]   [video 294/49222] yt-dlp L5KJFPSB4oM (1 clip(s) needed) ...
[18:22:48]     [302/50000] cutting L5KJFPSB4oM-0:01:10.266-0:01:58.266.mp4 (0:01:10.266 -> 0:01:58.266)
[18:22:50]   [video 295/49222] yt-dlp uFc3lilm394 (2 clip(s) needed) ...
[18:23:05]     [303/50000] cutting uFc3lilm394-0:00:05.572-0:00:31.898.mp4 (0:00:05.572 -> 0:00:31.898)
[18:23:07]     [304/50000] cutting uFc3lilm394-0:03:40.119-0:03:54.267.mp4 (0:03:40.119 -> 0:03:54.267)
[18:23:07]   [video 296/49222] yt-dlp GdQGbLl3Z5g (1 clip(s) needed) ...
[18:23:25]     [305/50000] cutting GdQGbLl3Z5g-0:01:01.061-0:01:16.342.mp4 (0:01:01.061 -> 0:01:16.342)
[18:23:26]   [video 297/49222] yt-dlp -uaY3cIrpQo (1 clip(s) needed) ...
[18:23:35]     [306/50000] cutting -uaY3cIrpQo-0:01:10.366-0:01:30.366.mp4 (0:01:10.366 -> 0:01:30.366)
[18:23:36]   [video 298/49222] yt-dlp plfo1Si2QsI (1 clip(s) needed) ...
[18:23:48]     [307/50000] cutting plfo1Si2QsI-0:05:34.840-0:05:41.080.mp4 (0:05:34.840 -> 0:05:41.080)
[18:23:48]   [video 299/49222] yt-dlp UrtkY65xBTA (1 clip(s) needed) ...
[18:24:06]     [308/50000] cutting UrtkY65xBTA-0:03:12.892-0:03:18.264.mp4 (0:03:12.892 -> 0:03:18.264)
[18:24:06]   [video 300/49222] yt-dlp 8WkVNq1-6bs (1 clip(s) needed) ...
[18:24:10]     FAILED: ERROR: [youtube] 8WkVNq1-6bs: Private video
[18:24:10]   [video 301/49222] yt-dlp wRrYzjx8OG4 (1 clip(s) needed) ...
[18:24:33]     [310/50000] cutting wRrYzjx8OG4-0:02:47.500-0:03:07.500.mp4 (0:02:47.500 -> 0:03:07.500)
[18:24:34]   [video 302/49222] yt-dlp qGMS2wUvwVM (1 clip(s) needed) ...
[18:24:45]     [311/50000] cutting qGMS2wUvwVM-0:00:28.762-0:01:16.810.mp4 (0:00:28.762 -> 0:01:16.810)
[18:24:46]   [video 303/49222] yt-dlp DZkVmryYK-c (1 clip(s) needed) ...
[18:24:55]     [312/50000] cutting DZkVmryYK-c-0:01:13.673-0:01:18.511.mp4 (0:01:13.673 -> 0:01:18.511)
[18:24:55]   [video 304/49222] yt-dlp Guy-gSvqHBs (1 clip(s) needed) ...
[18:25:09]     [313/50000] cutting Guy-gSvqHBs-0:04:45.418-0:04:50.456.mp4 (0:04:45.418 -> 0:04:50.456)
[18:25:10]   [video 305/49222] yt-dlp XI9QrZY_Zx4 (1 clip(s) needed) ...
[18:25:24]     [314/50000] cutting XI9QrZY_Zx4-0:03:21.040-0:03:27.720.mp4 (0:03:21.040 -> 0:03:27.720)
[18:25:25]   [video 306/49222] yt-dlp ppAux7SUqNg (1 clip(s) needed) ...
[18:25:39]     [315/50000] cutting ppAux7SUqNg-0:01:44.537-0:01:48.908.mp4 (0:01:44.537 -> 0:01:48.908)
[18:25:39]   [video 307/49222] yt-dlp wksrKwqamwY (1 clip(s) needed) ...
[18:25:52]     [316/50000] cutting wksrKwqamwY-0:00:33.583-0:01:20.250.mp4 (0:00:33.583 -> 0:01:20.250)
[18:25:54]   [video 308/49222] yt-dlp yw2yzl4i5b4 (1 clip(s) needed) ...
[18:26:04]     [317/50000] cutting yw2yzl4i5b4-0:00:34.200-0:00:44.144.mp4 (0:00:34.200 -> 0:00:44.144)
[18:26:04]   [video 309/49222] yt-dlp un1PJ7U_ASA (1 clip(s) needed) ...
[18:26:12]     FAILED: ERROR: [youtube] un1PJ7U_ASA: Please sign in. Use --cookies-from-browser or --cookies for the authentication. See  https://github.com/yt-dlp/yt-dlp/wiki/FAQ#how-do-i-pass-cookies-to-yt-dlp  for how to manually pass cookies. Also see  https://github.com/yt-dlp/yt-dlp/wiki/Extractors#exporting-youtube-cookies  for tips on effectively exporting YouTube cookies
[18:26:12]   [video 310/49222] yt-dlp ARepdtiy1Jk (1 clip(s) needed) ...
[18:26:58]     [319/50000] cutting ARepdtiy1Jk-0:05:01.968-0:05:12.378.mp4 (0:05:01.968 -> 0:05:12.378)
[18:26:59]   [video 311/49222] yt-dlp wvK-H4I_xPs (1 clip(s) needed) ...
[18:27:14]     [320/50000] cutting wvK-H4I_xPs-0:02:11.164-0:02:15.368.mp4 (0:02:11.164 -> 0:02:15.368)
[18:27:14]   [video 312/49222] yt-dlp y4dGwyYSeWM (1 clip(s) needed) ...
[18:27:29]     [321/50000] cutting y4dGwyYSeWM-0:03:23.069-0:03:28.308.mp4 (0:03:23.069 -> 0:03:28.308)
[18:27:29]   [video 313/49222] yt-dlp UgMHuAH1uPU (1 clip(s) needed) ...
[18:27:50]     [322/50000] cutting UgMHuAH1uPU-0:03:19.599-0:03:26.673.mp4 (0:03:19.599 -> 0:03:26.673)
[18:27:51]   [video 314/49222] yt-dlp HvaQw77UQcw (1 clip(s) needed) ...
[18:28:02]     [323/50000] cutting HvaQw77UQcw-0:01:37.413-0:02:21.341.mp4 (0:01:37.413 -> 0:02:21.341)
[18:28:03]   [video 315/49222] yt-dlp TWPPxisGrvo (1 clip(s) needed) ...
[18:28:16]     [324/50000] cutting TWPPxisGrvo-0:00:25.817-0:01:13.865.mp4 (0:00:25.817 -> 0:01:13.865)
[18:28:17]   [video 316/49222] yt-dlp 9rJf3RhBND4 (1 clip(s) needed) ...
[18:28:32]     [325/50000] cutting 9rJf3RhBND4-0:00:38.200-0:00:53.600.mp4 (0:00:38.200 -> 0:00:53.600)
[18:28:32]   [video 317/49222] yt-dlp aErfzjgiDa4 (1 clip(s) needed) ...
[18:28:49]     [326/50000] cutting aErfzjgiDa4-0:00:00.767-0:00:07.073.mp4 (0:00:00.767 -> 0:00:07.073)
[18:28:49]   [video 318/49222] yt-dlp 2aDSrT8vK_Y (2 clip(s) needed) ...
[18:28:59]     [327/50000] cutting 2aDSrT8vK_Y-0:00:44.200-0:01:02.933.mp4 (0:00:44.200 -> 0:01:02.933)
[18:29:00]     [328/50000] cutting 2aDSrT8vK_Y-0:00:23.066-0:00:27.466.mp4 (0:00:23.066 -> 0:00:27.466)
[18:29:01]   [video 319/49222] yt-dlp rxJXhRNTayU (1 clip(s) needed) ...
[18:29:16]     [329/50000] cutting rxJXhRNTayU-0:01:49.609-0:01:59.252.mp4 (0:01:49.609 -> 0:01:59.252)
[18:29:16]   [video 320/49222] yt-dlp MzPLlGr7K48 (1 clip(s) needed) ...
[18:29:32]     [330/50000] cutting MzPLlGr7K48-0:00:50.080-0:01:01.720.mp4 (0:00:50.080 -> 0:01:01.720)
[18:29:33]   [video 321/49222] yt-dlp JfFRqXg5UCs (1 clip(s) needed) ...
[18:29:55]     [331/50000] cutting JfFRqXg5UCs-0:02:38.491-0:02:43.062.mp4 (0:02:38.491 -> 0:02:43.062)
[18:29:56]   [video 322/49222] yt-dlp bYtKt2MxEhM (1 clip(s) needed) ...
[18:30:24]     [332/50000] cutting bYtKt2MxEhM-0:04:09.148-0:04:33.706.mp4 (0:04:09.148 -> 0:04:33.706)
[18:30:25]   [video 323/49222] yt-dlp UxDAlzk6faI (1 clip(s) needed) ...
[18:30:38]     [333/50000] cutting UxDAlzk6faI-0:00:59.166-0:01:15.933.mp4 (0:00:59.166 -> 0:01:15.933)
[18:30:38]   [video 324/49222] yt-dlp _EDTCiwLrxk (1 clip(s) needed) ...
[18:31:05]     [334/50000] cutting _EDTCiwLrxk-0:04:35.208-0:04:59.098.mp4 (0:04:35.208 -> 0:04:59.098)
[18:31:06]   [video 325/49222] yt-dlp k92FSfyIDoo (1 clip(s) needed) ...
[18:31:19]     [335/50000] cutting k92FSfyIDoo-0:00:13.780-0:00:20.220.mp4 (0:00:13.780 -> 0:00:20.220)
[18:31:20]   [video 326/49222] yt-dlp IyagW5XI4KY (1 clip(s) needed) ...
[18:31:39]     [336/50000] cutting IyagW5XI4KY-0:03:09.656-0:03:14.644.mp4 (0:03:09.656 -> 0:03:14.644)
[18:31:40]   [video 327/49222] yt-dlp JY1uN2uVPm8 (1 clip(s) needed) ...
[18:32:13]     [337/50000] cutting JY1uN2uVPm8-0:04:09.720-0:04:15.800.mp4 (0:04:09.720 -> 0:04:15.800)
[18:32:14]   [video 328/49222] yt-dlp LmJ0PWx4JcM (1 clip(s) needed) ...
[18:32:28]     [338/50000] cutting LmJ0PWx4JcM-0:00:05.972-0:00:54.020.mp4 (0:00:05.972 -> 0:00:54.020)
[18:32:30]   [video 329/49222] yt-dlp E5AeL0y7CG0 (1 clip(s) needed) ...
[18:32:43]     [339/50000] cutting E5AeL0y7CG0-0:02:22.575-0:02:29.182.mp4 (0:02:22.575 -> 0:02:29.182)
[18:32:44]   [video 330/49222] yt-dlp z0WbvPa7x84 (1 clip(s) needed) ...
[18:32:56]     [340/50000] cutting z0WbvPa7x84-0:00:53.520-0:01:13.139.mp4 (0:00:53.520 -> 0:01:13.139)
[18:32:57]   [video 331/49222] yt-dlp W-jyF9vYWE8 (1 clip(s) needed) ...
[18:33:17]     [341/50000] cutting W-jyF9vYWE8-0:00:09.080-0:00:13.880.mp4 (0:00:09.080 -> 0:00:13.880)
[18:33:17]   [video 332/49222] yt-dlp LvTP7uFu2Uw (1 clip(s) needed) ...
[18:33:30]     [342/50000] cutting LvTP7uFu2Uw-0:00:30.330-0:00:34.350.mp4 (0:00:30.330 -> 0:00:34.350)
[18:33:30]   [video 333/49222] yt-dlp yp2Oyq4r72U (1 clip(s) needed) ...
[18:33:41]     [343/50000] cutting yp2Oyq4r72U-0:01:47.307-0:01:52.529.mp4 (0:01:47.307 -> 0:01:52.529)
[18:33:41]   [video 334/49222] yt-dlp aD2ghkoCZ14 (1 clip(s) needed) ...
[18:33:57]     [344/50000] cutting aD2ghkoCZ14-0:02:11.347-0:02:59.362.mp4 (0:02:11.347 -> 0:02:59.362)
[18:33:58]   [video 335/49222] yt-dlp LYUTm8VqRzU (1 clip(s) needed) ...
[18:35:15]     [345/50000] cutting LYUTm8VqRzU-0:03:01.520-0:03:09.360.mp4 (0:03:01.520 -> 0:03:09.360)
[18:35:15]   [video 336/49222] yt-dlp kqwpviKMr_o (1 clip(s) needed) ...
[18:35:55]     [346/50000] cutting kqwpviKMr_o-0:06:39.107-0:06:51.077.mp4 (0:06:39.107 -> 0:06:51.077)
[18:35:55]   [video 337/49222] yt-dlp VvTvjF1O7zw (1 clip(s) needed) ...
[18:36:05]     [347/50000] cutting VvTvjF1O7zw-0:00:15.148-0:00:25.425.mp4 (0:00:15.148 -> 0:00:25.425)
[18:36:05]   [video 338/49222] yt-dlp 7BfWIfKEqEk (1 clip(s) needed) ...
[18:36:24]     [348/50000] cutting 7BfWIfKEqEk-0:04:54.110-0:05:42.125.mp4 (0:04:54.110 -> 0:05:42.125)
[18:36:25]   [video 339/49222] yt-dlp 1wlUoro2_4U (1 clip(s) needed) ...
[18:36:46]     [349/50000] cutting 1wlUoro2_4U-0:03:13.000-0:03:18.360.mp4 (0:03:13.000 -> 0:03:18.360)
[18:36:46]   [video 340/49222] yt-dlp Gf5uI60XOoc (1 clip(s) needed) ...
[18:36:59]     [350/50000] cutting Gf5uI60XOoc-0:01:43.620-0:01:47.257.mp4 (0:01:43.620 -> 0:01:47.257)
[18:36:59]   [video 341/49222] yt-dlp uCNgVxFILtI (1 clip(s) needed) ...
[18:37:14]     [351/50000] cutting uCNgVxFILtI-0:00:17.440-0:00:24.840.mp4 (0:00:17.440 -> 0:00:24.840)
[18:37:14]   [video 342/49222] yt-dlp YsKBaaxbwTU (1 clip(s) needed) ...
[18:37:17]     FAILED: ERROR: [youtube] YsKBaaxbwTU: Private video
[18:37:17]   [video 343/49222] yt-dlp JQaBsXPSAEs (1 clip(s) needed) ...
[18:37:20]     FAILED: ERROR: [youtube] JQaBsXPSAEs: This video is unavailable
[18:37:20]   [video 344/49222] yt-dlp _fyTHRrxYIs (1 clip(s) needed) ...
[18:37:33]     [354/50000] cutting _fyTHRrxYIs-0:00:30.613-0:00:54.471.mp4 (0:00:30.613 -> 0:00:54.471)
[18:37:33]   [video 345/49222] yt-dlp 0CYdZRpnC1A (1 clip(s) needed) ...
[18:37:54]     [355/50000] cutting 0CYdZRpnC1A-0:08:03.950-0:08:51.998.mp4 (0:08:03.950 -> 0:08:51.998)
[18:37:56]   [video 346/49222] yt-dlp AckdrrEUpqw (1 clip(s) needed) ...
[18:38:01]     FAILED: ERROR: [youtube] AckdrrEUpqw: This video is not available
[18:38:01]   [video 347/49222] yt-dlp 0nkBC6b9FwU (1 clip(s) needed) ...
[18:38:22]     [357/50000] cutting 0nkBC6b9FwU-0:01:04.898-0:01:09.969.mp4 (0:01:04.898 -> 0:01:09.969)
[18:38:22]   [video 348/49222] yt-dlp r7JGY-DRJWU (1 clip(s) needed) ...
[18:38:33]     [358/50000] cutting r7JGY-DRJWU-0:01:22.949-0:01:27.754.mp4 (0:01:22.949 -> 0:01:27.754)
[18:38:33]   [video 349/49222] yt-dlp lN5Z5C_QTCk (1 clip(s) needed) ...
[18:38:51]     [359/50000] cutting lN5Z5C_QTCk-0:01:59.319-0:02:47.367.mp4 (0:01:59.319 -> 0:02:47.367)
[18:38:53]   [video 350/49222] yt-dlp ctMihkypcoo (1 clip(s) needed) ...
[18:39:06]     [360/50000] cutting ctMihkypcoo-0:00:43.243-0:00:49.115.mp4 (0:00:43.243 -> 0:00:49.115)
[18:39:07]   [video 351/49222] yt-dlp Ay-mujoD72M (2 clip(s) needed) ...
[18:39:18]     [361/50000] cutting Ay-mujoD72M-0:00:09.442-0:00:45.245.mp4 (0:00:09.442 -> 0:00:45.245)
[18:39:19]     [362/50000] cutting Ay-mujoD72M-0:01:01.161-0:01:49.209.mp4 (0:01:01.161 -> 0:01:49.209)
[18:39:20]   [video 352/49222] yt-dlp HMNg2S31Kwo (1 clip(s) needed) ...
[18:39:29]     [363/50000] cutting HMNg2S31Kwo-0:00:34.434-0:00:42.442.mp4 (0:00:34.434 -> 0:00:42.442)
[18:39:29]   [video 353/49222] yt-dlp SkpvDKu2LFI (1 clip(s) needed) ...
[18:39:51]     [364/50000] cutting SkpvDKu2LFI-0:02:48.866-0:02:59.866.mp4 (0:02:48.866 -> 0:02:59.866)
[18:39:52]   [video 354/49222] yt-dlp gmAZnBvwMHE (1 clip(s) needed) ...
[18:40:03]     [365/50000] cutting gmAZnBvwMHE-0:00:00.934-0:00:08.708.mp4 (0:00:00.934 -> 0:00:08.708)
[18:40:03]   [video 355/49222] yt-dlp a_voqYLnQF8 (1 clip(s) needed) ...
[18:40:07]     FAILED: ERROR: [youtube] a_voqYLnQF8: This video is not available
[18:40:07]   [video 356/49222] yt-dlp fEfg-Z-TOc8 (1 clip(s) needed) ...
[18:40:13]     [367/50000] cutting fEfg-Z-TOc8-0:02:49.043-0:02:54.382.mp4 (0:02:49.043 -> 0:02:54.382)
[18:40:13]   [video 357/49222] yt-dlp hLct-w2-UXk (1 clip(s) needed) ...
[18:40:35]     [368/50000] cutting hLct-w2-UXk-0:01:24.500-0:02:10.400.mp4 (0:01:24.500 -> 0:02:10.400)
[18:40:38]   [video 358/49222] yt-dlp emvEECY1enc (1 clip(s) needed) ...
[18:41:02]     [369/50000] cutting emvEECY1enc-0:02:24.844-0:02:30.850.mp4 (0:02:24.844 -> 0:02:30.850)
[18:41:03]   [video 359/49222] yt-dlp aWVDmyIceTU (1 clip(s) needed) ...
[18:41:17]     [370/50000] cutting aWVDmyIceTU-0:02:25.478-0:03:13.526.mp4 (0:02:25.478 -> 0:03:13.526)
[18:41:18]   [video 360/49222] yt-dlp 8Fua3x14DkQ (1 clip(s) needed) ...
[18:43:11]     [371/50000] cutting 8Fua3x14DkQ-0:09:27.616-0:09:33.283.mp4 (0:09:27.616 -> 0:09:33.283)
[18:43:12]   [video 361/49222] yt-dlp 3ZDg7JHiHVA (1 clip(s) needed) ...
[18:43:58]     [372/50000] cutting 3ZDg7JHiHVA-0:00:10.410-0:00:19.252.mp4 (0:00:10.410 -> 0:00:19.252)
[18:43:58]   [video 362/49222] yt-dlp JjWt9JAqgsM (1 clip(s) needed) ...
[18:44:14]     [373/50000] cutting JjWt9JAqgsM-0:03:14.961-0:03:35.848.mp4 (0:03:14.961 -> 0:03:35.848)
[18:44:14]   [video 363/49222] yt-dlp wrkobjGFHyY (1 clip(s) needed) ...
[18:44:32]     [374/50000] cutting wrkobjGFHyY-0:03:18.097-0:03:29.442.mp4 (0:03:18.097 -> 0:03:29.442)
[18:44:32]   [video 364/49222] yt-dlp 7tOefiOUS1I (1 clip(s) needed) ...
[18:44:36]     FAILED: ERROR: [youtube] 7tOefiOUS1I: This video is unavailable
[18:44:36]   [video 365/49222] yt-dlp Frqc0iJY9FY (1 clip(s) needed) ...
[18:44:47]     [376/50000] cutting Frqc0iJY9FY-0:02:00.400-0:02:09.320.mp4 (0:02:00.400 -> 0:02:09.320)
[18:44:47]   [video 366/49222] yt-dlp DrxG6eH-36M (1 clip(s) needed) ...
[18:44:57]     [377/50000] cutting DrxG6eH-36M-0:00:23.056-0:00:29.496.mp4 (0:00:23.056 -> 0:00:29.496)
[18:44:58]   [video 367/49222] yt-dlp c0G9izzINew (1 clip(s) needed) ...
[18:45:18]     [378/50000] cutting c0G9izzINew-0:08:43.356-0:08:47.393.mp4 (0:08:43.356 -> 0:08:47.393)
[18:45:18]   [video 368/49222] yt-dlp 0n_MvF3KqkY (1 clip(s) needed) ...
[18:45:42]     [379/50000] cutting 0n_MvF3KqkY-0:02:08.250-0:02:27.375.mp4 (0:02:08.250 -> 0:02:27.375)
[18:45:42]   [video 369/49222] yt-dlp kCnF-3u-8ug (1 clip(s) needed) ...
[18:45:52]     [380/50000] cutting kCnF-3u-8ug-0:00:44.210-0:00:50.183.mp4 (0:00:44.210 -> 0:00:50.183)
[18:45:52]   [video 370/49222] yt-dlp qbMDHq1AAvE (1 clip(s) needed) ...
[18:46:20]     [381/50000] cutting qbMDHq1AAvE-0:04:55.345-0:05:00.283.mp4 (0:04:55.345 -> 0:05:00.283)
[18:46:20]   [video 371/49222] yt-dlp tLUuu7GtmW4 (1 clip(s) needed) ...
[18:46:34]     [382/50000] cutting tLUuu7GtmW4-0:00:01.000-0:00:09.360.mp4 (0:00:01.000 -> 0:00:09.360)
[18:46:34]   [video 372/49222] yt-dlp sEqK1EDlk-0 (1 clip(s) needed) ...
[18:46:44]     [383/50000] cutting sEqK1EDlk-0-0:01:54.433-0:02:02.933.mp4 (0:01:54.433 -> 0:02:02.933)
[18:46:45]   [video 373/49222] yt-dlp mZMu7chHUeU (2 clip(s) needed) ...
[18:47:41]     [384/50000] cutting mZMu7chHUeU-0:10:05.621-0:10:10.276.mp4 (0:10:05.621 -> 0:10:10.276)
[18:47:42]     [385/50000] cutting mZMu7chHUeU-0:08:48.811-0:09:00.856.mp4 (0:08:48.811 -> 0:09:00.856)
[18:47:42]   [video 374/49222] yt-dlp cGuoio-kc_8 (1 clip(s) needed) ...
[18:47:53]     [386/50000] cutting cGuoio-kc_8-0:06:59.043-0:07:08.177.mp4 (0:06:59.043 -> 0:07:08.177)
[18:47:54]   [video 375/49222] yt-dlp R4Q_ZuEO4MY (1 clip(s) needed) ...
[18:48:10]     [387/50000] cutting R4Q_ZuEO4MY-0:00:00.967-0:00:08.975.mp4 (0:00:00.967 -> 0:00:08.975)
[18:48:11]   [video 376/49222] yt-dlp 7i-9YESflLA (1 clip(s) needed) ...
[18:48:32]     [388/50000] cutting 7i-9YESflLA-0:02:38.216-0:03:22.766.mp4 (0:02:38.216 -> 0:03:22.766)
[18:48:34]   [video 377/49222] yt-dlp 8V_oOf7hE6k (1 clip(s) needed) ...
[18:48:41]     [389/50000] cutting 8V_oOf7hE6k-0:00:27.300-0:00:31.766.mp4 (0:00:27.300 -> 0:00:31.766)
[18:48:41]   [video 378/49222] yt-dlp CA8bSV6qLg8 (1 clip(s) needed) ...
[18:48:50]     [390/50000] cutting CA8bSV6qLg8-0:00:01.500-0:00:13.500.mp4 (0:00:01.500 -> 0:00:13.500)
[18:48:51]   [video 379/49222] yt-dlp ykimVTLtelg (1 clip(s) needed) ...
[18:49:46]     [391/50000] cutting ykimVTLtelg-0:00:40.206-0:00:47.080.mp4 (0:00:40.206 -> 0:00:47.080)
[18:49:46]   [video 380/49222] yt-dlp hFli9zJw8GU (1 clip(s) needed) ...
[18:50:01]     [392/50000] cutting hFli9zJw8GU-0:01:47.907-0:01:55.915.mp4 (0:01:47.907 -> 0:01:55.915)
[18:50:01]   [video 381/49222] yt-dlp moG7kh6KXhU (1 clip(s) needed) ...
[18:50:09]     [393/50000] cutting moG7kh6KXhU-0:00:11.136-0:00:14.431.mp4 (0:00:11.136 -> 0:00:14.431)
[18:50:10]   [video 382/49222] yt-dlp 3DKE6OZLSI8 (1 clip(s) needed) ...
[18:50:25]     [394/50000] cutting 3DKE6OZLSI8-0:01:54.720-0:02:06.600.mp4 (0:01:54.720 -> 0:02:06.600)
[18:50:26]   [video 383/49222] yt-dlp 3LGKHe0_rQY (1 clip(s) needed) ...
[18:50:43]     [395/50000] cutting 3LGKHe0_rQY-0:04:58.000-0:05:03.360.mp4 (0:04:58.000 -> 0:05:03.360)
[18:50:43]   [video 384/49222] yt-dlp wRkZ8q1ko-M (1 clip(s) needed) ...
[18:51:11]     [396/50000] cutting wRkZ8q1ko-M-0:05:14.414-0:05:29.896.mp4 (0:05:14.414 -> 0:05:29.896)
[18:51:11]   [video 385/49222] yt-dlp QkfGFXJseho (1 clip(s) needed) ...
[18:51:21]     [397/50000] cutting QkfGFXJseho-0:00:00.533-0:00:05.038.mp4 (0:00:00.533 -> 0:00:05.038)
[18:51:21]   [video 386/49222] yt-dlp 4EsXY5N911o (1 clip(s) needed) ...
[18:51:51]     [398/50000] cutting 4EsXY5N911o-0:00:16.316-0:00:22.956.mp4 (0:00:16.316 -> 0:00:22.956)
[18:51:51]   [video 387/49222] yt-dlp ksVX5BKkjkM (1 clip(s) needed) ...
[18:52:03]     [399/50000] cutting ksVX5BKkjkM-0:00:00.900-0:00:08.274.mp4 (0:00:00.900 -> 0:00:08.274)
[18:52:03]   [video 388/49222] yt-dlp JFy2mPsF_6c (1 clip(s) needed) ...
[18:52:29]     [400/50000] cutting JFy2mPsF_6c-0:01:17.500-0:01:37.500.mp4 (0:01:17.500 -> 0:01:37.500)
[18:52:30]   [video 389/49222] yt-dlp imZg6kCFTmc (1 clip(s) needed) ...
[18:52:48]     [401/50000] cutting imZg6kCFTmc-0:03:59.706-0:04:20.226.mp4 (0:03:59.706 -> 0:04:20.226)
[18:52:49]   [video 390/49222] yt-dlp MPJEtwg3IWQ (1 clip(s) needed) ...
[18:53:30]     [402/50000] cutting MPJEtwg3IWQ-0:07:03.523-0:07:47.900.mp4 (0:07:03.523 -> 0:07:47.900)
[18:53:32]   [video 391/49222] yt-dlp MrajjCFTylQ (1 clip(s) needed) ...
[18:54:46]     [403/50000] cutting MrajjCFTylQ-0:46:30.200-0:46:34.560.mp4 (0:46:30.200 -> 0:46:34.560)
[18:54:46]   [video 392/49222] yt-dlp iLkd8SxSdvU (1 clip(s) needed) ...
[18:55:02]     [404/50000] cutting iLkd8SxSdvU-0:00:26.426-0:01:14.474.mp4 (0:00:26.426 -> 0:01:14.474)
[18:55:03]   [video 393/49222] yt-dlp lLSTALlTeTk (1 clip(s) needed) ...
[18:55:22]     [405/50000] cutting lLSTALlTeTk-0:01:03.663-0:01:30.056.mp4 (0:01:03.663 -> 0:01:30.056)
[18:55:23]   [video 394/49222] yt-dlp UYJzh4Mg-f4 (1 clip(s) needed) ...
[18:55:40]     [406/50000] cutting UYJzh4Mg-f4-0:05:07.960-0:05:14.120.mp4 (0:05:07.960 -> 0:05:14.120)
[18:55:41]   [video 395/49222] yt-dlp Boba7jgsRT0 (1 clip(s) needed) ...
[18:56:30]     [407/50000] cutting Boba7jgsRT0-0:01:02.862-0:01:50.910.mp4 (0:01:02.862 -> 0:01:50.910)
[18:56:31]   [video 396/49222] yt-dlp vOyYn4ATsoo (1 clip(s) needed) ...
[18:56:36]     FAILED: ERROR: [youtube] vOyYn4ATsoo: This video is not available
[18:56:36]   [video 397/49222] yt-dlp iHD6-vLFCWM (1 clip(s) needed) ...
[18:56:47]     [409/50000] cutting iHD6-vLFCWM-0:00:06.589-0:00:20.854.mp4 (0:00:06.589 -> 0:00:20.854)
[18:56:47]   [video 398/49222] yt-dlp eiIpxC5-RvE (1 clip(s) needed) ...
[18:56:57]     [410/50000] cutting eiIpxC5-RvE-0:00:54.095-0:01:00.769.mp4 (0:00:54.095 -> 0:01:00.769)
[18:56:57]   [video 399/49222] yt-dlp FqB1pY1xDUk (1 clip(s) needed) ...
[18:57:17]     [411/50000] cutting FqB1pY1xDUk-0:00:29.696-0:00:39.372.mp4 (0:00:29.696 -> 0:00:39.372)
[18:57:18]   [video 400/49222] yt-dlp rstNenaNYRQ (1 clip(s) needed) ...
[18:57:31]     [412/50000] cutting rstNenaNYRQ-0:01:37.797-0:01:48.775.mp4 (0:01:37.797 -> 0:01:48.775)
[18:57:32]   [video 401/49222] yt-dlp OFvXOlhIG70 (1 clip(s) needed) ...
[18:57:45]     [413/50000] cutting OFvXOlhIG70-0:02:53.360-0:02:59.320.mp4 (0:02:53.360 -> 0:02:59.320)
[18:57:45]   [video 402/49222] yt-dlp 6zaJlelYKpc (1 clip(s) needed) ...
[18:58:04]     [414/50000] cutting 6zaJlelYKpc-0:00:29.400-0:01:17.400.mp4 (0:00:29.400 -> 0:01:17.400)
[18:58:06]   [video 403/49222] yt-dlp 5qZevTBnjww (1 clip(s) needed) ...
[18:58:19]     [415/50000] cutting 5qZevTBnjww-0:00:30.830-0:01:18.878.mp4 (0:00:30.830 -> 0:01:18.878)
[18:58:21]   [video 404/49222] yt-dlp evzOdGXsWWw (1 clip(s) needed) ...
[18:59:05]     [416/50000] cutting evzOdGXsWWw-0:00:15.000-0:00:52.840.mp4 (0:00:15.000 -> 0:00:52.840)
[18:59:06]   [video 405/49222] yt-dlp PTxcu2LHiGI (1 clip(s) needed) ...
[18:59:39]     [417/50000] cutting PTxcu2LHiGI-0:00:06.680-0:00:20.240.mp4 (0:00:06.680 -> 0:00:20.240)
[18:59:40]   [video 406/49222] yt-dlp 7aHBEk6VV8g (1 clip(s) needed) ...
[18:59:44]     FAILED: ERROR: [youtube] 7aHBEk6VV8g: This video is not available
[18:59:44]   [video 407/49222] yt-dlp fM9XkS2jOQk (2 clip(s) needed) ...
[19:00:18]     [419/50000] cutting fM9XkS2jOQk-0:06:49.492-0:07:37.540.mp4 (0:06:49.492 -> 0:07:37.540)
[19:00:19]     [420/50000] cutting fM9XkS2jOQk-0:09:22.353-0:09:30.069.mp4 (0:09:22.353 -> 0:09:30.069)
[19:00:20]   [video 408/49222] yt-dlp eW704nAuIuU (1 clip(s) needed) ...
[19:00:31]     [421/50000] cutting eW704nAuIuU-0:00:58.933-0:01:03.188.mp4 (0:00:58.933 -> 0:01:03.188)
[19:00:31]   [video 409/49222] yt-dlp zADWpZr6Tzo (1 clip(s) needed) ...
[19:00:57]     [422/50000] cutting zADWpZr6Tzo-0:00:28.486-0:00:38.913.mp4 (0:00:28.486 -> 0:00:38.913)
[19:00:57]   [video 410/49222] yt-dlp KZ9xoQNacu8 (1 clip(s) needed) ...
[19:01:07]     [423/50000] cutting KZ9xoQNacu8-0:01:49.833-0:01:59.033.mp4 (0:01:49.833 -> 0:01:59.033)
[19:01:08]   [video 411/49222] yt-dlp Elu2P-K3dVs (1 clip(s) needed) ...
[19:01:19]     [424/50000] cutting Elu2P-K3dVs-0:02:01.454-0:02:41.394.mp4 (0:02:01.454 -> 0:02:41.394)
[19:01:19]   [video 412/49222] yt-dlp A_9f93tIMh8 (1 clip(s) needed) ...
[19:01:51]     [425/50000] cutting A_9f93tIMh8-0:02:09.762-0:02:13.833.mp4 (0:02:09.762 -> 0:02:13.833)
[19:01:51]   [video 413/49222] yt-dlp SjRb-Z4ikOE (1 clip(s) needed) ...
[19:01:55]     FAILED: ERROR: [youtube] SjRb-Z4ikOE: Private video
[19:01:55]   [video 414/49222] yt-dlp iulaMrY3ZLo (1 clip(s) needed) ...
[19:02:07]     [427/50000] cutting iulaMrY3ZLo-0:00:37.804-0:00:45.979.mp4 (0:00:37.804 -> 0:00:45.979)
[19:02:07]   [video 415/49222] yt-dlp ZUTVMOXHTS8 (1 clip(s) needed) ...
[19:02:19]     [428/50000] cutting ZUTVMOXHTS8-0:02:04.999-0:02:09.420.mp4 (0:02:04.999 -> 0:02:09.420)
[19:02:19]   [video 416/49222] yt-dlp fnE3ReD0KWk (1 clip(s) needed) ...
[19:02:33]     [429/50000] cutting fnE3ReD0KWk-0:02:14.320-0:02:22.200.mp4 (0:02:14.320 -> 0:02:22.200)
[19:02:33]   [video 417/49222] yt-dlp Bth1XyCCZTw (1 clip(s) needed) ...
[19:02:47]     [430/50000] cutting Bth1XyCCZTw-0:00:45.520-0:01:02.520.mp4 (0:00:45.520 -> 0:01:02.520)
[19:02:48]   [video 418/49222] yt-dlp 3bUI1iFvnes (1 clip(s) needed) ...
[19:03:10]     [431/50000] cutting 3bUI1iFvnes-0:00:19.886-0:00:26.960.mp4 (0:00:19.886 -> 0:00:26.960)
[19:03:10]   [video 419/49222] yt-dlp tobuJ9yGp-8 (1 clip(s) needed) ...
[19:03:21]     [432/50000] cutting tobuJ9yGp-8-0:00:27.277-0:00:55.847.mp4 (0:00:27.277 -> 0:00:55.847)
[19:03:22]   [video 420/49222] yt-dlp G-Pj5VP1YEo (1 clip(s) needed) ...
[19:03:25]     FAILED: ERROR: [youtube] G-Pj5VP1YEo: Private video
[19:03:25]   [video 421/49222] yt-dlp fd6QPdrrN8M (1 clip(s) needed) ...
[19:03:40]     [434/50000] cutting fd6QPdrrN8M-0:03:03.033-0:03:17.166.mp4 (0:03:03.033 -> 0:03:17.166)
[19:03:41]   [video 422/49222] yt-dlp PFXMbBNCq90 (1 clip(s) needed) ...
[19:03:46]     [435/50000] cutting PFXMbBNCq90-0:02:10.588-0:02:23.268.mp4 (0:02:10.588 -> 0:02:23.268)
[19:03:47]   [video 423/49222] yt-dlp N3nuGz4NGtc (1 clip(s) needed) ...
[19:03:55]     [436/50000] cutting N3nuGz4NGtc-0:00:03.403-0:00:30.663.mp4 (0:00:03.403 -> 0:00:30.663)
[19:03:57]   [video 424/49222] yt-dlp G6oIXQFFm4c (1 clip(s) needed) ...
[19:04:01]     FAILED: ERROR: [youtube] G6oIXQFFm4c: This video is not available
[19:04:01]   [video 425/49222] yt-dlp Pm9cRIhYQvg (1 clip(s) needed) ...
[19:04:12]     [438/50000] cutting Pm9cRIhYQvg-0:01:09.933-0:01:16.266.mp4 (0:01:09.933 -> 0:01:16.266)
[19:04:12]   [video 426/49222] yt-dlp 37FYlJzKEJI (1 clip(s) needed) ...
[19:04:39]     [439/50000] cutting 37FYlJzKEJI-0:00:31.480-0:00:38.080.mp4 (0:00:31.480 -> 0:00:38.080)
[19:04:39]   [video 427/49222] yt-dlp ElMfA0cd8no (1 clip(s) needed) ...
[19:05:04]     [440/50000] cutting ElMfA0cd8no-0:07:30.783-0:07:41.002.mp4 (0:07:30.783 -> 0:07:41.002)
[19:05:04]   [video 428/49222] yt-dlp zvDTOU9PsJI (1 clip(s) needed) ...
[19:05:40]     [441/50000] cutting zvDTOU9PsJI-0:06:29.055-0:06:39.298.mp4 (0:06:29.055 -> 0:06:39.298)
[19:05:40]   [video 429/49222] yt-dlp OQSOYz27MDY (1 clip(s) needed) ...
[19:06:00]     [442/50000] cutting OQSOYz27MDY-0:06:24.117-0:06:34.994.mp4 (0:06:24.117 -> 0:06:34.994)
[19:06:00]   [video 430/49222] yt-dlp q08s-OGrsKo (1 clip(s) needed) ...
[19:06:04]     FAILED: ERROR: [youtube] q08s-OGrsKo: This video is not available
[19:06:04]   [video 431/49222] yt-dlp q3EEuzcrBNU (1 clip(s) needed) ...
[19:06:21]     [444/50000] cutting q3EEuzcrBNU-0:04:06.145-0:04:27.000.mp4 (0:04:06.145 -> 0:04:27.000)
[19:06:22]   [video 432/49222] yt-dlp wqOQMMnTnXg (1 clip(s) needed) ...
[19:06:27]     FAILED: ERROR: [youtube] wqOQMMnTnXg: This video is not available
[19:06:27]   [video 433/49222] yt-dlp WM17krGddZk (1 clip(s) needed) ...
[19:06:40]     [446/50000] cutting WM17krGddZk-0:00:41.500-0:00:53.650.mp4 (0:00:41.500 -> 0:00:53.650)
[19:06:41]   [video 434/49222] yt-dlp ChLXnJAhLmQ (1 clip(s) needed) ...
[19:06:54]     [447/50000] cutting ChLXnJAhLmQ-0:01:14.441-0:01:17.644.mp4 (0:01:14.441 -> 0:01:17.644)
[19:06:54]   [video 435/49222] yt-dlp zIJJYEw-NMY (1 clip(s) needed) ...
[19:07:03]     [448/50000] cutting zIJJYEw-NMY-0:00:18.418-0:00:27.293.mp4 (0:00:18.418 -> 0:00:27.293)
[19:07:03]   [video 436/49222] yt-dlp x2X4gCZ_tXY (1 clip(s) needed) ...
[19:07:15]     [449/50000] cutting x2X4gCZ_tXY-0:00:38.705-0:00:48.048.mp4 (0:00:38.705 -> 0:00:48.048)
[19:07:15]   [video 437/49222] yt-dlp _YJdbRf62YM (1 clip(s) needed) ...
[19:07:35]     [450/50000] cutting _YJdbRf62YM-0:00:40.507-0:01:28.555.mp4 (0:00:40.507 -> 0:01:28.555)
[19:07:37]   [video 438/49222] yt-dlp eQUigLlLTyk (1 clip(s) needed) ...
[19:07:46]     [451/50000] cutting eQUigLlLTyk-0:00:00.967-0:00:09.009.mp4 (0:00:00.967 -> 0:00:09.009)
[19:07:47]   [video 439/49222] yt-dlp od3kLRKPlPE (1 clip(s) needed) ...
[19:08:07]     [452/50000] cutting od3kLRKPlPE-0:03:13.276-0:03:18.656.mp4 (0:03:13.276 -> 0:03:18.656)
[19:08:08]   [video 440/49222] yt-dlp 80fGL6LVtHY (1 clip(s) needed) ...
[19:08:19]     [453/50000] cutting 80fGL6LVtHY-0:02:11.172-0:02:14.175.mp4 (0:02:11.172 -> 0:02:14.175)
[19:08:19]   [video 441/49222] yt-dlp oUF0yeJrlpU (1 clip(s) needed) ...
[19:08:46]     [454/50000] cutting oUF0yeJrlpU-0:00:13.146-0:01:01.194.mp4 (0:00:13.146 -> 0:01:01.194)
[19:08:48]   [video 442/49222] yt-dlp IDKlT0MOZ2A (1 clip(s) needed) ...
[19:09:06]     [455/50000] cutting IDKlT0MOZ2A-0:00:25.942-0:01:13.957.mp4 (0:00:25.942 -> 0:01:13.957)
[19:09:07]   [video 443/49222] yt-dlp 5lcsluw1v1k (1 clip(s) needed) ...
[19:09:20]     [456/50000] cutting 5lcsluw1v1k-0:00:05.739-0:00:12.112.mp4 (0:00:05.739 -> 0:00:12.112)
[19:09:20]   [video 444/49222] yt-dlp E7O6uE-lm6A (1 clip(s) needed) ...
[19:09:33]     [457/50000] cutting E7O6uE-lm6A-0:02:19.439-0:02:27.447.mp4 (0:02:19.439 -> 0:02:27.447)
[19:09:33]   [video 445/49222] yt-dlp xcWXmvNxZ4Y (1 clip(s) needed) ...
[19:09:45]     [458/50000] cutting xcWXmvNxZ4Y-0:00:59.359-0:01:04.064.mp4 (0:00:59.359 -> 0:01:04.064)
[19:09:46]   [video 446/49222] yt-dlp uuxIL7Li84c (1 clip(s) needed) ...
[19:10:22]     [459/50000] cutting uuxIL7Li84c-0:08:06.953-0:08:24.303.mp4 (0:08:06.953 -> 0:08:24.303)
[19:10:23]   [video 447/49222] yt-dlp LS7PF9RjTiU (1 clip(s) needed) ...
[19:11:01]     [460/50000] cutting LS7PF9RjTiU-0:09:28.400-0:09:37.333.mp4 (0:09:28.400 -> 0:09:37.333)
[19:11:01]   [video 448/49222] yt-dlp eOVrQrhK6Q8 (1 clip(s) needed) ...
[19:11:13]     [461/50000] cutting eOVrQrhK6Q8-0:00:09.843-0:00:18.885.mp4 (0:00:09.843 -> 0:00:18.885)
[19:11:13]   [video 449/49222] yt-dlp QPnM_WenZx0 (1 clip(s) needed) ...
[19:11:53]     [462/50000] cutting QPnM_WenZx0-0:02:14.880-0:03:02.880.mp4 (0:02:14.880 -> 0:03:02.880)
[19:11:55]   [video 450/49222] yt-dlp Q7YP4qowJEU (1 clip(s) needed) ...
[19:12:19]     [463/50000] cutting Q7YP4qowJEU-0:00:53.319-0:00:59.659.mp4 (0:00:53.319 -> 0:00:59.659)
[19:12:19]   [video 451/49222] yt-dlp v-m4ohw9-a4 (1 clip(s) needed) ...
[19:12:51]     [464/50000] cutting v-m4ohw9-a4-0:00:02.669-0:00:24.124.mp4 (0:00:02.669 -> 0:00:24.124)
[19:12:52]   [video 452/49222] yt-dlp 1lUYHneRZy0 (1 clip(s) needed) ...
[19:13:05]     [465/50000] cutting 1lUYHneRZy0-0:00:06.740-0:00:54.788.mp4 (0:00:06.740 -> 0:00:54.788)
[19:13:08]   [video 453/49222] yt-dlp UOYyX4ajYtc (1 clip(s) needed) ...
[19:13:19]     [466/50000] cutting UOYyX4ajYtc-0:01:59.583-0:02:47.583.mp4 (0:01:59.583 -> 0:02:47.583)
[19:13:21]   [video 454/49222] yt-dlp GYp4sqOUMM4 (1 clip(s) needed) ...
[19:13:37]     [467/50000] cutting GYp4sqOUMM4-0:02:35.700-0:02:42.066.mp4 (0:02:35.700 -> 0:02:42.066)
[19:13:38]   [video 455/49222] yt-dlp _hYmCl8AjOM (1 clip(s) needed) ...
[19:14:02]     [468/50000] cutting _hYmCl8AjOM-0:00:15.915-0:01:03.963.mp4 (0:00:15.915 -> 0:01:03.963)
[19:14:03]   [video 456/49222] yt-dlp FzUzGwLn3Cg (1 clip(s) needed) ...
[19:14:26]     [469/50000] cutting FzUzGwLn3Cg-0:00:37.245-0:01:23.625.mp4 (0:00:37.245 -> 0:01:23.625)
[19:14:28]   [video 457/49222] yt-dlp -4WM3AFfsUk (1 clip(s) needed) ...
[19:14:39]     [470/50000] cutting -4WM3AFfsUk-0:00:36.036-0:00:40.415.mp4 (0:00:36.036 -> 0:00:40.415)
[19:14:39]   [video 458/49222] yt-dlp ijNRz7U5Wrc (1 clip(s) needed) ...
[19:14:49]     [471/50000] cutting ijNRz7U5Wrc-0:00:05.989-0:00:54.003.mp4 (0:00:05.989 -> 0:00:54.003)
[19:14:51]   [video 459/49222] yt-dlp 6TJsKnW6X6w (1 clip(s) needed) ...
[19:15:17]     [472/50000] cutting 6TJsKnW6X6w-0:04:58.616-0:05:46.616.mp4 (0:04:58.616 -> 0:05:46.616)
[19:15:19]   [video 460/49222] yt-dlp Ml0YsqyN7IU (1 clip(s) needed) ...
[19:16:32]     [473/50000] cutting Ml0YsqyN7IU-0:03:22.468-0:03:31.010.mp4 (0:03:22.468 -> 0:03:31.010)
[19:16:33]   [video 461/49222] yt-dlp VfI-ZK4lXmM (1 clip(s) needed) ...
[19:16:52]     [474/50000] cutting VfI-ZK4lXmM-0:00:06.000-0:00:54.000.mp4 (0:00:06.000 -> 0:00:54.000)
[19:16:53]     stream-copy cut failed, produced a too-small file, or didn't decode cleanly -- re-encoding instead
[19:17:00]   [video 462/49222] yt-dlp TPJIJPJvPh8 (1 clip(s) needed) ...
[19:17:16]     [475/50000] cutting TPJIJPJvPh8-0:00:46.613-0:00:59.993.mp4 (0:00:46.613 -> 0:00:59.993)
[19:17:17]   [video 463/49222] yt-dlp QvaX2wQjiSQ (1 clip(s) needed) ...
[19:17:55]     [476/50000] cutting QvaX2wQjiSQ-0:01:44.760-0:01:52.480.mp4 (0:01:44.760 -> 0:01:52.480)
[19:17:56]   [video 464/49222] yt-dlp msjCSw-GMDI (1 clip(s) needed) ...
[19:18:48]     [477/50000] cutting msjCSw-GMDI-0:08:48.261-0:08:56.669.mp4 (0:08:48.261 -> 0:08:56.669)
[19:18:49]   [video 465/49222] yt-dlp Ap8lrC_UteE (1 clip(s) needed) ...
[19:19:18]     [478/50000] cutting Ap8lrC_UteE-0:01:53.680-0:02:01.120.mp4 (0:01:53.680 -> 0:02:01.120)
[19:19:19]   [video 466/49222] yt-dlp KHJEK0nKiJI (1 clip(s) needed) ...
[19:19:38]     [479/50000] cutting KHJEK0nKiJI-0:06:26.085-0:06:34.594.mp4 (0:06:26.085 -> 0:06:34.594)
[19:19:38]   [video 467/49222] yt-dlp JIfmaIkeE28 (1 clip(s) needed) ...
[19:19:47]     [480/50000] cutting JIfmaIkeE28-0:02:06.392-0:02:14.400.mp4 (0:02:06.392 -> 0:02:14.400)
[19:19:48]   [video 468/49222] yt-dlp iRsvs4qTaNg (1 clip(s) needed) ...
[19:20:23]     [481/50000] cutting iRsvs4qTaNg-0:16:50.592-0:16:58.600.mp4 (0:16:50.592 -> 0:16:58.600)
[19:20:23]   [video 469/49222] yt-dlp X_4CwEWrYZY (2 clip(s) needed) ...
[19:21:06]     [482/50000] cutting X_4CwEWrYZY-0:00:18.735-0:01:06.750.mp4 (0:00:18.735 -> 0:01:06.750)
[19:21:08]     [483/50000] cutting X_4CwEWrYZY-0:04:56.963-0:05:36.869.mp4 (0:04:56.963 -> 0:05:36.869)
[19:21:10]   [video 470/49222] yt-dlp czQPcIURKJQ (1 clip(s) needed) ...
[19:21:37]     [484/50000] cutting czQPcIURKJQ-0:08:11.760-0:08:16.680.mp4 (0:08:11.760 -> 0:08:16.680)
[19:21:38]   [video 471/49222] yt-dlp DVvq0m9fT5c (1 clip(s) needed) ...
[19:21:54]     [485/50000] cutting DVvq0m9fT5c-0:00:51.240-0:01:15.560.mp4 (0:00:51.240 -> 0:01:15.560)
[19:21:55]   [video 472/49222] yt-dlp OzCUZ1P_cOM (1 clip(s) needed) ...
[19:22:14]     [486/50000] cutting OzCUZ1P_cOM-0:01:33.843-0:01:42.769.mp4 (0:01:33.843 -> 0:01:42.769)
[19:22:14]   [video 473/49222] yt-dlp 1rN29qDRniA (1 clip(s) needed) ...
[19:22:23]     [487/50000] cutting 1rN29qDRniA-0:03:02.849-0:03:16.296.mp4 (0:03:02.849 -> 0:03:16.296)
[19:22:24]   [video 474/49222] yt-dlp Mi3J1h6Srcs (1 clip(s) needed) ...
[19:22:34]     [488/50000] cutting Mi3J1h6Srcs-0:01:22.615-0:02:00.787.mp4 (0:01:22.615 -> 0:02:00.787)
[19:22:36]   [video 475/49222] yt-dlp da7cnWBki1I (1 clip(s) needed) ...
[19:22:47]     [489/50000] cutting da7cnWBki1I-0:01:49.109-0:01:53.146.mp4 (0:01:49.109 -> 0:01:53.146)
[19:22:48]   [video 476/49222] yt-dlp 2CIZ-WoZsSc (1 clip(s) needed) ...
[19:22:53]     FAILED: ERROR: [youtube] 2CIZ-WoZsSc: This video is not available
[19:22:53]   [video 477/49222] yt-dlp gSmwpTAFHY0 (1 clip(s) needed) ...
[19:23:02]     [491/50000] cutting gSmwpTAFHY0-0:00:48.148-0:00:59.359.mp4 (0:00:48.148 -> 0:00:59.359)
[19:23:03]   [video 478/49222] yt-dlp yu6RnBrmFDc (1 clip(s) needed) ...
[19:23:20]     [492/50000] cutting yu6RnBrmFDc-0:02:51.638-0:03:01.447.mp4 (0:02:51.638 -> 0:03:01.447)
[19:23:21]   [video 479/49222] yt-dlp LWU5Pzb2API (1 clip(s) needed) ...
[19:23:36]     [493/50000] cutting LWU5Pzb2API-0:00:01.920-0:00:17.640.mp4 (0:00:01.920 -> 0:00:17.640)
[19:23:37]   [video 480/49222] yt-dlp ilZSUAPCO1U (1 clip(s) needed) ...
[19:23:50]     [494/50000] cutting ilZSUAPCO1U-0:02:37.520-0:02:43.920.mp4 (0:02:37.520 -> 0:02:43.920)
[19:23:51]   [video 481/49222] yt-dlp ctjF3HfcOTw (1 clip(s) needed) ...
[19:24:13]     [495/50000] cutting ctjF3HfcOTw-0:05:39.205-0:05:53.219.mp4 (0:05:39.205 -> 0:05:53.219)
[19:24:14]   [video 482/49222] yt-dlp 6ZGBb8KqMtI (1 clip(s) needed) ...
[19:24:36]     [496/50000] cutting 6ZGBb8KqMtI-0:00:41.808-0:00:46.212.mp4 (0:00:41.808 -> 0:00:46.212)
[19:24:37]   [video 483/49222] yt-dlp Y7Q0PYfyuNc (1 clip(s) needed) ...
[19:24:52]     [497/50000] cutting Y7Q0PYfyuNc-0:01:04.564-0:01:52.612.mp4 (0:01:04.564 -> 0:01:52.612)
[19:24:53]   [video 484/49222] yt-dlp fYC45dBP568 (1 clip(s) needed) ...
[19:25:09]     [498/50000] cutting fYC45dBP568-0:00:38.104-0:00:42.042.mp4 (0:00:38.104 -> 0:00:42.042)
[19:25:09]   [video 485/49222] yt-dlp M9yMGzpISoM (1 clip(s) needed) ...
[19:25:23]     [499/50000] cutting M9yMGzpISoM-0:05:50.450-0:06:08.334.mp4 (0:05:50.450 -> 0:06:08.334)
[19:25:24]   [video 486/49222] yt-dlp 1gmlTy3feC0 (1 clip(s) needed) ...
[19:25:53]     [500/50000] cutting 1gmlTy3feC0-0:01:10.360-0:01:13.560.mp4 (0:01:10.360 -> 0:01:13.560)
[19:25:54]   [video 487/49222] yt-dlp kasAnqAZyOM (1 clip(s) needed) ...
[19:26:08]     [501/50000] cutting kasAnqAZyOM-0:02:38.825-0:02:51.804.mp4 (0:02:38.825 -> 0:02:51.804)
[19:26:09]   [video 488/49222] yt-dlp wDo4XnT1JlI (1 clip(s) needed) ...
[19:26:24]     [502/50000] cutting wDo4XnT1JlI-0:01:12.172-0:01:27.520.mp4 (0:01:12.172 -> 0:01:27.520)
[19:26:25]   [video 489/49222] yt-dlp 6GUy1iuVBrc (1 clip(s) needed) ...
[19:26:33]     [503/50000] cutting 6GUy1iuVBrc-0:01:42.118-0:01:46.139.mp4 (0:01:42.118 -> 0:01:46.139)
[19:26:34]   [video 490/49222] yt-dlp UXm4Th3s_G0 (1 clip(s) needed) ...
[19:26:58]     [504/50000] cutting UXm4Th3s_G0-0:07:19.238-0:07:27.513.mp4 (0:07:19.238 -> 0:07:27.513)
[19:26:58]   [video 491/49222] yt-dlp gTl9BcWtK_w (1 clip(s) needed) ...
[19:28:25]     [505/50000] cutting gTl9BcWtK_w-0:02:27.547-0:02:37.056.mp4 (0:02:27.547 -> 0:02:37.056)
[19:28:26]   [video 492/49222] yt-dlp bt2oGpjXzsw (1 clip(s) needed) ...
[19:28:38]     [506/50000] cutting bt2oGpjXzsw-0:00:38.371-0:01:02.295.mp4 (0:00:38.371 -> 0:01:02.295)
[19:28:39]   [video 493/49222] yt-dlp aTUkrf5cho4 (1 clip(s) needed) ...
[19:29:38]     [507/50000] cutting aTUkrf5cho4-0:05:50.083-0:06:07.734.mp4 (0:05:50.083 -> 0:06:07.734)
[19:29:39]   [video 494/49222] yt-dlp uxdWgZGu7Qk (1 clip(s) needed) ...
[19:29:51]     [508/50000] cutting uxdWgZGu7Qk-0:01:25.685-0:01:29.989.mp4 (0:01:25.685 -> 0:01:29.989)
[19:29:51]   [video 495/49222] yt-dlp YLZKUUxy35w (1 clip(s) needed) ...
[19:30:19]     [509/50000] cutting YLZKUUxy35w-0:02:35.421-0:02:59.312.mp4 (0:02:35.421 -> 0:02:59.312)
[19:30:20]   [video 496/49222] yt-dlp ztk6zpNoVjw (1 clip(s) needed) ...
[19:30:27]     [510/50000] cutting ztk6zpNoVjw-0:00:24.824-0:00:35.502.mp4 (0:00:24.824 -> 0:00:35.502)
[19:30:28]   [video 497/49222] yt-dlp gVmY-BGyuys (1 clip(s) needed) ...
[19:31:51]     [511/50000] cutting gVmY-BGyuys-0:01:00.518-0:01:08.526.mp4 (0:01:00.518 -> 0:01:08.526)
[19:31:52]   [video 498/49222] yt-dlp xB2_zR3_Vjw (1 clip(s) needed) ...
[19:32:03]     [512/50000] cutting xB2_zR3_Vjw-0:01:15.158-0:01:18.745.mp4 (0:01:15.158 -> 0:01:18.745)
[19:32:03]   [video 499/49222] yt-dlp 3KrxZ7r8Hhk (1 clip(s) needed) ...
[19:32:26]     [513/50000] cutting 3KrxZ7r8Hhk-0:01:22.382-0:02:10.430.mp4 (0:01:22.382 -> 0:02:10.430)
[19:32:27]   [video 500/49222] yt-dlp 6SPyjpRbj6U (1 clip(s) needed) ...
[19:32:41]     [514/50000] cutting 6SPyjpRbj6U-0:06:19.164-0:07:07.164.mp4 (0:06:19.164 -> 0:07:07.164)
[19:32:42]   [video 501/49222] yt-dlp f-OdbMjYxcM (1 clip(s) needed) ...
[19:32:59]     [515/50000] cutting f-OdbMjYxcM-0:04:02.375-0:04:22.295.mp4 (0:04:02.375 -> 0:04:22.295)
[19:33:00]   [video 502/49222] yt-dlp jTBxluKI3dI (1 clip(s) needed) ...
[19:33:24]     [516/50000] cutting jTBxluKI3dI-0:01:03.930-0:01:15.809.mp4 (0:01:03.930 -> 0:01:15.809)
[19:33:25]   [video 503/49222] yt-dlp eOl_SUFzI_o (1 clip(s) needed) ...
[19:34:20]     [517/50000] cutting eOl_SUFzI_o-0:03:34.013-0:03:41.387.mp4 (0:03:34.013 -> 0:03:41.387)
[19:34:20]   [video 504/49222] yt-dlp mPYFaclQj6c (1 clip(s) needed) ...
[19:34:36]     [518/50000] cutting mPYFaclQj6c-0:09:12.118-0:09:43.249.mp4 (0:09:12.118 -> 0:09:43.249)
[19:34:38]   [video 505/49222] yt-dlp C4Ta16hLW0w (1 clip(s) needed) ...
[19:34:41]     FAILED: ERROR: [youtube] C4Ta16hLW0w: Private video
[19:34:41]   [video 506/49222] yt-dlp 1_S87Kmujt8 (1 clip(s) needed) ...
[19:35:10]     [520/50000] cutting 1_S87Kmujt8-0:02:51.538-0:03:11.891.mp4 (0:02:51.538 -> 0:03:11.891)
[19:35:11]   [video 507/49222] yt-dlp kRI-XGWNJow (1 clip(s) needed) ...
[19:35:16]     FAILED: ERROR: [youtube] kRI-XGWNJow: This video is not available
[19:35:16]   [video 508/49222] yt-dlp QdrtGczfQI4 (1 clip(s) needed) ...
[19:35:37]     [522/50000] cutting QdrtGczfQI4-0:01:14.000-0:02:02.000.mp4 (0:01:14.000 -> 0:02:02.000)
[19:35:39]   [video 509/49222] yt-dlp BKGr-3sihak (1 clip(s) needed) ...
[19:35:57]     [523/50000] cutting BKGr-3sihak-0:01:36.638-0:01:52.570.mp4 (0:01:36.638 -> 0:01:52.570)
[19:35:58]   [video 510/49222] yt-dlp 0Cf25wKtAg4 (1 clip(s) needed) ...
[19:40:29]     [524/50000] cutting 0Cf25wKtAg4-0:02:40.360-0:02:48.968.mp4 (0:02:40.360 -> 0:02:48.968)
[19:40:29]   [video 511/49222] yt-dlp VAzNBtCiFws (1 clip(s) needed) ...
[19:40:56]     [525/50000] cutting VAzNBtCiFws-0:01:31.191-0:01:34.661.mp4 (0:01:31.191 -> 0:01:34.661)
[19:40:57]   [video 512/49222] yt-dlp J8ORIVpXEAE (1 clip(s) needed) ...
[19:41:13]     [526/50000] cutting J8ORIVpXEAE-0:00:42.942-0:00:46.146.mp4 (0:00:42.942 -> 0:00:46.146)
[19:41:14]   [video 513/49222] yt-dlp Cm6x4-K4v6w (1 clip(s) needed) ...
[19:41:39]     [527/50000] cutting Cm6x4-K4v6w-0:07:47.500-0:08:03.416.mp4 (0:07:47.500 -> 0:08:03.416)
[19:41:39]   [video 514/49222] yt-dlp yr9IfkD100w (1 clip(s) needed) ...
[19:41:50]     [528/50000] cutting yr9IfkD100w-0:03:03.883-0:03:27.974.mp4 (0:03:03.883 -> 0:03:27.974)
[19:41:52]   [video 515/49222] yt-dlp 1lJvoDtlco8 (1 clip(s) needed) ...
[19:42:08]     [529/50000] cutting 1lJvoDtlco8-0:02:28.933-0:02:34.833.mp4 (0:02:28.933 -> 0:02:34.833)
[19:42:08]   [video 516/49222] yt-dlp CYXlTx7Db5Q (1 clip(s) needed) ...
[19:42:29]     [530/50000] cutting CYXlTx7Db5Q-0:05:10.810-0:05:26.059.mp4 (0:05:10.810 -> 0:05:26.059)
[19:42:30]   [video 517/49222] yt-dlp bEF3mgRV-f8 (1 clip(s) needed) ...
[19:42:49]     [531/50000] cutting bEF3mgRV-f8-0:02:28.600-0:02:45.766.mp4 (0:02:28.600 -> 0:02:45.766)
[19:42:50]   [video 518/49222] yt-dlp S4zTTcr2PPA (1 clip(s) needed) ...
[19:43:01]     [532/50000] cutting S4zTTcr2PPA-0:01:03.600-0:01:09.900.mp4 (0:01:03.600 -> 0:01:09.900)
[19:43:01]   [video 519/49222] yt-dlp EKeRCC7oD5g (1 clip(s) needed) ...
[19:43:21]     [533/50000] cutting EKeRCC7oD5g-0:04:44.284-0:04:47.820.mp4 (0:04:44.284 -> 0:04:47.820)
[19:43:22]   [video 520/49222] yt-dlp jwIsov4676s (1 clip(s) needed) ...
[19:43:32]     [534/50000] cutting jwIsov4676s-0:00:41.140-0:00:45.800.mp4 (0:00:41.140 -> 0:00:45.800)
[19:43:33]   [video 521/49222] yt-dlp 9k7Saus3sQ0 (1 clip(s) needed) ...
[19:43:44]     [535/50000] cutting 9k7Saus3sQ0-0:00:44.310-0:00:52.852.mp4 (0:00:44.310 -> 0:00:52.852)
[19:43:44]   [video 522/49222] yt-dlp wtiXkfLfMDA (1 clip(s) needed) ...
[19:45:06]     [536/50000] cutting wtiXkfLfMDA-0:02:30.080-0:02:33.280.mp4 (0:02:30.080 -> 0:02:33.280)
[19:45:06]   [video 523/49222] yt-dlp IsiXaMEneaY (1 clip(s) needed) ...
[19:45:17]     [537/50000] cutting IsiXaMEneaY-0:00:48.715-0:01:20.547.mp4 (0:00:48.715 -> 0:01:20.547)
[19:45:18]   [video 524/49222] yt-dlp 3VEwKrXj-H0 (1 clip(s) needed) ...
[19:45:35]     [538/50000] cutting 3VEwKrXj-H0-0:00:14.406-0:00:57.660.mp4 (0:00:14.406 -> 0:00:57.660)
[19:45:36]     stream-copy cut failed, produced a too-small file, or didn't decode cleanly -- re-encoding instead
[19:45:42]   [video 525/49222] yt-dlp P58QhevvVAw (1 clip(s) needed) ...
[19:45:50]     [539/50000] cutting P58QhevvVAw-0:00:18.600-0:00:30.900.mp4 (0:00:18.600 -> 0:00:30.900)
[19:45:51]   [video 526/49222] yt-dlp OFdCgBRhJvo (1 clip(s) needed) ...
[19:46:00]     [540/50000] cutting OFdCgBRhJvo-0:01:11.780-0:01:16.868.mp4 (0:01:11.780 -> 0:01:16.868)
[19:46:00]   [video 527/49222] yt-dlp i48W2w6z5L0 (1 clip(s) needed) ...
[19:46:18]     [541/50000] cutting i48W2w6z5L0-0:01:26.733-0:02:14.733.mp4 (0:01:26.733 -> 0:02:14.733)
[19:46:20]   [video 528/49222] yt-dlp 85vLiUgFDsA (1 clip(s) needed) ...
[19:46:29]     [542/50000] cutting 85vLiUgFDsA-0:00:25.892-0:00:50.884.mp4 (0:00:25.892 -> 0:00:50.884)
[19:46:30]   [video 529/49222] yt-dlp _1nWDaQBxbc (1 clip(s) needed) ...
[19:46:46]     [543/50000] cutting _1nWDaQBxbc-0:01:17.043-0:02:05.091.mp4 (0:01:17.043 -> 0:02:05.091)
[19:46:48]   [video 530/49222] yt-dlp YobzbcVaEUQ (1 clip(s) needed) ...
[19:47:14]     [544/50000] cutting YobzbcVaEUQ-0:01:53.720-0:02:15.480.mp4 (0:01:53.720 -> 0:02:15.480)
[19:47:15]   [video 531/49222] yt-dlp e9gIQGJV0jo (1 clip(s) needed) ...
[19:47:25]     [545/50000] cutting e9gIQGJV0jo-0:00:03.680-0:00:33.280.mp4 (0:00:03.680 -> 0:00:33.280)
[19:47:26]   [video 532/49222] yt-dlp FrcO_FgwF70 (1 clip(s) needed) ...
[19:47:35]     [546/50000] cutting FrcO_FgwF70-0:00:24.391-0:00:28.428.mp4 (0:00:24.391 -> 0:00:28.428)
[19:47:35]   [video 533/49222] yt-dlp CgyE2DyVppg (1 clip(s) needed) ...
[19:48:16]     [547/50000] cutting CgyE2DyVppg-0:10:00.366-0:10:17.933.mp4 (0:10:00.366 -> 0:10:17.933)
[19:48:17]   [video 534/49222] yt-dlp _VUebGwT0QQ (1 clip(s) needed) ...
[19:48:32]     [548/50000] cutting _VUebGwT0QQ-0:02:16.903-0:02:24.911.mp4 (0:02:16.903 -> 0:02:24.911)
[19:48:32]   [video 535/49222] yt-dlp 6qQdQNsh2OY (1 clip(s) needed) ...
[19:49:24]     [549/50000] cutting 6qQdQNsh2OY-0:04:39.612-0:04:51.858.mp4 (0:04:39.612 -> 0:04:51.858)
[19:49:25]   [video 536/49222] yt-dlp w-cE940CQlE (1 clip(s) needed) ...
[19:49:38]     [550/50000] cutting w-cE940CQlE-0:00:34.541-0:00:49.083.mp4 (0:00:34.541 -> 0:00:49.083)
[19:49:39]   [video 537/49222] yt-dlp J8_miVpF_NQ (1 clip(s) needed) ...
[19:49:48]     [551/50000] cutting J8_miVpF_NQ-0:01:03.280-0:01:10.000.mp4 (0:01:03.280 -> 0:01:10.000)
[19:49:49]   [video 538/49222] yt-dlp hJR5im9HFoA (1 clip(s) needed) ...
[19:50:08]     [552/50000] cutting hJR5im9HFoA-0:00:25.760-0:01:13.760.mp4 (0:00:25.760 -> 0:01:13.760)
[19:50:09]   [video 539/49222] yt-dlp ZIIDKF_L5AA (1 clip(s) needed) ...
[19:50:31]     [553/50000] cutting ZIIDKF_L5AA-0:01:54.952-0:02:30.250.mp4 (0:01:54.952 -> 0:02:30.250)
[19:50:33]   [video 540/49222] yt-dlp 5-dKGd67g0Y (1 clip(s) needed) ...
[19:50:55]     [554/50000] cutting 5-dKGd67g0Y-0:07:04.824-0:07:13.833.mp4 (0:07:04.824 -> 0:07:13.833)
[19:50:56]   [video 541/49222] yt-dlp b7B0uQA1rNU (1 clip(s) needed) ...
[19:51:07]     [555/50000] cutting b7B0uQA1rNU-0:01:40.809-0:01:50.318.mp4 (0:01:40.809 -> 0:01:50.318)
[19:51:07]   [video 542/49222] yt-dlp reZeQWjy-qk (1 clip(s) needed) ...
[19:51:44]     [556/50000] cutting reZeQWjy-qk-0:06:54.947-0:07:03.256.mp4 (0:06:54.947 -> 0:07:03.256)
[19:51:44]   [video 543/49222] yt-dlp FZ5eR_5tb8A (1 clip(s) needed) ...
[19:52:01]     [557/50000] cutting FZ5eR_5tb8A-0:00:46.913-0:01:04.164.mp4 (0:00:46.913 -> 0:01:04.164)
[19:52:02]   [video 544/49222] yt-dlp NRG3NHH7btc (1 clip(s) needed) ...
[19:52:10]     [558/50000] cutting NRG3NHH7btc-0:00:15.915-0:01:03.963.mp4 (0:00:15.915 -> 0:01:03.963)
[19:52:11]   [video 545/49222] yt-dlp 0DavXd2MHdY (1 clip(s) needed) ...
[19:52:32]     [559/50000] cutting 0DavXd2MHdY-0:01:14.233-0:01:34.533.mp4 (0:01:14.233 -> 0:01:34.533)
[19:52:33]   [video 546/49222] yt-dlp x5IIiBMiwLY (1 clip(s) needed) ...
[19:52:47]     [560/50000] cutting x5IIiBMiwLY-0:03:41.333-0:04:19.966.mp4 (0:03:41.333 -> 0:04:19.966)
[19:52:49]   [video 547/49222] yt-dlp SqGYh5mgZtw (1 clip(s) needed) ...
[19:53:04]     [561/50000] cutting SqGYh5mgZtw-0:04:14.170-0:04:22.512.mp4 (0:04:14.170 -> 0:04:22.512)
[19:53:05]   [video 548/49222] yt-dlp 3TOw3SqrE40 (1 clip(s) needed) ...
[19:53:25]     [562/50000] cutting 3TOw3SqrE40-0:02:02.375-0:02:08.416.mp4 (0:02:02.375 -> 0:02:08.416)
[19:53:25]   [video 549/49222] yt-dlp 0RqjdrM4TQc (1 clip(s) needed) ...
[19:53:47]     [563/50000] cutting 0RqjdrM4TQc-0:01:31.291-0:01:52.612.mp4 (0:01:31.291 -> 0:01:52.612)
[19:53:48]   [video 550/49222] yt-dlp KONe4SNFA64 (1 clip(s) needed) ...
[19:53:56]     [564/50000] cutting KONe4SNFA64-0:04:39.746-0:05:24.390.mp4 (0:04:39.746 -> 0:05:24.390)
[19:53:58]   [video 551/49222] yt-dlp TrQ31PJszuE (1 clip(s) needed) ...
[19:54:09]     [565/50000] cutting TrQ31PJszuE-0:04:13.086-0:04:26.733.mp4 (0:04:13.086 -> 0:04:26.733)
[19:54:10]   [video 552/49222] yt-dlp yuxrxyFhxCc (1 clip(s) needed) ...
[19:54:27]     [566/50000] cutting yuxrxyFhxCc-0:01:03.563-0:01:09.169.mp4 (0:01:03.563 -> 0:01:09.169)
[19:54:27]   [video 553/49222] yt-dlp 1Jf8QYZKs2Y (1 clip(s) needed) ...
[19:55:39]     [567/50000] cutting 1Jf8QYZKs2Y-0:07:31.551-0:07:36.622.mp4 (0:07:31.551 -> 0:07:36.622)
[19:55:40]   [video 554/49222] yt-dlp fanIpBRICCg (1 clip(s) needed) ...
[19:55:45]     FAILED: ERROR: [youtube] fanIpBRICCg: Video unavailable
[19:55:45]   [video 555/49222] yt-dlp 73v5fIo5t4k (1 clip(s) needed) ...
[19:55:58]     [569/50000] cutting 73v5fIo5t4k-0:00:56.347-0:01:01.311.mp4 (0:00:56.347 -> 0:01:01.311)
[19:55:59]   [video 556/49222] yt-dlp WD6RBpMGCN0 (1 clip(s) needed) ...
[19:56:21]     [570/50000] cutting WD6RBpMGCN0-0:09:31.946-0:09:36.117.mp4 (0:09:31.946 -> 0:09:36.117)
[19:56:21]   [video 557/49222] yt-dlp Fntq3KOYuDg (1 clip(s) needed) ...
[19:56:31]     [571/50000] cutting Fntq3KOYuDg-0:00:02.880-0:00:10.840.mp4 (0:00:02.880 -> 0:00:10.840)
[19:56:32]   [video 558/49222] yt-dlp cmFPo5Nbbr8 (1 clip(s) needed) ...
[19:57:03]     [572/50000] cutting cmFPo5Nbbr8-0:10:08.641-0:10:19.535.mp4 (0:10:08.641 -> 0:10:19.535)
[19:57:03]   [video 559/49222] yt-dlp NbbQfu_VaHk (1 clip(s) needed) ...
[19:57:20]     [573/50000] cutting NbbQfu_VaHk-0:03:24.040-0:04:12.040.mp4 (0:03:24.040 -> 0:04:12.040)
[19:57:21]   [video 560/49222] yt-dlp YBOCsL_EA_s (1 clip(s) needed) ...
[19:57:24]     FAILED: ERROR: [youtube] YBOCsL_EA_s: This video is not available
[19:57:24]   [video 561/49222] yt-dlp qSTngeQbfPg (1 clip(s) needed) ...
[19:57:44]     [575/50000] cutting qSTngeQbfPg-0:01:30.056-0:02:18.104.mp4 (0:01:30.056 -> 0:02:18.104)
[19:57:46]   [video 562/49222] yt-dlp 5iUINzg9Inw (1 clip(s) needed) ...
[19:57:57]     [576/50000] cutting 5iUINzg9Inw-0:00:21.554-0:01:09.602.mp4 (0:00:21.554 -> 0:01:09.602)
[19:58:00]   [video 563/49222] yt-dlp 2EgO1N8RB9U (1 clip(s) needed) ...
[19:58:11]     [577/50000] cutting 2EgO1N8RB9U-0:00:47.113-0:00:55.855.mp4 (0:00:47.113 -> 0:00:55.855)
[19:58:12]   [video 564/49222] yt-dlp K305Vu7hFg0 (1 clip(s) needed) ...
[19:58:46]     [578/50000] cutting K305Vu7hFg0-0:03:03.560-0:03:09.840.mp4 (0:03:03.560 -> 0:03:09.840)
[19:58:47]   [video 565/49222] yt-dlp cyyhO9e2zBo (1 clip(s) needed) ...
[19:58:49]     FAILED: ERROR: [youtube] cyyhO9e2zBo: Private video
[19:58:49]   [video 566/49222] yt-dlp jYscqr3JVSQ (1 clip(s) needed) ...
[19:58:59]     [580/50000] cutting jYscqr3JVSQ-0:00:03.240-0:00:29.280.mp4 (0:00:03.240 -> 0:00:29.280)
[19:59:00]   [video 567/49222] yt-dlp wrsQr8QOOFs (1 clip(s) needed) ...
[19:59:11]     [581/50000] cutting wrsQr8QOOFs-0:00:52.520-0:01:04.840.mp4 (0:00:52.520 -> 0:01:04.840)
[19:59:12]   [video 568/49222] yt-dlp MQlkmbAhmNU (1 clip(s) needed) ...
[19:59:35]     [582/50000] cutting MQlkmbAhmNU-0:04:23.630-0:04:43.549.mp4 (0:04:23.630 -> 0:04:43.549)
[19:59:36]   [video 569/49222] yt-dlp 0PkMLZoYLKM (1 clip(s) needed) ...
[19:59:45]     [583/50000] cutting 0PkMLZoYLKM-0:00:14.047-0:01:02.095.mp4 (0:00:14.047 -> 0:01:02.095)
[19:59:47]   [video 570/49222] yt-dlp e6JnjiEsMZw (1 clip(s) needed) ...
[20:00:01]     [584/50000] cutting e6JnjiEsMZw-0:00:05.972-0:00:54.020.mp4 (0:00:05.972 -> 0:00:54.020)
[20:00:02]   [video 571/49222] yt-dlp Sl15pHABPsw (1 clip(s) needed) ...
[20:00:13]     [585/50000] cutting Sl15pHABPsw-0:00:48.348-0:00:53.820.mp4 (0:00:48.348 -> 0:00:53.820)
[20:00:13]   [video 572/49222] yt-dlp zNVdif0Ixa4 (1 clip(s) needed) ...
[20:00:30]     [586/50000] cutting zNVdif0Ixa4-0:00:12.360-0:01:00.360.mp4 (0:00:12.360 -> 0:01:00.360)
[20:00:32]   [video 573/49222] yt-dlp xzuVsplMPpk (1 clip(s) needed) ...
[20:01:42]     [587/50000] cutting xzuVsplMPpk-0:02:09.829-0:02:40.627.mp4 (0:02:09.829 -> 0:02:40.627)
[20:01:43]   [video 574/49222] yt-dlp Au2aBqAEsJQ (1 clip(s) needed) ...
[20:02:06]     [588/50000] cutting Au2aBqAEsJQ-0:00:57.157-0:01:04.798.mp4 (0:00:57.157 -> 0:01:04.798)
[20:02:06]   [video 575/49222] yt-dlp IavbChCClO8 (1 clip(s) needed) ...
[20:02:43]     [589/50000] cutting IavbChCClO8-0:00:04.637-0:00:08.641.mp4 (0:00:04.637 -> 0:00:08.641)
[20:02:43]   [video 576/49222] yt-dlp sAl9s8mlB6Q (1 clip(s) needed) ...
[20:02:54]     [590/50000] cutting sAl9s8mlB6Q-0:00:37.637-0:00:44.077.mp4 (0:00:37.637 -> 0:00:44.077)
[20:02:55]   [video 577/49222] yt-dlp EOPzjh6tSO8 (1 clip(s) needed) ...
[20:02:58]     FAILED: ERROR: [youtube] EOPzjh6tSO8: Private video
[20:02:58]   [video 578/49222] yt-dlp apOc5vo5AYA (1 clip(s) needed) ...
[20:03:14]     [592/50000] cutting apOc5vo5AYA-0:00:45.245-0:01:31.825.mp4 (0:00:45.245 -> 0:01:31.825)
[20:03:15]   [video 579/49222] yt-dlp FBEncALtw9k (1 clip(s) needed) ...
[20:03:29]     [593/50000] cutting FBEncALtw9k-0:01:09.069-0:01:14.207.mp4 (0:01:09.069 -> 0:01:14.207)
[20:03:29]   [video 580/49222] yt-dlp iEom8RceMIc (1 clip(s) needed) ...
[20:03:39]     [594/50000] cutting iEom8RceMIc-0:00:25.360-0:00:32.680.mp4 (0:00:25.360 -> 0:00:32.680)
[20:03:39]   [video 581/49222] yt-dlp WsXelfn15wM (1 clip(s) needed) ...
[20:03:54]     [595/50000] cutting WsXelfn15wM-0:00:49.249-0:00:56.990.mp4 (0:00:49.249 -> 0:00:56.990)
[20:03:55]   [video 582/49222] yt-dlp LwvZ7y6gLuo (1 clip(s) needed) ...
[20:03:59]     FAILED: ERROR: [youtube] LwvZ7y6gLuo: Please sign in. Use --cookies-from-browser or --cookies for the authentication. See  https://github.com/yt-dlp/yt-dlp/wiki/FAQ#how-do-i-pass-cookies-to-yt-dlp  for how to manually pass cookies. Also see  https://github.com/yt-dlp/yt-dlp/wiki/Extractors#exporting-youtube-cookies  for tips on effectively exporting YouTube cookies
[20:03:59]   [video 583/49222] yt-dlp 7xRzdoohwmQ (1 clip(s) needed) ...
[20:04:10]     [597/50000] cutting 7xRzdoohwmQ-0:00:58.658-0:01:04.831.mp4 (0:00:58.658 -> 0:01:04.831)
[20:04:10]   [video 584/49222] yt-dlp UB46TcdOqRo (1 clip(s) needed) ...
[20:05:36]     [598/50000] cutting UB46TcdOqRo-0:14:13.002-0:14:24.313.mp4 (0:14:13.002 -> 0:14:24.313)
[20:05:37]   [video 585/49222] yt-dlp PqnzwdU4sBo (1 clip(s) needed) ...
[20:05:46]     [599/50000] cutting PqnzwdU4sBo-0:00:26.626-0:00:41.875.mp4 (0:00:26.626 -> 0:00:41.875)
[20:05:47]   [video 586/49222] yt-dlp ggoc-Uaox_0 (1 clip(s) needed) ...
[20:05:50]     FAILED: ERROR: [youtube] ggoc-Uaox_0: Private video
[20:05:50]   [video 587/49222] yt-dlp Oh7E_cTcn9k (1 clip(s) needed) ...
[20:06:10]     [601/50000] cutting Oh7E_cTcn9k-0:00:31.000-0:01:19.000.mp4 (0:00:31.000 -> 0:01:19.000)
[20:06:12]   [video 588/49222] yt-dlp 8if11zpuemU (1 clip(s) needed) ...
[20:06:30]     [602/50000] cutting 8if11zpuemU-0:01:34.561-0:01:50.577.mp4 (0:01:34.561 -> 0:01:50.577)
[20:06:30]   [video 589/49222] yt-dlp gt4xUiETW_U (1 clip(s) needed) ...
[20:06:37]     [603/50000] cutting gt4xUiETW_U-0:00:31.998-0:00:36.803.mp4 (0:00:31.998 -> 0:00:36.803)
[20:06:38]   [video 590/49222] yt-dlp x9yyOciNEg4 (1 clip(s) needed) ...
[20:06:45]     [604/50000] cutting x9yyOciNEg4-0:00:01.267-0:00:05.305.mp4 (0:00:01.267 -> 0:00:05.305)
[20:06:46]   [video 591/49222] yt-dlp V8ejAxULhTE (1 clip(s) needed) ...
[20:07:00]     [605/50000] cutting V8ejAxULhTE-0:01:50.410-0:02:01.221.mp4 (0:01:50.410 -> 0:02:01.221)
[20:07:01]   [video 592/49222] yt-dlp qS9TE75fgoE (1 clip(s) needed) ...
[20:07:31]     [606/50000] cutting qS9TE75fgoE-0:11:30.439-0:11:44.745.mp4 (0:11:30.439 -> 0:11:44.745)
[20:07:32]   [video 593/49222] yt-dlp c15tl3Z0uuM (1 clip(s) needed) ...
[20:07:47]     [607/50000] cutting c15tl3Z0uuM-0:02:21.000-0:03:09.000.mp4 (0:02:21.000 -> 0:03:09.000)
[20:07:49]   [video 594/49222] yt-dlp lg9mikBMMCQ (2 clip(s) needed) ...
[20:08:12]     [608/50000] cutting lg9mikBMMCQ-0:01:17.544-0:01:43.603.mp4 (0:01:17.544 -> 0:01:43.603)
[20:08:14]     [609/50000] cutting lg9mikBMMCQ-0:03:56.436-0:04:44.484.mp4 (0:03:56.436 -> 0:04:44.484)
[20:08:19]   [video 595/49222] yt-dlp fZnCIShDRr8 (2 clip(s) needed) ...
[20:08:37]     [610/50000] cutting fZnCIShDRr8-0:02:21.141-0:02:30.717.mp4 (0:02:21.141 -> 0:02:30.717)
[20:08:37]     [611/50000] cutting fZnCIShDRr8-0:02:46.366-0:02:54.107.mp4 (0:02:46.366 -> 0:02:54.107)
[20:08:38]   [video 596/49222] yt-dlp 4jqb7Bv_JsI (1 clip(s) needed) ...
[20:08:54]     [612/50000] cutting 4jqb7Bv_JsI-0:00:40.400-0:00:44.920.mp4 (0:00:40.400 -> 0:00:44.920)
[20:08:54]   [video 597/49222] yt-dlp _Y-pFZd97Vs (1 clip(s) needed) ...
[20:08:59]     FAILED: ERROR: [youtube] _Y-pFZd97Vs: This video is not available
[20:08:59]   [video 598/49222] yt-dlp 4SkgT-l_e9w (1 clip(s) needed) ...
[20:09:08]     [614/50000] cutting 4SkgT-l_e9w-0:00:24.399-0:00:32.365.mp4 (0:00:24.399 -> 0:00:32.365)
[20:09:09]   [video 599/49222] yt-dlp OcP0n0sXHPg (1 clip(s) needed) ...
[20:09:56]     [615/50000] cutting OcP0n0sXHPg-0:00:05.472-0:00:17.450.mp4 (0:00:05.472 -> 0:00:17.450)
[20:09:57]   [video 600/49222] yt-dlp wql3zvxC5oE (1 clip(s) needed) ...
[20:10:11]     [616/50000] cutting wql3zvxC5oE-0:00:39.400-0:00:42.840.mp4 (0:00:39.400 -> 0:00:42.840)
[20:10:11]   [video 601/49222] yt-dlp zZ6Rcj9P3fE (1 clip(s) needed) ...
[20:12:52]     [617/50000] cutting zZ6Rcj9P3fE-0:11:58.666-0:12:11.433.mp4 (0:11:58.666 -> 0:12:11.433)
[20:12:53]   [video 602/49222] yt-dlp baR-QOL47-k (1 clip(s) needed) ...
[20:13:18]     [618/50000] cutting baR-QOL47-k-0:08:08.000-0:08:16.000.mp4 (0:08:08.000 -> 0:08:16.000)
[20:13:19]   [video 603/49222] yt-dlp nVaECu8Ml2c (1 clip(s) needed) ...
[20:13:28]     [619/50000] cutting nVaECu8Ml2c-0:00:52.786-0:01:06.099.mp4 (0:00:52.786 -> 0:01:06.099)
[20:13:28]   [video 604/49222] yt-dlp DT_f16kB0E4 (1 clip(s) needed) ...
[20:14:11]     [620/50000] cutting DT_f16kB0E4-0:03:19.920-0:03:24.120.mp4 (0:03:19.920 -> 0:03:24.120)
[20:14:11]   [video 605/49222] yt-dlp rKdPY1XZ8Go (1 clip(s) needed) ...
[20:14:45]     [621/50000] cutting rKdPY1XZ8Go-0:05:44.600-0:06:05.533.mp4 (0:05:44.600 -> 0:06:05.533)
[20:14:46]   [video 606/49222] yt-dlp 7wFgRCg-WfA (1 clip(s) needed) ...
[20:14:59]     [622/50000] cutting 7wFgRCg-WfA-0:01:30.824-0:02:18.872.mp4 (0:01:30.824 -> 0:02:18.872)
[20:15:01]   [video 607/49222] yt-dlp mqqx_ehU_WU (1 clip(s) needed) ...
[20:15:04]     FAILED: ERROR: [youtube] mqqx_ehU_WU: This video is not available
[20:15:04]   [video 608/49222] yt-dlp 5_hM_D5xFII (1 clip(s) needed) ...
[20:15:30]     [624/50000] cutting 5_hM_D5xFII-0:03:04.133-0:03:09.266.mp4 (0:03:04.133 -> 0:03:09.266)
[20:15:30]   [video 609/49222] yt-dlp FtV1krNIjw8 (1 clip(s) needed) ...
[20:16:57]     [625/50000] cutting FtV1krNIjw8-0:03:55.760-0:04:00.800.mp4 (0:03:55.760 -> 0:04:00.800)
[20:16:57]   [video 610/49222] yt-dlp hCI78bKvGJ0 (1 clip(s) needed) ...
[20:17:02]     FAILED: ERROR: [youtube] hCI78bKvGJ0: This video is not available
[20:17:02]   [video 611/49222] yt-dlp pfsvrBWq_ao (1 clip(s) needed) ...
[20:17:08]     FAILED: ERROR: [youtube] pfsvrBWq_ao: This video is not available
[20:17:08]   [video 612/49222] yt-dlp eU9h2NrbygM (1 clip(s) needed) ...
[20:17:17]     [628/50000] cutting eU9h2NrbygM-0:00:37.937-0:00:43.276.mp4 (0:00:37.937 -> 0:00:43.276)
[20:17:17]   [video 613/49222] yt-dlp pJHWyDNwPgA (1 clip(s) needed) ...
[20:21:18]     [629/50000] cutting pJHWyDNwPgA-0:01:26.686-0:01:54.547.mp4 (0:01:26.686 -> 0:01:54.547)
[20:21:19]   [video 614/49222] yt-dlp GbqQrQYPXOc (1 clip(s) needed) ...
[20:21:50]     [630/50000] cutting GbqQrQYPXOc-0:01:55.431-0:02:03.039.mp4 (0:01:55.431 -> 0:02:03.039)
[20:21:51]   [video 615/49222] yt-dlp APK3Jpea4nU (1 clip(s) needed) ...
[20:22:45]     [631/50000] cutting APK3Jpea4nU-0:10:46.646-0:10:55.354.mp4 (0:10:46.646 -> 0:10:55.354)
[20:22:46]   [video 616/49222] yt-dlp yxJbPVHoCQ4 (1 clip(s) needed) ...
[20:23:06]     [632/50000] cutting yxJbPVHoCQ4-0:00:22.689-0:00:38.671.mp4 (0:00:22.689 -> 0:00:38.671)
[20:23:07]   [video 617/49222] yt-dlp m1DgGTbcCcQ (1 clip(s) needed) ...
[20:23:15]     [633/50000] cutting m1DgGTbcCcQ-0:00:19.119-0:00:28.428.mp4 (0:00:19.119 -> 0:00:28.428)
[20:23:16]   [video 618/49222] yt-dlp 7PCYm3Drp_k (1 clip(s) needed) ...
[20:23:43]     [634/50000] cutting 7PCYm3Drp_k-0:06:27.720-0:06:34.627.mp4 (0:06:27.720 -> 0:06:34.627)
[20:23:43]   [video 619/49222] yt-dlp H2EolbmQHFc (1 clip(s) needed) ...
[20:24:34]     [635/50000] cutting H2EolbmQHFc-0:16:33.959-0:17:17.886.mp4 (0:16:33.959 -> 0:17:17.886)
[20:24:36]   [video 620/49222] yt-dlp q130WHo-7lo (1 clip(s) needed) ...
[20:24:50]     [636/50000] cutting q130WHo-7lo-0:00:06.000-0:00:54.000.mp4 (0:00:06.000 -> 0:00:54.000)
[20:24:52]     stream-copy cut failed, produced a too-small file, or didn't decode cleanly -- re-encoding instead
[20:25:00]   [video 621/49222] yt-dlp KzYVHNZfsEY (1 clip(s) needed) ...
[20:25:13]     [637/50000] cutting KzYVHNZfsEY-0:01:26.480-0:01:33.880.mp4 (0:01:26.480 -> 0:01:33.880)
[20:25:13]   [video 622/49222] yt-dlp iIrUkt1zXIc (1 clip(s) needed) ...
[20:25:31]     [638/50000] cutting iIrUkt1zXIc-0:02:49.736-0:02:57.110.mp4 (0:02:49.736 -> 0:02:57.110)
[20:25:31]   [video 623/49222] yt-dlp IPASrPx8i8s (1 clip(s) needed) ...
[20:25:45]     [639/50000] cutting IPASrPx8i8s-0:00:37.337-0:00:43.343.mp4 (0:00:37.337 -> 0:00:43.343)
[20:25:46]   [video 624/49222] yt-dlp NxxxQEf5BOk (1 clip(s) needed) ...
[20:26:34]     [640/50000] cutting NxxxQEf5BOk-0:03:17.530-0:03:34.113.mp4 (0:03:17.530 -> 0:03:34.113)
[20:26:34]   [video 625/49222] yt-dlp 05xIvtiY9k0 (1 clip(s) needed) ...
[20:26:54]     [641/50000] cutting 05xIvtiY9k0-0:05:40.131-0:06:03.821.mp4 (0:05:40.131 -> 0:06:03.821)
[20:26:55]   [video 626/49222] yt-dlp hPqq2OSPQLA (1 clip(s) needed) ...
[20:27:22]     [642/50000] cutting hPqq2OSPQLA-0:05:32.540-0:05:36.544.mp4 (0:05:32.540 -> 0:05:36.544)
[20:27:22]   [video 627/49222] yt-dlp 9tsFplStv44 (1 clip(s) needed) ...
[20:27:42]     [643/50000] cutting 9tsFplStv44-0:03:01.781-0:03:05.818.mp4 (0:03:01.781 -> 0:03:05.818)
[20:27:42]   [video 628/49222] yt-dlp -eKI1sPsaXg (1 clip(s) needed) ...
[20:28:05]     [644/50000] cutting -eKI1sPsaXg-0:03:28.608-0:03:39.786.mp4 (0:03:28.608 -> 0:03:39.786)
[20:28:06]   [video 629/49222] yt-dlp Az7z5ZBaxsE (1 clip(s) needed) ...
[20:28:13]     [645/50000] cutting Az7z5ZBaxsE-0:00:02.402-0:00:21.755.mp4 (0:00:02.402 -> 0:00:21.755)
[20:28:14]   [video 630/49222] yt-dlp 4umNRZz7vvA (1 clip(s) needed) ...
[20:28:28]     [646/50000] cutting 4umNRZz7vvA-0:00:47.680-0:00:52.485.mp4 (0:00:47.680 -> 0:00:52.485)
[20:28:29]   [video 631/49222] yt-dlp ONZAeOIqsjA (2 clip(s) needed) ...
[20:28:38]     [647/50000] cutting ONZAeOIqsjA-0:06:08.076-0:06:13.373.mp4 (0:06:08.076 -> 0:06:13.373)
[20:28:38]     [648/50000] cutting ONZAeOIqsjA-0:04:19.217-0:04:24.347.mp4 (0:04:19.217 -> 0:04:24.347)
[20:28:39]   [video 632/49222] yt-dlp 2BdqdWXStJI (1 clip(s) needed) ...
[20:28:54]     [649/50000] cutting 2BdqdWXStJI-0:00:00.533-0:00:04.821.mp4 (0:00:00.533 -> 0:00:04.821)
[20:28:54]   [video 633/49222] yt-dlp nbhbarVqGBM (1 clip(s) needed) ...
[20:29:33]     [650/50000] cutting nbhbarVqGBM-0:04:47.854-0:04:53.860.mp4 (0:04:47.854 -> 0:04:53.860)
[20:29:34]   [video 634/49222] yt-dlp rjNR8N-wnZw (1 clip(s) needed) ...
[20:29:45]     [651/50000] cutting rjNR8N-wnZw-0:00:38.966-0:01:26.966.mp4 (0:00:38.966 -> 0:01:26.966)
[20:29:46]   [video 635/49222] yt-dlp nWknCEZpArE (1 clip(s) needed) ...
[20:30:00]     [652/50000] cutting nWknCEZpArE-0:01:17.110-0:01:44.370.mp4 (0:01:17.110 -> 0:01:44.370)
[20:30:01]   [video 636/49222] yt-dlp GBFcEzWPyHA (1 clip(s) needed) ...
[20:30:58]     [653/50000] cutting GBFcEzWPyHA-0:00:45.612-0:01:33.660.mp4 (0:00:45.612 -> 0:01:33.660)
[20:30:59]   [video 637/49222] yt-dlp KDkrBtqmIxw (1 clip(s) needed) ...
[20:31:24]     [654/50000] cutting KDkrBtqmIxw-0:07:04.424-0:07:10.930.mp4 (0:07:04.424 -> 0:07:10.930)
[20:31:25]   [video 638/49222] yt-dlp leiZPwsd1sA (1 clip(s) needed) ...
[20:31:34]     [655/50000] cutting leiZPwsd1sA-0:00:38.733-0:01:01.983.mp4 (0:00:38.733 -> 0:01:01.983)
[20:31:35]   [video 639/49222] yt-dlp bSRkyl039dM (1 clip(s) needed) ...
[20:31:39]     FAILED: ERROR: [youtube] bSRkyl039dM: This video is unavailable
[20:31:39]   [video 640/49222] yt-dlp 7YhlSOpszB0 (1 clip(s) needed) ...
[20:31:52]     [657/50000] cutting 7YhlSOpszB0-0:00:51.084-0:00:57.257.mp4 (0:00:51.084 -> 0:00:57.257)
[20:31:52]   [video 641/49222] yt-dlp HtrvyBkvKs8 (1 clip(s) needed) ...
[20:31:56]     FAILED: ERROR: [youtube] HtrvyBkvKs8: Video unavailable
[20:31:56]   [video 642/49222] yt-dlp 2W3sRikRsJA (1 clip(s) needed) ...
[20:32:28]     [659/50000] cutting 2W3sRikRsJA-0:05:09.500-0:05:31.541.mp4 (0:05:09.500 -> 0:05:31.541)
[20:32:28]   [video 643/49222] yt-dlp LLIU1Vxqt8w (1 clip(s) needed) ...
[20:32:40]     [660/50000] cutting LLIU1Vxqt8w-0:02:11.030-0:02:17.270.mp4 (0:02:11.030 -> 0:02:17.270)
[20:32:41]   [video 644/49222] yt-dlp Q4HZdZ-xfcw (1 clip(s) needed) ...
[20:33:26]     [661/50000] cutting Q4HZdZ-xfcw-0:12:15.067-0:12:27.580.mp4 (0:12:15.067 -> 0:12:27.580)
[20:33:27]   [video 645/49222] yt-dlp OAw_0ml2dLU (1 clip(s) needed) ...
[20:33:37]     [662/50000] cutting OAw_0ml2dLU-0:01:26.719-0:01:40.100.mp4 (0:01:26.719 -> 0:01:40.100)
[20:33:38]   [video 646/49222] yt-dlp V7QjvEJL_-s (1 clip(s) needed) ...
[20:34:18]     [663/50000] cutting V7QjvEJL_-s-0:12:35.866-0:13:23.866.mp4 (0:12:35.866 -> 0:13:23.866)
[20:34:20]   [video 647/49222] yt-dlp sIyikU_aJFg (1 clip(s) needed) ...
[20:34:45]     [664/50000] cutting sIyikU_aJFg-0:03:34.172-0:03:39.219.mp4 (0:03:34.172 -> 0:03:39.219)
[20:34:45]   [video 648/49222] yt-dlp BaKWTEPA6N0 (1 clip(s) needed) ...
[20:35:18]     [665/50000] cutting BaKWTEPA6N0-0:03:58.137-0:04:09.515.mp4 (0:03:58.137 -> 0:04:09.515)
[20:35:19]   [video 649/49222] yt-dlp tJOw_cjG_UA (1 clip(s) needed) ...
[20:35:42]     [666/50000] cutting tJOw_cjG_UA-0:01:37.600-0:02:25.600.mp4 (0:01:37.600 -> 0:02:25.600)
[20:35:43]   [video 650/49222] yt-dlp 2vqmd84w9b8 (1 clip(s) needed) ...
[20:36:02]     [667/50000] cutting 2vqmd84w9b8-0:00:54.187-0:01:29.989.mp4 (0:00:54.187 -> 0:01:29.989)
[20:36:03]   [video 651/49222] yt-dlp Sr_bQhhQroM (1 clip(s) needed) ...
[20:36:25]     [668/50000] cutting Sr_bQhhQroM-0:00:19.480-0:00:23.400.mp4 (0:00:19.480 -> 0:00:23.400)
[20:36:25]   [video 652/49222] yt-dlp u6wPj4fiEtI (1 clip(s) needed) ...
[20:38:18]     [669/50000] cutting u6wPj4fiEtI-0:05:04.971-0:05:09.767.mp4 (0:05:04.971 -> 0:05:09.767)
[20:38:19]   [video 653/49222] yt-dlp BsiZi09L5vs (1 clip(s) needed) ...
[20:39:00]     [670/50000] cutting BsiZi09L5vs-0:01:02.600-0:01:39.766.mp4 (0:01:02.600 -> 0:01:39.766)
[20:39:01]   [video 654/49222] yt-dlp 57hyGaRYNos (1 clip(s) needed) ...
[20:40:17]     [671/50000] cutting 57hyGaRYNos-0:14:49.455-0:15:25.257.mp4 (0:14:49.455 -> 0:15:25.257)
[20:40:18]   [video 655/49222] yt-dlp B1R2pMXU5b0 (1 clip(s) needed) ...
[20:40:32]     [672/50000] cutting B1R2pMXU5b0-0:02:22.142-0:03:05.735.mp4 (0:02:22.142 -> 0:03:05.735)
[20:40:34]   [video 656/49222] yt-dlp eqQnJIx17io (1 clip(s) needed) ...
[20:40:51]     [673/50000] cutting eqQnJIx17io-0:01:08.601-0:01:16.609.mp4 (0:01:08.601 -> 0:01:16.609)
[20:40:51]   [video 657/49222] yt-dlp 6mLJv1Y2vYc (1 clip(s) needed) ...
[20:41:07]     [674/50000] cutting 6mLJv1Y2vYc-0:00:09.376-0:00:33.266.mp4 (0:00:09.376 -> 0:00:33.266)
[20:41:08]   [video 658/49222] yt-dlp 43R9WE5BMr4 (1 clip(s) needed) ...
[20:41:58]     [675/50000] cutting 43R9WE5BMr4-0:02:59.846-0:03:06.252.mp4 (0:02:59.846 -> 0:03:06.252)
[20:41:58]   [video 659/49222] yt-dlp YdZsRV7u36c (1 clip(s) needed) ...
[20:42:18]     [676/50000] cutting YdZsRV7u36c-0:02:29.315-0:02:32.352.mp4 (0:02:29.315 -> 0:02:32.352)
[20:42:18]   [video 660/49222] yt-dlp 7y0rqrLeGZU (1 clip(s) needed) ...
[20:42:40]     [677/50000] cutting 7y0rqrLeGZU-0:01:00.660-0:01:48.708.mp4 (0:01:00.660 -> 0:01:48.708)
[20:42:41]   [video 661/49222] yt-dlp 4nZhrkau0BE (1 clip(s) needed) ...
[20:43:05]     [678/50000] cutting 4nZhrkau0BE-0:03:07.921-0:03:19.966.mp4 (0:03:07.921 -> 0:03:19.966)
[20:43:06]   [video 662/49222] yt-dlp dyeHjswcSLY (1 clip(s) needed) ...
[20:44:06]     [679/50000] cutting dyeHjswcSLY-0:00:23.600-0:00:28.933.mp4 (0:00:23.600 -> 0:00:28.933)
[20:44:06]   [video 663/49222] yt-dlp 0AtzBpUE_ug (1 clip(s) needed) ...
[20:44:59]     [680/50000] cutting 0AtzBpUE_ug-0:09:23.763-0:09:29.902.mp4 (0:09:23.763 -> 0:09:29.902)
[20:44:59]   [video 664/49222] yt-dlp brYj97Yl1Vk (1 clip(s) needed) ...
[20:45:03]     FAILED: ERROR: [youtube] brYj97Yl1Vk: This video is not available
[20:45:03]   [video 665/49222] yt-dlp Kcwfcu40GJM (1 clip(s) needed) ...
[20:45:19]     [682/50000] cutting Kcwfcu40GJM-0:01:32.058-0:01:50.477.mp4 (0:01:32.058 -> 0:01:50.477)
[20:45:20]   [video 666/49222] yt-dlp _IMnxMe7te8 (1 clip(s) needed) ...
[20:46:21]     [683/50000] cutting _IMnxMe7te8-0:01:06.733-0:01:54.781.mp4 (0:01:06.733 -> 0:01:54.781)
[20:46:23]   [video 667/49222] yt-dlp nvn6ng7fGvQ (1 clip(s) needed) ...
[20:47:07]     [684/50000] cutting nvn6ng7fGvQ-0:09:48.487-0:10:00.933.mp4 (0:09:48.487 -> 0:10:00.933)
[20:47:07]   [video 668/49222] yt-dlp 1tgga0rqUFo (1 clip(s) needed) ...
[20:47:22]     [685/50000] cutting 1tgga0rqUFo-0:00:13.400-0:00:30.833.mp4 (0:00:13.400 -> 0:00:30.833)
[20:47:23]   [video 669/49222] yt-dlp 1SzRfxjxczI (1 clip(s) needed) ...
[20:47:46]     [686/50000] cutting 1SzRfxjxczI-0:06:42.026-0:06:52.036.mp4 (0:06:42.026 -> 0:06:52.036)
[20:47:46]   [video 670/49222] yt-dlp WDn_PlADS-s (1 clip(s) needed) ...
[20:47:55]     [687/50000] cutting WDn_PlADS-s-0:00:32.000-0:00:48.000.mp4 (0:00:32.000 -> 0:00:48.000)
[20:47:55]   [video 671/49222] yt-dlp n9g_DqHx2Kg (1 clip(s) needed) ...
[20:48:11]     [688/50000] cutting n9g_DqHx2Kg-0:00:32.699-0:00:48.648.mp4 (0:00:32.699 -> 0:00:48.648)
[20:48:12]   [video 672/49222] yt-dlp 91cn23RsriA (1 clip(s) needed) ...
[20:48:28]     [689/50000] cutting 91cn23RsriA-0:01:05.198-0:01:09.469.mp4 (0:01:05.198 -> 0:01:09.469)
[20:48:28]   [video 673/49222] yt-dlp tw4BUivr0Jw (1 clip(s) needed) ...
[20:48:45]     [690/50000] cutting tw4BUivr0Jw-0:06:13.973-0:06:20.413.mp4 (0:06:13.973 -> 0:06:20.413)
[20:48:45]   [video 674/49222] yt-dlp PPZmEeLLLjk (1 clip(s) needed) ...
[20:49:33]     [691/50000] cutting PPZmEeLLLjk-0:04:26.466-0:04:35.942.mp4 (0:04:26.466 -> 0:04:35.942)
[20:49:34]   [video 675/49222] yt-dlp qsCXuJT9nMs (1 clip(s) needed) ...
[20:50:00]     FAILED: ERROR: unable to download video data: HTTP Error 403: Forbidden
[20:50:00]   [video 676/49222] yt-dlp 19jvTgNxXks (1 clip(s) needed) ...
[20:50:30]     [693/50000] cutting 19jvTgNxXks-0:06:31.083-0:06:40.125.mp4 (0:06:31.083 -> 0:06:40.125)
[20:50:31]   [video 677/49222] yt-dlp ECzv1Hf7ktg (1 clip(s) needed) ...
[20:50:57]     [694/50000] cutting ECzv1Hf7ktg-0:00:27.041-0:00:46.958.mp4 (0:00:27.041 -> 0:00:46.958)
[20:50:58]   [video 678/49222] yt-dlp hwGv98Ef2HI (1 clip(s) needed) ...
[20:51:26]     [695/50000] cutting hwGv98Ef2HI-0:07:29.215-0:07:34.921.mp4 (0:07:29.215 -> 0:07:34.921)
[20:51:26]   [video 679/49222] yt-dlp WN4WVJ4kBqk (1 clip(s) needed) ...
[20:51:58]     [696/50000] cutting WN4WVJ4kBqk-0:08:45.057-0:08:52.031.mp4 (0:08:45.057 -> 0:08:52.031)
[20:51:59]   [video 680/49222] yt-dlp dEcNzmRx8i4 (1 clip(s) needed) ...
[20:52:17]     [697/50000] cutting dEcNzmRx8i4-0:02:54.633-0:03:22.466.mp4 (0:02:54.633 -> 0:03:22.466)
[20:52:18]   [video 681/49222] yt-dlp EelR_wK8Upg (1 clip(s) needed) ...
[20:52:44]     [698/50000] cutting EelR_wK8Upg-0:01:05.960-0:01:53.960.mp4 (0:01:05.960 -> 0:01:53.960)
[20:52:46]   [video 682/49222] yt-dlp MyeZjH2zwR4 (1 clip(s) needed) ...
[20:53:18]     [699/50000] cutting MyeZjH2zwR4-0:09:03.242-0:09:09.949.mp4 (0:09:03.242 -> 0:09:09.949)
[20:53:18]   [video 683/49222] yt-dlp hpr7btC4rzY (1 clip(s) needed) ...
[20:54:20]     [700/50000] cutting hpr7btC4rzY-0:00:53.066-0:01:17.566.mp4 (0:00:53.066 -> 0:01:17.566)
[20:54:21]   [video 684/49222] yt-dlp 6KD6-d4xr8I (1 clip(s) needed) ...
[20:54:34]     [701/50000] cutting 6KD6-d4xr8I-0:00:49.215-0:01:05.832.mp4 (0:00:49.215 -> 0:01:05.832)
[20:54:35]   [video 685/49222] yt-dlp UgNRYfH_XQY (1 clip(s) needed) ...
[20:56:38]     [702/50000] cutting UgNRYfH_XQY-0:02:28.880-0:02:39.600.mp4 (0:02:28.880 -> 0:02:39.600)
[20:56:39]   [video 686/49222] yt-dlp d0ykeT3O4ro (1 clip(s) needed) ...
[20:56:55]     [703/50000] cutting d0ykeT3O4ro-0:01:14.633-0:01:21.166.mp4 (0:01:14.633 -> 0:01:21.166)
[20:56:55]   [video 687/49222] yt-dlp nLEeJnKbt7k (1 clip(s) needed) ...
[20:57:06]     [704/50000] cutting nLEeJnKbt7k-0:00:08.300-0:00:50.700.mp4 (0:00:08.300 -> 0:00:50.700)
[20:57:07]   [video 688/49222] yt-dlp QU-1JpzwLfw (1 clip(s) needed) ...
[20:57:39]     [705/50000] cutting QU-1JpzwLfw-0:05:50.933-0:06:38.933.mp4 (0:05:50.933 -> 0:06:38.933)
[20:57:41]   [video 689/49222] yt-dlp Tg85EFDuBT4 (1 clip(s) needed) ...
[20:58:04]     [706/50000] cutting Tg85EFDuBT4-0:05:38.360-0:05:48.680.mp4 (0:05:38.360 -> 0:05:48.680)
[20:58:04]   [video 690/49222] yt-dlp wcmFdwws3rM (1 clip(s) needed) ...
[20:58:13]     [707/50000] cutting wcmFdwws3rM-0:01:04.100-0:01:14.266.mp4 (0:01:04.100 -> 0:01:14.266)
[20:58:14]   [video 691/49222] yt-dlp R2mK9198hQs (1 clip(s) needed) ...
[20:58:31]     [708/50000] cutting R2mK9198hQs-0:00:36.169-0:00:44.010.mp4 (0:00:36.169 -> 0:00:44.010)
[20:58:31]   [video 692/49222] yt-dlp phO17kUvSUk (1 clip(s) needed) ...
[20:59:03]     [709/50000] cutting phO17kUvSUk-0:05:50.950-0:06:38.998.mp4 (0:05:50.950 -> 0:06:38.998)
[20:59:05]   [video 693/49222] yt-dlp TjdK2cdoEbE (1 clip(s) needed) ...
[20:59:23]     [710/50000] cutting TjdK2cdoEbE-0:00:33.066-0:00:43.877.mp4 (0:00:33.066 -> 0:00:43.877)
[20:59:24]   [video 694/49222] yt-dlp pUxyjh6A808 (2 clip(s) needed) ...
[20:59:49]     [711/50000] cutting pUxyjh6A808-0:01:35.895-0:01:44.671.mp4 (0:01:35.895 -> 0:01:44.671)
[20:59:49]     [712/50000] cutting pUxyjh6A808-0:01:46.539-0:01:53.179.mp4 (0:01:46.539 -> 0:01:53.179)
[20:59:50]   [video 695/49222] yt-dlp 84ZMkww4xXs (1 clip(s) needed) ...
[21:00:15]     [713/50000] cutting 84ZMkww4xXs-0:00:14.781-0:00:23.857.mp4 (0:00:14.781 -> 0:00:23.857)
[21:00:16]   [video 696/49222] yt-dlp j_vQ8yVsOPQ (1 clip(s) needed) ...
[21:00:26]     [714/50000] cutting j_vQ8yVsOPQ-0:00:18.226-0:00:23.106.mp4 (0:00:18.226 -> 0:00:23.106)
[21:00:27]   [video 697/49222] yt-dlp E4KcRJXQxZk (1 clip(s) needed) ...
[21:00:50]     [715/50000] cutting E4KcRJXQxZk-0:06:20.060-0:07:08.060.mp4 (0:06:20.060 -> 0:07:08.060)
[21:00:52]   [video 698/49222] yt-dlp klpPSD2WMEE (1 clip(s) needed) ...
[21:01:02]     [716/50000] cutting klpPSD2WMEE-0:00:29.562-0:00:34.601.mp4 (0:00:29.562 -> 0:00:34.601)
[21:01:03]   [video 699/49222] yt-dlp nYcChzGVq5o (1 clip(s) needed) ...
[21:01:18]     [717/50000] cutting nYcChzGVq5o-0:00:13.069-0:00:54.618.mp4 (0:00:13.069 -> 0:00:54.618)
[21:01:20]     stream-copy cut failed, produced a too-small file, or didn't decode cleanly -- re-encoding instead
[21:01:25]   [video 700/49222] yt-dlp 6Uuwx3LQO8A (1 clip(s) needed) ...
[21:01:39]     [718/50000] cutting 6Uuwx3LQO8A-0:02:51.200-0:02:58.880.mp4 (0:02:51.200 -> 0:02:58.880)
[21:01:40]   [video 701/49222] yt-dlp XgB1eNr8Z_I (1 clip(s) needed) ...
[21:02:05]     [719/50000] cutting XgB1eNr8Z_I-0:04:11.684-0:04:23.997.mp4 (0:04:11.684 -> 0:04:23.997)
[21:02:06]   [video 702/49222] yt-dlp ySPy4Y1ThtE (1 clip(s) needed) ...
[21:02:17]     [720/50000] cutting ySPy4Y1ThtE-0:00:35.635-0:00:43.510.mp4 (0:00:35.635 -> 0:00:43.510)
[21:02:18]   [video 703/49222] yt-dlp 3_4phjpuyXQ (1 clip(s) needed) ...
[21:02:31]     [721/50000] cutting 3_4phjpuyXQ-0:02:14.267-0:02:22.609.mp4 (0:02:14.267 -> 0:02:22.609)
[21:02:31]   [video 704/49222] yt-dlp Gx09X25TEKY (2 clip(s) needed) ...
[21:02:44]     [722/50000] cutting Gx09X25TEKY-0:00:06.506-0:00:21.855.mp4 (0:00:06.506 -> 0:00:21.855)
[21:02:45]     [723/50000] cutting Gx09X25TEKY-0:00:43.043-0:00:49.482.mp4 (0:00:43.043 -> 0:00:49.482)
[21:02:45]   [video 705/49222] yt-dlp pcRuOYrqKSA (1 clip(s) needed) ...
[21:03:08]     [724/50000] cutting pcRuOYrqKSA-0:05:23.840-0:05:44.680.mp4 (0:05:23.840 -> 0:05:44.680)
[21:03:09]   [video 706/49222] yt-dlp NQ2jdEJBICo (1 clip(s) needed) ...
[21:03:26]     [725/50000] cutting NQ2jdEJBICo-0:03:08.320-0:03:16.920.mp4 (0:03:08.320 -> 0:03:16.920)
[21:03:26]   [video 707/49222] yt-dlp HcIPMZ6yu0U (1 clip(s) needed) ...
[21:04:02]     [726/50000] cutting HcIPMZ6yu0U-0:02:45.333-0:03:33.333.mp4 (0:02:45.333 -> 0:03:33.333)
[21:04:03]   [video 708/49222] yt-dlp nyhdzw5Os_g (1 clip(s) needed) ...
[21:04:24]     [727/50000] cutting nyhdzw5Os_g-0:01:01.361-0:01:05.381.mp4 (0:01:01.361 -> 0:01:05.381)
[21:04:25]   [video 709/49222] yt-dlp 5YqdxjfuGqI (1 clip(s) needed) ...
[21:04:40]     [728/50000] cutting 5YqdxjfuGqI-0:04:05.833-0:04:10.700.mp4 (0:04:05.833 -> 0:04:10.700)
[21:04:40]   [video 710/49222] yt-dlp kRBrFRinJVQ (1 clip(s) needed) ...
[21:04:52]     [729/50000] cutting kRBrFRinJVQ-0:00:16.000-0:01:04.000.mp4 (0:00:16.000 -> 0:01:04.000)
[21:04:53]   [video 711/49222] yt-dlp Al-4YIXHUFw (1 clip(s) needed) ...
[21:05:54]     [730/50000] cutting Al-4YIXHUFw-0:00:57.323-0:01:01.361.mp4 (0:00:57.323 -> 0:01:01.361)
[21:05:54]   [video 712/49222] yt-dlp NHszwC4eXlo (1 clip(s) needed) ...
[21:07:47]     [731/50000] cutting NHszwC4eXlo-0:00:55.200-0:01:04.783.mp4 (0:00:55.200 -> 0:01:04.783)
[21:07:48]   [video 713/49222] yt-dlp K5N2Kk8gLAE (1 clip(s) needed) ...
[21:08:00]     [732/50000] cutting K5N2Kk8gLAE-0:01:58.600-0:02:08.200.mp4 (0:01:58.600 -> 0:02:08.200)
[21:08:01]   [video 714/49222] yt-dlp zA32jKH_IxE (1 clip(s) needed) ...
[21:08:30]     [733/50000] cutting zA32jKH_IxE-0:00:38.705-0:00:44.644.mp4 (0:00:38.705 -> 0:00:44.644)
[21:08:30]   [video 715/49222] yt-dlp 8ZsNHRJWd88 (1 clip(s) needed) ...
[21:08:39]     [734/50000] cutting 8ZsNHRJWd88-0:00:07.632-0:00:14.556.mp4 (0:00:07.632 -> 0:00:14.556)
[21:08:40]   [video 716/49222] yt-dlp TbJyLJdliBI (1 clip(s) needed) ...
[21:09:38]     [735/50000] cutting TbJyLJdliBI-0:08:28.799-0:08:38.392.mp4 (0:08:28.799 -> 0:08:38.392)
[21:09:39]   [video 717/49222] yt-dlp HUuWkFjTP_s (1 clip(s) needed) ...
[21:10:45]     [736/50000] cutting HUuWkFjTP_s-0:00:03.988-0:00:35.966.mp4 (0:00:03.988 -> 0:00:35.966)
[21:10:46]   [video 718/49222] yt-dlp qYXS0jufN0k (1 clip(s) needed) ...
[21:11:12]     [737/50000] cutting qYXS0jufN0k-0:00:12.712-0:00:18.351.mp4 (0:00:12.712 -> 0:00:18.351)
[21:11:13]   [video 719/49222] yt-dlp 9LTgpJ4Njr8 (1 clip(s) needed) ...
[21:11:15]     FAILED: ERROR: [youtube] 9LTgpJ4Njr8: This video is unavailable
[21:11:15]   [video 720/49222] yt-dlp pkjFZO3KCS4 (1 clip(s) needed) ...
[21:11:35]     [739/50000] cutting pkjFZO3KCS4-0:01:45.271-0:01:49.576.mp4 (0:01:45.271 -> 0:01:49.576)
[21:11:36]   [video 721/49222] yt-dlp d3Bkgbb_B-4 (1 clip(s) needed) ...
[21:13:51]     [740/50000] cutting d3Bkgbb_B-4-0:00:01.167-0:00:10.577.mp4 (0:00:01.167 -> 0:00:10.577)
[21:13:52]   [video 722/49222] yt-dlp yShrIOj34r0 (1 clip(s) needed) ...
[21:13:59]     [741/50000] cutting yShrIOj34r0-0:00:36.619-0:00:41.124.mp4 (0:00:36.619 -> 0:00:41.124)
[21:13:59]   [video 723/49222] yt-dlp 16LN7PpwBqo (1 clip(s) needed) ...
[21:14:32]     [742/50000] cutting 16LN7PpwBqo-0:12:45.120-0:12:55.280.mp4 (0:12:45.120 -> 0:12:55.280)
[21:14:32]   [video 724/49222] yt-dlp WE-JUjLbEns (1 clip(s) needed) ...
[21:14:45]     [743/50000] cutting WE-JUjLbEns-0:00:10.777-0:00:13.780.mp4 (0:00:10.777 -> 0:00:13.780)
[21:14:45]   [video 725/49222] yt-dlp EBbHzpMJwfU (1 clip(s) needed) ...
[21:15:12]     [744/50000] cutting EBbHzpMJwfU-0:04:16.122-0:05:04.170.mp4 (0:04:16.122 -> 0:05:04.170)
[21:15:14]   [video 726/49222] yt-dlp xs8jGY2dnCg (1 clip(s) needed) ...
[21:15:29]     [745/50000] cutting xs8jGY2dnCg-0:03:17.030-0:03:22.827.mp4 (0:03:17.030 -> 0:03:22.827)
[21:15:29]   [video 727/49222] yt-dlp QoIjAokfXaY (1 clip(s) needed) ...
[21:17:15]     [746/50000] cutting QoIjAokfXaY-0:11:47.707-0:12:22.074.mp4 (0:11:47.707 -> 0:12:22.074)
[21:17:16]   [video 728/49222] yt-dlp hccjfXf1eP4 (1 clip(s) needed) ...
[21:20:01]     [747/50000] cutting hccjfXf1eP4-0:08:43.072-0:08:49.078.mp4 (0:08:43.072 -> 0:08:49.078)
[21:20:02]   [video 729/49222] yt-dlp 4qD-f6F-J0E (1 clip(s) needed) ...
[21:20:27]     [748/50000] cutting 4qD-f6F-J0E-0:01:33.233-0:02:04.000.mp4 (0:01:33.233 -> 0:02:04.000)
[21:20:28]   [video 730/49222] yt-dlp A1D0nddSp7Y (1 clip(s) needed) ...
[21:20:36]     [749/50000] cutting A1D0nddSp7Y-0:00:00.467-0:00:04.504.mp4 (0:00:00.467 -> 0:00:04.504)
[21:20:36]   [video 731/49222] yt-dlp 2FrHllRJ654 (1 clip(s) needed) ...
[21:21:36]     [750/50000] cutting 2FrHllRJ654-0:00:11.144-0:00:43.476.mp4 (0:00:11.144 -> 0:00:43.476)
[21:21:38]   [video 732/49222] yt-dlp L3OaTGSg818 (1 clip(s) needed) ...
[21:22:28]     [751/50000] cutting L3OaTGSg818-0:00:33.166-0:00:49.082.mp4 (0:00:33.166 -> 0:00:49.082)
[21:22:29]   [video 733/49222] yt-dlp hBzRraMz5NM (1 clip(s) needed) ...
[21:24:12]     [752/50000] cutting hBzRraMz5NM-0:10:02.360-0:10:50.360.mp4 (0:10:02.360 -> 0:10:50.360)
[21:24:14]   [video 734/49222] yt-dlp QP9SCJV5XNU (1 clip(s) needed) ...
[21:24:31]     [753/50000] cutting QP9SCJV5XNU-0:01:26.120-0:01:30.600.mp4 (0:01:26.120 -> 0:01:30.600)
[21:24:32]   [video 735/49222] yt-dlp IdF5lxmcxBc (2 clip(s) needed) ...
[21:25:39]     [754/50000] cutting IdF5lxmcxBc-0:02:44.614-0:03:32.629.mp4 (0:02:44.614 -> 0:03:32.629)
[21:25:41]     [755/50000] cutting IdF5lxmcxBc-0:00:19.953-0:01:07.967.mp4 (0:00:19.953 -> 0:01:07.967)
[21:25:43]   [video 736/49222] yt-dlp o6gZa9DMzMo (1 clip(s) needed) ...
[21:26:22]     [756/50000] cutting o6gZa9DMzMo-0:02:18.600-0:02:25.760.mp4 (0:02:18.600 -> 0:02:25.760)
[21:26:23]   [video 737/49222] yt-dlp goOWdeRhFHU (1 clip(s) needed) ...
[21:26:26]     FAILED: ERROR: [youtube] goOWdeRhFHU: This video is not available
[21:26:26]   [video 738/49222] yt-dlp zi2kRmzDH9o (1 clip(s) needed) ...
[21:26:47]     [758/50000] cutting zi2kRmzDH9o-0:02:51.104-0:03:39.118.mp4 (0:02:51.104 -> 0:03:39.118)
[21:26:49]   [video 739/49222] yt-dlp d4rdK6fIvMg (1 clip(s) needed) ...
[21:26:53]     FAILED: ERROR: [youtube] d4rdK6fIvMg: Private video
[21:26:53]   [video 740/49222] yt-dlp rrowugi1a9o (1 clip(s) needed) ...
[21:26:57]     FAILED: ERROR: [youtube] rrowugi1a9o: This video is not available
[21:26:57]   [video 741/49222] yt-dlp hT9YJl3PhhA (2 clip(s) needed) ...
[21:27:04]     [761/50000] cutting hT9YJl3PhhA-0:00:43.200-0:00:50.000.mp4 (0:00:43.200 -> 0:00:50.000)
[21:27:04]     [762/50000] cutting hT9YJl3PhhA-0:01:06.480-0:01:11.840.mp4 (0:01:06.480 -> 0:01:11.840)
[21:27:04]   [video 742/49222] yt-dlp efRRpmoK_rw (1 clip(s) needed) ...
[21:27:16]     [763/50000] cutting efRRpmoK_rw-0:00:32.640-0:00:35.840.mp4 (0:00:32.640 -> 0:00:35.840)
[21:27:16]   [video 743/49222] yt-dlp _no0orTSow8 (1 clip(s) needed) ...
[21:27:30]     [764/50000] cutting _no0orTSow8-0:01:08.234-0:01:16.142.mp4 (0:01:08.234 -> 0:01:16.142)
[21:27:30]   [video 744/49222] yt-dlp BfL00O8qL34 (2 clip(s) needed) ...
[21:27:40]     [765/50000] cutting BfL00O8qL34-0:01:47.640-0:01:51.680.mp4 (0:01:47.640 -> 0:01:51.680)
[21:27:40]     [766/50000] cutting BfL00O8qL34-0:01:41.200-0:01:46.520.mp4 (0:01:41.200 -> 0:01:46.520)
[21:27:41]   [video 745/49222] yt-dlp 8l7x3gmFeUA (2 clip(s) needed) ...
[21:27:46]     FAILED: ERROR: [youtube] 8l7x3gmFeUA: This video is not available
[21:27:46]   [video 746/49222] yt-dlp U2aqBJgkyv8 (1 clip(s) needed) ...
[21:28:03]     [769/50000] cutting U2aqBJgkyv8-0:01:17.410-0:02:05.425.mp4 (0:01:17.410 -> 0:02:05.425)
[21:28:05]   [video 747/49222] yt-dlp 8fNuPv5Zu90 (1 clip(s) needed) ...
[21:28:39]     [770/50000] cutting 8fNuPv5Zu90-0:08:36.983-0:09:05.778.mp4 (0:08:36.983 -> 0:09:05.778)
[21:28:40]   [video 748/49222] yt-dlp pPbnkgLSQKA (1 clip(s) needed) ...
[21:28:51]     [771/50000] cutting pPbnkgLSQKA-0:03:47.460-0:03:50.763.mp4 (0:03:47.460 -> 0:03:50.763)
[21:28:51]   [video 749/49222] yt-dlp luMQ-4qlOXs (1 clip(s) needed) ...
[21:29:20]     [772/50000] cutting luMQ-4qlOXs-0:05:19.319-0:05:28.061.mp4 (0:05:19.319 -> 0:05:28.061)
[21:29:21]   [video 750/49222] yt-dlp _3ywHlo8prI (1 clip(s) needed) ...
[21:31:06]     [773/50000] cutting _3ywHlo8prI-0:00:01.733-0:00:15.666.mp4 (0:00:01.733 -> 0:00:15.666)
[21:31:07]   [video 751/49222] yt-dlp A-PJ5LFbtFo (1 clip(s) needed) ...
[21:33:48]     [774/50000] cutting A-PJ5LFbtFo-0:03:44.090-0:03:56.069.mp4 (0:03:44.090 -> 0:03:56.069)
[21:33:49]   [video 752/49222] yt-dlp th-ZXAQu4_Y (1 clip(s) needed) ...
[21:34:02]     [775/50000] cutting th-ZXAQu4_Y-0:02:40.743-0:03:07.604.mp4 (0:02:40.743 -> 0:03:07.604)
[21:34:03]   [video 753/49222] yt-dlp KlP1gJX2q0Q (1 clip(s) needed) ...
[21:34:07]     FAILED: ERROR: [youtube] KlP1gJX2q0Q: This video is unavailable
[21:34:07]   [video 754/49222] yt-dlp zVZsCYLmTos (1 clip(s) needed) ...
[21:34:37]     [777/50000] cutting zVZsCYLmTos-0:03:13.993-0:03:27.073.mp4 (0:03:13.993 -> 0:03:27.073)
[21:34:38]   [video 755/49222] yt-dlp y0ugb_sRYik (1 clip(s) needed) ...
[21:34:54]     [778/50000] cutting y0ugb_sRYik-0:01:54.766-0:02:09.033.mp4 (0:01:54.766 -> 0:02:09.033)
[21:34:55]   [video 756/49222] yt-dlp F89eDP5dntQ (2 clip(s) needed) ...
[21:35:10]     [779/50000] cutting F89eDP5dntQ-0:00:51.184-0:01:24.918.mp4 (0:00:51.184 -> 0:01:24.918)
[21:35:12]     [780/50000] cutting F89eDP5dntQ-0:03:06.019-0:03:54.067.mp4 (0:03:06.019 -> 0:03:54.067)
[21:35:14]   [video 757/49222] yt-dlp KLM7Rkf3LCo (1 clip(s) needed) ...
[21:35:26]     [781/50000] cutting KLM7Rkf3LCo-0:00:55.505-0:01:00.009.mp4 (0:00:55.505 -> 0:01:00.009)
[21:35:27]   [video 758/49222] yt-dlp gVJllHw0dNo (1 clip(s) needed) ...
[21:35:36]     [782/50000] cutting gVJllHw0dNo-0:00:27.193-0:00:33.066.mp4 (0:00:27.193 -> 0:00:33.066)
[21:35:37]   [video 759/49222] yt-dlp teoQtyq9Tsk (1 clip(s) needed) ...
[21:37:03]     [783/50000] cutting teoQtyq9Tsk-0:02:03.066-0:02:23.266.mp4 (0:02:03.066 -> 0:02:23.266)
[21:37:04]   [video 760/49222] yt-dlp x4zzdmD0-c8 (1 clip(s) needed) ...
[21:37:08]     FAILED: ERROR: [youtube] x4zzdmD0-c8: Private video
[21:37:08]   [video 761/49222] yt-dlp 0lcyiOKnsRY (1 clip(s) needed) ...
[21:37:42]     [785/50000] cutting 0lcyiOKnsRY-0:03:24.400-0:03:31.760.mp4 (0:03:24.400 -> 0:03:31.760)
[21:37:42]   [video 762/49222] yt-dlp C7g_wuF1NTE (1 clip(s) needed) ...
[21:37:52]     [786/50000] cutting C7g_wuF1NTE-0:00:30.964-0:00:35.035.mp4 (0:00:30.964 -> 0:00:35.035)
[21:37:52]   [video 763/49222] yt-dlp ElQFYw0ieTk (1 clip(s) needed) ...
[21:38:12]     [787/50000] cutting ElQFYw0ieTk-0:03:53.933-0:04:10.033.mp4 (0:03:53.933 -> 0:04:10.033)
[21:38:13]   [video 764/49222] yt-dlp zZGQu72yEbY (1 clip(s) needed) ...
[21:38:50]     [788/50000] cutting zZGQu72yEbY-0:06:43.320-0:06:47.760.mp4 (0:06:43.320 -> 0:06:47.760)
[21:38:50]   [video 765/49222] yt-dlp WntzoinHWAc (1 clip(s) needed) ...
[21:38:57]     [789/50000] cutting WntzoinHWAc-0:00:02.302-0:00:10.443.mp4 (0:00:02.302 -> 0:00:10.443)
[21:38:57]   [video 766/49222] yt-dlp ZgbUqcCjnJ4 (1 clip(s) needed) ...
[21:39:19]     [790/50000] cutting ZgbUqcCjnJ4-0:07:23.242-0:07:35.221.mp4 (0:07:23.242 -> 0:07:35.221)
[21:39:19]   [video 767/49222] yt-dlp ScsmLsV0jU0 (1 clip(s) needed) ...
[21:40:19]     [791/50000] cutting ScsmLsV0jU0-0:01:15.900-0:01:29.000.mp4 (0:01:15.900 -> 0:01:29.000)
[21:40:19]   [video 768/49222] yt-dlp 5QunZjGu7b4 (1 clip(s) needed) ...
[21:40:32]     [792/50000] cutting 5QunZjGu7b4-0:00:26.484-0:00:30.530.mp4 (0:00:26.484 -> 0:00:30.530)
[21:40:32]   [video 769/49222] yt-dlp TKh4zMZ6Ff4 (1 clip(s) needed) ...
[21:40:41]     [793/50000] cutting TKh4zMZ6Ff4-0:01:51.244-0:01:57.267.mp4 (0:01:51.244 -> 0:01:57.267)
[21:40:42]   [video 770/49222] yt-dlp UCCkKfTVEy4 (1 clip(s) needed) ...
[21:40:47]     [794/50000] cutting UCCkKfTVEy4-0:02:19.597-0:02:28.314.mp4 (0:02:19.597 -> 0:02:28.314)
[21:40:48]   [video 771/49222] yt-dlp bxRLVTR5t4E (1 clip(s) needed) ...
[21:40:58]     [795/50000] cutting bxRLVTR5t4E-0:01:29.823-0:01:53.730.mp4 (0:01:29.823 -> 0:01:53.730)
[21:40:59]   [video 772/49222] yt-dlp oQ0TO2ptyTA (1 clip(s) needed) ...
[21:41:14]     [796/50000] cutting oQ0TO2ptyTA-0:03:21.880-0:03:25.920.mp4 (0:03:21.880 -> 0:03:25.920)
[21:41:15]   [video 773/49222] yt-dlp b_xwWdY_xyg (1 clip(s) needed) ...
[21:41:25]     [797/50000] cutting b_xwWdY_xyg-0:00:41.041-0:01:01.761.mp4 (0:00:41.041 -> 0:01:01.761)
[21:41:26]   [video 774/49222] yt-dlp angMO96YnJI (1 clip(s) needed) ...
[21:41:37]     [798/50000] cutting angMO96YnJI-0:00:42.275-0:00:46.713.mp4 (0:00:42.275 -> 0:00:46.713)
[21:41:38]   [video 775/49222] yt-dlp gjZBkYbZxnQ (1 clip(s) needed) ...
[21:41:49]     [799/50000] cutting gjZBkYbZxnQ-0:01:15.600-0:01:19.760.mp4 (0:01:15.600 -> 0:01:19.760)
[21:41:50]   [video 776/49222] yt-dlp 8YGaJSPfV70 (1 clip(s) needed) ...
[21:42:06]     [800/50000] cutting 8YGaJSPfV70-0:01:39.120-0:01:44.760.mp4 (0:01:39.120 -> 0:01:44.760)
[21:42:07]   [video 777/49222] yt-dlp S6vd-IuPOIg (1 clip(s) needed) ...
[21:42:41]     [801/50000] cutting S6vd-IuPOIg-0:09:43.482-0:09:47.486.mp4 (0:09:43.482 -> 0:09:47.486)
[21:42:41]   [video 778/49222] yt-dlp q8n15q1v4Xo (1 clip(s) needed) ...
[21:42:54]     [802/50000] cutting q8n15q1v4Xo-0:12:47.320-0:12:54.120.mp4 (0:12:47.320 -> 0:12:54.120)
[21:42:55]   [video 779/49222] yt-dlp umSWe1H6u68 (1 clip(s) needed) ...
[21:43:11]     [803/50000] cutting umSWe1H6u68-0:03:31.244-0:03:40.787.mp4 (0:03:31.244 -> 0:03:40.787)
[21:43:12]   [video 780/49222] yt-dlp 9SyO6tlLM9g (1 clip(s) needed) ...
[21:47:24]     [804/50000] cutting 9SyO6tlLM9g-0:03:06.953-0:03:19.499.mp4 (0:03:06.953 -> 0:03:19.499)
[21:47:25]   [video 781/49222] yt-dlp _Cj1vgmXr5M (1 clip(s) needed) ...
[21:47:35]     [805/50000] cutting _Cj1vgmXr5M-0:00:05.839-0:00:09.876.mp4 (0:00:05.839 -> 0:00:09.876)
[21:47:35]   [video 782/49222] yt-dlp z5ovgA-Co9M (1 clip(s) needed) ...
[21:47:57]     [806/50000] cutting z5ovgA-Co9M-0:00:43.009-0:00:47.047.mp4 (0:00:43.009 -> 0:00:47.047)
[21:47:58]   [video 783/49222] yt-dlp xwelzoiNFhc (1 clip(s) needed) ...
[21:48:21]     [807/50000] cutting xwelzoiNFhc-0:06:50.466-0:06:57.666.mp4 (0:06:50.466 -> 0:06:57.666)
[21:48:21]   [video 784/49222] yt-dlp SzvUNDgq8hc (1 clip(s) needed) ...
[21:48:24]     FAILED: ERROR: [youtube] SzvUNDgq8hc: This video is not available
[21:48:24]   [video 785/49222] yt-dlp HqpnIsbw1nI (1 clip(s) needed) ...
[21:48:40]     [809/50000] cutting HqpnIsbw1nI-0:01:13.840-0:02:01.888.mp4 (0:01:13.840 -> 0:02:01.888)
[21:48:42]   [video 786/49222] yt-dlp QR0OGFF6Fys (1 clip(s) needed) ...
[21:48:55]     [810/50000] cutting QR0OGFF6Fys-0:01:49.859-0:01:58.535.mp4 (0:01:49.859 -> 0:01:58.535)
[21:48:56]   [video 787/49222] yt-dlp udLMQF2hkeE (1 clip(s) needed) ...
[21:49:14]     [811/50000] cutting udLMQF2hkeE-0:00:08.680-0:00:32.720.mp4 (0:00:08.680 -> 0:00:32.720)
[21:49:15]   [video 788/49222] yt-dlp Y8WoJBtFxgM (1 clip(s) needed) ...
[21:49:19]     FAILED: ERROR: [youtube] Y8WoJBtFxgM: Private video
[21:49:19]   [video 789/49222] yt-dlp YO1QTcBJHz4 (1 clip(s) needed) ...
[21:49:36]     [813/50000] cutting YO1QTcBJHz4-0:02:39.993-0:02:45.165.mp4 (0:02:39.993 -> 0:02:45.165)
[21:49:37]   [video 790/49222] yt-dlp K647ZsmEK2c (1 clip(s) needed) ...
[21:49:48]     [814/50000] cutting K647ZsmEK2c-0:00:59.480-0:01:07.120.mp4 (0:00:59.480 -> 0:01:07.120)
[21:49:49]   [video 791/49222] yt-dlp qNSaSUjjnRo (1 clip(s) needed) ...
[21:50:16]     [815/50000] cutting qNSaSUjjnRo-0:06:41.934-0:06:59.318.mp4 (0:06:41.934 -> 0:06:59.318)
[21:50:17]   [video 792/49222] yt-dlp o1w-fexAcUo (2 clip(s) needed) ...
[21:50:26]     [816/50000] cutting o1w-fexAcUo-0:00:41.082-0:00:46.796.mp4 (0:00:41.082 -> 0:00:46.796)
[21:50:26]     [817/50000] cutting o1w-fexAcUo-0:00:21.396-0:00:38.288.mp4 (0:00:21.396 -> 0:00:38.288)
[21:50:27]   [video 793/49222] yt-dlp w6nOa-cZH7g (1 clip(s) needed) ...
[21:50:46]     [818/50000] cutting w6nOa-cZH7g-0:01:20.200-0:01:23.433.mp4 (0:01:20.200 -> 0:01:23.433)
[21:50:46]   [video 794/49222] yt-dlp BBEr0NnSWWQ (1 clip(s) needed) ...
[21:51:24]     [819/50000] cutting BBEr0NnSWWQ-0:07:23.000-0:07:47.000.mp4 (0:07:23.000 -> 0:07:47.000)
[21:51:25]   [video 795/49222] yt-dlp 5H03DKKt0pY (1 clip(s) needed) ...
[21:52:45]     [820/50000] cutting 5H03DKKt0pY-0:02:14.567-0:02:28.715.mp4 (0:02:14.567 -> 0:02:28.715)
[21:52:46]   [video 796/49222] yt-dlp zLLxJC_Qsvk (1 clip(s) needed) ...
[21:53:02]     [821/50000] cutting zLLxJC_Qsvk-0:04:50.200-0:04:53.633.mp4 (0:04:50.200 -> 0:04:53.633)
[21:53:02]   [video 797/49222] yt-dlp xX2uWjj6a1c (1 clip(s) needed) ...
[21:53:15]     [822/50000] cutting xX2uWjj6a1c-0:01:58.084-0:02:02.122.mp4 (0:01:58.084 -> 0:02:02.122)
[21:53:15]   [video 798/49222] yt-dlp qsXAyFgPZVE (1 clip(s) needed) ...
[21:53:19]     FAILED: ERROR: [youtube] qsXAyFgPZVE: This video is not available
[21:53:19]   [video 799/49222] yt-dlp qWGNtNOqWL0 (1 clip(s) needed) ...
[21:53:57]     [824/50000] cutting qWGNtNOqWL0-0:06:25.360-0:06:30.080.mp4 (0:06:25.360 -> 0:06:30.080)
[21:53:58]   [video 800/49222] yt-dlp ivAudNour6U (1 clip(s) needed) ...
[21:54:24]     [825/50000] cutting ivAudNour6U-0:08:56.452-0:09:05.836.mp4 (0:08:56.452 -> 0:09:05.836)
[21:54:24]   [video 801/49222] yt-dlp JwBsh1o3DA8 (1 clip(s) needed) ...
[21:54:36]     [826/50000] cutting JwBsh1o3DA8-0:01:08.280-0:01:14.280.mp4 (0:01:08.280 -> 0:01:14.280)
[21:54:37]   [video 802/49222] yt-dlp LVZ4xCEYDh4 (1 clip(s) needed) ...
[21:55:25]     [827/50000] cutting LVZ4xCEYDh4-0:00:27.291-0:00:32.583.mp4 (0:00:27.291 -> 0:00:32.583)
[21:55:26]   [video 803/49222] yt-dlp 6u7wi0rpMsE (1 clip(s) needed) ...
[21:55:29]     FAILED: ERROR: [youtube] 6u7wi0rpMsE: Private video
[21:55:29]   [video 804/49222] yt-dlp YNreDwiLkTA (1 clip(s) needed) ...
[21:55:37]     [829/50000] cutting YNreDwiLkTA-0:00:47.960-0:00:52.600.mp4 (0:00:47.960 -> 0:00:52.600)
[21:55:37]   [video 805/49222] yt-dlp pva7gxxNU8A (1 clip(s) needed) ...
[21:55:50]     [830/50000] cutting pva7gxxNU8A-0:01:02.866-0:01:15.766.mp4 (0:01:02.866 -> 0:01:15.766)
[21:55:51]   [video 806/49222] yt-dlp D3i5g2VQwgY (1 clip(s) needed) ...
[21:56:03]     [831/50000] cutting D3i5g2VQwgY-0:01:16.533-0:01:21.633.mp4 (0:01:16.533 -> 0:01:21.633)
[21:56:04]   [video 807/49222] yt-dlp OeQMIGv_06w (1 clip(s) needed) ...
[21:56:13]     [832/50000] cutting OeQMIGv_06w-0:00:13.960-0:00:45.840.mp4 (0:00:13.960 -> 0:00:45.840)
[21:56:14]   [video 808/49222] yt-dlp Aib9LTzXSw4 (1 clip(s) needed) ...
[21:56:40]     [833/50000] cutting Aib9LTzXSw4-0:06:39.866-0:06:46.572.mp4 (0:06:39.866 -> 0:06:46.572)
[21:56:41]   [video 809/49222] yt-dlp MSdespaKiZk (1 clip(s) needed) ...
[21:56:52]     [834/50000] cutting MSdespaKiZk-0:01:15.125-0:01:18.500.mp4 (0:01:15.125 -> 0:01:18.500)
[21:56:52]   [video 810/49222] yt-dlp ORnlng0EZuM (1 clip(s) needed) ...
[21:57:35]     [835/50000] cutting ORnlng0EZuM-0:03:14.494-0:03:21.568.mp4 (0:03:14.494 -> 0:03:21.568)
[21:57:35]   [video 811/49222] yt-dlp 7Iom4VABgR0 (1 clip(s) needed) ...
[21:57:59]     [836/50000] cutting 7Iom4VABgR0-0:04:07.300-0:04:27.300.mp4 (0:04:07.300 -> 0:04:27.300)
[21:57:59]   [video 812/49222] yt-dlp vMPnw2LPCGU (1 clip(s) needed) ...
[21:58:27]     [837/50000] cutting vMPnw2LPCGU-0:03:36.800-0:04:24.800.mp4 (0:03:36.800 -> 0:04:24.800)
[21:58:29]   [video 813/49222] yt-dlp pgNmhE87obc (1 clip(s) needed) ...
[21:58:42]     [838/50000] cutting pgNmhE87obc-0:01:13.280-0:01:27.360.mp4 (0:01:13.280 -> 0:01:27.360)
[21:58:43]   [video 814/49222] yt-dlp KUsQW7LoW-c (1 clip(s) needed) ...
[21:58:54]     [839/50000] cutting KUsQW7LoW-c-0:00:41.866-0:00:57.033.mp4 (0:00:41.866 -> 0:00:57.033)
[21:58:54]   [video 815/49222] yt-dlp R727JPVUqmw (1 clip(s) needed) ...
[21:59:13]     [840/50000] cutting R727JPVUqmw-0:05:24.600-0:05:36.100.mp4 (0:05:24.600 -> 0:05:36.100)
[21:59:14]   [video 816/49222] yt-dlp or2T3DKKAwQ (1 clip(s) needed) ...
[21:59:25]     [841/50000] cutting or2T3DKKAwQ-0:02:57.633-0:03:02.100.mp4 (0:02:57.633 -> 0:03:02.100)
[21:59:26]   [video 817/49222] yt-dlp Bt1rviZ0-8A (1 clip(s) needed) ...
[21:59:41]     [842/50000] cutting Bt1rviZ0-8A-0:03:10.940-0:03:25.121.mp4 (0:03:10.940 -> 0:03:25.121)
[21:59:41]   [video 818/49222] yt-dlp oX76KzrZhqw (1 clip(s) needed) ...
[22:00:07]     [843/50000] cutting oX76KzrZhqw-0:06:49.360-0:07:37.360.mp4 (0:06:49.360 -> 0:07:37.360)
[22:00:09]   [video 819/49222] yt-dlp 9vYoP6VUjZs (1 clip(s) needed) ...
[22:00:22]     [844/50000] cutting 9vYoP6VUjZs-0:03:28.240-0:03:31.840.mp4 (0:03:28.240 -> 0:03:31.840)
[22:00:23]   [video 820/49222] yt-dlp dqDKAw9BtjE (1 clip(s) needed) ...
[22:00:54]     [845/50000] cutting dqDKAw9BtjE-0:10:32.640-0:11:09.960.mp4 (0:10:32.640 -> 0:11:09.960)
[22:00:55]   [video 821/49222] yt-dlp bdzwKx1R80Y (1 clip(s) needed) ...
[22:00:58]     FAILED: ERROR: [youtube] bdzwKx1R80Y: This video is not available
[22:00:58]   [video 822/49222] yt-dlp q93dcOx0sPU (1 clip(s) needed) ...
[22:01:04]     [847/50000] cutting q93dcOx0sPU-0:00:36.760-0:00:40.800.mp4 (0:00:36.760 -> 0:00:40.800)
[22:01:04]   [video 823/49222] yt-dlp gphHvKa7fmw (1 clip(s) needed) ...
[22:01:40]     [848/50000] cutting gphHvKa7fmw-0:04:25.598-0:04:41.531.mp4 (0:04:25.598 -> 0:04:41.531)
[22:01:41]   [video 824/49222] yt-dlp uccNWtibzP4 (1 clip(s) needed) ...
[22:01:57]     [849/50000] cutting uccNWtibzP4-0:00:20.966-0:00:56.966.mp4 (0:00:20.966 -> 0:00:56.966)
[22:01:58]   [video 825/49222] yt-dlp Sk-jrXY2sGI (1 clip(s) needed) ...
[22:02:35]     [850/50000] cutting Sk-jrXY2sGI-0:00:51.300-0:00:55.500.mp4 (0:00:51.300 -> 0:00:55.500)
[22:02:36]   [video 826/49222] yt-dlp Xuw6R5lrt3g (1 clip(s) needed) ...
[22:03:14]     [851/50000] cutting Xuw6R5lrt3g-0:01:35.133-0:02:23.133.mp4 (0:01:35.133 -> 0:02:23.133)
[22:03:16]   [video 827/49222] yt-dlp 9YgRRKwku3Q (1 clip(s) needed) ...
[22:03:40]     [852/50000] cutting 9YgRRKwku3Q-0:00:13.300-0:01:01.300.mp4 (0:00:13.300 -> 0:01:01.300)
[22:03:41]   [video 828/49222] yt-dlp esX2bEqw-ow (1 clip(s) needed) ...
[22:04:41]     [853/50000] cutting esX2bEqw-ow-0:05:40.973-0:06:19.812.mp4 (0:05:40.973 -> 0:06:19.812)
[22:04:43]   [video 829/49222] yt-dlp 2waEWCKwJ0o (1 clip(s) needed) ...
[22:04:58]     [854/50000] cutting 2waEWCKwJ0o-0:03:33.046-0:03:48.978.mp4 (0:03:33.046 -> 0:03:48.978)
[22:04:59]   [video 830/49222] yt-dlp lc44nOnjx4Y (1 clip(s) needed) ...
[22:05:13]     [855/50000] cutting lc44nOnjx4Y-0:00:59.659-0:01:07.233.mp4 (0:00:59.659 -> 0:01:07.233)
[22:05:14]   [video 831/49222] yt-dlp pFJlatSThlU (1 clip(s) needed) ...
[22:05:37]     [856/50000] cutting pFJlatSThlU-0:04:23.280-0:04:27.760.mp4 (0:04:23.280 -> 0:04:27.760)
[22:05:37]   [video 832/49222] yt-dlp 0eRseLEqJBw (1 clip(s) needed) ...
[22:06:01]     [857/50000] cutting 0eRseLEqJBw-0:00:40.340-0:00:57.490.mp4 (0:00:40.340 -> 0:00:57.490)
[22:06:02]   [video 833/49222] yt-dlp pdsyXSfc60M (1 clip(s) needed) ...
[22:06:27]     [858/50000] cutting pdsyXSfc60M-0:08:26.772-0:08:56.435.mp4 (0:08:26.772 -> 0:08:56.435)
[22:06:29]   [video 834/49222] yt-dlp lNl3TcvncPQ (1 clip(s) needed) ...
[22:06:47]     [859/50000] cutting lNl3TcvncPQ-0:05:58.458-0:06:14.407.mp4 (0:05:58.458 -> 0:06:14.407)
[22:06:47]   [video 835/49222] yt-dlp iIZZAtEcBqk (1 clip(s) needed) ...
[22:07:29]     [860/50000] cutting iIZZAtEcBqk-0:13:53.532-0:14:03.142.mp4 (0:13:53.532 -> 0:14:03.142)
[22:07:30]   [video 836/49222] yt-dlp PLvMQDEdLVI (1 clip(s) needed) ...
[22:07:44]     [861/50000] cutting PLvMQDEdLVI-0:01:38.865-0:01:46.873.mp4 (0:01:38.865 -> 0:01:46.873)
[22:07:45]   [video 837/49222] yt-dlp s2_xEJ9e-E0 (1 clip(s) needed) ...
[22:07:58]     [862/50000] cutting s2_xEJ9e-E0-0:01:26.250-0:01:32.375.mp4 (0:01:26.250 -> 0:01:32.375)
[22:07:58]   [video 838/49222] yt-dlp eUOECftKrm0 (1 clip(s) needed) ...
[22:08:08]     [863/50000] cutting eUOECftKrm0-0:00:22.555-0:00:58.358.mp4 (0:00:22.555 -> 0:00:58.358)
[22:08:09]   [video 839/49222] yt-dlp y2vNgisWCFQ (1 clip(s) needed) ...
[22:08:39]     [864/50000] cutting y2vNgisWCFQ-0:02:30.383-0:02:43.730.mp4 (0:02:30.383 -> 0:02:43.730)
[22:08:40]   [video 840/49222] yt-dlp 9op-yawq_Bg (1 clip(s) needed) ...
[22:09:00]     [865/50000] cutting 9op-yawq_Bg-0:00:31.264-0:00:44.344.mp4 (0:00:31.264 -> 0:00:44.344)
[22:09:00]   [video 841/49222] yt-dlp iR977TdeW8Q (1 clip(s) needed) ...
[22:09:18]     [866/50000] cutting iR977TdeW8Q-0:02:45.707-0:02:50.003.mp4 (0:02:45.707 -> 0:02:50.003)
[22:09:18]   [video 842/49222] yt-dlp gz9ztyukywk (1 clip(s) needed) ...
[22:09:32]     [867/50000] cutting gz9ztyukywk-0:00:39.739-0:00:45.845.mp4 (0:00:39.739 -> 0:00:45.845)
[22:09:33]   [video 843/49222] yt-dlp xXz-VDV4BUo (1 clip(s) needed) ...
[22:09:54]     [868/50000] cutting xXz-VDV4BUo-0:01:14.908-0:01:52.237.mp4 (0:01:14.908 -> 0:01:52.237)
[22:09:55]   [video 844/49222] yt-dlp ts4qk0sr-5Y (1 clip(s) needed) ...
[22:10:08]     [869/50000] cutting ts4qk0sr-5Y-0:02:52.280-0:02:57.720.mp4 (0:02:52.280 -> 0:02:57.720)
[22:10:09]   [video 845/49222] yt-dlp Lt_aqg5gWSs (1 clip(s) needed) ...
[22:10:22]     [870/50000] cutting Lt_aqg5gWSs-0:04:05.912-0:04:38.194.mp4 (0:04:05.912 -> 0:04:38.194)
[22:10:23]   [video 846/49222] yt-dlp 6n2vS91E6d0 (1 clip(s) needed) ...
[22:10:42]     [871/50000] cutting 6n2vS91E6d0-0:13:11.700-0:13:19.700.mp4 (0:13:11.700 -> 0:13:19.700)
[22:10:43]   [video 847/49222] yt-dlp nHZqBrd4TcY (1 clip(s) needed) ...
[22:10:54]     [872/50000] cutting nHZqBrd4TcY-0:06:19.000-0:06:32.066.mp4 (0:06:19.000 -> 0:06:32.066)
[22:10:55]   [video 848/49222] yt-dlp fSWGn-hEepE (1 clip(s) needed) ...
[22:11:13]     [873/50000] cutting fSWGn-hEepE-0:01:17.811-0:01:28.521.mp4 (0:01:17.811 -> 0:01:28.521)
[22:11:13]   [video 849/49222] yt-dlp wxa9m6GrIKk (1 clip(s) needed) ...
[22:11:26]     [874/50000] cutting wxa9m6GrIKk-0:00:31.100-0:00:48.366.mp4 (0:00:31.100 -> 0:00:48.366)
[22:11:27]   [video 850/49222] yt-dlp lwz3ksEAskg (1 clip(s) needed) ...
[22:11:43]     [875/50000] cutting lwz3ksEAskg-0:01:43.333-0:01:53.566.mp4 (0:01:43.333 -> 0:01:53.566)
[22:11:43]   [video 851/49222] yt-dlp xd9zHBH7LOk (1 clip(s) needed) ...
[22:11:51]     [876/50000] cutting xd9zHBH7LOk-0:00:00.734-0:00:06.773.mp4 (0:00:00.734 -> 0:00:06.773)
[22:11:51]   [video 852/49222] yt-dlp Bp6L6W0Xm4M (1 clip(s) needed) ...
[22:13:13]     [877/50000] cutting Bp6L6W0Xm4M-0:04:33.806-0:04:38.911.mp4 (0:04:33.806 -> 0:04:38.911)
[22:13:13]   [video 853/49222] yt-dlp 8EjToIe3DWY (1 clip(s) needed) ...
[22:13:39]     [878/50000] cutting 8EjToIe3DWY-0:09:04.375-0:09:52.375.mp4 (0:09:04.375 -> 0:09:52.375)
[22:13:40]   [video 854/49222] yt-dlp uBn8MGSc9Ao (1 clip(s) needed) ...
[22:13:56]     [879/50000] cutting uBn8MGSc9Ao-0:02:41.240-0:02:48.200.mp4 (0:02:41.240 -> 0:02:48.200)
[22:13:56]   [video 855/49222] yt-dlp V724mDiVO2U (1 clip(s) needed) ...
[22:14:23]     [880/50000] cutting V724mDiVO2U-0:08:34.180-0:08:38.180.mp4 (0:08:34.180 -> 0:08:38.180)
[22:14:23]   [video 856/49222] yt-dlp iZZbP0k6_Jw (1 clip(s) needed) ...
[22:15:15]     [881/50000] cutting iZZbP0k6_Jw-0:02:17.040-0:02:25.360.mp4 (0:02:17.040 -> 0:02:25.360)
[22:15:15]   [video 857/49222] yt-dlp bM_9H5uEfSU (1 clip(s) needed) ...
[22:15:42]     [882/50000] cutting bM_9H5uEfSU-0:00:05.922-0:00:10.802.mp4 (0:00:05.922 -> 0:00:10.802)
[22:15:43]   [video 858/49222] yt-dlp c_W5Bp5B0TI (1 clip(s) needed) ...
[22:16:00]     [883/50000] cutting c_W5Bp5B0TI-0:03:19.449-0:03:22.660.mp4 (0:03:19.449 -> 0:03:22.660)
[22:16:00]   [video 859/49222] yt-dlp mHW5Yxja7oc (1 clip(s) needed) ...
[22:16:14]     [884/50000] cutting mHW5Yxja7oc-0:00:28.528-0:00:39.831.mp4 (0:00:28.528 -> 0:00:39.831)
[22:16:14]   [video 860/49222] yt-dlp tKDEgKAuckk (1 clip(s) needed) ...
[22:16:32]     [885/50000] cutting tKDEgKAuckk-0:01:40.840-0:02:16.880.mp4 (0:01:40.840 -> 0:02:16.880)
[22:16:34]   [video 861/49222] yt-dlp 0KG4WZbERdg (1 clip(s) needed) ...
[22:16:47]     [886/50000] cutting 0KG4WZbERdg-0:00:36.736-0:00:44.778.mp4 (0:00:36.736 -> 0:00:44.778)
[22:16:47]   [video 862/49222] yt-dlp RMGPxDWl7zQ (1 clip(s) needed) ...
[22:16:55]     [887/50000] cutting RMGPxDWl7zQ-0:00:55.480-0:01:06.960.mp4 (0:00:55.480 -> 0:01:06.960)
[22:16:55]   [video 863/49222] yt-dlp 62kYgtONf_M (1 clip(s) needed) ...
[22:17:06]     [888/50000] cutting 62kYgtONf_M-0:02:06.566-0:02:10.866.mp4 (0:02:06.566 -> 0:02:10.866)
[22:17:07]   [video 864/49222] yt-dlp Fearg5WQKEU (1 clip(s) needed) ...
[22:17:13]     [889/50000] cutting Fearg5WQKEU-0:00:45.837-0:00:51.634.mp4 (0:00:45.837 -> 0:00:51.634)
[22:17:14]   [video 865/49222] yt-dlp 0y5SDxmL0UE (1 clip(s) needed) ...
[22:17:28]     [890/50000] cutting 0y5SDxmL0UE-0:02:24.160-0:02:29.440.mp4 (0:02:24.160 -> 0:02:29.440)
[22:17:29]   [video 866/49222] yt-dlp Hy2upG-rc2o (1 clip(s) needed) ...
[22:17:40]     [891/50000] cutting Hy2upG-rc2o-0:05:32.532-0:05:40.273.mp4 (0:05:32.532 -> 0:05:40.273)
[22:17:41]   [video 867/49222] yt-dlp nIEZB90fDfk (1 clip(s) needed) ...
[22:18:02]     [892/50000] cutting nIEZB90fDfk-0:03:44.533-0:04:32.533.mp4 (0:03:44.533 -> 0:04:32.533)
[22:18:04]   [video 868/49222] yt-dlp rkezjsyrE4I (1 clip(s) needed) ...
[22:18:12]     [893/50000] cutting rkezjsyrE4I-0:00:00.600-0:00:05.472.mp4 (0:00:00.600 -> 0:00:05.472)
[22:18:13]   [video 869/49222] yt-dlp MSHO4uoonM0 (1 clip(s) needed) ...
[22:18:35]     [894/50000] cutting MSHO4uoonM0-0:02:48.101-0:03:36.149.mp4 (0:02:48.101 -> 0:03:36.149)
[22:18:36]   [video 870/49222] yt-dlp zDyE0PuVC5k (1 clip(s) needed) ...
[22:18:46]     [895/50000] cutting zDyE0PuVC5k-0:00:11.000-0:00:59.000.mp4 (0:00:11.000 -> 0:00:59.000)
[22:18:47]   [video 871/49222] yt-dlp HBZUlQfJXMA (1 clip(s) needed) ...
[22:19:05]     [896/50000] cutting HBZUlQfJXMA-0:04:15.822-0:04:55.595.mp4 (0:04:15.822 -> 0:04:55.595)
[22:19:06]   [video 872/49222] yt-dlp Z4L29C2zSH0 (1 clip(s) needed) ...
[22:19:14]     [897/50000] cutting Z4L29C2zSH0-0:00:33.760-0:00:37.640.mp4 (0:00:33.760 -> 0:00:37.640)
[22:19:14]   [video 873/49222] yt-dlp 4d2WsVWoJIA (1 clip(s) needed) ...
[22:19:34]     [898/50000] cutting 4d2WsVWoJIA-0:04:36.943-0:04:44.651.mp4 (0:04:36.943 -> 0:04:44.651)
[22:19:34]   [video 874/49222] yt-dlp GSGAR5yTPkI (1 clip(s) needed) ...
[22:19:49]     [899/50000] cutting GSGAR5yTPkI-0:00:41.333-0:00:52.000.mp4 (0:00:41.333 -> 0:00:52.000)
[22:19:49]   [video 875/49222] yt-dlp GfnkcxSp974 (1 clip(s) needed) ...
[22:20:01]     [900/50000] cutting GfnkcxSp974-0:00:05.972-0:00:54.020.mp4 (0:00:05.972 -> 0:00:54.020)
[22:20:04]   [video 876/49222] yt-dlp vazDdeSo3sk (1 clip(s) needed) ...
[22:20:38]     [901/50000] cutting vazDdeSo3sk-0:02:20.206-0:03:08.254.mp4 (0:02:20.206 -> 0:03:08.254)
[22:20:40]   [video 877/49222] yt-dlp EQ_70Q6-iBU (1 clip(s) needed) ...
[22:20:52]     [902/50000] cutting EQ_70Q6-iBU-0:02:10.463-0:02:15.668.mp4 (0:02:10.463 -> 0:02:15.668)
[22:20:52]   [video 878/49222] yt-dlp 4eCMSqICiX4 (1 clip(s) needed) ...
[22:21:21]     [903/50000] cutting 4eCMSqICiX4-0:05:33.300-0:05:59.633.mp4 (0:05:33.300 -> 0:05:59.633)
[22:21:22]   [video 879/49222] yt-dlp 1-NMiSD98Bc (1 clip(s) needed) ...
[22:21:58]     [904/50000] cutting 1-NMiSD98Bc-0:00:06.000-0:00:54.000.mp4 (0:00:06.000 -> 0:00:54.000)
[22:21:59]   [video 880/49222] yt-dlp LBV2kjuGGIk (1 clip(s) needed) ...
[22:22:12]     [905/50000] cutting LBV2kjuGGIk-0:03:01.581-0:03:49.629.mp4 (0:03:01.581 -> 0:03:49.629)
[22:22:14]   [video 881/49222] yt-dlp rwPAmVgLU_I (1 clip(s) needed) ...
[22:22:51]     [906/50000] cutting rwPAmVgLU_I-0:04:39.862-0:04:47.078.mp4 (0:04:39.862 -> 0:04:47.078)
[22:22:51]   [video 882/49222] yt-dlp FdJQ2m4IEQ8 (1 clip(s) needed) ...
[22:23:02]     [907/50000] cutting FdJQ2m4IEQ8-0:01:37.797-0:01:52.545.mp4 (0:01:37.797 -> 0:01:52.545)
[22:23:03]   [video 883/49222] yt-dlp 9ow8ihS1wPE (1 clip(s) needed) ...
[22:23:23]     [908/50000] cutting 9ow8ihS1wPE-0:05:19.960-0:05:26.040.mp4 (0:05:19.960 -> 0:05:26.040)
[22:23:24]   [video 884/49222] yt-dlp 9Y8Ysek4Vac (1 clip(s) needed) ...
[22:23:31]     [909/50000] cutting 9Y8Ysek4Vac-0:00:20.887-0:01:08.935.mp4 (0:00:20.887 -> 0:01:08.935)
[22:23:34]   [video 885/49222] yt-dlp aBU59tsLhKQ (1 clip(s) needed) ...
[22:23:43]     [910/50000] cutting aBU59tsLhKQ-0:01:57.083-0:02:03.756.mp4 (0:01:57.083 -> 0:02:03.756)
[22:23:44]   [video 886/49222] yt-dlp pL_UAggvBQU (1 clip(s) needed) ...
[22:23:56]     [911/50000] cutting pL_UAggvBQU-0:00:23.360-0:00:27.400.mp4 (0:00:23.360 -> 0:00:27.400)
[22:23:57]   [video 887/49222] yt-dlp OVQdyJDrbeQ (1 clip(s) needed) ...
[22:24:08]     [912/50000] cutting OVQdyJDrbeQ-0:04:18.091-0:04:24.222.mp4 (0:04:18.091 -> 0:04:24.222)
[22:24:09]   [video 888/49222] yt-dlp LSazncdxKo4 (1 clip(s) needed) ...
[22:24:18]     [913/50000] cutting LSazncdxKo4-0:01:38.720-0:02:07.720.mp4 (0:01:38.720 -> 0:02:07.720)
[22:24:20]   [video 889/49222] yt-dlp UWBrJdesWak (1 clip(s) needed) ...
[22:24:36]     [914/50000] cutting UWBrJdesWak-0:00:05.972-0:00:54.020.mp4 (0:00:05.972 -> 0:00:54.020)
[22:24:38]   [video 890/49222] yt-dlp lFRINzUVXeY (1 clip(s) needed) ...
[22:24:50]     [915/50000] cutting lFRINzUVXeY-0:00:34.200-0:00:56.056.mp4 (0:00:34.200 -> 0:00:56.056)
[22:24:51]   [video 891/49222] yt-dlp fsanphGSsDU (1 clip(s) needed) ...
[22:25:03]     [916/50000] cutting fsanphGSsDU-0:00:06.000-0:00:54.000.mp4 (0:00:06.000 -> 0:00:54.000)
[22:25:04]   [video 892/49222] yt-dlp -7oJIUTyuGY (1 clip(s) needed) ...
[22:25:08]     FAILED: ERROR: [youtube] -7oJIUTyuGY: This video is unavailable
[22:25:08]   [video 893/49222] yt-dlp 04qYie54MTQ (1 clip(s) needed) ...
[22:25:14]     [918/50000] cutting 04qYie54MTQ-0:00:50.917-0:00:55.989.mp4 (0:00:50.917 -> 0:00:55.989)
[22:25:15]   [video 894/49222] yt-dlp 4Lp-jraAi8Y (1 clip(s) needed) ...
[22:25:20]     [919/50000] cutting 4Lp-jraAi8Y-0:00:10.510-0:00:16.416.mp4 (0:00:10.510 -> 0:00:16.416)
[22:25:21]   [video 895/49222] yt-dlp mJiNKKDQU18 (1 clip(s) needed) ...
[22:25:25]     FAILED: ERROR: [youtube] mJiNKKDQU18: Private video
[22:25:25]   [video 896/49222] yt-dlp RJzTlLjHU9E (1 clip(s) needed) ...
[22:26:06]     [921/50000] cutting RJzTlLjHU9E-0:01:35.895-0:01:39.966.mp4 (0:01:35.895 -> 0:01:39.966)
[22:26:06]   [video 897/49222] yt-dlp KDfWqs0zIb0 (1 clip(s) needed) ...
[22:26:43]     [922/50000] cutting KDfWqs0zIb0-0:08:38.684-0:09:12.485.mp4 (0:08:38.684 -> 0:09:12.485)
[22:26:45]   [video 898/49222] yt-dlp WbDWWfIeZ9w (1 clip(s) needed) ...
[22:26:55]     [923/50000] cutting WbDWWfIeZ9w-0:00:49.716-0:01:07.067.mp4 (0:00:49.716 -> 0:01:07.067)
[22:26:56]   [video 899/49222] yt-dlp xZtGtdNdys8 (1 clip(s) needed) ...
[22:27:39]     [924/50000] cutting xZtGtdNdys8-0:07:24.410-0:07:29.849.mp4 (0:07:24.410 -> 0:07:29.849)
[22:27:40]   [video 900/49222] yt-dlp SY3m1xm_QD4 (1 clip(s) needed) ...
[22:28:01]     [925/50000] cutting SY3m1xm_QD4-0:00:12.545-0:01:00.593.mp4 (0:00:12.545 -> 0:01:00.593)
[22:28:03]   [video 901/49222] yt-dlp pXM_8Txce3Q (1 clip(s) needed) ...
[22:28:14]     [926/50000] cutting pXM_8Txce3Q-0:00:10.660-0:00:15.882.mp4 (0:00:10.660 -> 0:00:15.882)
[22:28:15]   [video 902/49222] yt-dlp 6nXaF46xtVU (1 clip(s) needed) ...
[22:28:28]     [927/50000] cutting 6nXaF46xtVU-0:00:16.649-0:00:46.579.mp4 (0:00:16.649 -> 0:00:46.579)
[22:28:30]   [video 903/49222] yt-dlp jAfnGTbzJno (1 clip(s) needed) ...
[22:29:17]     [928/50000] cutting jAfnGTbzJno-0:12:16.960-0:12:41.360.mp4 (0:12:16.960 -> 0:12:41.360)
[22:29:19]   [video 904/49222] yt-dlp 48j7UcBwkVY (1 clip(s) needed) ...
[22:29:27]     [929/50000] cutting 48j7UcBwkVY-0:00:26.568-0:00:45.587.mp4 (0:00:26.568 -> 0:00:45.587)
[22:29:27]   [video 905/49222] yt-dlp 51mjt9nFoeA (1 clip(s) needed) ...
[22:29:56]     [930/50000] cutting 51mjt9nFoeA-0:00:10.927-0:00:58.975.mp4 (0:00:10.927 -> 0:00:58.975)
[22:29:57]   [video 906/49222] yt-dlp ehuEaLvA1B4 (1 clip(s) needed) ...
[22:30:25]     [931/50000] cutting ehuEaLvA1B4-0:03:29.480-0:04:01.480.mp4 (0:03:29.480 -> 0:04:01.480)
[22:30:26]   [video 907/49222] yt-dlp -g5f8T-SIgM (1 clip(s) needed) ...
[22:30:40]     [932/50000] cutting -g5f8T-SIgM-0:00:14.314-0:00:18.334.mp4 (0:00:14.314 -> 0:00:18.334)
[22:30:40]   [video 908/49222] yt-dlp 1uRBuHkJ8ns (1 clip(s) needed) ...
[22:30:51]     [933/50000] cutting 1uRBuHkJ8ns-0:00:16.349-0:00:20.120.mp4 (0:00:16.349 -> 0:00:20.120)
[22:30:51]   [video 909/49222] yt-dlp To-sKEx2kgY (1 clip(s) needed) ...
[22:31:13]     [934/50000] cutting To-sKEx2kgY-0:03:34.360-0:03:47.400.mp4 (0:03:34.360 -> 0:03:47.400)
[22:31:13]   [video 910/49222] yt-dlp 2XPbLxplTBw (1 clip(s) needed) ...
[22:31:23]     [935/50000] cutting 2XPbLxplTBw-0:00:01.400-0:00:12.640.mp4 (0:00:01.400 -> 0:00:12.640)
[22:31:24]   [video 911/49222] yt-dlp QRO5wzAaT00 (1 clip(s) needed) ...
[22:31:37]     [936/50000] cutting QRO5wzAaT00-0:03:00.866-0:03:07.966.mp4 (0:03:00.866 -> 0:03:07.966)
[22:31:37]   [video 912/49222] yt-dlp N_-UrDz0fpM (2 clip(s) needed) ...
[22:31:56]     [937/50000] cutting N_-UrDz0fpM-0:05:03.600-0:05:09.960.mp4 (0:05:03.600 -> 0:05:09.960)
[22:31:57]     [938/50000] cutting N_-UrDz0fpM-0:03:41.920-0:03:51.520.mp4 (0:03:41.920 -> 0:03:51.520)
[22:31:57]   [video 913/49222] yt-dlp Zb_ECyQKG9E (1 clip(s) needed) ...
[22:32:06]     [939/50000] cutting Zb_ECyQKG9E-0:01:16.076-0:01:41.434.mp4 (0:01:16.076 -> 0:01:41.434)
[22:32:07]   [video 914/49222] yt-dlp I1XDUwVUgXQ (1 clip(s) needed) ...
[22:32:24]     [940/50000] cutting I1XDUwVUgXQ-0:00:03.533-0:00:31.833.mp4 (0:00:03.533 -> 0:00:31.833)
[22:32:25]   [video 915/49222] yt-dlp HYaI0Io2N9o (1 clip(s) needed) ...
[22:32:41]     [941/50000] cutting HYaI0Io2N9o-0:03:49.437-0:03:53.608.mp4 (0:03:49.437 -> 0:03:53.608)
[22:32:42]   [video 916/49222] yt-dlp 9p_qk21X7wU (1 clip(s) needed) ...
[22:32:56]     [942/50000] cutting 9p_qk21X7wU-0:04:59.924-0:05:04.512.mp4 (0:04:59.924 -> 0:05:04.512)
[22:32:56]   [video 917/49222] yt-dlp RrYSnYpYeAY (1 clip(s) needed) ...
[22:33:06]     [943/50000] cutting RrYSnYpYeAY-0:00:04.838-0:00:43.843.mp4 (0:00:04.838 -> 0:00:43.843)
[22:33:07]   [video 918/49222] yt-dlp UiLMHglmUPE (1 clip(s) needed) ...
[22:33:10]     FAILED: ERROR: [youtube] UiLMHglmUPE: Please sign in. Use --cookies-from-browser or --cookies for the authentication. See  https://github.com/yt-dlp/yt-dlp/wiki/FAQ#how-do-i-pass-cookies-to-yt-dlp  for how to manually pass cookies. Also see  https://github.com/yt-dlp/yt-dlp/wiki/Extractors#exporting-youtube-cookies  for tips on effectively exporting YouTube cookies
[22:33:10]   [video 919/49222] yt-dlp r_t2IDVbvho (1 clip(s) needed) ...
[22:33:18]     [945/50000] cutting r_t2IDVbvho-0:00:33.099-0:00:41.107.mp4 (0:00:33.099 -> 0:00:41.107)
[22:33:18]   [video 920/49222] yt-dlp FhuRebrO5Mo (1 clip(s) needed) ...
[22:33:32]     [946/50000] cutting FhuRebrO5Mo-0:02:37.857-0:02:55.742.mp4 (0:02:37.857 -> 0:02:55.742)
[22:33:33]   [video 921/49222] yt-dlp Y5n8OnkVXi8 (1 clip(s) needed) ...
[22:33:42]     [947/50000] cutting Y5n8OnkVXi8-0:01:22.733-0:01:29.633.mp4 (0:01:22.733 -> 0:01:29.633)
[22:33:42]   [video 922/49222] yt-dlp wyZAnpuOwnI (1 clip(s) needed) ...
[22:34:03]     [948/50000] cutting wyZAnpuOwnI-0:04:34.000-0:04:41.960.mp4 (0:04:34.000 -> 0:04:41.960)
[22:34:03]   [video 923/49222] yt-dlp lBY93iJWDx4 (1 clip(s) needed) ...
[22:34:17]     [949/50000] cutting lBY93iJWDx4-0:01:34.080-0:01:49.240.mp4 (0:01:34.080 -> 0:01:49.240)
[22:34:18]   [video 924/49222] yt-dlp HzxLjiRFok0 (1 clip(s) needed) ...
[22:34:27]     [950/50000] cutting HzxLjiRFok0-0:01:18.361-0:01:23.666.mp4 (0:01:18.361 -> 0:01:23.666)
[22:34:27]   [video 925/49222] yt-dlp oa8uw5Njhh4 (1 clip(s) needed) ...
[22:34:48]     [951/50000] cutting oa8uw5Njhh4-0:03:15.920-0:03:23.280.mp4 (0:03:15.920 -> 0:03:23.280)
[22:34:48]   [video 926/49222] yt-dlp nORLz_e8Hd8 (1 clip(s) needed) ...
[22:35:11]     [952/50000] cutting nORLz_e8Hd8-0:05:12.011-0:05:34.167.mp4 (0:05:12.011 -> 0:05:34.167)
[22:35:13]   [video 927/49222] yt-dlp 0442BQgUDms (1 clip(s) needed) ...
[22:35:26]     [953/50000] cutting 0442BQgUDms-0:00:16.000-0:01:04.000.mp4 (0:00:16.000 -> 0:01:04.000)
[22:35:26]   [video 928/49222] yt-dlp r-TAqSjyKHg (1 clip(s) needed) ...
[22:35:48]     [954/50000] cutting r-TAqSjyKHg-0:04:01.341-0:04:07.247.mp4 (0:04:01.341 -> 0:04:07.247)
[22:35:49]   [video 929/49222] yt-dlp 2fZThdNbHcQ (1 clip(s) needed) ...
[22:36:02]     [955/50000] cutting 2fZThdNbHcQ-0:01:34.360-0:01:50.310.mp4 (0:01:34.360 -> 0:01:50.310)
[22:36:02]   [video 930/49222] yt-dlp -I2CB4K9IT8 (1 clip(s) needed) ...
[22:36:18]     [956/50000] cutting -I2CB4K9IT8-0:00:04.000-0:00:36.000.mp4 (0:00:04.000 -> 0:00:36.000)
[22:36:20]   [video 931/49222] yt-dlp xgsqAFITnJY (2 clip(s) needed) ...
[22:36:32]     [957/50000] cutting xgsqAFITnJY-0:01:56.816-0:02:06.526.mp4 (0:01:56.816 -> 0:02:06.526)
[22:36:33]     [958/50000] cutting xgsqAFITnJY-0:01:08.401-0:01:25.618.mp4 (0:01:08.401 -> 0:01:25.618)
[22:36:34]   [video 932/49222] yt-dlp N6g6NAUzi0Y (1 clip(s) needed) ...
[22:36:42]     [959/50000] cutting N6g6NAUzi0Y-0:01:04.464-0:01:52.245.mp4 (0:01:04.464 -> 0:01:52.245)
[22:36:44]   [video 933/49222] yt-dlp 4b6Es6hs4kU (1 clip(s) needed) ...
[22:36:56]     [960/50000] cutting 4b6Es6hs4kU-0:02:03.456-0:02:11.264.mp4 (0:02:03.456 -> 0:02:11.264)
[22:36:57]   [video 934/49222] yt-dlp baD8egejFcs (1 clip(s) needed) ...
[22:37:12]     [961/50000] cutting baD8egejFcs-0:00:11.578-0:00:59.626.mp4 (0:00:11.578 -> 0:00:59.626)
[22:37:13]   [video 935/49222] yt-dlp -lsOBlsppvE (1 clip(s) needed) ...
[22:37:24]     [962/50000] cutting -lsOBlsppvE-0:02:02.956-0:02:08.361.mp4 (0:02:02.956 -> 0:02:08.361)
[22:37:25]   [video 936/49222] yt-dlp 6p0GMMo5gVI (1 clip(s) needed) ...
[22:37:34]     [963/50000] cutting 6p0GMMo5gVI-0:01:14.833-0:01:25.500.mp4 (0:01:14.833 -> 0:01:25.500)
[22:37:34]   [video 937/49222] yt-dlp -A3QW9YOtrI (1 clip(s) needed) ...
[22:37:44]     [964/50000] cutting -A3QW9YOtrI-0:01:26.366-0:01:48.866.mp4 (0:01:26.366 -> 0:01:48.866)
[22:37:44]   [video 938/49222] yt-dlp oEXAhU_4LOI (1 clip(s) needed) ...
[22:37:59]     [965/50000] cutting oEXAhU_4LOI-0:02:15.541-0:02:19.750.mp4 (0:02:15.541 -> 0:02:19.750)
[22:37:59]   [video 939/49222] yt-dlp Yj07tNj2EzU (1 clip(s) needed) ...
[22:38:53]     [966/50000] cutting Yj07tNj2EzU-0:02:32.085-0:03:20.133.mp4 (0:02:32.085 -> 0:03:20.133)
[22:38:56]   [video 940/49222] yt-dlp rNPioB4Oufs (1 clip(s) needed) ...
[22:39:14]     [967/50000] cutting rNPioB4Oufs-0:02:25.612-0:03:11.658.mp4 (0:02:25.612 -> 0:03:11.658)
[22:39:16]   [video 941/49222] yt-dlp 8sf50lIsNjk (1 clip(s) needed) ...
[22:39:33]     [968/50000] cutting 8sf50lIsNjk-0:01:38.198-0:02:00.453.mp4 (0:01:38.198 -> 0:02:00.453)
[22:39:34]   [video 942/49222] yt-dlp ZNRqbpuXHlw (1 clip(s) needed) ...
[22:43:57]     [969/50000] cutting ZNRqbpuXHlw-0:15:48.200-0:16:23.400.mp4 (0:15:48.200 -> 0:16:23.400)
[22:43:58]   [video 943/49222] yt-dlp Odv7f4zGQY4 (1 clip(s) needed) ...
[22:44:02]     FAILED: ERROR: [youtube] Odv7f4zGQY4: Private video
[22:44:02]   [video 944/49222] yt-dlp rnyGd1MJuao (1 clip(s) needed) ...
[22:44:43]     [971/50000] cutting rnyGd1MJuao-0:00:42.008-0:00:53.486.mp4 (0:00:42.008 -> 0:00:53.486)
[22:44:44]   [video 945/49222] yt-dlp -9e0m5LTYgA (1 clip(s) needed) ...
[22:45:08]     [972/50000] cutting -9e0m5LTYgA-0:01:38.765-0:01:48.741.mp4 (0:01:38.765 -> 0:01:48.741)
[22:45:09]   [video 946/49222] yt-dlp jWR1SbB4u8w (1 clip(s) needed) ...
[22:45:16]     [973/50000] cutting jWR1SbB4u8w-0:00:12.145-0:00:30.030.mp4 (0:00:12.145 -> 0:00:30.030)
[22:45:17]   [video 947/49222] yt-dlp mTYBqZIDvAw (1 clip(s) needed) ...
[22:45:28]     [974/50000] cutting mTYBqZIDvAw-0:01:50.877-0:02:30.950.mp4 (0:01:50.877 -> 0:02:30.950)
[22:45:30]   [video 948/49222] yt-dlp BfutM3oFmgY (1 clip(s) needed) ...
[22:45:38]     [975/50000] cutting BfutM3oFmgY-0:01:37.000-0:01:53.000.mp4 (0:01:37.000 -> 0:01:53.000)
[22:45:39]   [video 949/49222] yt-dlp m0mD3FfTvHs (1 clip(s) needed) ...
[22:45:57]     [976/50000] cutting m0mD3FfTvHs-0:05:10.143-0:05:19.686.mp4 (0:05:10.143 -> 0:05:19.686)
[22:45:57]   [video 950/49222] yt-dlp RBUXqeNA_WA (1 clip(s) needed) ...
[22:46:15]     [977/50000] cutting RBUXqeNA_WA-0:06:26.519-0:07:09.162.mp4 (0:06:26.519 -> 0:07:09.162)
[22:46:16]   [video 951/49222] yt-dlp aSq2mHqPUy0 (1 clip(s) needed) ...
[22:47:58]     [978/50000] cutting aSq2mHqPUy0-0:07:55.100-0:07:58.766.mp4 (0:07:55.100 -> 0:07:58.766)
[22:47:58]   [video 952/49222] yt-dlp FS0XdzxZ_vc (1 clip(s) needed) ...
[22:48:11]     [979/50000] cutting FS0XdzxZ_vc-0:16:31.373-0:16:36.729.mp4 (0:16:31.373 -> 0:16:36.729)
[22:48:12]   [video 953/49222] yt-dlp z1VVYfO2vZ8 (1 clip(s) needed) ...
[22:48:22]     [980/50000] cutting z1VVYfO2vZ8-0:02:31.351-0:02:35.388.mp4 (0:02:31.351 -> 0:02:35.388)
[22:48:22]   [video 954/49222] yt-dlp 35Jdqx1MUWw (1 clip(s) needed) ...
[22:48:25]     FAILED: ERROR: [youtube] 35Jdqx1MUWw: Please sign in. Use --cookies-from-browser or --cookies for the authentication. See  https://github.com/yt-dlp/yt-dlp/wiki/FAQ#how-do-i-pass-cookies-to-yt-dlp  for how to manually pass cookies. Also see  https://github.com/yt-dlp/yt-dlp/wiki/Extractors#exporting-youtube-cookies  for tips on effectively exporting YouTube cookies
[22:48:25]   [video 955/49222] yt-dlp HQQ6X6bym2I (1 clip(s) needed) ...
[22:49:06]     [982/50000] cutting HQQ6X6bym2I-0:00:20.186-0:00:33.616.mp4 (0:00:20.186 -> 0:00:33.616)
[22:49:06]   [video 956/49222] yt-dlp xB6gOCkXBN8 (1 clip(s) needed) ...
[22:49:15]     [983/50000] cutting xB6gOCkXBN8-0:00:54.971-0:01:01.978.mp4 (0:00:54.971 -> 0:01:01.978)
[22:49:16]   [video 957/49222] yt-dlp tussiD1mMCg (2 clip(s) needed) ...
[22:49:27]     [984/50000] cutting tussiD1mMCg-0:02:21.341-0:03:09.389.mp4 (0:02:21.341 -> 0:03:09.389)
[22:49:29]     [985/50000] cutting tussiD1mMCg-0:00:49.783-0:01:04.164.mp4 (0:00:49.783 -> 0:01:04.164)
[22:49:29]   [video 958/49222] yt-dlp JfHw9WuBLec (1 clip(s) needed) ...
[22:49:46]     [986/50000] cutting JfHw9WuBLec-0:00:05.972-0:00:54.020.mp4 (0:00:05.972 -> 0:00:54.020)
[22:49:48]   [video 959/49222] yt-dlp MswBgbL_N1Y (1 clip(s) needed) ...
[22:50:01]     [987/50000] cutting MswBgbL_N1Y-0:00:23.200-0:00:30.240.mp4 (0:00:23.200 -> 0:00:30.240)
[22:50:01]   [video 960/49222] yt-dlp di-23VkYDuk (1 clip(s) needed) ...
[22:50:15]     [988/50000] cutting di-23VkYDuk-0:02:27.847-0:03:15.895.mp4 (0:02:27.847 -> 0:03:15.895)
[22:50:18]   [video 961/49222] yt-dlp X15RALogbl0 (1 clip(s) needed) ...
[22:55:19]     FAILED: yt-dlp did not finish within 300s -- timed out
[22:55:19]   [video 962/49222] yt-dlp 3zAFs5cWyiY (1 clip(s) needed) ...
[22:55:41]     [990/50000] cutting 3zAFs5cWyiY-0:04:03.326-0:04:20.343.mp4 (0:04:03.326 -> 0:04:20.343)
[22:55:41]   [video 963/49222] yt-dlp LwphScZ2rSg (1 clip(s) needed) ...
[22:55:54]     [991/50000] cutting LwphScZ2rSg-0:01:20.280-0:01:36.280.mp4 (0:01:20.280 -> 0:01:36.280)
[22:55:54]   [video 964/49222] yt-dlp 4RVjp688zc4 (1 clip(s) needed) ...
[22:56:02]     [992/50000] cutting 4RVjp688zc4-0:00:01.640-0:00:14.840.mp4 (0:00:01.640 -> 0:00:14.840)
[22:56:03]   [video 965/49222] yt-dlp UCfiuhlMm50 (1 clip(s) needed) ...
[22:56:13]     [993/50000] cutting UCfiuhlMm50-0:01:04.833-0:01:11.966.mp4 (0:01:04.833 -> 0:01:11.966)
[22:56:14]   [video 966/49222] yt-dlp _e-Vmc5CaxY (1 clip(s) needed) ...
[22:56:28]     [994/50000] cutting _e-Vmc5CaxY-0:02:38.433-0:02:46.433.mp4 (0:02:38.433 -> 0:02:46.433)
[22:56:29]   [video 967/49222] yt-dlp XbWfnEqzjOE (1 clip(s) needed) ...
[22:56:47]     [995/50000] cutting XbWfnEqzjOE-0:01:37.847-0:01:47.232.mp4 (0:01:37.847 -> 0:01:47.232)
[22:56:48]   [video 968/49222] yt-dlp yoiT7zI4H9s (1 clip(s) needed) ...
[22:57:04]     [996/50000] cutting yoiT7zI4H9s-0:01:28.433-0:01:36.633.mp4 (0:01:28.433 -> 0:01:36.633)
[22:57:05]   [video 969/49222] yt-dlp MYJNz5chUko (1 clip(s) needed) ...
[22:57:16]     [997/50000] cutting MYJNz5chUko-0:00:05.805-0:00:12.746.mp4 (0:00:05.805 -> 0:00:12.746)
[22:57:16]   [video 970/49222] yt-dlp kk7H1XEPLfk (1 clip(s) needed) ...
[22:57:26]     [998/50000] cutting kk7H1XEPLfk-0:00:11.111-0:00:20.587.mp4 (0:00:11.111 -> 0:00:20.587)
[22:57:27]   [video 971/49222] yt-dlp vwBhHaHd8tY (1 clip(s) needed) ...
[22:57:37]     [999/50000] cutting vwBhHaHd8tY-0:00:00.467-0:00:04.504.mp4 (0:00:00.467 -> 0:00:04.504)
[22:57:37]   [video 972/49222] yt-dlp h89mLEUS5Mk (1 clip(s) needed) ...
[22:57:58]     [1000/50000] cutting h89mLEUS5Mk-0:03:18.464-0:04:02.675.mp4 (0:03:18.464 -> 0:04:02.675)
[22:58:00]   [video 973/49222] yt-dlp rMtVu8Jxaz0 (1 clip(s) needed) ...
[22:58:26]     [1001/50000] cutting rMtVu8Jxaz0-0:00:17.317-0:01:05.365.mp4 (0:00:17.317 -> 0:01:05.365)
[22:58:28]   [video 974/49222] yt-dlp By5tPfUNj1c (1 clip(s) needed) ...
[22:58:40]     [1002/50000] cutting By5tPfUNj1c-0:00:21.880-0:00:33.200.mp4 (0:00:21.880 -> 0:00:33.200)
[22:58:40]   [video 975/49222] yt-dlp MkhFQx7n-FQ (1 clip(s) needed) ...
[22:59:09]     [1003/50000] cutting MkhFQx7n-FQ-0:07:08.928-0:07:17.937.mp4 (0:07:08.928 -> 0:07:17.937)
[22:59:10]   [video 976/49222] yt-dlp 4rdyx5W1G_E (1 clip(s) needed) ...
[22:59:22]     [1004/50000] cutting 4rdyx5W1G_E-0:00:08.074-0:00:32.966.mp4 (0:00:08.074 -> 0:00:32.966)
[22:59:23]   [video 977/49222] yt-dlp sEBsEO75lOo (1 clip(s) needed) ...
[22:59:26]     FAILED: ERROR: [youtube] sEBsEO75lOo: This video is not available
[22:59:26]   [video 978/49222] yt-dlp _-j574UwEI8 (1 clip(s) needed) ...
[23:00:03]     [1006/50000] cutting _-j574UwEI8-0:02:38.825-0:02:49.252.mp4 (0:02:38.825 -> 0:02:49.252)
[23:00:04]   [video 979/49222] yt-dlp UdSMklDC0LA (1 clip(s) needed) ...
[23:00:29]     [1007/50000] cutting UdSMklDC0LA-0:00:02.085-0:00:18.852.mp4 (0:00:02.085 -> 0:00:18.852)
[23:00:30]   [video 980/49222] yt-dlp KcHPsVFhs3g (1 clip(s) needed) ...
[23:00:32]     FAILED: ERROR: [youtube] KcHPsVFhs3g: Private video
[23:00:32]   [video 981/49222] yt-dlp DZw3A_pcakQ (1 clip(s) needed) ...
[23:00:49]     [1009/50000] cutting DZw3A_pcakQ-0:00:11.311-0:00:59.359.mp4 (0:00:11.311 -> 0:00:59.359)
[23:00:51]   [video 982/49222] yt-dlp 3fi81TnBlhg (1 clip(s) needed) ...
[23:01:06]     [1010/50000] cutting 3fi81TnBlhg-0:00:43.793-0:00:52.519.mp4 (0:00:43.793 -> 0:00:52.519)
[23:01:07]   [video 983/49222] yt-dlp b3guYPM0xZQ (1 clip(s) needed) ...
[23:01:18]     [1011/50000] cutting b3guYPM0xZQ-0:01:35.195-0:02:23.243.mp4 (0:01:35.195 -> 0:02:23.243)
[23:01:20]   [video 984/49222] yt-dlp LsGKwyP7eg4 (1 clip(s) needed) ...
[23:01:44]     [1012/50000] cutting LsGKwyP7eg4-0:00:05.972-0:00:54.020.mp4 (0:00:05.972 -> 0:00:54.020)
[23:01:45]   [video 985/49222] yt-dlp kzA5SUHq6VM (1 clip(s) needed) ...
[23:01:53]     [1013/50000] cutting kzA5SUHq6VM-0:00:10.480-0:00:14.520.mp4 (0:00:10.480 -> 0:00:14.520)
[23:01:53]   [video 986/49222] yt-dlp EjF-Dr4zjlU (1 clip(s) needed) ...
[23:02:18]     [1014/50000] cutting EjF-Dr4zjlU-0:07:18.271-0:07:25.211.mp4 (0:07:18.271 -> 0:07:25.211)
[23:02:18]   [video 987/49222] yt-dlp 9QT5qXXl5_4 (1 clip(s) needed) ...
[23:02:21]     FAILED: ERROR: [youtube] 9QT5qXXl5_4: This video is not available
[23:02:21]   [video 988/49222] yt-dlp aOuJbWZlx5A (1 clip(s) needed) ...
[23:02:31]     [1016/50000] cutting aOuJbWZlx5A-0:03:15.094-0:03:19.098.mp4 (0:03:15.094 -> 0:03:19.098)
[23:02:32]   [video 989/49222] yt-dlp ANVMJokqKS0 (1 clip(s) needed) ...
[23:02:39]     [1017/50000] cutting ANVMJokqKS0-0:00:13.600-0:00:24.840.mp4 (0:00:13.600 -> 0:00:24.840)
[23:02:40]   [video 990/49222] yt-dlp pJ5WWNZ4F7s (1 clip(s) needed) ...
[23:02:48]     [1018/50000] cutting pJ5WWNZ4F7s-0:00:18.585-0:00:26.292.mp4 (0:00:18.585 -> 0:00:26.292)
[23:02:49]   [video 991/49222] yt-dlp 7D_YFK8xaEg (1 clip(s) needed) ...
[23:02:56]     [1019/50000] cutting 7D_YFK8xaEg-0:02:17.000-0:02:39.033.mp4 (0:02:17.000 -> 0:02:39.033)
[23:02:57]   [video 992/49222] yt-dlp uDgMOl1M9TU (1 clip(s) needed) ...
[23:03:32]     [1020/50000] cutting uDgMOl1M9TU-0:05:56.589-0:06:07.600.mp4 (0:05:56.589 -> 0:06:07.600)
[23:03:33]   [video 993/49222] yt-dlp 9pLTdd_52GM (1 clip(s) needed) ...
[23:03:47]     [1021/50000] cutting 9pLTdd_52GM-0:00:11.811-0:00:21.521.mp4 (0:00:11.811 -> 0:00:21.521)
[23:03:48]   [video 994/49222] yt-dlp 03JcHviQPPk (1 clip(s) needed) ...
[23:03:57]     [1022/50000] cutting 03JcHviQPPk-0:00:30.463-0:00:36.069.mp4 (0:00:30.463 -> 0:00:36.069)
[23:03:58]   [video 995/49222] yt-dlp Qp00Oh4k_8s (1 clip(s) needed) ...
[23:04:06]     [1023/50000] cutting Qp00Oh4k_8s-0:00:57.920-0:01:02.400.mp4 (0:00:57.920 -> 0:01:02.400)
[23:04:06]   [video 996/49222] yt-dlp sIMc8QGCPEc (1 clip(s) needed) ...
[23:04:16]     [1024/50000] cutting sIMc8QGCPEc-0:01:25.710-0:01:30.381.mp4 (0:01:25.710 -> 0:01:30.381)
[23:04:17]   [video 997/49222] yt-dlp nXql6t1_xyo (1 clip(s) needed) ...
[23:04:24]     [1025/50000] cutting nXql6t1_xyo-0:00:09.409-0:00:15.081.mp4 (0:00:09.409 -> 0:00:15.081)
[23:04:25]   [video 998/49222] yt-dlp xUN7bZHKXIM (1 clip(s) needed) ...
[23:04:28]     FAILED: ERROR: [youtube] xUN7bZHKXIM: This video is not available
[23:04:28]   [video 999/49222] yt-dlp 9t718Qa_Ps0 (2 clip(s) needed) ...
[23:04:44]     [1027/50000] cutting 9t718Qa_Ps0-0:05:22.422-0:06:10.470.mp4 (0:05:22.422 -> 0:06:10.470)
[23:04:46]     [1028/50000] cutting 9t718Qa_Ps0-0:01:21.247-0:02:09.295.mp4 (0:01:21.247 -> 0:02:09.295)
[23:04:48]   [video 1000/49222] yt-dlp yZVFcKPiv2s (1 clip(s) needed) ...
[23:07:32]     [1029/50000] cutting yZVFcKPiv2s-0:06:16.400-0:06:32.866.mp4 (0:06:16.400 -> 0:06:32.866)
[23:07:32]   [video 1001/49222] yt-dlp PG8H4p6ob-E (1 clip(s) needed) ...
[23:07:43]     [1030/50000] cutting PG8H4p6ob-E-0:01:05.298-0:01:08.768.mp4 (0:01:05.298 -> 0:01:08.768)
[23:07:44]   [video 1002/49222] yt-dlp RKE7tXpf-Vw (1 clip(s) needed) ...
[23:08:03]     [1031/50000] cutting RKE7tXpf-Vw-0:00:28.595-0:01:04.097.mp4 (0:00:28.595 -> 0:01:04.097)
[23:08:04]   [video 1003/49222] yt-dlp UZk4uWuUZT8 (1 clip(s) needed) ...
[23:08:07]     FAILED: ERROR: [youtube] UZk4uWuUZT8: This video is not available
[23:08:07]   [video 1004/49222] yt-dlp q20N7VhCiDQ (1 clip(s) needed) ...
[23:08:36]     [1033/50000] cutting q20N7VhCiDQ-0:01:33.434-0:01:39.260.mp4 (0:01:33.434 -> 0:01:39.260)
[23:08:37]   [video 1005/49222] yt-dlp qdznafE4uis (1 clip(s) needed) ...
[23:08:48]     [1034/50000] cutting qdznafE4uis-0:00:17.664-0:00:27.586.mp4 (0:00:17.664 -> 0:00:27.586)
[23:08:49]   [video 1006/49222] yt-dlp 13en6gehuHs (2 clip(s) needed) ...
[23:09:14]     [1035/50000] cutting 13en6gehuHs-0:04:42.100-0:05:29.733.mp4 (0:04:42.100 -> 0:05:29.733)
[23:09:15]     [1036/50000] cutting 13en6gehuHs-0:05:39.333-0:06:08.866.mp4 (0:05:39.333 -> 0:06:08.866)
[23:09:16]   [video 1007/49222] yt-dlp XoRuyX-eleg (1 clip(s) needed) ...
[23:09:31]     [1037/50000] cutting XoRuyX-eleg-0:01:36.566-0:01:40.833.mp4 (0:01:36.566 -> 0:01:40.833)
[23:09:32]   [video 1008/49222] yt-dlp q8xs6rQAkww (1 clip(s) needed) ...
[23:09:41]     [1038/50000] cutting q8xs6rQAkww-0:00:43.840-0:01:07.760.mp4 (0:00:43.840 -> 0:01:07.760)
[23:09:42]   [video 1009/49222] yt-dlp f590_lnnUKE (1 clip(s) needed) ...
[23:09:56]     [1039/50000] cutting f590_lnnUKE-0:00:06.039-0:00:12.979.mp4 (0:00:06.039 -> 0:00:12.979)
[23:09:56]   [video 1010/49222] yt-dlp yl5P8Za2VCk (1 clip(s) needed) ...
[23:10:06]     [1040/50000] cutting yl5P8Za2VCk-0:01:51.360-0:02:00.360.mp4 (0:01:51.360 -> 0:02:00.360)
[23:10:07]   [video 1011/49222] yt-dlp Z9Zmte8i11s (1 clip(s) needed) ...
[23:11:09]     [1041/50000] cutting Z9Zmte8i11s-0:07:52.205-0:08:03.883.mp4 (0:07:52.205 -> 0:08:03.883)
[23:11:09]   [video 1012/49222] yt-dlp v8zD8jXAYM8 (1 clip(s) needed) ...
[23:11:13]     FAILED: ERROR: [youtube] v8zD8jXAYM8: This video is not available
[23:11:13]   [video 1013/49222] yt-dlp 8xHG4Nngw7g (1 clip(s) needed) ...
[23:11:38]     [1043/50000] cutting 8xHG4Nngw7g-0:07:53.022-0:08:05.101.mp4 (0:07:53.022 -> 0:08:05.101)
[23:11:39]   [video 1014/49222] yt-dlp FS2P6fvyf80 (1 clip(s) needed) ...
[23:11:54]     [1044/50000] cutting FS2P6fvyf80-0:06:42.435-0:06:46.973.mp4 (0:06:42.435 -> 0:06:46.973)
[23:11:54]   [video 1015/49222] yt-dlp KH-2tjoYWis (1 clip(s) needed) ...
[23:12:13]     [1045/50000] cutting KH-2tjoYWis-0:01:26.836-0:01:50.693.mp4 (0:01:26.836 -> 0:01:50.693)
[23:12:14]   [video 1016/49222] yt-dlp 4hOW8v2dOEA (1 clip(s) needed) ...
[23:12:43]     [1046/50000] cutting 4hOW8v2dOEA-0:09:55.528-0:10:43.576.mp4 (0:09:55.528 -> 0:10:43.576)
[23:12:44]   [video 1017/49222] yt-dlp 8y59A3cJWhg (1 clip(s) needed) ...
[23:15:28]     [1047/50000] cutting 8y59A3cJWhg-0:03:29.809-0:03:35.381.mp4 (0:03:29.809 -> 0:03:35.381)
[23:15:28]   [video 1018/49222] yt-dlp nADFtzXAeWY (1 clip(s) needed) ...
[23:15:39]     [1048/50000] cutting nADFtzXAeWY-0:01:15.360-0:01:25.000.mp4 (0:01:15.360 -> 0:01:25.000)
[23:15:40]   [video 1019/49222] yt-dlp oso1EZmyAQ8 (1 clip(s) needed) ...
[23:19:12]     [1049/50000] cutting oso1EZmyAQ8-0:00:00.733-0:00:06.600.mp4 (0:00:00.733 -> 0:00:06.600)
[23:19:12]   [video 1020/49222] yt-dlp wBNS40gWKyY (1 clip(s) needed) ...
[23:19:23]     [1050/50000] cutting wBNS40gWKyY-0:00:20.680-0:00:23.880.mp4 (0:00:20.680 -> 0:00:23.880)
[23:19:23]   [video 1021/49222] yt-dlp eoGIdS8oHhA (1 clip(s) needed) ...
[23:19:34]     [1051/50000] cutting eoGIdS8oHhA-0:01:11.304-0:01:59.085.mp4 (0:01:11.304 -> 0:01:59.085)
[23:19:36]   [video 1022/49222] yt-dlp hMqraxRgIDw (1 clip(s) needed) ...
[23:19:39]     FAILED: ERROR: [youtube] hMqraxRgIDw: Please sign in. Use --cookies-from-browser or --cookies for the authentication. See  https://github.com/yt-dlp/yt-dlp/wiki/FAQ#how-do-i-pass-cookies-to-yt-dlp  for how to manually pass cookies. Also see  https://github.com/yt-dlp/yt-dlp/wiki/Extractors#exporting-youtube-cookies  for tips on effectively exporting YouTube cookies
[23:19:39]   [video 1023/49222] yt-dlp siI_q-CYm2c (1 clip(s) needed) ...
[23:20:07]     [1053/50000] cutting siI_q-CYm2c-0:02:40.076-0:02:49.502.mp4 (0:02:40.076 -> 0:02:49.502)
[23:20:08]   [video 1024/49222] yt-dlp inimNv_3m9w (1 clip(s) needed) ...
[23:20:21]     [1054/50000] cutting inimNv_3m9w-0:00:27.227-0:00:31.498.mp4 (0:00:27.227 -> 0:00:31.498)
[23:20:21]   [video 1025/49222] yt-dlp bvttjDRhATU (1 clip(s) needed) ...
[23:20:28]     [1055/50000] cutting bvttjDRhATU-0:00:01.034-0:00:09.442.mp4 (0:00:01.034 -> 0:00:09.442)
[23:20:28]   [video 1026/49222] yt-dlp akNeRAdX5BU (1 clip(s) needed) ...
[23:20:37]     [1056/50000] cutting akNeRAdX5BU-0:02:03.782-0:02:15.086.mp4 (0:02:03.782 -> 0:02:15.086)
[23:20:37]   [video 1027/49222] yt-dlp C1G8kRSqtd0 (1 clip(s) needed) ...
[23:20:46]     [1057/50000] cutting C1G8kRSqtd0-0:01:15.533-0:01:31.733.mp4 (0:01:15.533 -> 0:01:31.733)
[23:20:46]   [video 1028/49222] yt-dlp OkBcyJAfjGo (1 clip(s) needed) ...
[23:21:44]     [1058/50000] cutting OkBcyJAfjGo-0:11:15.120-0:11:21.120.mp4 (0:11:15.120 -> 0:11:21.120)
[23:21:44]   [video 1029/49222] yt-dlp 0-9FS2c8rTc (1 clip(s) needed) ...
[23:21:58]     [1059/50000] cutting 0-9FS2c8rTc-0:01:36.433-0:02:24.433.mp4 (0:01:36.433 -> 0:02:24.433)
[23:22:00]   [video 1030/49222] yt-dlp 53Bf7mOlIyY (1 clip(s) needed) ...
[23:22:08]     [1060/50000] cutting 53Bf7mOlIyY-0:01:06.024-0:01:15.408.mp4 (0:01:06.024 -> 0:01:15.408)
[23:22:09]   [video 1031/49222] yt-dlp SFpNCSDXdDg (1 clip(s) needed) ...
[23:22:24]     [1061/50000] cutting SFpNCSDXdDg-0:01:01.604-0:01:06.317.mp4 (0:01:01.604 -> 0:01:06.317)
[23:22:25]   [video 1032/49222] yt-dlp h5xwgTbtWa0 (1 clip(s) needed) ...
[23:22:35]     [1062/50000] cutting h5xwgTbtWa0-0:00:09.109-0:00:23.423.mp4 (0:00:09.109 -> 0:00:23.423)
[23:22:36]   [video 1033/49222] yt-dlp 6OLmbj9QzEk (1 clip(s) needed) ...
[23:22:51]     [1063/50000] cutting 6OLmbj9QzEk-0:05:05.100-0:05:45.966.mp4 (0:05:05.100 -> 0:05:45.966)
[23:22:52]   [video 1034/49222] yt-dlp 4lBe1f8DKZU (1 clip(s) needed) ...
[23:23:23]     [1064/50000] cutting 4lBe1f8DKZU-0:04:26.833-0:04:29.969.mp4 (0:04:26.833 -> 0:04:29.969)
[23:23:23]   [video 1035/49222] yt-dlp 4T3lJENSjCw (1 clip(s) needed) ...
[23:23:35]     [1065/50000] cutting 4T3lJENSjCw-0:02:06.092-0:02:52.005.mp4 (0:02:06.092 -> 0:02:52.005)
[23:23:36]   [video 1036/49222] yt-dlp QBGhxmWRw5Q (1 clip(s) needed) ...
[23:23:58]     [1066/50000] cutting QBGhxmWRw5Q-0:01:50.944-0:02:18.304.mp4 (0:01:50.944 -> 0:02:18.304)
[23:24:00]   [video 1037/49222] yt-dlp FCH-TeiLki8 (1 clip(s) needed) ...
[23:24:26]     [1067/50000] cutting FCH-TeiLki8-0:00:42.160-0:00:46.600.mp4 (0:00:42.160 -> 0:00:46.600)
[23:24:26]   [video 1038/49222] yt-dlp tBM9Kf8n1fo (1 clip(s) needed) ...
[23:24:35]     [1068/50000] cutting tBM9Kf8n1fo-0:00:00.600-0:00:05.720.mp4 (0:00:00.600 -> 0:00:05.720)
[23:24:35]   [video 1039/49222] yt-dlp -FmWTyCsiMQ (1 clip(s) needed) ...
[23:24:55]     [1069/50000] cutting -FmWTyCsiMQ-0:05:09.791-0:05:17.791.mp4 (0:05:09.791 -> 0:05:17.791)
[23:24:55]   [video 1040/49222] yt-dlp lTi5DBDpzZA (1 clip(s) needed) ...
[23:25:21]     [1070/50000] cutting lTi5DBDpzZA-0:02:38.358-0:02:46.633.mp4 (0:02:38.358 -> 0:02:46.633)
[23:25:21]   [video 1041/49222] yt-dlp V2uxRA2sqI0 (1 clip(s) needed) ...
[23:25:43]     [1071/50000] cutting V2uxRA2sqI0-0:04:34.540-0:05:22.588.mp4 (0:04:34.540 -> 0:05:22.588)
[23:25:45]   [video 1042/49222] yt-dlp vucEod6TqsE (1 clip(s) needed) ...
[23:26:06]     [1072/50000] cutting vucEod6TqsE-0:01:26.553-0:01:30.573.mp4 (0:01:26.553 -> 0:01:30.573)
[23:26:06]   [video 1043/49222] yt-dlp xcSFJks_v98 (1 clip(s) needed) ...
[23:26:31]     [1073/50000] cutting xcSFJks_v98-0:02:38.324-0:02:51.704.mp4 (0:02:38.324 -> 0:02:51.704)
[23:26:33]   [video 1044/49222] yt-dlp aomGrrjTSfw (1 clip(s) needed) ...
[23:26:44]     [1074/50000] cutting aomGrrjTSfw-0:01:23.650-0:01:50.910.mp4 (0:01:23.650 -> 0:01:50.910)
[23:26:45]   [video 1045/49222] yt-dlp nkQB4vPGaEA (1 clip(s) needed) ...
[23:26:57]     [1075/50000] cutting nkQB4vPGaEA-0:00:00.474-0:00:04.508.mp4 (0:00:00.474 -> 0:00:04.508)
[23:26:58]   [video 1046/49222] yt-dlp aZUQq-WFaoA (1 clip(s) needed) ...
