===== Download Panda-70M Clips (full dataset) =====
Job ID: 61338
Node: cn4.cds.iisc.in
Start: Thu Sep 24 04:05:09 PM IST 2026
METADATA_DIR=/scratch/users/anirban/tamaghnam/latentvans/data/future_l1_50k_metadata_full
OUTPUT_DIR=/scratch/users/anirban/tamaghnam/latentvans/data/panda70m_clips
NUM_SHARDS=2 SHARD_ID=0
Requirement already satisfied: yt-dlp in /scratch/users/anirban/tamaghnam/envs/latentvans/lib/python3.11/site-packages (2026.8.19)
Requirement already satisfied: datasets in /scratch/users/anirban/tamaghnam/envs/latentvans/lib/python3.11/site-packages (5.0.1)
Requirement already satisfied: filelock in /scratch/users/anirban/tamaghnam/envs/latentvans/lib/python3.11/site-packages (from datasets) (3.32.5)
Requirement already satisfied: numpy>=1.17 in /scratch/users/anirban/tamaghnam/envs/latentvans/lib/python3.11/site-packages (from datasets) (2.4.6)
Requirement already satisfied: pyarrow>=21.0.0 in /scratch/users/anirban/tamaghnam/envs/latentvans/lib/python3.11/site-packages (from datasets) (25.0.1)
Requirement already satisfied: dill<0.4.2,>=0.3.0 in /scratch/users/anirban/tamaghnam/envs/latentvans/lib/python3.11/site-packages (from datasets) (0.4.1)
Requirement already satisfied: pandas in /scratch/users/anirban/tamaghnam/envs/latentvans/lib/python3.11/site-packages (from datasets) (3.0.5)
Requirement already satisfied: requests>=2.32.2 in /scratch/users/anirban/tamaghnam/envs/latentvans/lib/python3.11/site-packages (from datasets) (2.34.2)
Requirement already satisfied: httpx<1.0.0 in /scratch/users/anirban/tamaghnam/envs/latentvans/lib/python3.11/site-packages (from datasets) (0.28.1)
Requirement already satisfied: tqdm>=4.66.3 in /scratch/users/anirban/tamaghnam/envs/latentvans/lib/python3.11/site-packages (from datasets) (4.70.0)
Requirement already satisfied: xxhash in /scratch/users/anirban/tamaghnam/envs/latentvans/lib/python3.11/site-packages (from datasets) (4.0.1)
Requirement already satisfied: multiprocess<0.70.20 in /scratch/users/anirban/tamaghnam/envs/latentvans/lib/python3.11/site-packages (from datasets) (0.70.19)
Requirement already satisfied: fsspec<=2026.6.0,>=2023.1.0 in /scratch/users/anirban/tamaghnam/envs/latentvans/lib/python3.11/site-packages (from fsspec[http]<=2026.6.0,>=2023.1.0->datasets) (2026.6.0)
Requirement already satisfied: huggingface-hub<2.0,>=0.25.0 in /scratch/users/anirban/tamaghnam/envs/latentvans/lib/python3.11/site-packages (from datasets) (1.31.0)
Requirement already satisfied: packaging in /scratch/users/anirban/tamaghnam/envs/latentvans/lib/python3.11/site-packages (from datasets) (26.3)
Requirement already satisfied: pyyaml>=5.1 in /scratch/users/anirban/tamaghnam/envs/latentvans/lib/python3.11/site-packages (from datasets) (6.0.3)
Requirement already satisfied: aiohttp!=4.0.0a0,!=4.0.0a1 in /scratch/users/anirban/tamaghnam/envs/latentvans/lib/python3.11/site-packages (from fsspec[http]<=2026.6.0,>=2023.1.0->datasets) (3.14.3)
Requirement already satisfied: anyio in /scratch/users/anirban/tamaghnam/envs/latentvans/lib/python3.11/site-packages (from httpx<1.0.0->datasets) (4.15.1)
Requirement already satisfied: certifi in /scratch/users/anirban/tamaghnam/envs/latentvans/lib/python3.11/site-packages (from httpx<1.0.0->datasets) (2026.7.22)
Requirement already satisfied: httpcore==1.* in /scratch/users/anirban/tamaghnam/envs/latentvans/lib/python3.11/site-packages (from httpx<1.0.0->datasets) (1.0.9)
Requirement already satisfied: idna in /scratch/users/anirban/tamaghnam/envs/latentvans/lib/python3.11/site-packages (from httpx<1.0.0->datasets) (3.19)
Requirement already satisfied: h11>=0.16 in /scratch/users/anirban/tamaghnam/envs/latentvans/lib/python3.11/site-packages (from httpcore==1.*->httpx<1.0.0->datasets) (0.16.0)
Requirement already satisfied: click<9.0.0,>=8.4.2 in /scratch/users/anirban/tamaghnam/envs/latentvans/lib/python3.11/site-packages (from huggingface-hub<2.0,>=0.25.0->datasets) (8.5.0)
Requirement already satisfied: hf-xet<2.0.0,>=1.5.2 in /scratch/users/anirban/tamaghnam/envs/latentvans/lib/python3.11/site-packages (from huggingface-hub<2.0,>=0.25.0->datasets) (1.6.0)
Requirement already satisfied: typing-extensions>=4.1.0 in /scratch/users/anirban/tamaghnam/envs/latentvans/lib/python3.11/site-packages (from huggingface-hub<2.0,>=0.25.0->datasets) (4.16.0)
Requirement already satisfied: aiohappyeyeballs>=2.5.0 in /scratch/users/anirban/tamaghnam/envs/latentvans/lib/python3.11/site-packages (from aiohttp!=4.0.0a0,!=4.0.0a1->fsspec[http]<=2026.6.0,>=2023.1.0->datasets) (2.7.1)
Requirement already satisfied: aiosignal>=1.4.0 in /scratch/users/anirban/tamaghnam/envs/latentvans/lib/python3.11/site-packages (from aiohttp!=4.0.0a0,!=4.0.0a1->fsspec[http]<=2026.6.0,>=2023.1.0->datasets) (1.4.0)
Requirement already satisfied: attrs>=17.3.0 in /scratch/users/anirban/tamaghnam/envs/latentvans/lib/python3.11/site-packages (from aiohttp!=4.0.0a0,!=4.0.0a1->fsspec[http]<=2026.6.0,>=2023.1.0->datasets) (26.1.0)
Requirement already satisfied: frozenlist>=1.1.1 in /scratch/users/anirban/tamaghnam/envs/latentvans/lib/python3.11/site-packages (from aiohttp!=4.0.0a0,!=4.0.0a1->fsspec[http]<=2026.6.0,>=2023.1.0->datasets) (1.8.0)
Requirement already satisfied: multidict<7.0,>=4.5 in /scratch/users/anirban/tamaghnam/envs/latentvans/lib/python3.11/site-packages (from aiohttp!=4.0.0a0,!=4.0.0a1->fsspec[http]<=2026.6.0,>=2023.1.0->datasets) (6.7.1)
Requirement already satisfied: propcache>=0.2.0 in /scratch/users/anirban/tamaghnam/envs/latentvans/lib/python3.11/site-packages (from aiohttp!=4.0.0a0,!=4.0.0a1->fsspec[http]<=2026.6.0,>=2023.1.0->datasets) (0.5.2)
Requirement already satisfied: yarl<2.0,>=1.17.0 in /scratch/users/anirban/tamaghnam/envs/latentvans/lib/python3.11/site-packages (from aiohttp!=4.0.0a0,!=4.0.0a1->fsspec[http]<=2026.6.0,>=2023.1.0->datasets) (1.24.5)
Requirement already satisfied: charset_normalizer<4,>=2 in /scratch/users/anirban/tamaghnam/envs/latentvans/lib/python3.11/site-packages (from requests>=2.32.2->datasets) (3.5.1)
Requirement already satisfied: urllib3<3,>=1.26 in /scratch/users/anirban/tamaghnam/envs/latentvans/lib/python3.11/site-packages (from requests>=2.32.2->datasets) (2.7.0)
Requirement already satisfied: python-dateutil>=2.8.2 in /scratch/users/anirban/tamaghnam/envs/latentvans/lib/python3.11/site-packages (from pandas->datasets) (2.9.0.post0)
Requirement already satisfied: six>=1.5 in /scratch/users/anirban/tamaghnam/envs/latentvans/lib/python3.11/site-packages (from python-dateutil>=2.8.2->pandas->datasets) (1.17.0)
[16:05:18] ======================================================================
[16:05:18] Loading all TwiFF targets from /scratch/users/anirban/tamaghnam/latentvans/data/future_l1_50k_metadata_full
[16:05:18] ======================================================================
[16:05:32] 50000 distinct clip files targeted for this run (start/end taken directly from each row's own meta_data)
[16:05:32] 49222 distinct source YouTube videos among those targets
[16:05:32] Sharding: this is shard 0/2 -- 24611/49222 distinct source videos assigned to it
[16:05:32] ======================================================================
[16:05:32] Downloading + cutting clips (grouped by source video)
[16:05:32] ======================================================================
[16:05:32]   [video 12/24611] yt-dlp d0OTlucki00 (1 clip(s) needed) ...
[16:05:35]     FAILED: ERROR: [youtube] d0OTlucki00: Private video
[16:05:35]   [video 43/24611] yt-dlp wZcNfq_Vdnk (1 clip(s) needed) ...
[16:05:38]     FAILED: ERROR: [youtube] wZcNfq_Vdnk: This video is unavailable
[16:05:38]   [video 45/24611] yt-dlp i8WVyvIK-14 (1 clip(s) needed) ...
[16:05:41]     FAILED: ERROR: [youtube] i8WVyvIK-14: This video is not available
[16:05:41]   [video 77/24611] yt-dlp BQAImwhnmx8 (1 clip(s) needed) ...
[16:05:44]     FAILED: ERROR: [youtube] BQAImwhnmx8: Private video
[16:05:44]   [video 102/24611] yt-dlp qyElIIlKrlg (1 clip(s) needed) ...
[16:05:48]     FAILED: ERROR: [youtube] qyElIIlKrlg: This video is not available
[16:05:48]   [video 142/24611] yt-dlp ttcAGQKdKvs (1 clip(s) needed) ...
[16:05:52]     FAILED: ERROR: [youtube] ttcAGQKdKvs: This video is not available
[16:05:52]   [video 147/24611] yt-dlp QCWkZ3yTAzk (1 clip(s) needed) ...
[16:05:56]     FAILED: ERROR: [youtube] QCWkZ3yTAzk: Please sign in. Use --cookies-from-browser or --cookies for the authentication. See  https://github.com/yt-dlp/yt-dlp/wiki/FAQ#how-do-i-pass-cookies-to-yt-dlp  for how to manually pass cookies. Also see  https://github.com/yt-dlp/yt-dlp/wiki/Extractors#exporting-youtube-cookies  for tips on effectively exporting YouTube cookies
[16:05:56]   [video 155/24611] yt-dlp un1PJ7U_ASA (1 clip(s) needed) ...
[16:06:00]     FAILED: ERROR: [youtube] un1PJ7U_ASA: Please sign in. Use --cookies-from-browser or --cookies for the authentication. See  https://github.com/yt-dlp/yt-dlp/wiki/FAQ#how-do-i-pass-cookies-to-yt-dlp  for how to manually pass cookies. Also see  https://github.com/yt-dlp/yt-dlp/wiki/Extractors#exporting-youtube-cookies  for tips on effectively exporting YouTube cookies
[16:06:00]   [video 172/24611] yt-dlp JQaBsXPSAEs (1 clip(s) needed) ...
[16:06:08]     FAILED: ERROR: [youtube] JQaBsXPSAEs: This video is unavailable
[16:06:08]   [video 178/24611] yt-dlp a_voqYLnQF8 (1 clip(s) needed) ...
[16:06:11]     FAILED: ERROR: [youtube] a_voqYLnQF8: This video is not available
[16:06:11]   [video 207/24611] yt-dlp SjRb-Z4ikOE (1 clip(s) needed) ...
[16:06:14]     FAILED: ERROR: [youtube] SjRb-Z4ikOE: Private video
[16:06:14]   [video 253/24611] yt-dlp C4Ta16hLW0w (1 clip(s) needed) ...
[16:06:17]     FAILED: ERROR: [youtube] C4Ta16hLW0w: Private video
[16:06:17]   [video 254/24611] yt-dlp kRI-XGWNJow (1 clip(s) needed) ...
[16:06:20]     FAILED: ERROR: [youtube] kRI-XGWNJow: This video is not available
[16:06:20]   [video 283/24611] yt-dlp cyyhO9e2zBo (1 clip(s) needed) ...
[16:06:23]     FAILED: ERROR: [youtube] cyyhO9e2zBo: Private video
[16:06:23]   [video 289/24611] yt-dlp EOPzjh6tSO8 (1 clip(s) needed) ...
[16:06:26]     FAILED: ERROR: [youtube] EOPzjh6tSO8: Private video
[16:06:26]   [video 299/24611] yt-dlp _Y-pFZd97Vs (1 clip(s) needed) ...
[16:06:29]     FAILED: ERROR: [youtube] _Y-pFZd97Vs: This video is not available
[16:06:29]   [video 304/24611] yt-dlp mqqx_ehU_WU (1 clip(s) needed) ...
[16:06:32]     FAILED: ERROR: [youtube] mqqx_ehU_WU: This video is not available
[16:06:32]   [video 306/24611] yt-dlp pfsvrBWq_ao (1 clip(s) needed) ...
[16:06:36]     FAILED: ERROR: [youtube] pfsvrBWq_ao: This video is not available
[16:06:36]   [video 320/24611] yt-dlp bSRkyl039dM (1 clip(s) needed) ...
[16:06:38]     FAILED: ERROR: [youtube] bSRkyl039dM: This video is unavailable
[16:06:38]   [video 321/24611] yt-dlp HtrvyBkvKs8 (1 clip(s) needed) ...
[16:06:41]     FAILED: ERROR: [youtube] HtrvyBkvKs8: Video unavailable
[16:06:41]   [video 360/24611] yt-dlp 9LTgpJ4Njr8 (1 clip(s) needed) ...
[16:06:44]     FAILED: ERROR: [youtube] 9LTgpJ4Njr8: This video is unavailable
[16:06:44]   [video 369/24611] yt-dlp goOWdeRhFHU (1 clip(s) needed) ...
[16:06:49]     FAILED: ERROR: [youtube] goOWdeRhFHU: This video is not available
[16:06:49]   [video 370/24611] yt-dlp d4rdK6fIvMg (1 clip(s) needed) ...
[16:06:51]     FAILED: ERROR: [youtube] d4rdK6fIvMg: Private video
[16:06:51]   [video 373/24611] yt-dlp 8l7x3gmFeUA (2 clip(s) needed) ...
[16:06:55]     FAILED: ERROR: [youtube] 8l7x3gmFeUA: This video is not available
[16:06:55]   [video 377/24611] yt-dlp KlP1gJX2q0Q (1 clip(s) needed) ...
[16:06:57]     FAILED: ERROR: [youtube] KlP1gJX2q0Q: This video is unavailable
[16:06:57]   [video 402/24611] yt-dlp 6u7wi0rpMsE (1 clip(s) needed) ...
[16:07:00]     FAILED: ERROR: [youtube] 6u7wi0rpMsE: Private video
[16:07:00]   [video 411/24611] yt-dlp bdzwKx1R80Y (1 clip(s) needed) ...
[16:07:04]     FAILED: ERROR: [youtube] bdzwKx1R80Y: This video is not available
[16:07:04]   [video 448/24611] yt-dlp mJiNKKDQU18 (1 clip(s) needed) ...
[16:07:07]     FAILED: ERROR: [youtube] mJiNKKDQU18: Private video
[16:07:07]   [video 472/24611] yt-dlp Odv7f4zGQY4 (1 clip(s) needed) ...
[16:07:10]     FAILED: ERROR: [youtube] Odv7f4zGQY4: Private video
[16:07:10]   [video 489/24611] yt-dlp sEBsEO75lOo (1 clip(s) needed) ...
[16:07:13]     FAILED: ERROR: [youtube] sEBsEO75lOo: This video is not available
[16:07:13]   [video 494/24611] yt-dlp 9QT5qXXl5_4 (1 clip(s) needed) ...
[16:07:17]     FAILED: ERROR: [youtube] 9QT5qXXl5_4: This video is not available
[16:07:17]   [video 502/24611] yt-dlp UZk4uWuUZT8 (1 clip(s) needed) ...
[16:07:20]     FAILED: ERROR: [youtube] UZk4uWuUZT8: This video is not available
[16:07:20]   [video 529/24611] yt-dlp XDR6hwPiO6c (1 clip(s) needed) ...
[16:07:25]     FAILED: ERROR: [youtube] XDR6hwPiO6c: Video unavailable
[16:07:25]   [video 548/24611] yt-dlp gZwk7KfAtyA (1 clip(s) needed) ...
[16:07:27]     FAILED: ERROR: [youtube] gZwk7KfAtyA: Private video
[16:07:27]   [video 589/24611] yt-dlp v7q5EAlsFM8 (1 clip(s) needed) ...
[16:07:30]     FAILED: ERROR: [youtube] v7q5EAlsFM8: Video unavailable
[16:07:30]   [video 600/24611] yt-dlp xg205sccJNg (1 clip(s) needed) ...
[16:07:33]     FAILED: ERROR: [youtube] xg205sccJNg: This video is unavailable
[16:07:33]   [video 642/24611] yt-dlp YW5yi3GxJyA (1 clip(s) needed) ...
[16:07:37]     FAILED: ERROR: [youtube] YW5yi3GxJyA: This video is not available
[16:07:37]   [video 657/24611] yt-dlp kl8XOi1k6eM (1 clip(s) needed) ...
[16:07:39]     FAILED: ERROR: [youtube] kl8XOi1k6eM: Video unavailable
[16:07:39]   [video 669/24611] yt-dlp x8QWRCURBvU (1 clip(s) needed) ...
[16:07:43]     FAILED: ERROR: [youtube] x8QWRCURBvU: Please sign in. Use --cookies-from-browser or --cookies for the authentication. See  https://github.com/yt-dlp/yt-dlp/wiki/FAQ#how-do-i-pass-cookies-to-yt-dlp  for how to manually pass cookies. Also see  https://github.com/yt-dlp/yt-dlp/wiki/Extractors#exporting-youtube-cookies  for tips on effectively exporting YouTube cookies
[16:07:43]   [video 717/24611] yt-dlp kyeFcwmoJPo (1 clip(s) needed) ...
[16:07:45]     FAILED: ERROR: [youtube] kyeFcwmoJPo: Private video
[16:07:45]   [video 734/24611] yt-dlp PDlo5Hlj7hg (1 clip(s) needed) ...
[16:07:48]     FAILED: ERROR: [youtube] PDlo5Hlj7hg: Private video
[16:07:48]   [video 741/24611] yt-dlp OAXK2tBnXO4 (1 clip(s) needed) ...
[16:07:52]     FAILED: ERROR: [youtube] OAXK2tBnXO4: This video is not available
[16:07:52]   [video 765/24611] yt-dlp krkzk8V6WVk (1 clip(s) needed) ...
[16:07:56]     FAILED: ERROR: [youtube] krkzk8V6WVk: This video is not available
[16:07:56]   [video 771/24611] yt-dlp -ji9pMcecvc (1 clip(s) needed) ...
[16:07:59]     FAILED: ERROR: [youtube] -ji9pMcecvc: Private video
[16:07:59]   [video 789/24611] yt-dlp mb2M_o-Z5WA (1 clip(s) needed) ...
[16:08:04]     FAILED: ERROR: [youtube] mb2M_o-Z5WA: Sign in to confirm your age. Use --cookies-from-browser or --cookies for the authentication. See  https://github.com/yt-dlp/yt-dlp/wiki/FAQ#how-do-i-pass-cookies-to-yt-dlp  for how to manually pass cookies. Also see  https://github.com/yt-dlp/yt-dlp/wiki/Extractors#exporting-youtube-cookies  for tips on effectively exporting YouTube cookies
[16:08:04]   [video 808/24611] yt-dlp TjriIhGE9pc (1 clip(s) needed) ...
[16:08:12]     FAILED: ERROR: [youtube] TjriIhGE9pc: This video is not available
[16:08:12]   [video 827/24611] yt-dlp xfmYI6vXz0w (1 clip(s) needed) ...
[16:08:15]     FAILED: ERROR: [youtube] xfmYI6vXz0w: This video is not available
[16:08:15]   [video 832/24611] yt-dlp bmXnI4veZWk (1 clip(s) needed) ...
[16:08:19]     FAILED: ERROR: [youtube] bmXnI4veZWk: Join this channel to get access to members-only content like this video, and other exclusive perks.
[16:08:19]   [video 833/24611] yt-dlp dauZWcHI9Y0 (1 clip(s) needed) ...
[16:08:23]     FAILED: ERROR: [youtube] dauZWcHI9Y0: This video is not available
[16:08:23]   [video 835/24611] yt-dlp Mu-FQ2kWRRU (1 clip(s) needed) ...
[16:08:26]     FAILED: ERROR: [youtube] Mu-FQ2kWRRU: Private video
[16:08:26]   [video 848/24611] yt-dlp 4wD8De2g6A4 (1 clip(s) needed) ...
[16:08:29]     FAILED: ERROR: [youtube] 4wD8De2g6A4: This video is not available
[16:08:29]   [video 859/24611] yt-dlp lxEZUUmVxAA (1 clip(s) needed) ...
[16:08:32]     FAILED: ERROR: [youtube] lxEZUUmVxAA: Private video
[16:08:32]   [video 864/24611] yt-dlp klI1VsHc5So (1 clip(s) needed) ...
[16:08:36]     FAILED: ERROR: [youtube] klI1VsHc5So: Sign in to confirm your age. Use --cookies-from-browser or --cookies for the authentication. See  https://github.com/yt-dlp/yt-dlp/wiki/FAQ#how-do-i-pass-cookies-to-yt-dlp  for how to manually pass cookies. Also see  https://github.com/yt-dlp/yt-dlp/wiki/Extractors#exporting-youtube-cookies  for tips on effectively exporting YouTube cookies
[16:08:36]   [video 880/24611] yt-dlp AgpQbzTwXEA (1 clip(s) needed) ...
[16:08:39]     FAILED: ERROR: [youtube] AgpQbzTwXEA: This video is not available
[16:08:39]   [video 895/24611] yt-dlp qMmctadwtzY (1 clip(s) needed) ...
[16:08:43]     FAILED: ERROR: [youtube] qMmctadwtzY: This video is unavailable
[16:08:43]   [video 959/24611] yt-dlp U_Va8Ok6kzc (2 clip(s) needed) ...
[16:08:46]     FAILED: ERROR: [youtube] U_Va8Ok6kzc: This video is not available
[16:08:46]   [video 972/24611] yt-dlp CApbW_3w1jg (1 clip(s) needed) ...
[16:08:48]     FAILED: ERROR: [youtube] CApbW_3w1jg: This video is unavailable
[16:08:48]   [video 975/24611] yt-dlp ubgm7yr5jTo (1 clip(s) needed) ...
[16:08:53]     FAILED: ERROR: [youtube] ubgm7yr5jTo: This video is not available
[16:08:53]   [video 982/24611] yt-dlp AwcVN-OOCa4 (1 clip(s) needed) ...
[16:08:56]     FAILED: ERROR: [youtube] AwcVN-OOCa4: This video is not available
[16:08:56]   [video 1015/24611] yt-dlp 4XV24cKSz4U (1 clip(s) needed) ...
[16:08:59]     FAILED: ERROR: [youtube] 4XV24cKSz4U: This video is not available
[16:08:59]   [video 1049/24611] yt-dlp zUGtGlUi9Ck (1 clip(s) needed) ...
[16:09:02]     FAILED: ERROR: [youtube] zUGtGlUi9Ck: This video is not available
[16:09:02]   [video 1065/24611] yt-dlp owDKO3U9GVk (1 clip(s) needed) ...
[16:09:05]     FAILED: ERROR: [youtube] owDKO3U9GVk: This video is unavailable
[16:09:05]   [video 1075/24611] yt-dlp X-Y2L_4v5mg (1 clip(s) needed) ...
[16:09:08]     FAILED: ERROR: [youtube] X-Y2L_4v5mg: Private video
[16:09:08]   [video 1085/24611] yt-dlp -A0f9CJH424 (1 clip(s) needed) ...
[16:09:12]     FAILED: ERROR: [youtube] -A0f9CJH424: This video is not available
[16:09:12]   [video 1105/24611] yt-dlp zKdFoAiFE6k (1 clip(s) needed) ...
[16:09:14]     FAILED: ERROR: [youtube] zKdFoAiFE6k: This video is unavailable
[16:09:14]   [video 1112/24611] yt-dlp y_infTa_zY4 (1 clip(s) needed) ...
[16:09:18]     FAILED: ERROR: [youtube] y_infTa_zY4: This video is not available
[16:09:18]   [video 1126/24611] yt-dlp cb01ZXlpLqY (1 clip(s) needed) ...
[16:09:20]     FAILED: ERROR: [youtube] cb01ZXlpLqY: Private video
[16:09:20]   [video 1155/24611] yt-dlp aKyrH5VVt24 (1 clip(s) needed) ...
[16:09:23]     FAILED: ERROR: [youtube] aKyrH5VVt24: Private video
[16:09:23]   [video 1160/24611] yt-dlp 0N2tkmCgmNs (1 clip(s) needed) ...
[16:09:26]     FAILED: ERROR: [youtube] 0N2tkmCgmNs: This video is not available
[16:09:26]   [video 1163/24611] yt-dlp V7_qf-yzZsY (1 clip(s) needed) ...
[16:09:30]     FAILED: ERROR: [youtube] V7_qf-yzZsY: Please sign in. Use --cookies-from-browser or --cookies for the authentication. See  https://github.com/yt-dlp/yt-dlp/wiki/FAQ#how-do-i-pass-cookies-to-yt-dlp  for how to manually pass cookies. Also see  https://github.com/yt-dlp/yt-dlp/wiki/Extractors#exporting-youtube-cookies  for tips on effectively exporting YouTube cookies
[16:09:30]   [video 1195/24611] yt-dlp SfuKlyh6F88 (1 clip(s) needed) ...
[16:09:32]     FAILED: ERROR: [youtube] SfuKlyh6F88: Private video
[16:09:32]   [video 1210/24611] yt-dlp -2bTqRSpSdg (1 clip(s) needed) ...
[16:09:36]     FAILED: ERROR: [youtube] -2bTqRSpSdg: This video is not available
[16:09:36]   [video 1236/24611] yt-dlp bRcv5Xg3XFk (1 clip(s) needed) ...
[16:09:39]     FAILED: ERROR: [youtube] bRcv5Xg3XFk: Please sign in. Use --cookies-from-browser or --cookies for the authentication. See  https://github.com/yt-dlp/yt-dlp/wiki/FAQ#how-do-i-pass-cookies-to-yt-dlp  for how to manually pass cookies. Also see  https://github.com/yt-dlp/yt-dlp/wiki/Extractors#exporting-youtube-cookies  for tips on effectively exporting YouTube cookies
[16:09:39]   [video 1240/24611] yt-dlp CqMMG05l8qw (1 clip(s) needed) ...
[16:09:43]     FAILED: ERROR: [youtube] CqMMG05l8qw: Video unavailable
[16:09:43]   [video 1257/24611] yt-dlp HuxQLLFSmIA (1 clip(s) needed) ...
[16:09:45]     FAILED: ERROR: [youtube] HuxQLLFSmIA: Private video
[16:09:45]   [video 1265/24611] yt-dlp C-ZNt1pFKXw (1 clip(s) needed) ...
[16:09:49]     FAILED: ERROR: [youtube] C-ZNt1pFKXw: This video is not available
[16:09:49]   [video 1313/24611] yt-dlp quBpwLGrrSE (1 clip(s) needed) ...
[16:09:52]     FAILED: ERROR: [youtube] quBpwLGrrSE: This video is not available
[16:09:52]   [video 1343/24611] yt-dlp l6vNVGydDtg (1 clip(s) needed) ...
[16:09:55]     FAILED: ERROR: [youtube] l6vNVGydDtg: Please sign in. Use --cookies-from-browser or --cookies for the authentication. See  https://github.com/yt-dlp/yt-dlp/wiki/FAQ#how-do-i-pass-cookies-to-yt-dlp  for how to manually pass cookies. Also see  https://github.com/yt-dlp/yt-dlp/wiki/Extractors#exporting-youtube-cookies  for tips on effectively exporting YouTube cookies
[16:09:55]   [video 1359/24611] yt-dlp bQFK_M3uEJk (1 clip(s) needed) ...
[16:09:58]     FAILED: ERROR: [youtube] bQFK_M3uEJk: Private video
[16:09:58]   [video 1421/24611] yt-dlp J_pKNAldA8I (1 clip(s) needed) ...
[16:10:01]     FAILED: ERROR: [youtube] J_pKNAldA8I: This video is not available
[16:10:01]   [video 1429/24611] yt-dlp 17mkDb5-Prk (1 clip(s) needed) ...
[16:10:05]     FAILED: ERROR: [youtube] 17mkDb5-Prk: This video is not available
[16:10:05]   [video 1432/24611] yt-dlp F2-gU9Bq1lM (1 clip(s) needed) ...
[16:10:07]     FAILED: ERROR: [youtube] F2-gU9Bq1lM: Private video
[16:10:07]   [video 1440/24611] yt-dlp XQ0RPtdReYA (1 clip(s) needed) ...
[16:10:11]     FAILED: ERROR: [youtube] XQ0RPtdReYA: Sign in to confirm your age. Use --cookies-from-browser or --cookies for the authentication. See  https://github.com/yt-dlp/yt-dlp/wiki/FAQ#how-do-i-pass-cookies-to-yt-dlp  for how to manually pass cookies. Also see  https://github.com/yt-dlp/yt-dlp/wiki/Extractors#exporting-youtube-cookies  for tips on effectively exporting YouTube cookies
[16:10:11]   [video 1442/24611] yt-dlp UztsLI2h_vA (1 clip(s) needed) ...
[16:10:15]     FAILED: ERROR: [youtube] UztsLI2h_vA: This video is not available
[16:10:15]   [video 1491/24611] yt-dlp QuylfrzPES4 (1 clip(s) needed) ...
[16:10:19]     FAILED: ERROR: [youtube] QuylfrzPES4: Please sign in. Use --cookies-from-browser or --cookies for the authentication. See  https://github.com/yt-dlp/yt-dlp/wiki/FAQ#how-do-i-pass-cookies-to-yt-dlp  for how to manually pass cookies. Also see  https://github.com/yt-dlp/yt-dlp/wiki/Extractors#exporting-youtube-cookies  for tips on effectively exporting YouTube cookies
[16:10:19]   [video 1505/24611] yt-dlp UNs4i-pb77Y (1 clip(s) needed) ...
[16:10:22]     FAILED: ERROR: [youtube] UNs4i-pb77Y: This video is not available
[16:10:22]   [video 1506/24611] yt-dlp inGXq_axOFY (1 clip(s) needed) ...
[16:10:26]     FAILED: ERROR: [youtube] inGXq_axOFY: This video is not available
[16:10:27]   [video 1529/24611] yt-dlp cV-2_TKC-1w (1 clip(s) needed) ...
[16:10:29]     FAILED: ERROR: [youtube] cV-2_TKC-1w: This video is unavailable
[16:10:29]   [video 1531/24611] yt-dlp HBDeRRb2edw (1 clip(s) needed) ...
[16:10:32]     FAILED: ERROR: [youtube] HBDeRRb2edw: Private video
[16:10:32]   [video 1550/24611] yt-dlp 7kcRGfAWhx0 (1 clip(s) needed) ...
[16:10:35]     FAILED: ERROR: [youtube] 7kcRGfAWhx0: Private video
[16:10:35]   [video 1590/24611] yt-dlp pqDfd3VU7sQ (1 clip(s) needed) ...
[16:10:39]     FAILED: ERROR: [youtube] pqDfd3VU7sQ: This video is not available
[16:10:40]   [video 1602/24611] yt-dlp EXjWJZJiujA (1 clip(s) needed) ...
[16:10:44]     FAILED: ERROR: [youtube] EXjWJZJiujA: This video is not available
[16:10:44]   [video 1610/24611] yt-dlp X11X7IX_bZ4 (1 clip(s) needed) ...
[16:10:47]     FAILED: ERROR: [youtube] X11X7IX_bZ4: This video is unavailable
[16:10:47]   [video 1616/24611] yt-dlp 4S2mSE4XIDg (1 clip(s) needed) ...
[16:10:50]     FAILED: ERROR: [youtube] 4S2mSE4XIDg: Please sign in. Use --cookies-from-browser or --cookies for the authentication. See  https://github.com/yt-dlp/yt-dlp/wiki/FAQ#how-do-i-pass-cookies-to-yt-dlp  for how to manually pass cookies. Also see  https://github.com/yt-dlp/yt-dlp/wiki/Extractors#exporting-youtube-cookies  for tips on effectively exporting YouTube cookies
[16:10:50]   [video 1627/24611] yt-dlp zFCqH4FnYVk (1 clip(s) needed) ...
[16:10:55]     FAILED: ERROR: [youtube] zFCqH4FnYVk: This video is not available
[16:10:55]   [video 1637/24611] yt-dlp 5_rqoMJyfuE (1 clip(s) needed) ...
[16:10:57]     FAILED: ERROR: [youtube] 5_rqoMJyfuE: Private video
[16:10:57]   [video 1676/24611] yt-dlp Il9qpGFNUCk (1 clip(s) needed) ...
[16:11:02]     FAILED: ERROR: [youtube] Il9qpGFNUCk: This video is not available
[16:11:02]   [video 1683/24611] yt-dlp 7lUDf3nLDPA (1 clip(s) needed) ...
[16:11:05]     FAILED: ERROR: [youtube] 7lUDf3nLDPA: Please sign in. Use --cookies-from-browser or --cookies for the authentication. See  https://github.com/yt-dlp/yt-dlp/wiki/FAQ#how-do-i-pass-cookies-to-yt-dlp  for how to manually pass cookies. Also see  https://github.com/yt-dlp/yt-dlp/wiki/Extractors#exporting-youtube-cookies  for tips on effectively exporting YouTube cookies
[16:11:05]   [video 1687/24611] yt-dlp I-7BV8Jm8QQ (1 clip(s) needed) ...
[16:11:09]     FAILED: ERROR: [youtube] I-7BV8Jm8QQ: Sign in to confirm your age. Use --cookies-from-browser or --cookies for the authentication. See  https://github.com/yt-dlp/yt-dlp/wiki/FAQ#how-do-i-pass-cookies-to-yt-dlp  for how to manually pass cookies. Also see  https://github.com/yt-dlp/yt-dlp/wiki/Extractors#exporting-youtube-cookies  for tips on effectively exporting YouTube cookies
[16:11:09]   [video 1688/24611] yt-dlp GwiGhHvDY40 (1 clip(s) needed) ...
[16:11:13]     FAILED: ERROR: [youtube] GwiGhHvDY40: This video is not available
[16:11:13]   [video 1732/24611] yt-dlp w6pr5IH6qfs (1 clip(s) needed) ...
[16:11:17]     FAILED: ERROR: [youtube] w6pr5IH6qfs: This video is not available
[16:11:17]   [video 1751/24611] yt-dlp KkaCIVLCLUE (1 clip(s) needed) ...
[16:11:20]     FAILED: ERROR: [youtube] KkaCIVLCLUE: Private video
[16:11:20]   [video 1764/24611] yt-dlp OAXDpUhiR2U (1 clip(s) needed) ...
[16:11:23]     FAILED: ERROR: [youtube] OAXDpUhiR2U: This video is not available
[16:11:23]   [video 1776/24611] yt-dlp gsJ6CJ4_Zhw (1 clip(s) needed) ...
[16:11:26]     FAILED: ERROR: [youtube] gsJ6CJ4_Zhw: This video is not available
[16:11:26]   [video 1795/24611] yt-dlp Z8idlrwVDfE (1 clip(s) needed) ...
[16:11:42]     [1854/25012] cutting Z8idlrwVDfE-0:01:24.733-0:01:33.033.mp4 (0:01:24.733 -> 0:01:33.033)
[16:11:43]   [video 1830/24611] yt-dlp E2JekGOa2-M (1 clip(s) needed) ...
[16:11:46]     FAILED: ERROR: [youtube] E2JekGOa2-M: Private video
[16:11:46]   [video 1847/24611] yt-dlp DkaJ0d9Q7m0 (1 clip(s) needed) ...
[16:11:50]     FAILED: ERROR: [youtube] DkaJ0d9Q7m0: This video is not available
[16:11:50]   [video 1864/24611] yt-dlp NfY9VZzQfqQ (1 clip(s) needed) ...
[16:11:53]     FAILED: ERROR: [youtube] NfY9VZzQfqQ: This video is unavailable
[16:11:53]   [video 1881/24611] yt-dlp AipbRfRnQBg (1 clip(s) needed) ...
[16:11:56]     FAILED: ERROR: [youtube] AipbRfRnQBg: This video is not available
[16:11:56]   [video 1905/24611] yt-dlp o7MY09GLnSc (1 clip(s) needed) ...
[16:12:00]     FAILED: ERROR: [youtube] o7MY09GLnSc: Video unavailable
[16:12:00]   [video 1906/24611] yt-dlp XOCbiwMVYx0 (1 clip(s) needed) ...
[16:12:03]     FAILED: ERROR: [youtube] XOCbiwMVYx0: This video is unavailable
[16:12:04]   [video 1923/24611] yt-dlp ziv_QUObQ98 (1 clip(s) needed) ...
[16:12:08]     FAILED: ERROR: [youtube] ziv_QUObQ98: This video is not available
[16:12:08]   [video 1937/24611] yt-dlp Ke_v9d-PHhY (1 clip(s) needed) ...
[16:12:12]     FAILED: ERROR: [youtube] Ke_v9d-PHhY: Please sign in. Use --cookies-from-browser or --cookies for the authentication. See  https://github.com/yt-dlp/yt-dlp/wiki/FAQ#how-do-i-pass-cookies-to-yt-dlp  for how to manually pass cookies. Also see  https://github.com/yt-dlp/yt-dlp/wiki/Extractors#exporting-youtube-cookies  for tips on effectively exporting YouTube cookies
[16:12:12]   [video 1971/24611] yt-dlp 5ja2gcMQO9I (1 clip(s) needed) ...
[16:12:15]     FAILED: ERROR: [youtube] 5ja2gcMQO9I: This video is not available
[16:12:16]   [video 2007/24611] yt-dlp g7IhQi2ugmo (1 clip(s) needed) ...
[16:12:24]     FAILED: ERROR: [youtube] g7IhQi2ugmo: This video is not available
[16:12:24]   [video 2011/24611] yt-dlp Yuugg1pran0 (1 clip(s) needed) ...
[16:12:27]     FAILED: ERROR: [youtube] Yuugg1pran0: This video is not available
[16:12:28]   [video 2049/24611] yt-dlp 84GywC3Vtx0 (1 clip(s) needed) ...
[16:12:33]     FAILED: ERROR: [youtube] 84GywC3Vtx0: This video is not available
[16:12:33]   [video 2055/24611] yt-dlp ot0a1KhaPuU (1 clip(s) needed) ...
[16:12:37]     FAILED: ERROR: [youtube] ot0a1KhaPuU: This video is not available
[16:12:37]   [video 2064/24611] yt-dlp _b5Llmn_gGE (1 clip(s) needed) ...
[16:12:39]     FAILED: ERROR: [youtube] _b5Llmn_gGE: This video is unavailable
[16:12:39]   [video 2102/24611] yt-dlp fUqoGLSPflQ (1 clip(s) needed) ...
[16:12:43]     FAILED: ERROR: [youtube] fUqoGLSPflQ: This video is not available
[16:12:43]   [video 2143/24611] yt-dlp yzrr8G_Z55c (1 clip(s) needed) ...
[16:12:46]     FAILED: ERROR: [youtube] yzrr8G_Z55c: This video is not available
[16:12:46]   [video 2201/24611] yt-dlp aI_r2fAsuG4 (1 clip(s) needed) ...
[16:12:50]     FAILED: ERROR: [youtube] aI_r2fAsuG4: This video is not available
[16:12:50]   [video 2213/24611] yt-dlp G1ikvDMyF4A (1 clip(s) needed) ...
[16:12:53]     FAILED: ERROR: [youtube] G1ikvDMyF4A: This video is not available
[16:12:53]   [video 2220/24611] yt-dlp eB2bLEVz3Uo (1 clip(s) needed) ...
[16:12:56]     FAILED: ERROR: [youtube] eB2bLEVz3Uo: This video is not available
[16:12:57]   [video 2233/24611] yt-dlp CsMt0i70ojU (1 clip(s) needed) ...
[16:12:59]     FAILED: ERROR: [youtube] CsMt0i70ojU: This video is unavailable
[16:12:59]   [video 2237/24611] yt-dlp qvvvhsyX7LI (1 clip(s) needed) ...
[16:13:02]     FAILED: ERROR: [youtube] qvvvhsyX7LI: This video is unavailable
[16:13:02]   [video 2242/24611] yt-dlp ofmeJQBiOWc (1 clip(s) needed) ...
[16:13:05]     FAILED: ERROR: [youtube] ofmeJQBiOWc: This video is unavailable
[16:13:05]   [video 2249/24611] yt-dlp IEVLjuGKSIU (1 clip(s) needed) ...
[16:13:08]     FAILED: ERROR: [youtube] IEVLjuGKSIU: Please sign in. Use --cookies-from-browser or --cookies for the authentication. See  https://github.com/yt-dlp/yt-dlp/wiki/FAQ#how-do-i-pass-cookies-to-yt-dlp  for how to manually pass cookies. Also see  https://github.com/yt-dlp/yt-dlp/wiki/Extractors#exporting-youtube-cookies  for tips on effectively exporting YouTube cookies
[16:13:08]   [video 2255/24611] yt-dlp hSNFI1lhOr0 (1 clip(s) needed) ...
[16:13:11]     FAILED: ERROR: [youtube] hSNFI1lhOr0: Private video
[16:13:12]   [video 2294/24611] yt-dlp PKUXlqbIagw (1 clip(s) needed) ...
[16:13:14]     FAILED: ERROR: [youtube] PKUXlqbIagw: Video unavailable
[16:13:14]   [video 2295/24611] yt-dlp SpI36kPGCgU (1 clip(s) needed) ...
[16:13:18]     FAILED: ERROR: [youtube] SpI36kPGCgU: This video is not available
[16:13:18]   [video 2338/24611] yt-dlp 4fcZALDeXQI (1 clip(s) needed) ...
[16:13:21]     FAILED: ERROR: [youtube] 4fcZALDeXQI: This video is not available
[16:13:21]   [video 2354/24611] yt-dlp uH0BXYKikEo (1 clip(s) needed) ...
[16:13:24]     FAILED: ERROR: [youtube] uH0BXYKikEo: Private video
[16:13:24]   [video 2360/24611] yt-dlp oT5LotdvTwU (1 clip(s) needed) ...
[16:13:27]     FAILED: ERROR: [youtube] oT5LotdvTwU: This video is unavailable
[16:13:27]   [video 2378/24611] yt-dlp K2tEtuk0RV4 (1 clip(s) needed) ...
[16:13:30]     FAILED: ERROR: [youtube] K2tEtuk0RV4: This video is not available
[16:13:31]   [video 2393/24611] yt-dlp 4wex30FASrU (1 clip(s) needed) ...
[16:13:34]     FAILED: ERROR: [youtube] 4wex30FASrU: This video is not available
[16:13:35]   [video 2426/24611] yt-dlp sl-hV1OWRjI (1 clip(s) needed) ...
[16:13:38]     FAILED: ERROR: [youtube] sl-hV1OWRjI: This video is not available
[16:13:39]   [video 2446/24611] yt-dlp xBb3hhiK4AM (1 clip(s) needed) ...
[16:13:42]     FAILED: ERROR: [youtube] xBb3hhiK4AM: This video is not available
[16:13:43]   [video 2452/24611] yt-dlp yRkFcw6Jnls (1 clip(s) needed) ...
[16:13:45]     FAILED: ERROR: [youtube] yRkFcw6Jnls: Private video
[16:13:46]   [video 2486/24611] yt-dlp mRrw6YjL920 (1 clip(s) needed) ...
[16:13:48]     FAILED: ERROR: [youtube] mRrw6YjL920: Private video
[16:13:48]   [video 2512/24611] yt-dlp BMuNoUDWMeo (1 clip(s) needed) ...
[16:13:51]     FAILED: ERROR: [youtube] BMuNoUDWMeo: Private video
[16:13:51]   [video 2517/24611] yt-dlp A2U5DskEyqk (1 clip(s) needed) ...
[16:13:54]     FAILED: ERROR: [youtube] A2U5DskEyqk: This video is unavailable
[16:13:54]   [video 2579/24611] yt-dlp 2SIPsNVDFpQ (1 clip(s) needed) ...
[16:13:57]     FAILED: ERROR: [youtube] 2SIPsNVDFpQ: Private video
[16:13:57]   [video 2634/24611] yt-dlp 4UtZDP8jPxQ (1 clip(s) needed) ...
[16:14:00]     FAILED: ERROR: [youtube] 4UtZDP8jPxQ: This video is not available
[16:14:00]   [video 2642/24611] yt-dlp _XPQo-naNmY (1 clip(s) needed) ...
[16:14:04]     FAILED: ERROR: [youtube] _XPQo-naNmY: This video is not available
[16:14:04]   [video 2668/24611] yt-dlp sLD8bU7VVOA (1 clip(s) needed) ...
[16:14:08]     FAILED: ERROR: [youtube] sLD8bU7VVOA: This video is not available
[16:14:08]   [video 2672/24611] yt-dlp TxMw08UPIyM (1 clip(s) needed) ...
[16:14:11]     FAILED: ERROR: [youtube] TxMw08UPIyM: This video is not available
[16:14:12]   [video 2690/24611] yt-dlp q8_Sqn2uPt4 (1 clip(s) needed) ...
[16:14:15]     FAILED: ERROR: [youtube] q8_Sqn2uPt4: Private video
[16:14:15]   [video 2693/24611] yt-dlp fcz_fDCYApU (1 clip(s) needed) ...
[16:14:19]     FAILED: ERROR: [youtube] fcz_fDCYApU: This video is not available
[16:14:19]   [video 2718/24611] yt-dlp QX-Rrz9-Zmw (1 clip(s) needed) ...
[16:14:22]     FAILED: ERROR: [youtube] QX-Rrz9-Zmw: Private video
[16:14:23]   [video 2749/24611] yt-dlp MTI-kyqMopE (1 clip(s) needed) ...
[16:14:26]     FAILED: ERROR: [youtube] MTI-kyqMopE: This video is not available
[16:14:26]   [video 2752/24611] yt-dlp VUThYkm2MrQ (2 clip(s) needed) ...
[16:14:29]     FAILED: ERROR: [youtube] VUThYkm2MrQ: This video is unavailable
[16:14:30]   [video 2770/24611] yt-dlp adCSmeEDpQo (1 clip(s) needed) ...
[16:14:33]     FAILED: ERROR: [youtube] adCSmeEDpQo: This video is not available
[16:14:33]   [video 2802/24611] yt-dlp oK5vvnfcbGo (1 clip(s) needed) ...
[16:14:37]     FAILED: ERROR: [youtube] oK5vvnfcbGo: Private video
[16:14:37]   [video 2803/24611] yt-dlp FtYUcJSReDI (1 clip(s) needed) ...
[16:14:40]     FAILED: ERROR: [youtube] FtYUcJSReDI: Private video
[16:14:40]   [video 2832/24611] yt-dlp yUI_Qy3wd4w (1 clip(s) needed) ...
[16:14:43]     FAILED: ERROR: [youtube] yUI_Qy3wd4w: Private video
[16:14:43]   [video 2834/24611] yt-dlp XoMPjivP7Cc (1 clip(s) needed) ...
[16:14:47]     FAILED: ERROR: [youtube] XoMPjivP7Cc: This video is unavailable
[16:14:47]   [video 2869/24611] yt-dlp a1VU3TRCLCo (1 clip(s) needed) ...
[16:14:50]     FAILED: ERROR: [youtube] a1VU3TRCLCo: Video unavailable
[16:14:50]   [video 2871/24611] yt-dlp ytK8VQgo9xw (1 clip(s) needed) ...
[16:14:53]     FAILED: ERROR: [youtube] ytK8VQgo9xw: Private video
[16:14:53]   [video 2876/24611] yt-dlp 8mO18nimlH8 (1 clip(s) needed) ...
[16:14:56]     FAILED: ERROR: [youtube] 8mO18nimlH8: This video is not available
[16:14:56]   [video 2890/24611] yt-dlp VjOneaURpbQ (1 clip(s) needed) ...
[16:14:59]     FAILED: ERROR: [youtube] VjOneaURpbQ: This video is unavailable
[16:15:00]   [video 3027/24611] yt-dlp Z-cFK2UKb_s (1 clip(s) needed) ...
[16:15:03]     FAILED: ERROR: [youtube] Z-cFK2UKb_s: This video is not available
[16:15:03]   [video 3052/24611] yt-dlp daq4AqAUjxo (1 clip(s) needed) ...
[16:15:07]     FAILED: ERROR: [youtube] daq4AqAUjxo: This video is not available
[16:15:07]   [video 3054/24611] yt-dlp lSwU0hPvJfE (1 clip(s) needed) ...
[16:15:10]     FAILED: ERROR: [youtube] lSwU0hPvJfE: Please sign in. Use --cookies-from-browser or --cookies for the authentication. See  https://github.com/yt-dlp/yt-dlp/wiki/FAQ#how-do-i-pass-cookies-to-yt-dlp  for how to manually pass cookies. Also see  https://github.com/yt-dlp/yt-dlp/wiki/Extractors#exporting-youtube-cookies  for tips on effectively exporting YouTube cookies
[16:15:10]   [video 3055/24611] yt-dlp s2jvjUjD7VA (1 clip(s) needed) ...
[16:15:13]     FAILED: ERROR: [youtube] s2jvjUjD7VA: This video is unavailable
[16:15:13]   [video 3073/24611] yt-dlp In7GmzjxMac (1 clip(s) needed) ...
[16:15:16]     FAILED: ERROR: [youtube] In7GmzjxMac: Private video
[16:15:16]   [video 3081/24611] yt-dlp sl8uPLRN4kw (1 clip(s) needed) ...
[16:15:19]     FAILED: ERROR: [youtube] sl8uPLRN4kw: This video is not available
[16:15:20]   [video 3133/24611] yt-dlp CJjq_heGdxg (1 clip(s) needed) ...
[16:15:23]     FAILED: ERROR: [youtube] CJjq_heGdxg: This video is unavailable
[16:15:23]   [video 3143/24611] yt-dlp Pbk_TukVTww (1 clip(s) needed) ...
[16:15:26]     FAILED: ERROR: [youtube] Pbk_TukVTww: This video is not available
[16:15:26]   [video 3146/24611] yt-dlp yfNUxgshDD4 (1 clip(s) needed) ...
[16:15:29]     FAILED: ERROR: [youtube] yfNUxgshDD4: Private video
[16:15:29]   [video 3152/24611] yt-dlp qiMYort7zMk (1 clip(s) needed) ...
[16:15:33]     FAILED: ERROR: [youtube] qiMYort7zMk: This video is unavailable
[16:15:33]   [video 3167/24611] yt-dlp qwraik51mBE (1 clip(s) needed) ...
[16:15:36]     FAILED: ERROR: [youtube] qwraik51mBE: This video is not available
[16:15:37]   [video 3193/24611] yt-dlp GXj6VH3emxk (1 clip(s) needed) ...
[16:15:40]     FAILED: ERROR: [youtube] GXj6VH3emxk: This video is not available
[16:15:40]   [video 3210/24611] yt-dlp ypria02TXe0 (1 clip(s) needed) ...
[16:15:43]     FAILED: ERROR: [youtube] ypria02TXe0: This video is unavailable
[16:15:43]   [video 3248/24611] yt-dlp QkqUbZjd7eo (1 clip(s) needed) ...
[16:15:47]     FAILED: ERROR: [youtube] QkqUbZjd7eo: This video is not available
[16:15:47]   [video 3268/24611] yt-dlp j8rl11LLRbs (1 clip(s) needed) ...
[16:15:50]     FAILED: ERROR: [youtube] j8rl11LLRbs: This video is unavailable
[16:15:50]   [video 3277/24611] yt-dlp o6mcMLI88sI (1 clip(s) needed) ...
[16:15:53]     FAILED: ERROR: [youtube] o6mcMLI88sI: This video is not available
[16:15:53]   [video 3286/24611] yt-dlp lOx9GX3xfz4 (1 clip(s) needed) ...
[16:15:57]     FAILED: ERROR: [youtube] lOx9GX3xfz4: This video is not available
[16:15:57]   [video 3293/24611] yt-dlp ZG_8x33muPM (1 clip(s) needed) ...
[16:16:00]     FAILED: ERROR: [youtube] ZG_8x33muPM: Private video
[16:16:00]   [video 3297/24611] yt-dlp 22QrbBglz8o (1 clip(s) needed) ...
[16:16:03]     FAILED: ERROR: [youtube] 22QrbBglz8o: Private video
[16:16:03]   [video 3304/24611] yt-dlp G_-XmTYZNfs (1 clip(s) needed) ...
[16:16:06]     FAILED: ERROR: [youtube] G_-XmTYZNfs: This video is unavailable
[16:16:06]   [video 3323/24611] yt-dlp aX0NlOpnMfk (1 clip(s) needed) ...
[16:16:10]     FAILED: ERROR: [youtube] aX0NlOpnMfk: This video is not available
[16:16:10]   [video 3334/24611] yt-dlp AQ0oLkwWV_A (1 clip(s) needed) ...
[16:16:14]     FAILED: ERROR: [youtube] AQ0oLkwWV_A: This video is not available
[16:16:14]   [video 3362/24611] yt-dlp aPEhKm2F6eY (1 clip(s) needed) ...
[16:16:17]     FAILED: ERROR: [youtube] aPEhKm2F6eY: Please sign in. Use --cookies-from-browser or --cookies for the authentication. See  https://github.com/yt-dlp/yt-dlp/wiki/FAQ#how-do-i-pass-cookies-to-yt-dlp  for how to manually pass cookies. Also see  https://github.com/yt-dlp/yt-dlp/wiki/Extractors#exporting-youtube-cookies  for tips on effectively exporting YouTube cookies
[16:16:17]   [video 3365/24611] yt-dlp vqpRwCggnSs (1 clip(s) needed) ...
[16:16:20]     FAILED: ERROR: [youtube] vqpRwCggnSs: Private video
[16:16:21]   [video 3378/24611] yt-dlp AiDlOXl74e4 (2 clip(s) needed) ...
[16:16:24]     FAILED: ERROR: [youtube] AiDlOXl74e4: This video is unavailable
[16:16:24]   [video 3396/24611] yt-dlp eWaaOdRCIVU (1 clip(s) needed) ...
[16:16:27]     FAILED: ERROR: [youtube] eWaaOdRCIVU: This video is not available
[16:16:28]   [video 3418/24611] yt-dlp F1MigpEiI9I (1 clip(s) needed) ...
[16:16:36]     FAILED: ERROR: [youtube] F1MigpEiI9I: Private video
[16:16:36]   [video 3445/24611] yt-dlp 2_4_xP-a_Rg (1 clip(s) needed) ...
[16:16:39]     FAILED: ERROR: [youtube] 2_4_xP-a_Rg: Video unavailable
[16:16:39]   [video 3459/24611] yt-dlp aeDyRirDGQw (1 clip(s) needed) ...
[16:16:43]     FAILED: ERROR: [youtube] aeDyRirDGQw: This video is not available
[16:16:43]   [video 3460/24611] yt-dlp EQrXYj3FeS4 (1 clip(s) needed) ...
[16:16:46]     FAILED: ERROR: [youtube] EQrXYj3FeS4: This video is not available
[16:16:46]   [video 3478/24611] yt-dlp OlJAPO18F6U (1 clip(s) needed) ...
[16:16:50]     FAILED: ERROR: [youtube] OlJAPO18F6U: This video is not available
[16:16:50]   [video 3481/24611] yt-dlp Xucltut4zGo (1 clip(s) needed) ...
[16:16:53]     FAILED: ERROR: [youtube] Xucltut4zGo: This video is not available
[16:16:54]   [video 3494/24611] yt-dlp NIH8-FlGRQs (1 clip(s) needed) ...
[16:16:57]     FAILED: ERROR: [youtube] NIH8-FlGRQs: Private video
[16:16:57]   [video 3512/24611] yt-dlp 24-HAJRU0rI (1 clip(s) needed) ...
[16:17:01]     FAILED: ERROR: [youtube] 24-HAJRU0rI: Private video
[16:17:01]   [video 3531/24611] yt-dlp i7PPx5Iperw (1 clip(s) needed) ...
[16:17:04]     FAILED: ERROR: [youtube] i7PPx5Iperw: This video is unavailable
[16:17:04]   [video 3549/24611] yt-dlp D0_Gt5LeIJE (2 clip(s) needed) ...
[16:17:08]     FAILED: ERROR: [youtube] D0_Gt5LeIJE: Please sign in. Use --cookies-from-browser or --cookies for the authentication. See  https://github.com/yt-dlp/yt-dlp/wiki/FAQ#how-do-i-pass-cookies-to-yt-dlp  for how to manually pass cookies. Also see  https://github.com/yt-dlp/yt-dlp/wiki/Extractors#exporting-youtube-cookies  for tips on effectively exporting YouTube cookies
[16:17:08]   [video 3555/24611] yt-dlp xbSHjlcydfg (1 clip(s) needed) ...
[16:17:11]     FAILED: ERROR: [youtube] xbSHjlcydfg: This video is unavailable
[16:17:11]   [video 3558/24611] yt-dlp GRRDWkpj1vY (1 clip(s) needed) ...
[16:17:14]     FAILED: ERROR: [youtube] GRRDWkpj1vY: This video is unavailable
[16:17:14]   [video 3583/24611] yt-dlp 7BZK1hNgj1o (1 clip(s) needed) ...
[16:17:17]     FAILED: ERROR: [youtube] 7BZK1hNgj1o: This video is unavailable
[16:17:17]   [video 3610/24611] yt-dlp cHkzWRABA3M (1 clip(s) needed) ...
[16:17:21]     FAILED: ERROR: [youtube] cHkzWRABA3M: Video unavailable
[16:17:21]   [video 3611/24611] yt-dlp F6HgO9WZk68 (1 clip(s) needed) ...
[16:17:24]     FAILED: ERROR: [youtube] F6HgO9WZk68: This video is not available
[16:17:24]   [video 3627/24611] yt-dlp sIN82dwuXyU (1 clip(s) needed) ...
[16:17:27]     FAILED: ERROR: [youtube] sIN82dwuXyU: This video is not available
[16:17:28]   [video 3639/24611] yt-dlp g6TuaYr8reU (1 clip(s) needed) ...
[16:17:31]     FAILED: ERROR: [youtube] g6TuaYr8reU: This video is not available
[16:17:32]   [video 3670/24611] yt-dlp PmTPpp7Y1_w (1 clip(s) needed) ...
[16:17:36]     FAILED: ERROR: [youtube] PmTPpp7Y1_w: Sign in to confirm your age. Use --cookies-from-browser or --cookies for the authentication. See  https://github.com/yt-dlp/yt-dlp/wiki/FAQ#how-do-i-pass-cookies-to-yt-dlp  for how to manually pass cookies. Also see  https://github.com/yt-dlp/yt-dlp/wiki/Extractors#exporting-youtube-cookies  for tips on effectively exporting YouTube cookies
[16:17:36]   [video 3673/24611] yt-dlp I9QlKflbzl4 (1 clip(s) needed) ...
[16:17:39]     FAILED: ERROR: [youtube] I9QlKflbzl4: Please sign in. Use --cookies-from-browser or --cookies for the authentication. See  https://github.com/yt-dlp/yt-dlp/wiki/FAQ#how-do-i-pass-cookies-to-yt-dlp  for how to manually pass cookies. Also see  https://github.com/yt-dlp/yt-dlp/wiki/Extractors#exporting-youtube-cookies  for tips on effectively exporting YouTube cookies
[16:17:39]   [video 3699/24611] yt-dlp hVtVVGrW0kI (1 clip(s) needed) ...
[16:17:43]     FAILED: ERROR: [youtube] hVtVVGrW0kI: This video is not available
[16:17:43]   [video 3710/24611] yt-dlp p6Gm5lydy4c (1 clip(s) needed) ...
[16:17:46]     FAILED: ERROR: [youtube] p6Gm5lydy4c: This video is unavailable
[16:17:46]   [video 3735/24611] yt-dlp uAyad3TL-bA (1 clip(s) needed) ...
[16:17:49]     FAILED: ERROR: [youtube] uAyad3TL-bA: This video is not available
[16:17:49]   [video 3751/24611] yt-dlp TGmnUZ7Q8B4 (1 clip(s) needed) ...
[16:17:53]     FAILED: ERROR: [youtube] TGmnUZ7Q8B4: Please sign in. Use --cookies-from-browser or --cookies for the authentication. See  https://github.com/yt-dlp/yt-dlp/wiki/FAQ#how-do-i-pass-cookies-to-yt-dlp  for how to manually pass cookies. Also see  https://github.com/yt-dlp/yt-dlp/wiki/Extractors#exporting-youtube-cookies  for tips on effectively exporting YouTube cookies
[16:17:53]   [video 3775/24611] yt-dlp l9AFZ-zRzgA (1 clip(s) needed) ...
[16:17:56]     FAILED: ERROR: [youtube] l9AFZ-zRzgA: Private video
[16:17:56]   [video 3777/24611] yt-dlp TuQ-b3KeDP8 (1 clip(s) needed) ...
[16:18:00]     FAILED: ERROR: [youtube] TuQ-b3KeDP8: This video is not available
[16:18:00]   [video 3794/24611] yt-dlp 5KRzhZoFBKo (1 clip(s) needed) ...
[16:18:03]     FAILED: ERROR: [youtube] 5KRzhZoFBKo: Please sign in. Use --cookies-from-browser or --cookies for the authentication. See  https://github.com/yt-dlp/yt-dlp/wiki/FAQ#how-do-i-pass-cookies-to-yt-dlp  for how to manually pass cookies. Also see  https://github.com/yt-dlp/yt-dlp/wiki/Extractors#exporting-youtube-cookies  for tips on effectively exporting YouTube cookies
[16:18:03]   [video 3801/24611] yt-dlp 64bABQ7hGwc (1 clip(s) needed) ...
[16:18:06]     FAILED: ERROR: [youtube] 64bABQ7hGwc: Private video
[16:18:06]   [video 3824/24611] yt-dlp cq0hMOJ5uWw (1 clip(s) needed) ...
[16:18:10]     FAILED: ERROR: [youtube] cq0hMOJ5uWw: Private video
[16:18:10]   [video 3837/24611] yt-dlp rrQZxo-hCbM (1 clip(s) needed) ...
[16:18:13]     FAILED: ERROR: [youtube] rrQZxo-hCbM: Private video
[16:18:13]   [video 3853/24611] yt-dlp rTH9lj1YJ7Y (1 clip(s) needed) ...
[16:18:16]     FAILED: ERROR: [youtube] rTH9lj1YJ7Y: Private video
[16:18:16]   [video 3925/24611] yt-dlp R_9APh_ZaiY (1 clip(s) needed) ...
[16:18:20]     FAILED: ERROR: [youtube] R_9APh_ZaiY: This video is not available
[16:18:20]   [video 3961/24611] yt-dlp op75HoRJ3tA (1 clip(s) needed) ...
[16:18:23]     FAILED: ERROR: [youtube] op75HoRJ3tA: Private video
[16:18:23]   [video 3962/24611] yt-dlp gqGbvEDjAe8 (1 clip(s) needed) ...
[16:18:26]     FAILED: ERROR: [youtube] gqGbvEDjAe8: This video is unavailable
[16:18:26]   [video 3977/24611] yt-dlp DOBatcWe08c (1 clip(s) needed) ...
[16:18:30]     FAILED: ERROR: [youtube] DOBatcWe08c: This video is not available
[16:18:30]   [video 3978/24611] yt-dlp CViT0nbQ1j4 (1 clip(s) needed) ...
[16:18:33]     FAILED: ERROR: [youtube] CViT0nbQ1j4: This video is not available
[16:18:33]   [video 3993/24611] yt-dlp Bm2pDvqivv8 (2 clip(s) needed) ...
[16:18:37]     FAILED: ERROR: [youtube] Bm2pDvqivv8: Please sign in. Use --cookies-from-browser or --cookies for the authentication. See  https://github.com/yt-dlp/yt-dlp/wiki/FAQ#how-do-i-pass-cookies-to-yt-dlp  for how to manually pass cookies. Also see  https://github.com/yt-dlp/yt-dlp/wiki/Extractors#exporting-youtube-cookies  for tips on effectively exporting YouTube cookies
[16:18:37]   [video 4029/24611] yt-dlp CDNStYeSOvo (1 clip(s) needed) ...
[16:18:40]     FAILED: ERROR: [youtube] CDNStYeSOvo: This video is not available
[16:18:41]   [video 4052/24611] yt-dlp 9diUv5z1gPo (1 clip(s) needed) ...
[16:18:44]     FAILED: ERROR: [youtube] 9diUv5z1gPo: This video is not available
[16:18:46]   [video 4094/24611] yt-dlp 9GS236Js0KU (1 clip(s) needed) ...
[16:18:52]     FAILED: ERROR: [youtube] 9GS236Js0KU: Private video
[16:18:53]   [video 4152/24611] yt-dlp OOXjWf_AD6g (1 clip(s) needed) ...
[16:18:56]     FAILED: ERROR: [youtube] OOXjWf_AD6g: Video unavailable
[16:18:56]   [video 4173/24611] yt-dlp FEj2EvgBYSw (1 clip(s) needed) ...
[16:18:59]     FAILED: ERROR: [youtube] FEj2EvgBYSw: Private video
[16:18:59]   [video 4180/24611] yt-dlp uPsppFgyY0U (1 clip(s) needed) ...
[16:19:02]     FAILED: ERROR: [youtube] uPsppFgyY0U: Private video
[16:19:02]   [video 4195/24611] yt-dlp 8zN3EGem1y4 (1 clip(s) needed) ...
[16:19:05]     FAILED: ERROR: [youtube] 8zN3EGem1y4: Please sign in. Use --cookies-from-browser or --cookies for the authentication. See  https://github.com/yt-dlp/yt-dlp/wiki/FAQ#how-do-i-pass-cookies-to-yt-dlp  for how to manually pass cookies. Also see  https://github.com/yt-dlp/yt-dlp/wiki/Extractors#exporting-youtube-cookies  for tips on effectively exporting YouTube cookies
[16:19:05]   [video 4196/24611] yt-dlp BW7KQz8Grtg (1 clip(s) needed) ...
[16:19:08]     FAILED: ERROR: [youtube] BW7KQz8Grtg: This video is unavailable
[16:19:08]   [video 4207/24611] yt-dlp CGPqI0e_r1k (1 clip(s) needed) ...
[16:19:12]     FAILED: ERROR: [youtube] CGPqI0e_r1k: This video is not available
[16:19:12]   [video 4208/24611] yt-dlp YyHHsWaVoJg (1 clip(s) needed) ...
[16:19:15]     FAILED: ERROR: [youtube] YyHHsWaVoJg: Video unavailable
[16:19:15]   [video 4209/24611] yt-dlp a330xOkOfQ8 (1 clip(s) needed) ...
[16:19:18]     FAILED: ERROR: [youtube] a330xOkOfQ8: This video is not available
[16:19:18]   [video 4212/24611] yt-dlp FoRbJ--u2Pc (1 clip(s) needed) ...
[16:19:21]     FAILED: ERROR: [youtube] FoRbJ--u2Pc: This video is not available
[16:19:21]   [video 4213/24611] yt-dlp YGxNZCJ2n54 (1 clip(s) needed) ...
[16:19:25]     FAILED: ERROR: [youtube] YGxNZCJ2n54: This video is not available
[16:19:26]   [video 4241/24611] yt-dlp dbVgt1BxigE (1 clip(s) needed) ...
[16:19:29]     FAILED: ERROR: [youtube] dbVgt1BxigE: This video is not available
[16:19:30]   [video 4268/24611] yt-dlp iGyiFOfP29U (1 clip(s) needed) ...
[16:19:33]     FAILED: ERROR: [youtube] iGyiFOfP29U: This video is not available
[16:19:34]   [video 4285/24611] yt-dlp P6zfFG2uud4 (1 clip(s) needed) ...
[16:19:37]     FAILED: ERROR: [youtube] P6zfFG2uud4: Private video
[16:19:37]   [video 4295/24611] yt-dlp AlupMaSfvWQ (1 clip(s) needed) ...
[16:19:40]     FAILED: ERROR: [youtube] AlupMaSfvWQ: This video is not available
[16:19:40]   [video 4298/24611] yt-dlp K-DfVC5P2Jw (1 clip(s) needed) ...
[16:19:43]     FAILED: ERROR: [youtube] K-DfVC5P2Jw: Private video
[16:19:43]   [video 4303/24611] yt-dlp 4DUmAWVB6Ic (1 clip(s) needed) ...
[16:19:45]     FAILED: ERROR: [youtube] 4DUmAWVB6Ic: Private video
[16:19:46]   [video 4335/24611] yt-dlp vzjzINhFuzE (2 clip(s) needed) ...
[16:19:49]     FAILED: ERROR: [youtube] vzjzINhFuzE: Private video
[16:19:49]   [video 4336/24611] yt-dlp Ci9iffa3YIk (1 clip(s) needed) ...
[16:19:53]     FAILED: ERROR: [youtube] Ci9iffa3YIk: This video is not available
[16:19:53]   [video 4343/24611] yt-dlp hr6c9jtQVf4 (1 clip(s) needed) ...
[16:19:58]     FAILED: ERROR: [youtube] hr6c9jtQVf4: This video is not available
[16:19:59]   [video 4353/24611] yt-dlp V0-iUNDdFL0 (1 clip(s) needed) ...
[16:20:02]     FAILED: ERROR: [youtube] V0-iUNDdFL0: This video is not available
[16:20:02]   [video 4363/24611] yt-dlp zbuPSbUIdyQ (1 clip(s) needed) ...
[16:20:05]     FAILED: ERROR: [youtube] zbuPSbUIdyQ: Private video
[16:20:05]   [video 4365/24611] yt-dlp uI6CUZ4PRDE (1 clip(s) needed) ...
[16:20:08]     FAILED: ERROR: [youtube] uI6CUZ4PRDE: Private video
[16:20:08]   [video 4369/24611] yt-dlp Z_Be798pGxg (1 clip(s) needed) ...
[16:20:11]     FAILED: ERROR: [youtube] Z_Be798pGxg: This video is not available
[16:20:11]   [video 4373/24611] yt-dlp VhUfEuIxQec (1 clip(s) needed) ...
[16:20:14]     FAILED: ERROR: [youtube] VhUfEuIxQec: Video unavailable
[16:20:14]   [video 4385/24611] yt-dlp SX2-2OVrbmk (1 clip(s) needed) ...
[16:20:19]     FAILED: ERROR: [youtube] SX2-2OVrbmk: This video is not available
[16:20:19]   [video 4388/24611] yt-dlp a8kDMWIV71E (1 clip(s) needed) ...
[16:20:21]     FAILED: ERROR: [youtube] a8kDMWIV71E: Private video
[16:20:22]   [video 4398/24611] yt-dlp 0PRaCSiG3Tw (1 clip(s) needed) ...
[16:20:26]     FAILED: ERROR: [youtube] 0PRaCSiG3Tw: This video is not available
[16:20:26]   [video 4406/24611] yt-dlp qJF8McKK970 (1 clip(s) needed) ...
[16:20:29]     FAILED: ERROR: [youtube] qJF8McKK970: This video is not available
[16:20:30]   [video 4426/24611] yt-dlp FbgofrL3UMs (1 clip(s) needed) ...
[16:20:33]     FAILED: ERROR: [youtube] FbgofrL3UMs: This video is not available
[16:20:33]   [video 4447/24611] yt-dlp 4YkccgYfUSM (1 clip(s) needed) ...
[16:20:36]     FAILED: ERROR: [youtube] 4YkccgYfUSM: This video is not available
[16:20:37]   [video 4486/24611] yt-dlp 90g1M7Jlxws (1 clip(s) needed) ...
[16:20:39]     FAILED: ERROR: [youtube] 90g1M7Jlxws: Video unavailable
[16:20:40]   [video 4504/24611] yt-dlp uBwkV3wHuWM (1 clip(s) needed) ...
[16:20:43]     FAILED: ERROR: [youtube] uBwkV3wHuWM: This video is not available
[16:20:43]   [video 4507/24611] yt-dlp bSoNHwZw5sU (1 clip(s) needed) ...
[16:20:47]     FAILED: ERROR: [youtube] bSoNHwZw5sU: This video is not available
[16:20:47]   [video 4508/24611] yt-dlp DQo1WQ3yiR0 (1 clip(s) needed) ...
[16:20:59]     FAILED: ERROR: [youtube] DQo1WQ3yiR0: Please sign in. Use --cookies-from-browser or --cookies for the authentication. See  https://github.com/yt-dlp/yt-dlp/wiki/FAQ#how-do-i-pass-cookies-to-yt-dlp  for how to manually pass cookies. Also see  https://github.com/yt-dlp/yt-dlp/wiki/Extractors#exporting-youtube-cookies  for tips on effectively exporting YouTube cookies
[16:21:00]   [video 4527/24611] yt-dlp eSWisplSgyU (1 clip(s) needed) ...
[16:21:03]     FAILED: ERROR: [youtube] eSWisplSgyU: This video is not available
[16:21:03]   [video 4535/24611] yt-dlp VI2zCL1A_00 (1 clip(s) needed) ...
[16:21:07]     FAILED: ERROR: [youtube] VI2zCL1A_00: This video is not available
[16:21:07]   [video 4550/24611] yt-dlp 7YxLL1qOElw (1 clip(s) needed) ...
[16:21:10]     FAILED: ERROR: [youtube] 7YxLL1qOElw: Video unavailable
[16:21:10]   [video 4572/24611] yt-dlp KmoMItIIacc (1 clip(s) needed) ...
[16:21:14]     FAILED: ERROR: [youtube] KmoMItIIacc: This video is not available
[16:21:14]   [video 4595/24611] yt-dlp qnJEluCh6uc (1 clip(s) needed) ...
[16:21:17]     FAILED: ERROR: [youtube] qnJEluCh6uc: Private video
[16:21:17]   [video 4605/24611] yt-dlp V6MWfepq-rM (1 clip(s) needed) ...
[16:21:21]     FAILED: ERROR: [youtube] V6MWfepq-rM: This video is not available
[16:21:21]   [video 4640/24611] yt-dlp VpEV7THOmzg (1 clip(s) needed) ...
[16:21:24]     FAILED: ERROR: [youtube] VpEV7THOmzg: This video is not available
[16:21:24]   [video 4666/24611] yt-dlp rKJS1n1ZIWI (1 clip(s) needed) ...
[16:21:31]     FAILED: ERROR: [youtube] rKJS1n1ZIWI: This video is not available
[16:21:31]   [video 4669/24611] yt-dlp UjRf3FWco4w (1 clip(s) needed) ...
[16:21:34]     FAILED: ERROR: [youtube] UjRf3FWco4w: Private video
[16:21:34]   [video 4671/24611] yt-dlp 2ojDTsxhRIw (1 clip(s) needed) ...
[16:21:39]     FAILED: ERROR: [youtube] 2ojDTsxhRIw: This video is not available
[16:21:39]   [video 4678/24611] yt-dlp MyqZf8LiWvM (1 clip(s) needed) ...
[16:21:43]     FAILED: ERROR: [youtube] MyqZf8LiWvM: This video is not available
[16:21:43]   [video 4688/24611] yt-dlp yBZZwnlxdOM (1 clip(s) needed) ...
[16:21:47]     FAILED: ERROR: [youtube] yBZZwnlxdOM: This video is not available
[16:21:47]   [video 4699/24611] yt-dlp y6nX86X9MWw (1 clip(s) needed) ...
[16:21:50]     FAILED: ERROR: [youtube] y6nX86X9MWw: Private video
[16:21:50]   [video 4712/24611] yt-dlp XnL9cXG1buI (1 clip(s) needed) ...
[16:21:56]     FAILED: ERROR: [youtube] XnL9cXG1buI: Please sign in. Use --cookies-from-browser or --cookies for the authentication. See  https://github.com/yt-dlp/yt-dlp/wiki/FAQ#how-do-i-pass-cookies-to-yt-dlp  for how to manually pass cookies. Also see  https://github.com/yt-dlp/yt-dlp/wiki/Extractors#exporting-youtube-cookies  for tips on effectively exporting YouTube cookies
[16:21:56]   [video 4716/24611] yt-dlp QqSdMeHANyA (1 clip(s) needed) ...
[16:21:59]     FAILED: ERROR: [youtube] QqSdMeHANyA: Private video
[16:21:59]   [video 4725/24611] yt-dlp cn8FS3gH8lU (1 clip(s) needed) ...
[16:22:02]     FAILED: ERROR: [youtube] cn8FS3gH8lU: Private video
[16:22:02]   [video 4736/24611] yt-dlp prdgnkU8mRE (1 clip(s) needed) ...
[16:22:08]     FAILED: ERROR: [youtube] prdgnkU8mRE: Video unavailable
[16:22:08]   [video 4750/24611] yt-dlp LJ-Ox4H5jXQ (1 clip(s) needed) ...
[16:22:20]     [4884/25012] cutting LJ-Ox4H5jXQ-0:01:02.240-0:01:05.800.mp4 (0:01:02.240 -> 0:01:05.800)
[16:22:20]   [video 4754/24611] yt-dlp pL_7WoLXUBg (1 clip(s) needed) ...
[16:22:24]     FAILED: ERROR: [youtube] pL_7WoLXUBg: This video is not available
[16:22:24]   [video 4775/24611] yt-dlp AQUMWuNdAVw (1 clip(s) needed) ...
[16:22:39]     [4910/25012] cutting AQUMWuNdAVw-0:03:45.266-0:03:53.800.mp4 (0:03:45.266 -> 0:03:53.800)
[16:22:40]   [video 4783/24611] yt-dlp ENvEaS3XJXE (1 clip(s) needed) ...
[16:22:43]     FAILED: ERROR: [youtube] ENvEaS3XJXE: Please sign in. Use --cookies-from-browser or --cookies for the authentication. See  https://github.com/yt-dlp/yt-dlp/wiki/FAQ#how-do-i-pass-cookies-to-yt-dlp  for how to manually pass cookies. Also see  https://github.com/yt-dlp/yt-dlp/wiki/Extractors#exporting-youtube-cookies  for tips on effectively exporting YouTube cookies
[16:22:43]   [video 4859/24611] yt-dlp 2yo-ZcTACI8 (1 clip(s) needed) ...
[16:22:47]     FAILED: ERROR: [youtube] 2yo-ZcTACI8: This video is not available
[16:22:47]   [video 4890/24611] yt-dlp YUzNGDZvJB4 (1 clip(s) needed) ...
[16:22:50]     FAILED: ERROR: [youtube] YUzNGDZvJB4: Private video
[16:22:50]   [video 4906/24611] yt-dlp hCwih19Dsz8 (1 clip(s) needed) ...
[16:22:54]     FAILED: ERROR: [youtube] hCwih19Dsz8: This video is not available
[16:22:54]   [video 4938/24611] yt-dlp Ro0aCehWcvw (1 clip(s) needed) ...
[16:22:57]     FAILED: ERROR: [youtube] Ro0aCehWcvw: Private video
[16:22:57]   [video 4940/24611] yt-dlp WGEVR9ImOts (1 clip(s) needed) ...
[16:23:00]     FAILED: ERROR: [youtube] WGEVR9ImOts: Private video
[16:23:00]   [video 4958/24611] yt-dlp Xqiqfe3n7Fs (1 clip(s) needed) ...
[16:23:04]     FAILED: ERROR: [youtube] Xqiqfe3n7Fs: Please sign in. Use --cookies-from-browser or --cookies for the authentication. See  https://github.com/yt-dlp/yt-dlp/wiki/FAQ#how-do-i-pass-cookies-to-yt-dlp  for how to manually pass cookies. Also see  https://github.com/yt-dlp/yt-dlp/wiki/Extractors#exporting-youtube-cookies  for tips on effectively exporting YouTube cookies
[16:23:04]   [video 4972/24611] yt-dlp E1zD-KCdT2w (1 clip(s) needed) ...
[16:23:07]     FAILED: ERROR: [youtube] E1zD-KCdT2w: This video is not available
[16:23:07]   [video 5020/24611] yt-dlp yB9vThNAIjs (1 clip(s) needed) ...
[16:23:11]     FAILED: ERROR: [youtube] yB9vThNAIjs: This video is not available
[16:23:11]   [video 5062/24611] yt-dlp ac0UUefBQQI (1 clip(s) needed) ...
[16:23:21]     FAILED: ERROR: [youtube] ac0UUefBQQI: This video is not available
[16:23:21]   [video 5082/24611] yt-dlp ioNyn_ZCeTI (1 clip(s) needed) ...
[16:23:25]     FAILED: ERROR: [youtube] ioNyn_ZCeTI: This video is not available
[16:23:25]   [video 5106/24611] yt-dlp UkPOSpq-N0Y (1 clip(s) needed) ...
[16:23:28]     FAILED: ERROR: [youtube] UkPOSpq-N0Y: This video is not available
[16:23:28]   [video 5126/24611] yt-dlp Sisjbu4fExE (1 clip(s) needed) ...
[16:23:31]     FAILED: ERROR: [youtube] Sisjbu4fExE: Private video
[16:23:31]   [video 5150/24611] yt-dlp n3M_3xqas84 (1 clip(s) needed) ...
[16:23:35]     FAILED: ERROR: [youtube] n3M_3xqas84: This video is not available
[16:23:35]   [video 5151/24611] yt-dlp -kXqyMeHyy0 (1 clip(s) needed) ...
[16:23:39]     FAILED: ERROR: [youtube] -kXqyMeHyy0: This video is not available
[16:23:39]   [video 5156/24611] yt-dlp NUcZuo0yylM (1 clip(s) needed) ...
[16:23:42]     FAILED: ERROR: [youtube] NUcZuo0yylM: Private video
[16:23:42]   [video 5164/24611] yt-dlp 475Hg3CtQiE (1 clip(s) needed) ...
[16:23:46]     FAILED: ERROR: [youtube] 475Hg3CtQiE: Please sign in. Use --cookies-from-browser or --cookies for the authentication. See  https://github.com/yt-dlp/yt-dlp/wiki/FAQ#how-do-i-pass-cookies-to-yt-dlp  for how to manually pass cookies. Also see  https://github.com/yt-dlp/yt-dlp/wiki/Extractors#exporting-youtube-cookies  for tips on effectively exporting YouTube cookies
[16:23:47]   [video 5177/24611] yt-dlp 4cJcyHDZg_g (1 clip(s) needed) ...
[16:23:50]     FAILED: ERROR: [youtube] 4cJcyHDZg_g: Video unavailable
[16:23:51]   [video 5183/24611] yt-dlp jZHMpmq1yiU (1 clip(s) needed) ...
[16:23:54]     FAILED: ERROR: [youtube] jZHMpmq1yiU: Please sign in. Use --cookies-from-browser or --cookies for the authentication. See  https://github.com/yt-dlp/yt-dlp/wiki/FAQ#how-do-i-pass-cookies-to-yt-dlp  for how to manually pass cookies. Also see  https://github.com/yt-dlp/yt-dlp/wiki/Extractors#exporting-youtube-cookies  for tips on effectively exporting YouTube cookies
[16:23:54]   [video 5186/24611] yt-dlp -ItQt45ayqY (1 clip(s) needed) ...
[16:23:58]     FAILED: ERROR: [youtube] -ItQt45ayqY: This video is unavailable
[16:23:58]   [video 5192/24611] yt-dlp Mlz8kY5KsJg (1 clip(s) needed) ...
[16:24:01]     FAILED: ERROR: [youtube] Mlz8kY5KsJg: This video is not available
[16:24:01]   [video 5217/24611] yt-dlp UQ3-59wajmU (1 clip(s) needed) ...
[16:24:05]     FAILED: ERROR: [youtube] UQ3-59wajmU: Please sign in. Use --cookies-from-browser or --cookies for the authentication. See  https://github.com/yt-dlp/yt-dlp/wiki/FAQ#how-do-i-pass-cookies-to-yt-dlp  for how to manually pass cookies. Also see  https://github.com/yt-dlp/yt-dlp/wiki/Extractors#exporting-youtube-cookies  for tips on effectively exporting YouTube cookies
[16:24:05]   [video 5230/24611] yt-dlp AqmWb-FNBi0 (1 clip(s) needed) ...
[16:24:08]     FAILED: ERROR: [youtube] AqmWb-FNBi0: Video unavailable
[16:24:08]   [video 5233/24611] yt-dlp 8lbxJanOq_0 (1 clip(s) needed) ...
[16:24:11]     FAILED: ERROR: [youtube] 8lbxJanOq_0: This video is not available
[16:24:12]   [video 5238/24611] yt-dlp u23yixSE96I (1 clip(s) needed) ...
[16:24:15]     FAILED: ERROR: [youtube] u23yixSE96I: This video is not available
[16:24:16]   [video 5244/24611] yt-dlp G6Au5GLDuH0 (1 clip(s) needed) ...
[16:24:19]     FAILED: ERROR: [youtube] G6Au5GLDuH0: Please sign in. Use --cookies-from-browser or --cookies for the authentication. See  https://github.com/yt-dlp/yt-dlp/wiki/FAQ#how-do-i-pass-cookies-to-yt-dlp  for how to manually pass cookies. Also see  https://github.com/yt-dlp/yt-dlp/wiki/Extractors#exporting-youtube-cookies  for tips on effectively exporting YouTube cookies
[16:24:19]   [video 5297/24611] yt-dlp BC4qXZwqizU (1 clip(s) needed) ...
[16:24:22]     FAILED: ERROR: [youtube] BC4qXZwqizU: Please sign in. Use --cookies-from-browser or --cookies for the authentication. See  https://github.com/yt-dlp/yt-dlp/wiki/FAQ#how-do-i-pass-cookies-to-yt-dlp  for how to manually pass cookies. Also see  https://github.com/yt-dlp/yt-dlp/wiki/Extractors#exporting-youtube-cookies  for tips on effectively exporting YouTube cookies
[16:24:22]   [video 5307/24611] yt-dlp EGeqZ6-pZ88 (1 clip(s) needed) ...
[16:24:26]     FAILED: ERROR: [youtube] EGeqZ6-pZ88: This video is not available
[16:24:27]   [video 5331/24611] yt-dlp 86PzaYOFWXQ (1 clip(s) needed) ...
[16:24:30]     FAILED: ERROR: [youtube] 86PzaYOFWXQ: This video is not available
[16:24:30]   [video 5352/24611] yt-dlp ouPh-xfFvIc (1 clip(s) needed) ...
[16:24:34]     FAILED: ERROR: [youtube] ouPh-xfFvIc: This video is not available
[16:24:34]   [video 5359/24611] yt-dlp Irc9NQBlZ3g (1 clip(s) needed) ...
[16:24:37]     FAILED: ERROR: [youtube] Irc9NQBlZ3g: Please sign in. Use --cookies-from-browser or --cookies for the authentication. See  https://github.com/yt-dlp/yt-dlp/wiki/FAQ#how-do-i-pass-cookies-to-yt-dlp  for how to manually pass cookies. Also see  https://github.com/yt-dlp/yt-dlp/wiki/Extractors#exporting-youtube-cookies  for tips on effectively exporting YouTube cookies
[16:24:37]   [video 5364/24611] yt-dlp 2zCW8Q2UMb4 (1 clip(s) needed) ...
[16:24:40]     FAILED: ERROR: [youtube] 2zCW8Q2UMb4: This video is unavailable
[16:24:40]   [video 5367/24611] yt-dlp Fj2n8oBRgpU (1 clip(s) needed) ...
[16:24:45]     FAILED: ERROR: [youtube] Fj2n8oBRgpU: This video is unavailable
[16:24:45]   [video 5394/24611] yt-dlp bC5ehpnRuFo (1 clip(s) needed) ...
[16:24:49]     FAILED: ERROR: [youtube] bC5ehpnRuFo: This video is not available
[16:24:49]   [video 5401/24611] yt-dlp nqm1MTsAgaY (1 clip(s) needed) ...
[16:24:51]     FAILED: ERROR: [youtube] nqm1MTsAgaY: Private video
[16:24:51]   [video 5404/24611] yt-dlp n0L1Hkhd318 (1 clip(s) needed) ...
[16:24:54]     FAILED: ERROR: [youtube] n0L1Hkhd318: Private video
[16:24:54]   [video 5437/24611] yt-dlp CVT7j05IHN4 (1 clip(s) needed) ...
[16:24:57]     FAILED: ERROR: [youtube] CVT7j05IHN4: This video is not available
[16:24:57]   [video 5442/24611] yt-dlp 8ko5QkkKlFY (1 clip(s) needed) ...
[16:25:01]     FAILED: ERROR: [youtube] 8ko5QkkKlFY: This video is not available
[16:25:01]   [video 5484/24611] yt-dlp 7uIo3fEwJ0k (1 clip(s) needed) ...
[16:25:04]     FAILED: ERROR: [youtube] 7uIo3fEwJ0k: This video is not available
[16:25:04]   [video 5499/24611] yt-dlp yIgnNnrxQWg (1 clip(s) needed) ...
[16:25:08]     FAILED: ERROR: [youtube] yIgnNnrxQWg: Private video
[16:25:08]   [video 5573/24611] yt-dlp D4RRlu7ole0 (1 clip(s) needed) ...
[16:25:12]     FAILED: ERROR: [youtube] D4RRlu7ole0: Sign in to confirm your age. Use --cookies-from-browser or --cookies for the authentication. See  https://github.com/yt-dlp/yt-dlp/wiki/FAQ#how-do-i-pass-cookies-to-yt-dlp  for how to manually pass cookies. Also see  https://github.com/yt-dlp/yt-dlp/wiki/Extractors#exporting-youtube-cookies  for tips on effectively exporting YouTube cookies
[16:25:12]   [video 5579/24611] yt-dlp aFBSRvZnn1s (1 clip(s) needed) ...
[16:25:15]     FAILED: ERROR: [youtube] aFBSRvZnn1s: This video is not available
[16:25:15]   [video 5582/24611] yt-dlp DcV-WeMpLj8 (1 clip(s) needed) ...
[16:25:18]     FAILED: ERROR: [youtube] DcV-WeMpLj8: This video is unavailable
[16:25:18]   [video 5593/24611] yt-dlp lKCVi1wJsVM (1 clip(s) needed) ...
[16:25:21]     FAILED: ERROR: [youtube] lKCVi1wJsVM: Please sign in. Use --cookies-from-browser or --cookies for the authentication. See  https://github.com/yt-dlp/yt-dlp/wiki/FAQ#how-do-i-pass-cookies-to-yt-dlp  for how to manually pass cookies. Also see  https://github.com/yt-dlp/yt-dlp/wiki/Extractors#exporting-youtube-cookies  for tips on effectively exporting YouTube cookies
[16:25:21]   [video 5625/24611] yt-dlp DqDIv4ohTVI (1 clip(s) needed) ...
[16:25:25]     FAILED: ERROR: [youtube] DqDIv4ohTVI: This video is not available
[16:25:25]   [video 5661/24611] yt-dlp dfrlGX5hbC0 (1 clip(s) needed) ...
[16:25:28]     FAILED: ERROR: [youtube] dfrlGX5hbC0: This video is not available
[16:25:28]   [video 5662/24611] yt-dlp uG8tdpvcXwM (1 clip(s) needed) ...
[16:25:31]     FAILED: ERROR: [youtube] uG8tdpvcXwM: Private video
[16:25:32]   [video 5684/24611] yt-dlp aHTJ7F-j0Vo (1 clip(s) needed) ...
[16:25:35]     FAILED: ERROR: [youtube] aHTJ7F-j0Vo: This video is not available
[16:25:35]   [video 5693/24611] yt-dlp gthr4uZRbuE (1 clip(s) needed) ...
[16:25:38]     FAILED: ERROR: [youtube] gthr4uZRbuE: This video is not available
[16:25:39]   [video 5706/24611] yt-dlp -YzwUWuvUrA (1 clip(s) needed) ...
[16:25:41]     FAILED: ERROR: [youtube] -YzwUWuvUrA: Private video
[16:25:41]   [video 5717/24611] yt-dlp QpEbAXdm_3w (1 clip(s) needed) ...
[16:25:45]     FAILED: ERROR: [youtube] QpEbAXdm_3w: This video is not available
[16:25:45]   [video 5728/24611] yt-dlp 9_Tw71zKic4 (1 clip(s) needed) ...
[16:25:48]     FAILED: ERROR: [youtube] 9_Tw71zKic4: Private video
[16:25:48]   [video 5743/24611] yt-dlp kj6R7ViXQYs (1 clip(s) needed) ...
[16:25:52]     FAILED: ERROR: [youtube] kj6R7ViXQYs: This video is not available
[16:25:52]   [video 5749/24611] yt-dlp R7GciP0etXY (1 clip(s) needed) ...
[16:25:56]     FAILED: ERROR: [youtube] R7GciP0etXY: This video is not available
[16:25:56]   [video 5795/24611] yt-dlp e31gJhodvtw (1 clip(s) needed) ...
[16:26:00]     FAILED: ERROR: [youtube] e31gJhodvtw: Please sign in. Use --cookies-from-browser or --cookies for the authentication. See  https://github.com/yt-dlp/yt-dlp/wiki/FAQ#how-do-i-pass-cookies-to-yt-dlp  for how to manually pass cookies. Also see  https://github.com/yt-dlp/yt-dlp/wiki/Extractors#exporting-youtube-cookies  for tips on effectively exporting YouTube cookies
[16:26:00]   [video 5816/24611] yt-dlp 2WqQGREDTYU (1 clip(s) needed) ...
[16:26:03]     FAILED: ERROR: [youtube] 2WqQGREDTYU: Video unavailable
[16:26:04]   [video 5851/24611] yt-dlp PptPSLIctWA (1 clip(s) needed) ...
[16:26:07]     FAILED: ERROR: [youtube] PptPSLIctWA: This video is not available
[16:26:07]   [video 5878/24611] yt-dlp S-v4MODY5vU (1 clip(s) needed) ...
[16:26:10]     FAILED: ERROR: [youtube] S-v4MODY5vU: Private video
[16:26:10]   [video 5887/24611] yt-dlp yPbtfWYanMg (1 clip(s) needed) ...
[16:26:14]     FAILED: ERROR: [youtube] yPbtfWYanMg: This video is not available
[16:26:14]   [video 5931/24611] yt-dlp Rhs0PKknlDw (1 clip(s) needed) ...
[16:26:17]     FAILED: ERROR: [youtube] Rhs0PKknlDw: This video is not available
[16:26:17]   [video 5953/24611] yt-dlp FVwRD4UlR5M (1 clip(s) needed) ...
[16:26:21]     FAILED: ERROR: [youtube] FVwRD4UlR5M: This video is not available
[16:26:22]   [video 5982/24611] yt-dlp eH9D7wr67Jk (1 clip(s) needed) ...
[16:26:24]     FAILED: ERROR: [youtube] eH9D7wr67Jk: Private video
[16:26:24]   [video 6059/24611] yt-dlp ekewkH07HbM (1 clip(s) needed) ...
[16:26:28]     FAILED: ERROR: [youtube] ekewkH07HbM: Private video
[16:26:28]   [video 6095/24611] yt-dlp qP7mgrfXnew (1 clip(s) needed) ...
[16:26:30]     FAILED: ERROR: [youtube] qP7mgrfXnew: This video is unavailable
[16:26:30]   [video 6100/24611] yt-dlp pHlzD2ACQuU (1 clip(s) needed) ...
[16:26:33]     FAILED: ERROR: [youtube] pHlzD2ACQuU: This video is unavailable
[16:26:33]   [video 6107/24611] yt-dlp AjDwvBNvfv4 (1 clip(s) needed) ...
[16:26:36]     FAILED: ERROR: [youtube] AjDwvBNvfv4: Video unavailable
[16:26:36]   [video 6135/24611] yt-dlp NsXRaQC2y0c (1 clip(s) needed) ...
[16:26:41]     FAILED: ERROR: [youtube] NsXRaQC2y0c: Sign in to confirm your age. Use --cookies-from-browser or --cookies for the authentication. See  https://github.com/yt-dlp/yt-dlp/wiki/FAQ#how-do-i-pass-cookies-to-yt-dlp  for how to manually pass cookies. Also see  https://github.com/yt-dlp/yt-dlp/wiki/Extractors#exporting-youtube-cookies  for tips on effectively exporting YouTube cookies
[16:26:41]   [video 6145/24611] yt-dlp 4F4t2ej5epI (1 clip(s) needed) ...
[16:26:43]     FAILED: ERROR: [youtube] 4F4t2ej5epI: This video is unavailable
[16:26:43]   [video 6151/24611] yt-dlp 6OJM14dGHjI (1 clip(s) needed) ...
[16:26:47]     FAILED: ERROR: [youtube] 6OJM14dGHjI: Video unavailable
[16:26:47]   [video 6177/24611] yt-dlp YKWRXXofk3A (1 clip(s) needed) ...
[16:26:51]     FAILED: ERROR: [youtube] YKWRXXofk3A: This video is not available
[16:26:51]   [video 6195/24611] yt-dlp ANnYP8AFDWg (1 clip(s) needed) ...
[16:26:53]     FAILED: ERROR: [youtube] ANnYP8AFDWg: Video unavailable
[16:26:54]   [video 6231/24611] yt-dlp bEBXQ8MkK_U (1 clip(s) needed) ...
[16:26:57]     FAILED: ERROR: [youtube] bEBXQ8MkK_U: This video is not available
[16:26:57]   [video 6233/24611] yt-dlp -MPx8jeF-Dw (1 clip(s) needed) ...
[16:27:11]     [6401/25012] cutting -MPx8jeF-Dw-0:00:57.932-0:01:02.604.mp4 (0:00:57.932 -> 0:01:02.604)
[16:27:11]   [video 6235/24611] yt-dlp l4ZLxsRoJhg (1 clip(s) needed) ...
[16:27:14]     FAILED: ERROR: [youtube] l4ZLxsRoJhg: Private video
[16:27:14]   [video 6251/24611] yt-dlp DcSlp8HNttE (1 clip(s) needed) ...
[16:27:17]     FAILED: ERROR: [youtube] DcSlp8HNttE: Video unavailable
[16:27:17]   [video 6256/24611] yt-dlp jOT-A8u4_iQ (1 clip(s) needed) ...
[16:27:20]     FAILED: ERROR: [youtube] jOT-A8u4_iQ: Private video
[16:27:20]   [video 6269/24611] yt-dlp qxZLQitLna8 (1 clip(s) needed) ...
[16:27:22]     FAILED: ERROR: [youtube] qxZLQitLna8: Video unavailable
[16:27:23]   [video 6297/24611] yt-dlp taF8iaVyLp8 (1 clip(s) needed) ...
[16:27:26]     FAILED: ERROR: [youtube] taF8iaVyLp8: This video is not available
[16:27:26]   [video 6340/24611] yt-dlp nL5a6MKP9Jw (1 clip(s) needed) ...
[16:27:49]     [6511/25012] cutting nL5a6MKP9Jw-0:05:10.518-0:05:16.482.mp4 (0:05:10.518 -> 0:05:16.482)
[16:27:49]   [video 6358/24611] yt-dlp eiW2SC3DoXk (1 clip(s) needed) ...
[16:27:52]     FAILED: ERROR: [youtube] eiW2SC3DoXk: Private video
[16:27:52]   [video 6369/24611] yt-dlp faQJW5u-UfQ (1 clip(s) needed) ...
[16:27:55]     FAILED: ERROR: [youtube] faQJW5u-UfQ: Private video
[16:27:55]   [video 6378/24611] yt-dlp zzB73wSpS9Y (1 clip(s) needed) ...
[16:27:58]     FAILED: ERROR: [youtube] zzB73wSpS9Y: This video is not available
[16:27:58]   [video 6409/24611] yt-dlp uMZFxmpVK-c (1 clip(s) needed) ...
[16:28:02]     FAILED: ERROR: [youtube] uMZFxmpVK-c: This video is not available
[16:28:02]   [video 6418/24611] yt-dlp 8fHy9np1mAo (1 clip(s) needed) ...
[16:28:05]     FAILED: ERROR: [youtube] 8fHy9np1mAo: This video is not available
[16:28:05]   [video 6419/24611] yt-dlp 9BIsFT4CW60 (1 clip(s) needed) ...
[16:28:08]     FAILED: ERROR: [youtube] 9BIsFT4CW60: Private video
[16:28:08]   [video 6424/24611] yt-dlp 1yd9KJPeXgg (1 clip(s) needed) ...
[16:28:12]     FAILED: ERROR: [youtube] 1yd9KJPeXgg: Video unavailable
[16:28:12]   [video 6434/24611] yt-dlp 46hc69Xc78Q (1 clip(s) needed) ...
[16:28:15]     FAILED: ERROR: [youtube] 46hc69Xc78Q: This video is not available
[16:28:15]   [video 6441/24611] yt-dlp 2nEhPuG172Q (1 clip(s) needed) ...
[16:28:18]     FAILED: ERROR: [youtube] 2nEhPuG172Q: Private video
[16:28:18]   [video 6458/24611] yt-dlp GuOqIiGG6vU (1 clip(s) needed) ...
[16:28:22]     FAILED: ERROR: [youtube] GuOqIiGG6vU: This video is not available
[16:28:22]   [video 6466/24611] yt-dlp XG4TMadTCVk (1 clip(s) needed) ...
[16:28:26]     FAILED: ERROR: [youtube] XG4TMadTCVk: This video is not available
[16:28:26]   [video 6511/24611] yt-dlp FJ-GRo8A2Ng (1 clip(s) needed) ...
[16:28:29]     FAILED: ERROR: [youtube] FJ-GRo8A2Ng: Please sign in. Use --cookies-from-browser or --cookies for the authentication. See  https://github.com/yt-dlp/yt-dlp/wiki/FAQ#how-do-i-pass-cookies-to-yt-dlp  for how to manually pass cookies. Also see  https://github.com/yt-dlp/yt-dlp/wiki/Extractors#exporting-youtube-cookies  for tips on effectively exporting YouTube cookies
[16:28:29]   [video 6545/24611] yt-dlp iySiUyjksoc (1 clip(s) needed) ...
[16:28:33]     FAILED: ERROR: [youtube] iySiUyjksoc: This video is not available
[16:28:33]   [video 6582/24611] yt-dlp 53yBLrjKWHY (1 clip(s) needed) ...
[16:28:39]     FAILED: ERROR: [youtube] 53yBLrjKWHY: This video is not available
[16:28:39]   [video 6598/24611] yt-dlp gi81f5Nbgt4 (1 clip(s) needed) ...
[16:28:42]     FAILED: ERROR: [youtube] gi81f5Nbgt4: This video is not available
[16:28:42]   [video 6606/24611] yt-dlp FjpwiPS6NwE (1 clip(s) needed) ...
[16:28:45]     FAILED: ERROR: [youtube] FjpwiPS6NwE: This video is not available
[16:28:45]   [video 6623/24611] yt-dlp 7QSSOa_DjVw (1 clip(s) needed) ...
[16:28:49]     FAILED: ERROR: [youtube] 7QSSOa_DjVw: This video is not available
[16:28:49]   [video 6635/24611] yt-dlp f_Pdvmu1i3E (2 clip(s) needed) ...
[16:28:52]     FAILED: ERROR: [youtube] f_Pdvmu1i3E: This video is unavailable
[16:28:52]   [video 6651/24611] yt-dlp hd-c93empc4 (1 clip(s) needed) ...
[16:28:56]     FAILED: ERROR: [youtube] hd-c93empc4: This video is not available
[16:28:56]   [video 6657/24611] yt-dlp BH7HhHZZxUE (1 clip(s) needed) ...
[16:28:58]     FAILED: ERROR: [youtube] BH7HhHZZxUE: This video is unavailable
[16:28:58]   [video 6672/24611] yt-dlp 0ptWBVWqZCU (1 clip(s) needed) ...
[16:29:01]     FAILED: ERROR: [youtube] 0ptWBVWqZCU: Video unavailable
[16:29:01]   [video 6677/24611] yt-dlp h9Bt4eyIBPw (1 clip(s) needed) ...
[16:29:04]     FAILED: ERROR: [youtube] h9Bt4eyIBPw: This video is unavailable
[16:29:04]   [video 6707/24611] yt-dlp OxqNkGzRZNA (1 clip(s) needed) ...
[16:29:07]     FAILED: ERROR: [youtube] OxqNkGzRZNA: This video is not available
[16:29:07]   [video 6720/24611] yt-dlp cccv-dqRFmc (1 clip(s) needed) ...
[16:29:11]     FAILED: ERROR: [youtube] cccv-dqRFmc: This video is not available
[16:29:11]   [video 6723/24611] yt-dlp U_6ECUPLAhs (1 clip(s) needed) ...
[16:29:14]     FAILED: ERROR: [youtube] U_6ECUPLAhs: Private video
[16:29:14]   [video 6763/24611] yt-dlp 1nUyQ5cmW2A (1 clip(s) needed) ...
[16:29:17]     FAILED: ERROR: [youtube] 1nUyQ5cmW2A: This video is not available
[16:29:17]   [video 6765/24611] yt-dlp n1TyGNTP5c8 (1 clip(s) needed) ...
[16:29:20]     FAILED: ERROR: [youtube] n1TyGNTP5c8: Video unavailable
[16:29:20]   [video 6788/24611] yt-dlp HLLA78Mu-Wo (1 clip(s) needed) ...
[16:29:23]     FAILED: ERROR: [youtube] HLLA78Mu-Wo: This video is not available
[16:29:23]   [video 6799/24611] yt-dlp TXUMKLBalz0 (1 clip(s) needed) ...
[16:29:26]     FAILED: ERROR: [youtube] TXUMKLBalz0: Private video
[16:29:26]   [video 6803/24611] yt-dlp m4Yjky_71Ic (1 clip(s) needed) ...
[16:29:29]     FAILED: ERROR: [youtube] m4Yjky_71Ic: This video is not available
[16:29:29]   [video 6806/24611] yt-dlp 3Hl42tRLxbo (1 clip(s) needed) ...
[16:29:33]     FAILED: ERROR: [youtube] 3Hl42tRLxbo: Please sign in. Use --cookies-from-browser or --cookies for the authentication. See  https://github.com/yt-dlp/yt-dlp/wiki/FAQ#how-do-i-pass-cookies-to-yt-dlp  for how to manually pass cookies. Also see  https://github.com/yt-dlp/yt-dlp/wiki/Extractors#exporting-youtube-cookies  for tips on effectively exporting YouTube cookies
[16:29:33]   [video 6811/24611] yt-dlp Xum02ZQ6wk4 (1 clip(s) needed) ...
[16:29:36]     FAILED: ERROR: [youtube] Xum02ZQ6wk4: This video is unavailable
[16:29:36]   [video 6828/24611] yt-dlp 5bK_EK2c558 (1 clip(s) needed) ...
[16:29:39]     FAILED: ERROR: [youtube] 5bK_EK2c558: This video is not available
[16:29:39]   [video 6868/24611] yt-dlp mkEwEOvhCL8 (1 clip(s) needed) ...
[16:29:43]     FAILED: ERROR: [youtube] mkEwEOvhCL8: This video is unavailable
[16:29:44]   [video 6955/24611] yt-dlp 3tmcPk365rs (1 clip(s) needed) ...
[16:29:49]     FAILED: ERROR: [youtube] 3tmcPk365rs: This video is not available
[16:29:49]   [video 6981/24611] yt-dlp LXO3bz2tKK8 (1 clip(s) needed) ...
[16:29:54]     FAILED: ERROR: [youtube] LXO3bz2tKK8: Private video
[16:29:54]   [video 6987/24611] yt-dlp unYhtFGlBVM (1 clip(s) needed) ...
[16:29:57]     FAILED: ERROR: [youtube] unYhtFGlBVM: Video unavailable
[16:29:57]   [video 6988/24611] yt-dlp iGWGlOX8NC0 (1 clip(s) needed) ...
[16:30:00]     FAILED: ERROR: [youtube] iGWGlOX8NC0: This video is not available
[16:30:00]   [video 7014/24611] yt-dlp Ty_K37yvPts (1 clip(s) needed) ...
[16:30:04]     FAILED: ERROR: [youtube] Ty_K37yvPts: Private video
[16:30:04]   [video 7039/24611] yt-dlp 4q1fMMFdqXA (1 clip(s) needed) ...
[16:30:07]     FAILED: ERROR: [youtube] 4q1fMMFdqXA: Please sign in. Use --cookies-from-browser or --cookies for the authentication. See  https://github.com/yt-dlp/yt-dlp/wiki/FAQ#how-do-i-pass-cookies-to-yt-dlp  for how to manually pass cookies. Also see  https://github.com/yt-dlp/yt-dlp/wiki/Extractors#exporting-youtube-cookies  for tips on effectively exporting YouTube cookies
[16:30:07]   [video 7058/24611] yt-dlp CxDhopetbn4 (1 clip(s) needed) ...
[16:30:10]     FAILED: ERROR: [youtube] CxDhopetbn4: This video is unavailable
[16:30:10]   [video 7071/24611] yt-dlp SQDz-CX5QSs (1 clip(s) needed) ...
[16:30:13]     FAILED: ERROR: [youtube] SQDz-CX5QSs: Video unavailable
[16:30:13]   [video 7083/24611] yt-dlp sbsnFUHMJ9c (2 clip(s) needed) ...
[16:30:16]     FAILED: ERROR: [youtube] sbsnFUHMJ9c: This video is unavailable
[16:30:16]   [video 7086/24611] yt-dlp 9E2mbiUVaLs (1 clip(s) needed) ...
[16:30:20]     FAILED: ERROR: [youtube] 9E2mbiUVaLs: This video is not available
[16:30:20]   [video 7088/24611] yt-dlp R9RtA1UZJDo (1 clip(s) needed) ...
[16:30:23]     FAILED: ERROR: [youtube] R9RtA1UZJDo: This video is not available
[16:30:23]   [video 7089/24611] yt-dlp wr_APhZyP5s (1 clip(s) needed) ...
[16:30:29]     FAILED: ERROR: [youtube] wr_APhZyP5s: This video is not available
[16:30:29]   [video 7112/24611] yt-dlp 9MtbEqmj3hA (1 clip(s) needed) ...
[16:30:32]     FAILED: ERROR: [youtube] 9MtbEqmj3hA: Private video
[16:30:32]   [video 7176/24611] yt-dlp ZvKljTVcwXE (1 clip(s) needed) ...
[16:30:35]     FAILED: ERROR: [youtube] ZvKljTVcwXE: This video is unavailable
[16:30:35]   [video 7180/24611] yt-dlp vw9bGhxMV0g (1 clip(s) needed) ...
[16:30:43]     FAILED: ERROR: [youtube] vw9bGhxMV0g: This video is not available
[16:30:43]   [video 7197/24611] yt-dlp q-DWcf1WLDA (1 clip(s) needed) ...
[16:30:47]     FAILED: ERROR: [youtube] q-DWcf1WLDA: This video is not available
[16:30:47]   [video 7198/24611] yt-dlp 2RiWfjfXV3s (1 clip(s) needed) ...
[16:30:50]     FAILED: ERROR: [youtube] 2RiWfjfXV3s: This video is unavailable
[16:30:50]   [video 7206/24611] yt-dlp cxSqeyZGf6M (1 clip(s) needed) ...
[16:30:54]     FAILED: ERROR: [youtube] cxSqeyZGf6M: This video is not available
[16:30:54]   [video 7258/24611] yt-dlp 2zv_ymT0cTE (1 clip(s) needed) ...
[16:30:57]     FAILED: ERROR: [youtube] 2zv_ymT0cTE: Private video
[16:30:57]   [video 7260/24611] yt-dlp PmIpWcMUMgM (1 clip(s) needed) ...
[16:31:03]     FAILED: ERROR: [youtube] PmIpWcMUMgM: This video is not available
[16:31:03]   [video 7286/24611] yt-dlp B_3tF5wwE2s (1 clip(s) needed) ...
[16:31:07]     FAILED: ERROR: [youtube] B_3tF5wwE2s: This video is not available
[16:31:07]   [video 7318/24611] yt-dlp b-3vxfOTFvU (1 clip(s) needed) ...
[16:31:10]     FAILED: ERROR: [youtube] b-3vxfOTFvU: This video is not available
[16:31:10]   [video 7325/24611] yt-dlp hM3jIavM9jY (1 clip(s) needed) ...
[16:31:14]     FAILED: ERROR: [youtube] hM3jIavM9jY: This video is not available
[16:31:14]   [video 7371/24611] yt-dlp qvUsfljq9F8 (1 clip(s) needed) ...
[16:31:18]     FAILED: ERROR: [youtube] qvUsfljq9F8: This video is not available
[16:31:18]   [video 7404/24611] yt-dlp Lj-5ggtNZ1c (1 clip(s) needed) ...
[16:31:21]     FAILED: ERROR: [youtube] Lj-5ggtNZ1c: Video unavailable
[16:31:21]   [video 7406/24611] yt-dlp b8OyQw_xwPQ (1 clip(s) needed) ...
[16:31:24]     FAILED: ERROR: [youtube] b8OyQw_xwPQ: This video is unavailable
[16:31:24]   [video 7430/24611] yt-dlp GvNcyggIx6k (1 clip(s) needed) ...
[16:31:27]     FAILED: ERROR: [youtube] GvNcyggIx6k: Private video
[16:31:27]   [video 7494/24611] yt-dlp MIjilBt1UO0 (1 clip(s) needed) ...
[16:31:30]     FAILED: ERROR: [youtube] MIjilBt1UO0: Private video
[16:31:30]   [video 7496/24611] yt-dlp pPpJLWKExpQ (1 clip(s) needed) ...
[16:31:33]     FAILED: ERROR: [youtube] pPpJLWKExpQ: This video is not available
[16:31:33]   [video 7503/24611] yt-dlp TxoMET_bLLM (1 clip(s) needed) ...
[16:31:37]     FAILED: ERROR: [youtube] TxoMET_bLLM: This video is not available
[16:31:37]   [video 7550/24611] yt-dlp CeIv2wwiArE (1 clip(s) needed) ...
[16:31:42]     FAILED: ERROR: [youtube] CeIv2wwiArE: Please sign in. Use --cookies-from-browser or --cookies for the authentication. See  https://github.com/yt-dlp/yt-dlp/wiki/FAQ#how-do-i-pass-cookies-to-yt-dlp  for how to manually pass cookies. Also see  https://github.com/yt-dlp/yt-dlp/wiki/Extractors#exporting-youtube-cookies  for tips on effectively exporting YouTube cookies
[16:31:42]   [video 7573/24611] yt-dlp 8rROQLx7XGo (1 clip(s) needed) ...
[16:31:46]     FAILED: ERROR: [youtube] 8rROQLx7XGo: This video is not available
[16:31:46]   [video 7577/24611] yt-dlp x2XIWfQCbcM (1 clip(s) needed) ...
[16:31:50]     FAILED: ERROR: [youtube] x2XIWfQCbcM: This video is unavailable
[16:31:50]   [video 7586/24611] yt-dlp NSAecA8qzAs (1 clip(s) needed) ...
[16:31:53]     FAILED: ERROR: [youtube] NSAecA8qzAs: This video is not available
[16:31:53]   [video 7603/24611] yt-dlp kLGhLEJ-8dk (1 clip(s) needed) ...
[16:31:56]     FAILED: ERROR: [youtube] kLGhLEJ-8dk: Private video
[16:31:56]   [video 7629/24611] yt-dlp tw9ZCONCkAA (1 clip(s) needed) ...
[16:31:59]     FAILED: ERROR: [youtube] tw9ZCONCkAA: Private video
[16:31:59]   [video 7637/24611] yt-dlp AVGmSGbUbXA (1 clip(s) needed) ...
[16:32:03]     FAILED: ERROR: [youtube] AVGmSGbUbXA: This video is unavailable
[16:32:03]   [video 7646/24611] yt-dlp 33KLFc9cPxs (1 clip(s) needed) ...
[16:32:07]     FAILED: ERROR: [youtube] 33KLFc9cPxs: This video is not available
[16:32:07]   [video 7648/24611] yt-dlp s6rQmQj4dhU (1 clip(s) needed) ...
[16:32:10]     FAILED: ERROR: [youtube] s6rQmQj4dhU: This video is unavailable
[16:32:10]   [video 7667/24611] yt-dlp 9df547ZC0oM (1 clip(s) needed) ...
[16:32:13]     FAILED: ERROR: [youtube] 9df547ZC0oM: This video is not available
[16:32:13]   [video 7672/24611] yt-dlp Acpd2CrR9G8 (1 clip(s) needed) ...
[16:32:17]     FAILED: ERROR: [youtube] Acpd2CrR9G8: This video is not available
[16:32:17]   [video 7676/24611] yt-dlp cCqe2_DVmb4 (1 clip(s) needed) ...
[16:32:20]     FAILED: ERROR: [youtube] cCqe2_DVmb4: Private video
[16:32:20]   [video 7678/24611] yt-dlp NfdYmxr3aDs (1 clip(s) needed) ...
[16:32:24]     FAILED: ERROR: [youtube] NfdYmxr3aDs: Private video
[16:32:24]   [video 7686/24611] yt-dlp P1qqxWUSjVY (1 clip(s) needed) ...
[16:32:28]     FAILED: ERROR: [youtube] P1qqxWUSjVY: This video is not available
[16:32:28]   [video 7716/24611] yt-dlp DrDMxAvGPts (1 clip(s) needed) ...
[16:32:31]     FAILED: ERROR: [youtube] DrDMxAvGPts: Private video
[16:32:31]   [video 7782/24611] yt-dlp 8vw6HcRrqBI (1 clip(s) needed) ...
[16:32:35]     FAILED: ERROR: [youtube] 8vw6HcRrqBI: This video is not available
[16:32:35]   [video 7787/24611] yt-dlp oBugHgliiBo (1 clip(s) needed) ...
[16:32:39]     FAILED: ERROR: [youtube] oBugHgliiBo: This video is not available
[16:32:39]   [video 7798/24611] yt-dlp xdNK6py0YI0 (1 clip(s) needed) ...
[16:32:42]     FAILED: ERROR: [youtube] xdNK6py0YI0: This video is not available
[16:32:42]   [video 7802/24611] yt-dlp aipDdmVY3VM (1 clip(s) needed) ...
[16:32:45]     FAILED: ERROR: [youtube] aipDdmVY3VM: This video is not available
[16:32:45]   [video 7808/24611] yt-dlp u_8fM660tSY (1 clip(s) needed) ...
[16:32:48]     FAILED: ERROR: [youtube] u_8fM660tSY: Private video
[16:32:48]   [video 7828/24611] yt-dlp cUnC6BXUTHo (1 clip(s) needed) ...
[16:32:52]     FAILED: ERROR: [youtube] cUnC6BXUTHo: This video is not available
[16:32:52]   [video 7885/24611] yt-dlp xeO0tdKBAag (1 clip(s) needed) ...
[16:32:55]     FAILED: ERROR: [youtube] xeO0tdKBAag: Private video
[16:32:55]   [video 7887/24611] yt-dlp u5D_eG_2ojU (1 clip(s) needed) ...
[16:32:59]     FAILED: ERROR: [youtube] u5D_eG_2ojU: This video is not available
[16:32:59]   [video 7888/24611] yt-dlp vhQr4ck-ni8 (1 clip(s) needed) ...
[16:33:03]     FAILED: ERROR: [youtube] vhQr4ck-ni8: This video is not available
[16:33:03]   [video 7907/24611] yt-dlp 9NDNbwOLL_s (1 clip(s) needed) ...
[16:33:07]     FAILED: ERROR: [youtube] 9NDNbwOLL_s: This video is not available
[16:33:07]   [video 7937/24611] yt-dlp OKONw5XxCRs (1 clip(s) needed) ...
[16:33:10]     FAILED: ERROR: [youtube] OKONw5XxCRs: This video is not available
[16:33:11]   [video 7988/24611] yt-dlp 1JeU5zFHFT8 (1 clip(s) needed) ...
[16:33:14]     FAILED: ERROR: [youtube] 1JeU5zFHFT8: This video is not available
[16:33:14]   [video 8001/24611] yt-dlp M4fwufugbKU (1 clip(s) needed) ...
[16:33:17]     FAILED: ERROR: [youtube] M4fwufugbKU: Private video
[16:33:17]   [video 8022/24611] yt-dlp 9hmzCHlnKlY (1 clip(s) needed) ...
[16:33:20]     FAILED: ERROR: [youtube] 9hmzCHlnKlY: This video is not available
[16:33:20]   [video 8028/24611] yt-dlp -w0kzungdIQ (1 clip(s) needed) ...
[16:33:24]     FAILED: ERROR: [youtube] -w0kzungdIQ: This video is not available
[16:33:24]   [video 8034/24611] yt-dlp 264Yc_Lc0RI (1 clip(s) needed) ...
[16:33:26]     FAILED: ERROR: [youtube] 264Yc_Lc0RI: This video is unavailable
[16:33:26]   [video 8044/24611] yt-dlp Rt9nNTCMB7g (1 clip(s) needed) ...
[16:33:29]     FAILED: ERROR: [youtube] Rt9nNTCMB7g: Private video
[16:33:29]   [video 8083/24611] yt-dlp AgXfboq0CDI (1 clip(s) needed) ...
[16:33:33]     FAILED: ERROR: [youtube] AgXfboq0CDI: Please sign in. Use --cookies-from-browser or --cookies for the authentication. See  https://github.com/yt-dlp/yt-dlp/wiki/FAQ#how-do-i-pass-cookies-to-yt-dlp  for how to manually pass cookies. Also see  https://github.com/yt-dlp/yt-dlp/wiki/Extractors#exporting-youtube-cookies  for tips on effectively exporting YouTube cookies
[16:33:33]   [video 8114/24611] yt-dlp 06tKZACq4w4 (1 clip(s) needed) ...
[16:33:37]     FAILED: ERROR: [youtube] 06tKZACq4w4: This video is not available
[16:33:37]   [video 8115/24611] yt-dlp rN8xjMYQsjI (1 clip(s) needed) ...
[16:33:39]     FAILED: ERROR: [youtube] rN8xjMYQsjI: Private video
[16:33:40]   [video 8122/24611] yt-dlp LagIjwVFxTs (1 clip(s) needed) ...
[16:33:43]     FAILED: ERROR: [youtube] LagIjwVFxTs: This video is not available
[16:33:43]   [video 8134/24611] yt-dlp RvNDTf13Mrk (1 clip(s) needed) ...
[16:33:47]     FAILED: ERROR: [youtube] RvNDTf13Mrk: This video is not available
[16:33:47]   [video 8140/24611] yt-dlp Baa8Izobpss (1 clip(s) needed) ...
[16:33:50]     FAILED: ERROR: [youtube] Baa8Izobpss: This video is not available
[16:33:50]   [video 8150/24611] yt-dlp Cklu98OMuuA (1 clip(s) needed) ...
[16:33:53]     FAILED: ERROR: [youtube] Cklu98OMuuA: Private video
[16:33:53]   [video 8171/24611] yt-dlp 9lCZMBZSedo (1 clip(s) needed) ...
[16:33:57]     FAILED: ERROR: [youtube] 9lCZMBZSedo: This video is not available
[16:33:57]   [video 8209/24611] yt-dlp HYuAQ6fx2CA (1 clip(s) needed) ...
[16:34:00]     FAILED: ERROR: [youtube] HYuAQ6fx2CA: Private video
[16:34:00]   [video 8215/24611] yt-dlp TvAc5qnyIF0 (1 clip(s) needed) ...
[16:34:03]     FAILED: ERROR: [youtube] TvAc5qnyIF0: This video is not available
[16:34:03]   [video 8219/24611] yt-dlp 0kRbZMBTnCI (1 clip(s) needed) ...
[16:34:08]     FAILED: ERROR: [youtube] 0kRbZMBTnCI: Sign in to confirm your age. Use --cookies-from-browser or --cookies for the authentication. See  https://github.com/yt-dlp/yt-dlp/wiki/FAQ#how-do-i-pass-cookies-to-yt-dlp  for how to manually pass cookies. Also see  https://github.com/yt-dlp/yt-dlp/wiki/Extractors#exporting-youtube-cookies  for tips on effectively exporting YouTube cookies
[16:34:08]   [video 8233/24611] yt-dlp 2VSgM27Cpq8 (1 clip(s) needed) ...
[16:34:12]     FAILED: ERROR: [youtube] 2VSgM27Cpq8: This video is not available
[16:34:12]   [video 8240/24611] yt-dlp t1O6VuDraQE (1 clip(s) needed) ...
[16:34:17]     FAILED: ERROR: [youtube] t1O6VuDraQE: This video is not available
[16:34:17]   [video 8245/24611] yt-dlp QZRGKqiLbGM (1 clip(s) needed) ...
[16:34:20]     FAILED: ERROR: [youtube] QZRGKqiLbGM: This video is not available
[16:34:21]   [video 8283/24611] yt-dlp FdAznMsX-qI (1 clip(s) needed) ...
[16:34:23]     FAILED: ERROR: [youtube] FdAznMsX-qI: Private video
[16:34:23]   [video 8290/24611] yt-dlp 9SWFiDfaR4c (1 clip(s) needed) ...
[16:34:26]     FAILED: ERROR: [youtube] 9SWFiDfaR4c: Video unavailable
[16:34:26]   [video 8303/24611] yt-dlp a7YQzr0eSoI (1 clip(s) needed) ...
[16:34:30]     FAILED: ERROR: [youtube] a7YQzr0eSoI: This video is not available
[16:34:30]   [video 8307/24611] yt-dlp RMPXU908ELA (1 clip(s) needed) ...
[16:34:34]     FAILED: ERROR: [youtube] RMPXU908ELA: This video is not available
[16:34:34]   [video 8316/24611] yt-dlp 6IDNnuz05fQ (1 clip(s) needed) ...
[16:34:37]     FAILED: ERROR: [youtube] 6IDNnuz05fQ: Private video
[16:34:37]   [video 8343/24611] yt-dlp W5p0prRNF3A (1 clip(s) needed) ...
[16:34:41]     FAILED: ERROR: [youtube] W5p0prRNF3A: This video is not available
[16:34:41]   [video 8355/24611] yt-dlp bB-60dLpFCc (1 clip(s) needed) ...
[16:34:44]     FAILED: ERROR: [youtube] bB-60dLpFCc: This video is not available
[16:34:44]   [video 8372/24611] yt-dlp YzQa1vJYPt4 (1 clip(s) needed) ...
[16:34:47]     FAILED: ERROR: [youtube] YzQa1vJYPt4: This video is unavailable
[16:34:48]   [video 8384/24611] yt-dlp OavGuZe9QHc (1 clip(s) needed) ...
[16:34:51]     FAILED: ERROR: [youtube] OavGuZe9QHc: This video is not available
[16:34:52]   [video 8441/24611] yt-dlp eINQdeux2yg (1 clip(s) needed) ...
[16:34:55]     FAILED: ERROR: [youtube] eINQdeux2yg: This video is not available
[16:34:55]   [video 8470/24611] yt-dlp bYbj790SP7E (1 clip(s) needed) ...
[16:34:59]     FAILED: ERROR: [youtube] bYbj790SP7E: This video is not available
[16:34:59]   [video 8482/24611] yt-dlp UXJaEO3Nl9A (1 clip(s) needed) ...
[16:35:03]     FAILED: ERROR: [youtube] UXJaEO3Nl9A: This video is not available
[16:35:03]   [video 8527/24611] yt-dlp 8RaF22clJhU (1 clip(s) needed) ...
[16:35:07]     FAILED: ERROR: [youtube] 8RaF22clJhU: This video is not available
[16:35:07]   [video 8530/24611] yt-dlp mi40rcQkY2M (1 clip(s) needed) ...
[16:35:11]     FAILED: ERROR: [youtube] mi40rcQkY2M: This video is not available
[16:35:11]   [video 8549/24611] yt-dlp 2S_74nhkLoA (1 clip(s) needed) ...
[16:35:14]     FAILED: ERROR: [youtube] 2S_74nhkLoA: Video unavailable
[16:35:14]   [video 8582/24611] yt-dlp FVBuGqjVm2w (1 clip(s) needed) ...
[16:35:17]     FAILED: ERROR: [youtube] FVBuGqjVm2w: Please sign in. Use --cookies-from-browser or --cookies for the authentication. See  https://github.com/yt-dlp/yt-dlp/wiki/FAQ#how-do-i-pass-cookies-to-yt-dlp  for how to manually pass cookies. Also see  https://github.com/yt-dlp/yt-dlp/wiki/Extractors#exporting-youtube-cookies  for tips on effectively exporting YouTube cookies
[16:35:17]   [video 8614/24611] yt-dlp 6LQNfT9qcyI (1 clip(s) needed) ...
[16:35:21]     FAILED: ERROR: [youtube] 6LQNfT9qcyI: Please sign in. Use --cookies-from-browser or --cookies for the authentication. See  https://github.com/yt-dlp/yt-dlp/wiki/FAQ#how-do-i-pass-cookies-to-yt-dlp  for how to manually pass cookies. Also see  https://github.com/yt-dlp/yt-dlp/wiki/Extractors#exporting-youtube-cookies  for tips on effectively exporting YouTube cookies
[16:35:21]   [video 8620/24611] yt-dlp mHE1QOgPJ-Y (1 clip(s) needed) ...
[16:35:24]     FAILED: ERROR: [youtube] mHE1QOgPJ-Y: Private video
[16:35:24]   [video 8623/24611] yt-dlp 4FoYD6-GZzg (1 clip(s) needed) ...
[16:35:28]     FAILED: ERROR: [youtube] 4FoYD6-GZzg: This video is unavailable
[16:35:28]   [video 8682/24611] yt-dlp 4eQgwXkdAIw (1 clip(s) needed) ...
[16:35:33]     FAILED: ERROR: [youtube] 4eQgwXkdAIw: Sign in to confirm your age. Use --cookies-from-browser or --cookies for the authentication. See  https://github.com/yt-dlp/yt-dlp/wiki/FAQ#how-do-i-pass-cookies-to-yt-dlp  for how to manually pass cookies. Also see  https://github.com/yt-dlp/yt-dlp/wiki/Extractors#exporting-youtube-cookies  for tips on effectively exporting YouTube cookies
[16:35:33]   [video 8702/24611] yt-dlp N0g_uWgcRIw (1 clip(s) needed) ...
[16:35:37]     FAILED: ERROR: [youtube] N0g_uWgcRIw: This video is not available
[16:35:37]   [video 8739/24611] yt-dlp EG_qbXsnzJY (1 clip(s) needed) ...
[16:35:40]     FAILED: ERROR: [youtube] EG_qbXsnzJY: This video is unavailable
[16:35:40]   [video 8761/24611] yt-dlp 3wctGozRrWU (1 clip(s) needed) ...
[16:35:43]     FAILED: ERROR: [youtube] 3wctGozRrWU: Please sign in. Use --cookies-from-browser or --cookies for the authentication. See  https://github.com/yt-dlp/yt-dlp/wiki/FAQ#how-do-i-pass-cookies-to-yt-dlp  for how to manually pass cookies. Also see  https://github.com/yt-dlp/yt-dlp/wiki/Extractors#exporting-youtube-cookies  for tips on effectively exporting YouTube cookies
[16:35:43]   [video 8789/24611] yt-dlp UUuVEKYB78Y (1 clip(s) needed) ...
[16:35:46]     FAILED: ERROR: [youtube] UUuVEKYB78Y: Private video
[16:35:46]   [video 8814/24611] yt-dlp _hktZa4k4f0 (1 clip(s) needed) ...
[16:35:49]     FAILED: ERROR: [youtube] _hktZa4k4f0: Private video
[16:35:49]   [video 8832/24611] yt-dlp IclGzgobdrQ (1 clip(s) needed) ...
[16:35:52]     FAILED: ERROR: [youtube] IclGzgobdrQ: Private video
[16:35:52]   [video 8869/24611] yt-dlp 4ZFUVe4QaxM (1 clip(s) needed) ...
[16:35:56]     FAILED: ERROR: [youtube] 4ZFUVe4QaxM: This video is not available
[16:35:56]   [video 8882/24611] yt-dlp fMntAHWQG4w (1 clip(s) needed) ...
[16:36:00]     FAILED: ERROR: [youtube] fMntAHWQG4w: Please sign in. Use --cookies-from-browser or --cookies for the authentication. See  https://github.com/yt-dlp/yt-dlp/wiki/FAQ#how-do-i-pass-cookies-to-yt-dlp  for how to manually pass cookies. Also see  https://github.com/yt-dlp/yt-dlp/wiki/Extractors#exporting-youtube-cookies  for tips on effectively exporting YouTube cookies
[16:36:00]   [video 8888/24611] yt-dlp KPIpjfxIV_U (1 clip(s) needed) ...
[16:36:04]     FAILED: ERROR: [youtube] KPIpjfxIV_U: This video is not available
[16:36:04]   [video 8946/24611] yt-dlp hVxzDBSuBhA (1 clip(s) needed) ...
[16:36:08]     FAILED: ERROR: [youtube] hVxzDBSuBhA: This video is not available
[16:36:08]   [video 8947/24611] yt-dlp PC6KpudZMEA (1 clip(s) needed) ...
[16:36:11]     FAILED: ERROR: [youtube] PC6KpudZMEA: This video is not available
[16:36:11]   [video 8948/24611] yt-dlp 7gtcagCK3jM (1 clip(s) needed) ...
[16:36:14]     FAILED: ERROR: [youtube] 7gtcagCK3jM: Please sign in. Use --cookies-from-browser or --cookies for the authentication. See  https://github.com/yt-dlp/yt-dlp/wiki/FAQ#how-do-i-pass-cookies-to-yt-dlp  for how to manually pass cookies. Also see  https://github.com/yt-dlp/yt-dlp/wiki/Extractors#exporting-youtube-cookies  for tips on effectively exporting YouTube cookies
[16:36:14]   [video 8954/24611] yt-dlp ripwAqc2GIg (1 clip(s) needed) ...
[16:36:17]     FAILED: ERROR: [youtube] ripwAqc2GIg: Private video
[16:36:17]   [video 8960/24611] yt-dlp xoCUd3fnDk0 (1 clip(s) needed) ...
[16:36:20]     FAILED: ERROR: [youtube] xoCUd3fnDk0: This video is not available
[16:36:21]   [video 9025/24611] yt-dlp tBGHvIZxz8Y (1 clip(s) needed) ...
[16:36:24]     FAILED: ERROR: [youtube] tBGHvIZxz8Y: This video is not available
[16:36:24]   [video 9037/24611] yt-dlp ieHn2Kf7YuA (1 clip(s) needed) ...
[16:36:28]     FAILED: ERROR: [youtube] ieHn2Kf7YuA: This video is not available
[16:36:28]   [video 9058/24611] yt-dlp 4a52lB9skAY (1 clip(s) needed) ...
[16:36:30]     FAILED: ERROR: [youtube] 4a52lB9skAY: Private video
[16:36:30]   [video 9066/24611] yt-dlp QiJ1K5mQDf8 (1 clip(s) needed) ...
[16:36:34]     FAILED: ERROR: [youtube] QiJ1K5mQDf8: This video is not available
[16:36:34]   [video 9075/24611] yt-dlp mH7H5v3JBi8 (1 clip(s) needed) ...
[16:36:37]     FAILED: ERROR: [youtube] mH7H5v3JBi8: This video is unavailable
[16:36:37]   [video 9086/24611] yt-dlp DIUqh5c3RmE (1 clip(s) needed) ...
[16:36:41]     FAILED: ERROR: [youtube] DIUqh5c3RmE: This video is not available
[16:36:41]   [video 9102/24611] yt-dlp fdIWjmG_GL8 (1 clip(s) needed) ...
[16:36:45]     FAILED: ERROR: [youtube] fdIWjmG_GL8: This video is not available
[16:36:45]   [video 9105/24611] yt-dlp y7r-dD5u74Y (1 clip(s) needed) ...
[16:36:48]     FAILED: ERROR: [youtube] y7r-dD5u74Y: This video is unavailable
[16:36:48]   [video 9118/24611] yt-dlp BqvXijJTpso (1 clip(s) needed) ...
[16:36:51]     FAILED: ERROR: [youtube] BqvXijJTpso: This video is not available
[16:36:51]   [video 9149/24611] yt-dlp D-AoogzjKpA (1 clip(s) needed) ...
[16:36:54]     FAILED: ERROR: [youtube] D-AoogzjKpA: This video is not available
[16:36:54]   [video 9209/24611] yt-dlp ttPADcoPkY8 (1 clip(s) needed) ...
[16:36:57]     FAILED: ERROR: [youtube] ttPADcoPkY8: This video is unavailable
[16:36:57]   [video 9220/24611] yt-dlp J5-2WUs82pA (1 clip(s) needed) ...
[16:37:01]     FAILED: ERROR: [youtube] J5-2WUs82pA: This video is not available
[16:37:01]   [video 9227/24611] yt-dlp SWnokf50Tc0 (1 clip(s) needed) ...
[16:37:04]     FAILED: ERROR: [youtube] SWnokf50Tc0: Private video
[16:37:04]   [video 9234/24611] yt-dlp s92VKWOGBH8 (1 clip(s) needed) ...
[16:37:08]     FAILED: ERROR: [youtube] s92VKWOGBH8: This video is not available
[16:37:08]   [video 9237/24611] yt-dlp We_HjJZp0Mk (1 clip(s) needed) ...
[16:37:11]     FAILED: ERROR: [youtube] We_HjJZp0Mk: This video is not available
[16:37:11]   [video 9243/24611] yt-dlp lrU7SmOWgL8 (1 clip(s) needed) ...
[16:37:14]     FAILED: ERROR: [youtube] lrU7SmOWgL8: Private video
[16:37:14]   [video 9298/24611] yt-dlp Lu-8dyiaXdM (1 clip(s) needed) ...
[16:37:17]     FAILED: ERROR: [youtube] Lu-8dyiaXdM: Private video
[16:37:17]   [video 9299/24611] yt-dlp wtXxQjQfN4Q (1 clip(s) needed) ...
[16:37:21]     FAILED: ERROR: [youtube] wtXxQjQfN4Q: This video is not available
[16:37:22]   [video 9322/24611] yt-dlp w7AnnaMdIvo (1 clip(s) needed) ...
[16:37:25]     FAILED: ERROR: [youtube] w7AnnaMdIvo: Video unavailable
[16:37:25]   [video 9380/24611] yt-dlp NfHYdf_IpKY (1 clip(s) needed) ...
[16:37:28]     FAILED: ERROR: [youtube] NfHYdf_IpKY: Private video
[16:37:28]   [video 9406/24611] yt-dlp em5ZCnmIym8 (1 clip(s) needed) ...
[16:37:31]     FAILED: ERROR: [youtube] em5ZCnmIym8: Private video
[16:37:31]   [video 9417/24611] yt-dlp d6pZ4t-ohsY (1 clip(s) needed) ...
[16:37:34]     FAILED: ERROR: [youtube] d6pZ4t-ohsY: This video is not available
[16:37:34]   [video 9427/24611] yt-dlp BAFo_msLEgU (1 clip(s) needed) ...
[16:37:37]     FAILED: ERROR: [youtube] BAFo_msLEgU: Private video
[16:37:38]   [video 9447/24611] yt-dlp VVQ0D-2uZ6Q (1 clip(s) needed) ...
[16:37:42]     FAILED: ERROR: [youtube] VVQ0D-2uZ6Q: Please sign in. Use --cookies-from-browser or --cookies for the authentication. See  https://github.com/yt-dlp/yt-dlp/wiki/FAQ#how-do-i-pass-cookies-to-yt-dlp  for how to manually pass cookies. Also see  https://github.com/yt-dlp/yt-dlp/wiki/Extractors#exporting-youtube-cookies  for tips on effectively exporting YouTube cookies
[16:37:42]   [video 9472/24611] yt-dlp zMyJE8EIvlo (1 clip(s) needed) ...
[16:37:45]     FAILED: ERROR: [youtube] zMyJE8EIvlo: This video is not available
[16:37:45]   [video 9486/24611] yt-dlp QGbyoMoHiNM (1 clip(s) needed) ...
[16:37:48]     FAILED: ERROR: [youtube] QGbyoMoHiNM: This video is not available
[16:37:48]   [video 9507/24611] yt-dlp YPYo-xTYVes (1 clip(s) needed) ...
[16:37:51]     FAILED: ERROR: [youtube] YPYo-xTYVes: Video unavailable
[16:37:51]   [video 9508/24611] yt-dlp 0l8MvpmaJWc (1 clip(s) needed) ...
[16:37:55]     FAILED: ERROR: [youtube] 0l8MvpmaJWc: This video is unavailable
[16:37:55]   [video 9510/24611] yt-dlp 1hoKaXhVAkc (1 clip(s) needed) ...
[16:37:58]     FAILED: ERROR: [youtube] 1hoKaXhVAkc: This video is not available
[16:37:58]   [video 9515/24611] yt-dlp Qp5eNYzNs7I (1 clip(s) needed) ...
[16:38:15]     [9753/25012] cutting Qp5eNYzNs7I-0:04:59.465-0:05:16.549.mp4 (0:04:59.465 -> 0:05:16.549)
[16:38:16]   [video 9518/24611] yt-dlp VpRnJDNaJ-s (1 clip(s) needed) ...
[16:38:19]     FAILED: ERROR: [youtube] VpRnJDNaJ-s: This video is not available
[16:38:19]   [video 9519/24611] yt-dlp taIZ2azfhMI (1 clip(s) needed) ...
[16:40:41]     FAILED: ad] Got error: HTTP Error 500: Internal Server Error. Giving up after 10 retries
ERROR: 
[download] Got error: HTTP Error 500: Internal Server Error. Giving up after 10 retries
ERROR: 
[download] Got error: HTTP Error 500: Internal Server Error. Giving up after 10 retries
ERROR: 
[download] Got error: HTTP Error 500: Internal Server Error. Giving up after 10 retries
ERROR: 
[download] Got error: HTTP Error 500: Internal Server Error. Giving up after 10 retries
ERROR: The downloaded file is empty
[16:40:41]   [video 9543/24611] yt-dlp hkXjex5YPbM (1 clip(s) needed) ...
[16:40:44]     FAILED: ERROR: [youtube] hkXjex5YPbM: This video is not available
[16:40:44]   [video 9546/24611] yt-dlp sKsBUSOto1w (1 clip(s) needed) ...
[16:40:48]     FAILED: ERROR: [youtube] sKsBUSOto1w: This video is not available
[16:40:48]   [video 9555/24611] yt-dlp n-qzGH4waug (1 clip(s) needed) ...
[16:41:00]     [9793/25012] cutting n-qzGH4waug-0:00:55.550-0:01:01.216.mp4 (0:00:55.550 -> 0:01:01.216)
[16:41:00]   [video 9562/24611] yt-dlp cNvS-i4sS6w (2 clip(s) needed) ...
[16:41:03]     FAILED: ERROR: [youtube] cNvS-i4sS6w: Private video
[16:41:03]   [video 9566/24611] yt-dlp kvXs2wnJ8ms (1 clip(s) needed) ...
[16:41:25]     [9805/25012] cutting kvXs2wnJ8ms-0:05:36.102-0:05:39.339.mp4 (0:05:36.102 -> 0:05:39.339)
[16:41:25]   [video 9567/24611] yt-dlp _ZzuMf3ulgQ (1 clip(s) needed) ...
[16:41:28]     FAILED: ERROR: [youtube] _ZzuMf3ulgQ: This video is not available
[16:41:29]   [video 9570/24611] yt-dlp POn679zyGkY (1 clip(s) needed) ...
[16:42:00]     [9809/25012] cutting POn679zyGkY-0:00:06.033-0:00:21.233.mp4 (0:00:06.033 -> 0:00:21.233)
[16:42:01]   [video 9571/24611] yt-dlp kIElilJvnd8 (1 clip(s) needed) ...
[16:42:20]     [9810/25012] cutting kIElilJvnd8-0:00:01.201-0:00:11.011.mp4 (0:00:01.201 -> 0:00:11.011)
[16:42:21]   [video 9581/24611] yt-dlp y4mOFi7b1b4 (1 clip(s) needed) ...
[16:44:26]     [9820/25012] cutting y4mOFi7b1b4-0:05:25.466-0:06:13.466.mp4 (0:05:25.466 -> 0:06:13.466)
[16:44:28]   [video 9601/24611] yt-dlp gko0O0WCgQI (1 clip(s) needed) ...
[16:44:36]     [9840/25012] cutting gko0O0WCgQI-0:00:03.480-0:00:31.520.mp4 (0:00:03.480 -> 0:00:31.520)
[16:44:37]   [video 9603/24611] yt-dlp FAtv_WcF9yI (1 clip(s) needed) ...
[16:44:45]     [9842/25012] cutting FAtv_WcF9yI-0:02:24.344-0:02:33.987.mp4 (0:02:24.344 -> 0:02:33.987)
[16:44:46]   [video 9613/24611] yt-dlp 2BHrtdgp45c (1 clip(s) needed) ...
[16:44:49]     FAILED: ERROR: [youtube] 2BHrtdgp45c: This video is unavailable
[16:44:49]   [video 9639/24611] yt-dlp abSqP-5GmI8 (1 clip(s) needed) ...
[16:44:52]     FAILED: ERROR: [youtube] abSqP-5GmI8: This video is unavailable
[16:44:52]   [video 9642/24611] yt-dlp Qd0nwOsQTro (1 clip(s) needed) ...
[16:44:55]     FAILED: ERROR: [youtube] Qd0nwOsQTro: This video is not available
[16:44:55]   [video 9646/24611] yt-dlp 8vzRryNYerk (1 clip(s) needed) ...
[16:44:58]     FAILED: ERROR: [youtube] 8vzRryNYerk: This video is unavailable
[16:44:58]   [video 9691/24611] yt-dlp CBPpjLHeSeY (1 clip(s) needed) ...
[16:45:01]     FAILED: ERROR: [youtube] CBPpjLHeSeY: This video is not available
[16:45:01]   [video 9703/24611] yt-dlp _o0xCB3aRto (1 clip(s) needed) ...
[16:45:25]     [9945/25012] cutting _o0xCB3aRto-0:17:22.674-0:17:40.292.mp4 (0:17:22.674 -> 0:17:40.292)
[16:45:26]   [video 9711/24611] yt-dlp 7PdaEv7LEBc (1 clip(s) needed) ...
[16:45:29]     FAILED: ERROR: [youtube] 7PdaEv7LEBc: This video is not available
[16:45:29]   [video 9720/24611] yt-dlp l9y2PY16ToM (1 clip(s) needed) ...
[16:45:33]     FAILED: ERROR: [youtube] l9y2PY16ToM: This video is not available
[16:45:33]   [video 9723/24611] yt-dlp OCa3zgiM4c8 (1 clip(s) needed) ...
[16:45:44]     [9965/25012] cutting OCa3zgiM4c8-0:01:29.456-0:02:17.504.mp4 (0:01:29.456 -> 0:02:17.504)
[16:45:46]   [video 9725/24611] yt-dlp tm9i2V-C1FI (1 clip(s) needed) ...
[16:46:03]     [9967/25012] cutting tm9i2V-C1FI-0:07:01.220-0:07:17.637.mp4 (0:07:01.220 -> 0:07:17.637)
[16:46:04]   [video 9726/24611] yt-dlp kjVj9LpVpHk (1 clip(s) needed) ...
[16:46:10]     [9968/25012] cutting kjVj9LpVpHk-0:00:54.766-0:00:59.733.mp4 (0:00:54.766 -> 0:00:59.733)
[16:46:10]   [video 9727/24611] yt-dlp eDEUgRE0HV8 (1 clip(s) needed) ...
[16:46:13]     FAILED: ERROR: [youtube] eDEUgRE0HV8: Private video
[16:46:13]   [video 9728/24611] yt-dlp XfwQ3ZPbTY8 (1 clip(s) needed) ...
[16:46:21]     [9970/25012] cutting XfwQ3ZPbTY8-0:00:06.760-0:00:21.040.mp4 (0:00:06.760 -> 0:00:21.040)
[16:46:22]   [video 9741/24611] yt-dlp XJYubeZQZsg (1 clip(s) needed) ...
[16:46:24]     FAILED: ERROR: [youtube] XJYubeZQZsg: This video is unavailable
[16:46:24]   [video 9744/24611] yt-dlp yHSW_DqGetw (1 clip(s) needed) ...
[16:46:59]     [9986/25012] cutting yHSW_DqGetw-0:04:15.204-0:04:22.512.mp4 (0:04:15.204 -> 0:04:22.512)
[16:46:59]   [video 9745/24611] yt-dlp uYSNT5zUXps (1 clip(s) needed) ...
[16:47:11]     [9987/25012] cutting uYSNT5zUXps-0:01:58.518-0:02:08.928.mp4 (0:01:58.518 -> 0:02:08.928)
[16:47:12]   [video 9746/24611] yt-dlp jwChoUfncms (1 clip(s) needed) ...
[16:47:34]     [9988/25012] cutting jwChoUfncms-0:03:56.600-0:04:01.040.mp4 (0:03:56.600 -> 0:04:01.040)
[16:47:34]   [video 9747/24611] yt-dlp Evbe2-JSVhw (1 clip(s) needed) ...
[16:47:53]     [9989/25012] cutting Evbe2-JSVhw-0:00:23.990-0:01:12.038.mp4 (0:00:23.990 -> 0:01:12.038)
[16:47:55]   [video 9748/24611] yt-dlp EX2HC8bLaJA (1 clip(s) needed) ...
[16:48:21]     [9990/25012] cutting EX2HC8bLaJA-0:00:43.066-0:00:49.366.mp4 (0:00:43.066 -> 0:00:49.366)
[16:48:22]   [video 9749/24611] yt-dlp sxNgUKaf2UQ (1 clip(s) needed) ...
[16:48:42]     [9991/25012] cutting sxNgUKaf2UQ-0:08:28.441-0:08:37.283.mp4 (0:08:28.441 -> 0:08:37.283)
[16:48:43]   [video 9750/24611] yt-dlp PNsZgoU96rQ (1 clip(s) needed) ...
[16:49:00]     [9992/25012] cutting PNsZgoU96rQ-0:00:29.362-0:00:54.721.mp4 (0:00:29.362 -> 0:00:54.721)
[16:49:01]   [video 9751/24611] yt-dlp wMz-rwObMCU (1 clip(s) needed) ...
[16:49:11]     [9993/25012] cutting wMz-rwObMCU-0:00:32.665-0:00:40.974.mp4 (0:00:32.665 -> 0:00:40.974)
[16:49:11]   [video 9752/24611] yt-dlp PrF76QJTDjE (1 clip(s) needed) ...
[16:49:29]     [9994/25012] cutting PrF76QJTDjE-0:05:41.324-0:05:47.547.mp4 (0:05:41.324 -> 0:05:47.547)
[16:49:30]   [video 9753/24611] yt-dlp opoDgMlBpyk (1 clip(s) needed) ...
[16:50:14]     FAILED: ERROR: 
[download] Got error: HTTP Error 500: Internal Server Error. Giving up after 10 retries
ERROR: Postprocessing: Error opening input files: Invalid data found when processing input
[16:50:14]   [video 9754/24611] yt-dlp mpmM5o8slHc (1 clip(s) needed) ...
[16:50:33]     [9996/25012] cutting mpmM5o8slHc-0:00:29.160-0:00:33.680.mp4 (0:00:29.160 -> 0:00:33.680)
[16:50:33]   [video 9755/24611] yt-dlp 8ZTuHT6aZF8 (1 clip(s) needed) ...
[16:51:08]     [9997/25012] cutting 8ZTuHT6aZF8-0:08:19.031-0:09:07.046.mp4 (0:08:19.031 -> 0:09:07.046)
[16:51:10]   [video 9756/24611] yt-dlp kb7T9oK0tF8 (1 clip(s) needed) ...
[16:51:14]     FAILED: ERROR: [youtube] kb7T9oK0tF8: This video is not available
[16:51:14]   [video 9757/24611] yt-dlp gWzSl4ZWILo (1 clip(s) needed) ...
[16:51:27]     [9999/25012] cutting gWzSl4ZWILo-0:00:23.200-0:00:26.400.mp4 (0:00:23.200 -> 0:00:26.400)
[16:51:27]   [video 9758/24611] yt-dlp 7QKI4SPN-cU (1 clip(s) needed) ...
[16:51:39]     [10000/25012] cutting 7QKI4SPN-cU-0:01:56.916-0:02:17.704.mp4 (0:01:56.916 -> 0:02:17.704)
[16:51:40]   [video 9759/24611] yt-dlp cXU-N3oiYIw (1 clip(s) needed) ...
[16:51:43]     FAILED: ERROR: [youtube] cXU-N3oiYIw: This video is not available
[16:51:43]   [video 9760/24611] yt-dlp 0B6ALNOOIUo (1 clip(s) needed) ...
[16:52:03]     [10002/25012] cutting 0B6ALNOOIUo-0:05:46.145-0:06:34.193.mp4 (0:05:46.145 -> 0:06:34.193)
[16:52:04]   [video 9761/24611] yt-dlp LgdUntA__WQ (1 clip(s) needed) ...
