===== Download Panda-70M Clips (full dataset) =====
Job ID: 60423
Node: cn1.cds.iisc.in
Start: Mon Sep 21 12:29:08 PM IST 2026
METADATA_DIR=/scratch/users/anirban/tamaghnam/latentvans/data/future_l1_50k_metadata_full
OUTPUT_DIR=/scratch/users/anirban/tamaghnam/latentvans/data/panda70m_clips
NUM_SHARDS=2 SHARD_ID=1
Requirement already satisfied: yt-dlp in /scratch/users/anirban/tamaghnam/envs/latentvans/lib/python3.11/site-packages (2026.8.19)
Requirement already satisfied: datasets in /scratch/users/anirban/tamaghnam/envs/latentvans/lib/python3.11/site-packages (5.0.1)
Requirement already satisfied: filelock in /scratch/users/anirban/tamaghnam/envs/latentvans/lib/python3.11/site-packages (from datasets) (3.32.5)
Requirement already satisfied: numpy>=1.17 in /scratch/users/anirban/tamaghnam/envs/latentvans/lib/python3.11/site-packages (from datasets) (2.4.6)
Requirement already satisfied: pyarrow>=21.0.0 in /scratch/users/anirban/tamaghnam/envs/latentvans/lib/python3.11/site-packages (from datasets) (25.0.1)
Requirement already satisfied: dill<0.4.2,>=0.3.0 in /scratch/users/anirban/tamaghnam/envs/latentvans/lib/python3.11/site-packages (from datasets) (0.4.1)
Requirement already satisfied: pandas in /scratch/users/anirban/tamaghnam/envs/latentvans/lib/python3.11/site-packages (from datasets) (3.0.5)
Requirement already satisfied: requests>=2.32.2 in /scratch/users/anirban/tamaghnam/envs/latentvans/lib/python3.11/site-packages (from datasets) (2.34.2)
Requirement already satisfied: httpx<1.0.0 in /scratch/users/anirban/tamaghnam/envs/latentvans/lib/python3.11/site-packages (from datasets) (0.28.1)
Requirement already satisfied: tqdm>=4.66.3 in /scratch/users/anirban/tamaghnam/envs/latentvans/lib/python3.11/site-packages (from datasets) (4.70.0)
Requirement already satisfied: xxhash in /scratch/users/anirban/tamaghnam/envs/latentvans/lib/python3.11/site-packages (from datasets) (4.0.1)
Requirement already satisfied: multiprocess<0.70.20 in /scratch/users/anirban/tamaghnam/envs/latentvans/lib/python3.11/site-packages (from datasets) (0.70.19)
Requirement already satisfied: fsspec<=2026.6.0,>=2023.1.0 in /scratch/users/anirban/tamaghnam/envs/latentvans/lib/python3.11/site-packages (from fsspec[http]<=2026.6.0,>=2023.1.0->datasets) (2026.6.0)
Requirement already satisfied: huggingface-hub<2.0,>=0.25.0 in /scratch/users/anirban/tamaghnam/envs/latentvans/lib/python3.11/site-packages (from datasets) (1.31.0)
Requirement already satisfied: packaging in /scratch/users/anirban/tamaghnam/envs/latentvans/lib/python3.11/site-packages (from datasets) (26.3)
Requirement already satisfied: pyyaml>=5.1 in /scratch/users/anirban/tamaghnam/envs/latentvans/lib/python3.11/site-packages (from datasets) (6.0.3)
Requirement already satisfied: aiohttp!=4.0.0a0,!=4.0.0a1 in /scratch/users/anirban/tamaghnam/envs/latentvans/lib/python3.11/site-packages (from fsspec[http]<=2026.6.0,>=2023.1.0->datasets) (3.14.3)
Requirement already satisfied: anyio in /scratch/users/anirban/tamaghnam/envs/latentvans/lib/python3.11/site-packages (from httpx<1.0.0->datasets) (4.15.1)
Requirement already satisfied: certifi in /scratch/users/anirban/tamaghnam/envs/latentvans/lib/python3.11/site-packages (from httpx<1.0.0->datasets) (2026.7.22)
Requirement already satisfied: httpcore==1.* in /scratch/users/anirban/tamaghnam/envs/latentvans/lib/python3.11/site-packages (from httpx<1.0.0->datasets) (1.0.9)
Requirement already satisfied: idna in /scratch/users/anirban/tamaghnam/envs/latentvans/lib/python3.11/site-packages (from httpx<1.0.0->datasets) (3.19)
Requirement already satisfied: h11>=0.16 in /scratch/users/anirban/tamaghnam/envs/latentvans/lib/python3.11/site-packages (from httpcore==1.*->httpx<1.0.0->datasets) (0.16.0)
Requirement already satisfied: click<9.0.0,>=8.4.2 in /scratch/users/anirban/tamaghnam/envs/latentvans/lib/python3.11/site-packages (from huggingface-hub<2.0,>=0.25.0->datasets) (8.5.0)
Requirement already satisfied: hf-xet<2.0.0,>=1.5.2 in /scratch/users/anirban/tamaghnam/envs/latentvans/lib/python3.11/site-packages (from huggingface-hub<2.0,>=0.25.0->datasets) (1.6.0)
Requirement already satisfied: typing-extensions>=4.1.0 in /scratch/users/anirban/tamaghnam/envs/latentvans/lib/python3.11/site-packages (from huggingface-hub<2.0,>=0.25.0->datasets) (4.16.0)
Requirement already satisfied: aiohappyeyeballs>=2.5.0 in /scratch/users/anirban/tamaghnam/envs/latentvans/lib/python3.11/site-packages (from aiohttp!=4.0.0a0,!=4.0.0a1->fsspec[http]<=2026.6.0,>=2023.1.0->datasets) (2.7.1)
Requirement already satisfied: aiosignal>=1.4.0 in /scratch/users/anirban/tamaghnam/envs/latentvans/lib/python3.11/site-packages (from aiohttp!=4.0.0a0,!=4.0.0a1->fsspec[http]<=2026.6.0,>=2023.1.0->datasets) (1.4.0)
Requirement already satisfied: attrs>=17.3.0 in /scratch/users/anirban/tamaghnam/envs/latentvans/lib/python3.11/site-packages (from aiohttp!=4.0.0a0,!=4.0.0a1->fsspec[http]<=2026.6.0,>=2023.1.0->datasets) (26.1.0)
Requirement already satisfied: frozenlist>=1.1.1 in /scratch/users/anirban/tamaghnam/envs/latentvans/lib/python3.11/site-packages (from aiohttp!=4.0.0a0,!=4.0.0a1->fsspec[http]<=2026.6.0,>=2023.1.0->datasets) (1.8.0)
Requirement already satisfied: multidict<7.0,>=4.5 in /scratch/users/anirban/tamaghnam/envs/latentvans/lib/python3.11/site-packages (from aiohttp!=4.0.0a0,!=4.0.0a1->fsspec[http]<=2026.6.0,>=2023.1.0->datasets) (6.7.1)
Requirement already satisfied: propcache>=0.2.0 in /scratch/users/anirban/tamaghnam/envs/latentvans/lib/python3.11/site-packages (from aiohttp!=4.0.0a0,!=4.0.0a1->fsspec[http]<=2026.6.0,>=2023.1.0->datasets) (0.5.2)
Requirement already satisfied: yarl<2.0,>=1.17.0 in /scratch/users/anirban/tamaghnam/envs/latentvans/lib/python3.11/site-packages (from aiohttp!=4.0.0a0,!=4.0.0a1->fsspec[http]<=2026.6.0,>=2023.1.0->datasets) (1.24.5)
Requirement already satisfied: charset_normalizer<4,>=2 in /scratch/users/anirban/tamaghnam/envs/latentvans/lib/python3.11/site-packages (from requests>=2.32.2->datasets) (3.5.1)
Requirement already satisfied: urllib3<3,>=1.26 in /scratch/users/anirban/tamaghnam/envs/latentvans/lib/python3.11/site-packages (from requests>=2.32.2->datasets) (2.7.0)
Requirement already satisfied: python-dateutil>=2.8.2 in /scratch/users/anirban/tamaghnam/envs/latentvans/lib/python3.11/site-packages (from pandas->datasets) (2.9.0.post0)
Requirement already satisfied: six>=1.5 in /scratch/users/anirban/tamaghnam/envs/latentvans/lib/python3.11/site-packages (from python-dateutil>=2.8.2->pandas->datasets) (1.17.0)
[12:29:30] ======================================================================
[12:29:30] Loading all TwiFF targets from /scratch/users/anirban/tamaghnam/latentvans/data/future_l1_50k_metadata_full
[12:29:30] ======================================================================
[12:29:51] 50000 distinct clip files targeted for this run (start/end taken directly from each row's own meta_data)
[12:29:51] 49222 distinct source YouTube videos among those targets
[12:29:51] Sharding: this is shard 1/2 -- 24611/49222 distinct source videos assigned to it
[12:29:51] ======================================================================
[12:29:51] Downloading + cutting clips (grouped by source video)
[12:29:51] ======================================================================
[12:29:51]   [video 12/24611] yt-dlp jew1458EF5I (1 clip(s) needed) ...
[12:29:58]     FAILED: ERROR: [youtube] jew1458EF5I: This video is not available
[12:29:59]   [video 34/24611] yt-dlp zSfsNZzKZss (1 clip(s) needed) ...
[12:30:03]     FAILED: ERROR: [youtube] zSfsNZzKZss: This video is not available
[12:30:03]   [video 35/24611] yt-dlp 203x3L2HYAY (1 clip(s) needed) ...
[12:30:07]     FAILED: ERROR: [youtube] 203x3L2HYAY: Private video
[12:30:07]   [video 40/24611] yt-dlp 2KUpTltWbfQ (2 clip(s) needed) ...
[12:30:11]     FAILED: ERROR: [youtube] 2KUpTltWbfQ: This video is not available
[12:30:11]   [video 58/24611] yt-dlp fyhI4GPgEUM (2 clip(s) needed) ...
[12:30:14]     FAILED: ERROR: [youtube] fyhI4GPgEUM: This video is not available
[12:30:14]   [video 61/24611] yt-dlp kYxys6pXwwc (1 clip(s) needed) ...
[12:30:19]     FAILED: ERROR: [youtube] kYxys6pXwwc: Please sign in. Use --cookies-from-browser or --cookies for the authentication. See  https://github.com/yt-dlp/yt-dlp/wiki/FAQ#how-do-i-pass-cookies-to-yt-dlp  for how to manually pass cookies. Also see  https://github.com/yt-dlp/yt-dlp/wiki/Extractors#exporting-youtube-cookies  for tips on effectively exporting YouTube cookies
[12:30:19]   [video 63/24611] yt-dlp vMeC-ibV8Ok (1 clip(s) needed) ...
[12:30:23]     FAILED: ERROR: [youtube] vMeC-ibV8Ok: This video is not available
[12:30:23]   [video 87/24611] yt-dlp kIetDoO86HU (1 clip(s) needed) ...
[12:30:27]     FAILED: ERROR: [youtube] kIetDoO86HU: This video is unavailable
[12:30:27]   [video 120/24611] yt-dlp z92kV3NKEsw (1 clip(s) needed) ...
[12:30:31]     FAILED: ERROR: [youtube] z92kV3NKEsw: Please sign in. Use --cookies-from-browser or --cookies for the authentication. See  https://github.com/yt-dlp/yt-dlp/wiki/FAQ#how-do-i-pass-cookies-to-yt-dlp  for how to manually pass cookies. Also see  https://github.com/yt-dlp/yt-dlp/wiki/Extractors#exporting-youtube-cookies  for tips on effectively exporting YouTube cookies
[12:30:32]   [video 150/24611] yt-dlp 8WkVNq1-6bs (1 clip(s) needed) ...
[12:30:35]     FAILED: ERROR: [youtube] 8WkVNq1-6bs: Private video
[12:30:35]   [video 171/24611] yt-dlp YsKBaaxbwTU (1 clip(s) needed) ...
[12:30:38]     FAILED: ERROR: [youtube] YsKBaaxbwTU: Private video
[12:30:38]   [video 173/24611] yt-dlp AckdrrEUpqw (1 clip(s) needed) ...
[12:30:42]     FAILED: ERROR: [youtube] AckdrrEUpqw: This video is not available
[12:30:42]   [video 182/24611] yt-dlp 7tOefiOUS1I (1 clip(s) needed) ...
[12:30:45]     FAILED: ERROR: [youtube] 7tOefiOUS1I: This video is unavailable
[12:30:46]   [video 198/24611] yt-dlp vOyYn4ATsoo (1 clip(s) needed) ...
[12:30:49]     FAILED: ERROR: [youtube] vOyYn4ATsoo: This video is not available
[12:30:49]   [video 203/24611] yt-dlp 7aHBEk6VV8g (1 clip(s) needed) ...
[12:30:54]     FAILED: ERROR: [youtube] 7aHBEk6VV8g: This video is not available
[12:30:55]   [video 210/24611] yt-dlp G-Pj5VP1YEo (1 clip(s) needed) ...
[12:30:58]     FAILED: ERROR: [youtube] G-Pj5VP1YEo: Private video
[12:30:58]   [video 212/24611] yt-dlp G6oIXQFFm4c (1 clip(s) needed) ...
[12:31:02]     FAILED: ERROR: [youtube] G6oIXQFFm4c: This video is not available
[12:31:02]   [video 215/24611] yt-dlp q08s-OGrsKo (1 clip(s) needed) ...
[12:31:05]     FAILED: ERROR: [youtube] q08s-OGrsKo: This video is not available
[12:31:05]   [video 216/24611] yt-dlp wqOQMMnTnXg (1 clip(s) needed) ...
[12:31:09]     FAILED: ERROR: [youtube] wqOQMMnTnXg: This video is not available
[12:31:09]   [video 238/24611] yt-dlp 2CIZ-WoZsSc (1 clip(s) needed) ...
[12:31:12]     FAILED: ERROR: [youtube] 2CIZ-WoZsSc: This video is not available
[12:31:13]   [video 277/24611] yt-dlp fanIpBRICCg (1 clip(s) needed) ...
[12:31:15]     FAILED: ERROR: [youtube] fanIpBRICCg: Video unavailable
[12:31:15]   [video 280/24611] yt-dlp YBOCsL_EA_s (1 clip(s) needed) ...
[12:31:19]     FAILED: ERROR: [youtube] YBOCsL_EA_s: This video is not available
[12:31:19]   [video 291/24611] yt-dlp LwvZ7y6gLuo (1 clip(s) needed) ...
[12:31:22]     FAILED: ERROR: [youtube] LwvZ7y6gLuo: Please sign in. Use --cookies-from-browser or --cookies for the authentication. See  https://github.com/yt-dlp/yt-dlp/wiki/FAQ#how-do-i-pass-cookies-to-yt-dlp  for how to manually pass cookies. Also see  https://github.com/yt-dlp/yt-dlp/wiki/Extractors#exporting-youtube-cookies  for tips on effectively exporting YouTube cookies
[12:31:22]   [video 293/24611] yt-dlp ggoc-Uaox_0 (1 clip(s) needed) ...
[12:31:25]     FAILED: ERROR: [youtube] ggoc-Uaox_0: Private video
[12:31:25]   [video 305/24611] yt-dlp hCI78bKvGJ0 (1 clip(s) needed) ...
[12:31:28]     FAILED: ERROR: [youtube] hCI78bKvGJ0: This video is not available
[12:31:29]   [video 332/24611] yt-dlp brYj97Yl1Vk (1 clip(s) needed) ...
[12:31:32]     FAILED: ERROR: [youtube] brYj97Yl1Vk: This video is not available
[12:31:33]   [video 370/24611] yt-dlp rrowugi1a9o (1 clip(s) needed) ...
[12:31:36]     FAILED: ERROR: [youtube] rrowugi1a9o: This video is not available
[12:31:37]   [video 380/24611] yt-dlp x4zzdmD0-c8 (1 clip(s) needed) ...
[12:31:40]     FAILED: ERROR: [youtube] x4zzdmD0-c8: Private video
[12:31:40]   [video 392/24611] yt-dlp SzvUNDgq8hc (1 clip(s) needed) ...
[12:31:44]     FAILED: ERROR: [youtube] SzvUNDgq8hc: This video is not available
[12:31:44]   [video 394/24611] yt-dlp Y8WoJBtFxgM (1 clip(s) needed) ...
[12:31:47]     FAILED: ERROR: [youtube] Y8WoJBtFxgM: Private video
[12:31:47]   [video 399/24611] yt-dlp qsXAyFgPZVE (1 clip(s) needed) ...
[12:31:50]     FAILED: ERROR: [youtube] qsXAyFgPZVE: This video is not available
[12:31:51]   [video 446/24611] yt-dlp -7oJIUTyuGY (1 clip(s) needed) ...
[12:31:54]     FAILED: ERROR: [youtube] -7oJIUTyuGY: This video is unavailable
[12:31:54]   [video 459/24611] yt-dlp UiLMHglmUPE (1 clip(s) needed) ...
[12:31:58]     FAILED: ERROR: [youtube] UiLMHglmUPE: Please sign in. Use --cookies-from-browser or --cookies for the authentication. See  https://github.com/yt-dlp/yt-dlp/wiki/FAQ#how-do-i-pass-cookies-to-yt-dlp  for how to manually pass cookies. Also see  https://github.com/yt-dlp/yt-dlp/wiki/Extractors#exporting-youtube-cookies  for tips on effectively exporting YouTube cookies
[12:31:58]   [video 477/24611] yt-dlp 35Jdqx1MUWw (1 clip(s) needed) ...
[12:32:01]     FAILED: ERROR: [youtube] 35Jdqx1MUWw: Please sign in. Use --cookies-from-browser or --cookies for the authentication. See  https://github.com/yt-dlp/yt-dlp/wiki/FAQ#how-do-i-pass-cookies-to-yt-dlp  for how to manually pass cookies. Also see  https://github.com/yt-dlp/yt-dlp/wiki/Extractors#exporting-youtube-cookies  for tips on effectively exporting YouTube cookies
[12:32:01]   [video 490/24611] yt-dlp KcHPsVFhs3g (1 clip(s) needed) ...
[12:32:06]     FAILED: ERROR: [youtube] KcHPsVFhs3g: Private video
[12:32:06]   [video 499/24611] yt-dlp xUN7bZHKXIM (1 clip(s) needed) ...
[12:32:09]     FAILED: ERROR: [youtube] xUN7bZHKXIM: This video is not available
[12:32:09]   [video 506/24611] yt-dlp v8zD8jXAYM8 (1 clip(s) needed) ...
[12:32:13]     FAILED: ERROR: [youtube] v8zD8jXAYM8: This video is not available
[12:32:13]   [video 511/24611] yt-dlp hMqraxRgIDw (1 clip(s) needed) ...
[12:32:17]     FAILED: ERROR: [youtube] hMqraxRgIDw: Please sign in. Use --cookies-from-browser or --cookies for the authentication. See  https://github.com/yt-dlp/yt-dlp/wiki/FAQ#how-do-i-pass-cookies-to-yt-dlp  for how to manually pass cookies. Also see  https://github.com/yt-dlp/yt-dlp/wiki/Extractors#exporting-youtube-cookies  for tips on effectively exporting YouTube cookies
[12:32:17]   [video 574/24611] yt-dlp nIxpE-LYUAA (1 clip(s) needed) ...
[12:32:20]     FAILED: ERROR: [youtube] nIxpE-LYUAA: This video is not available
[12:32:21]   [video 580/24611] yt-dlp JvApEnqheEU (1 clip(s) needed) ...
[12:32:24]     FAILED: ERROR: [youtube] JvApEnqheEU: Private video
[12:32:25]   [video 585/24611] yt-dlp yfbnDcM6isg (1 clip(s) needed) ...
[12:32:29]     FAILED: ERROR: [youtube] yfbnDcM6isg: This video is unavailable
[12:32:30]   [video 601/24611] yt-dlp ofdpHC17u98 (1 clip(s) needed) ...
[12:32:38]     [615/24988] cutting ofdpHC17u98-0:07:39.400-0:08:27.400.mp4 (0:07:39.400 -> 0:08:27.400)
[12:32:40]   [video 612/24611] yt-dlp IScNvya2Ux4 (1 clip(s) needed) ...
[12:32:45]     [626/24988] cutting IScNvya2Ux4-0:04:24.033-0:04:35.033.mp4 (0:04:24.033 -> 0:04:35.033)
[12:32:46]   [video 614/24611] yt-dlp W0G9agnc2MU (1 clip(s) needed) ...
[12:32:49]     FAILED: ERROR: [youtube] W0G9agnc2MU: Private video
[12:32:49]   [video 617/24611] yt-dlp cZcvi7d26fw (1 clip(s) needed) ...
[12:32:54]     FAILED: ERROR: [youtube] cZcvi7d26fw: This video is not available
[12:32:55]   [video 622/24611] yt-dlp 1aTv0VtJIXQ (1 clip(s) needed) ...
[12:32:58]     FAILED: ERROR: [youtube] 1aTv0VtJIXQ: Private video
[12:32:58]   [video 626/24611] yt-dlp i6IpeL-aEZ0 (1 clip(s) needed) ...
[12:33:26]     FAILED: ERROR: unable to download video data: HTTP Error 403: Forbidden
[12:33:26]   [video 629/24611] yt-dlp 12_e3hmrGRk (1 clip(s) needed) ...
[12:33:33]     [644/24988] cutting 12_e3hmrGRk-0:03:15.828-0:03:21.134.mp4 (0:03:15.828 -> 0:03:21.134)
[12:33:34]   [video 635/24611] yt-dlp LwRPzlWQOlw (1 clip(s) needed) ...
[12:33:39]     FAILED: ERROR: [youtube] LwRPzlWQOlw: This video is unavailable
[12:33:39]   [video 641/24611] yt-dlp NTvtNlT1EWE (1 clip(s) needed) ...
[12:33:42]     FAILED: ERROR: [youtube] NTvtNlT1EWE: This video is not available
[12:33:42]   [video 642/24611] yt-dlp _nWy5guHLuc (1 clip(s) needed) ...
[12:33:49]     [657/24988] cutting _nWy5guHLuc-0:00:10.240-0:00:58.240.mp4 (0:00:10.240 -> 0:00:58.240)
[12:33:50]   [video 663/24611] yt-dlp _upb1ZwwBkk (1 clip(s) needed) ...
[12:34:01]     [679/24988] cutting _upb1ZwwBkk-0:05:38.254-0:05:43.760.mp4 (0:05:38.254 -> 0:05:43.760)
[12:34:01]   [video 668/24611] yt-dlp Fqzqiaq49W0 (1 clip(s) needed) ...
[12:34:08]     [684/24988] cutting Fqzqiaq49W0-0:00:29.612-0:01:01.394.mp4 (0:00:29.612 -> 0:01:01.394)
[12:34:09]   [video 670/24611] yt-dlp T_amhFvrJZo (1 clip(s) needed) ...
[12:34:16]     [686/24988] cutting T_amhFvrJZo-0:00:03.866-0:00:34.800.mp4 (0:00:03.866 -> 0:00:34.800)
[12:34:17]   [video 674/24611] yt-dlp NWUQrAVa9yc (1 clip(s) needed) ...
[12:34:43]     [691/24988] cutting NWUQrAVa9yc-0:07:55.240-0:07:58.640.mp4 (0:07:55.240 -> 0:07:58.640)
[12:34:44]   [video 677/24611] yt-dlp imNErjirM-A (1 clip(s) needed) ...
[12:34:47]     FAILED: ERROR: [youtube] imNErjirM-A: This video is unavailable
[12:34:47]   [video 680/24611] yt-dlp hlk-v2zijyY (1 clip(s) needed) ...
[12:35:19]     FAILED: ERROR: [youtube] hlk-v2zijyY: This video is not available
[12:35:19]   [video 688/24611] yt-dlp qqXqoXJuIPM (1 clip(s) needed) ...
[12:35:25]     [705/24988] cutting qqXqoXJuIPM-0:01:29.089-0:01:34.761.mp4 (0:01:29.089 -> 0:01:34.761)
[12:35:25]   [video 706/24611] yt-dlp 2JnBqVRbb_0 (1 clip(s) needed) ...
[12:35:31]     [723/24988] cutting 2JnBqVRbb_0-0:00:47.560-0:00:55.680.mp4 (0:00:47.560 -> 0:00:55.680)
[12:35:32]   [video 727/24611] yt-dlp aS8bkbFLXN8 (1 clip(s) needed) ...
[12:35:38]     [745/24988] cutting aS8bkbFLXN8-0:00:16.200-0:01:04.200.mp4 (0:00:16.200 -> 0:01:04.200)
[12:35:39]   [video 731/24611] yt-dlp bJ0fJJFMNtY (1 clip(s) needed) ...
[12:35:44]     [749/24988] cutting bJ0fJJFMNtY-0:01:14.040-0:01:17.177.mp4 (0:01:14.040 -> 0:01:17.177)
[12:35:45]   [video 732/24611] yt-dlp NV0Giewg4zQ (1 clip(s) needed) ...
[12:35:49]     FAILED: ERROR: [youtube] NV0Giewg4zQ: This video is unavailable
[12:35:49]   [video 761/24611] yt-dlp n9yhBIdd_KY (1 clip(s) needed) ...
[12:35:52]     FAILED: ERROR: [youtube] n9yhBIdd_KY: This video is not available
[12:35:53]   [video 794/24611] yt-dlp 7cCPjHadFUM (1 clip(s) needed) ...
[12:36:01]     FAILED: ERROR: [youtube] 7cCPjHadFUM: Private video
[12:36:01]   [video 806/24611] yt-dlp p6JInLKRwnI (1 clip(s) needed) ...
[12:36:04]     FAILED: ERROR: [youtube] p6JInLKRwnI: Private video
[12:36:04]   [video 850/24611] yt-dlp gb1Dw3jm-1Y (1 clip(s) needed) ...
[12:36:07]     FAILED: ERROR: [youtube] gb1Dw3jm-1Y: Video unavailable
[12:36:07]   [video 852/24611] yt-dlp gz0EftxX7ao (2 clip(s) needed) ...
[12:36:11]     FAILED: ERROR: [youtube] gz0EftxX7ao: This video is not available
[12:36:11]   [video 864/24611] yt-dlp lpYNYfzob3o (1 clip(s) needed) ...
[12:36:14]     FAILED: ERROR: [youtube] lpYNYfzob3o: Private video
[12:36:14]   [video 880/24611] yt-dlp mwdr2OXO-0A (1 clip(s) needed) ...
[12:36:17]     FAILED: ERROR: [youtube] mwdr2OXO-0A: This video is not available
[12:36:17]   [video 898/24611] yt-dlp do4k0A9oo3E (2 clip(s) needed) ...
[12:36:21]     FAILED: ERROR: [youtube] do4k0A9oo3E: This video is not available
[12:36:21]   [video 911/24611] yt-dlp hphzEgmMApA (1 clip(s) needed) ...
[12:36:25]     FAILED: ERROR: [youtube] hphzEgmMApA: This video is not available
[12:36:25]   [video 917/24611] yt-dlp XcpvdjgugBg (1 clip(s) needed) ...
[12:36:28]     FAILED: ERROR: [youtube] XcpvdjgugBg: This video is not available
[12:36:28]   [video 924/24611] yt-dlp KTRQ3p7c5vo (1 clip(s) needed) ...
[12:36:31]     FAILED: ERROR: [youtube] KTRQ3p7c5vo: This video is unavailable
[12:36:31]   [video 925/24611] yt-dlp f4ei55JZtes (1 clip(s) needed) ...
[12:36:34]     FAILED: ERROR: [youtube] f4ei55JZtes: Private video
[12:36:35]   [video 938/24611] yt-dlp _UhOYtq1_Ag (1 clip(s) needed) ...
[12:36:38]     FAILED: ERROR: [youtube] _UhOYtq1_Ag: Private video
[12:36:38]   [video 956/24611] yt-dlp fdNBHG4YA4o (1 clip(s) needed) ...
[12:36:42]     FAILED: ERROR: [youtube] fdNBHG4YA4o: This video is not available
[12:36:42]   [video 970/24611] yt-dlp FsqOV6E6Ryk (1 clip(s) needed) ...
[12:36:45]     FAILED: ERROR: [youtube] FsqOV6E6Ryk: Please sign in. Use --cookies-from-browser or --cookies for the authentication. See  https://github.com/yt-dlp/yt-dlp/wiki/FAQ#how-do-i-pass-cookies-to-yt-dlp  for how to manually pass cookies. Also see  https://github.com/yt-dlp/yt-dlp/wiki/Extractors#exporting-youtube-cookies  for tips on effectively exporting YouTube cookies
[12:36:45]   [video 992/24611] yt-dlp 7BAWKQvUHpQ (1 clip(s) needed) ...
[12:36:48]     FAILED: ERROR: [youtube] 7BAWKQvUHpQ: This video is unavailable
[12:36:48]   [video 1014/24611] yt-dlp IhHnKy74JwI (1 clip(s) needed) ...
[12:36:52]     FAILED: ERROR: [youtube] IhHnKy74JwI: This video is not available
[12:36:52]   [video 1019/24611] yt-dlp mRrUqvKUNzA (1 clip(s) needed) ...
[12:36:55]     FAILED: ERROR: [youtube] mRrUqvKUNzA: This video is unavailable
[12:36:55]   [video 1026/24611] yt-dlp 6uA5dloLVdU (1 clip(s) needed) ...
[12:36:58]     FAILED: ERROR: [youtube] 6uA5dloLVdU: This video is not available
[12:36:58]   [video 1030/24611] yt-dlp nJVgkO4kMLk (1 clip(s) needed) ...
[12:37:02]     FAILED: ERROR: [youtube] nJVgkO4kMLk: This video is not available
[12:37:02]   [video 1051/24611] yt-dlp i8wEQ9e4nBA (1 clip(s) needed) ...
[12:37:05]     FAILED: ERROR: [youtube] i8wEQ9e4nBA: Private video
[12:37:05]   [video 1077/24611] yt-dlp peA-4zoEA20 (1 clip(s) needed) ...
[12:37:09]     FAILED: ERROR: [youtube] peA-4zoEA20: This video is not available
[12:37:09]   [video 1088/24611] yt-dlp FRYyO-daRQ8 (1 clip(s) needed) ...
[12:37:14]     FAILED: ERROR: [youtube] FRYyO-daRQ8: This video is not available
[12:37:15]   [video 1095/24611] yt-dlp Ib3JIqlmXBc (1 clip(s) needed) ...
[12:37:19]     FAILED: ERROR: [youtube] Ib3JIqlmXBc: This video is not available
[12:37:19]   [video 1108/24611] yt-dlp JFBLriZbi7E (1 clip(s) needed) ...
[12:37:23]     FAILED: ERROR: [youtube] JFBLriZbi7E: This video is not available
[12:37:23]   [video 1131/24611] yt-dlp h4Kx7i04Z88 (1 clip(s) needed) ...
[12:37:27]     FAILED: ERROR: [youtube] h4Kx7i04Z88: This video is not available
[12:37:27]   [video 1136/24611] yt-dlp B_ed7_cv7q8 (1 clip(s) needed) ...
[12:37:30]     FAILED: ERROR: [youtube] B_ed7_cv7q8: This video is not available
[12:37:30]   [video 1142/24611] yt-dlp UO_aEtkU9sw (1 clip(s) needed) ...
[12:37:34]     FAILED: ERROR: [youtube] UO_aEtkU9sw: This video is not available
[12:37:35]   [video 1161/24611] yt-dlp QmshWaOGG_o (1 clip(s) needed) ...
[12:37:38]     FAILED: ERROR: [youtube] QmshWaOGG_o: Video unavailable
[12:37:38]   [video 1170/24611] yt-dlp SZX8oxPcg4c (1 clip(s) needed) ...
[12:37:42]     FAILED: ERROR: [youtube] SZX8oxPcg4c: This video is not available
[12:37:42]   [video 1236/24611] yt-dlp lc6r3cBV7M0 (1 clip(s) needed) ...
[12:37:45]     FAILED: ERROR: [youtube] lc6r3cBV7M0: This video is not available
[12:37:46]   [video 1237/24611] yt-dlp FVQQRBqTExU (1 clip(s) needed) ...
[12:37:48]     FAILED: ERROR: [youtube] FVQQRBqTExU: This video is unavailable
[12:37:49]   [video 1249/24611] yt-dlp cNbj3u2H1Tg (1 clip(s) needed) ...
[12:37:52]     FAILED: ERROR: [youtube] cNbj3u2H1Tg: This video is unavailable
[12:37:52]   [video 1279/24611] yt-dlp iG3d6sDnQq0 (1 clip(s) needed) ...
[12:37:55]     FAILED: ERROR: [youtube] iG3d6sDnQq0: This video is not available
[12:37:55]   [video 1298/24611] yt-dlp nYlvZ95KmGI (1 clip(s) needed) ...
[12:37:58]     FAILED: ERROR: [youtube] nYlvZ95KmGI: This video is unavailable
[12:37:59]   [video 1381/24611] yt-dlp 3Ma9hYq1_Ps (1 clip(s) needed) ...
[12:38:03]     FAILED: ERROR: [youtube] 3Ma9hYq1_Ps: Please sign in. Use --cookies-from-browser or --cookies for the authentication. See  https://github.com/yt-dlp/yt-dlp/wiki/FAQ#how-do-i-pass-cookies-to-yt-dlp  for how to manually pass cookies. Also see  https://github.com/yt-dlp/yt-dlp/wiki/Extractors#exporting-youtube-cookies  for tips on effectively exporting YouTube cookies
[12:38:03]   [video 1388/24611] yt-dlp t9IRoqIA5WM (1 clip(s) needed) ...
[12:38:07]     FAILED: ERROR: [youtube] t9IRoqIA5WM: This video is not available
[12:38:07]   [video 1425/24611] yt-dlp hHqg6TEPF20 (1 clip(s) needed) ...
[12:38:10]     FAILED: ERROR: [youtube] hHqg6TEPF20: This video is unavailable
[12:38:10]   [video 1434/24611] yt-dlp tZpt2oZnbz8 (1 clip(s) needed) ...
[12:38:14]     FAILED: ERROR: [youtube] tZpt2oZnbz8: This video is not available
[12:38:14]   [video 1435/24611] yt-dlp EI8t2r43rg4 (1 clip(s) needed) ...
[12:38:18]     FAILED: ERROR: [youtube] EI8t2r43rg4: This video is not available
[12:38:18]   [video 1461/24611] yt-dlp 0VQyNhcs1sI (1 clip(s) needed) ...
[12:38:21]     FAILED: ERROR: [youtube] 0VQyNhcs1sI: This video is unavailable
[12:38:22]   [video 1480/24611] yt-dlp Ti2cdqkYoww (1 clip(s) needed) ...
[12:38:25]     FAILED: ERROR: [youtube] Ti2cdqkYoww: This video is not available
[12:38:25]   [video 1515/24611] yt-dlp PS4gWgbJVp8 (1 clip(s) needed) ...
[12:38:29]     FAILED: ERROR: [youtube] PS4gWgbJVp8: This video is not available
[12:38:29]   [video 1520/24611] yt-dlp RRE6u5id5rE (1 clip(s) needed) ...
[12:38:32]     FAILED: ERROR: [youtube] RRE6u5id5rE: This video is unavailable
[12:38:33]   [video 1562/24611] yt-dlp 5R6b_Vz2Irk (1 clip(s) needed) ...
[12:38:36]     FAILED: ERROR: [youtube] 5R6b_Vz2Irk: Private video
[12:38:37]   [video 1615/24611] yt-dlp ZhzvFtL-tBQ (1 clip(s) needed) ...
[12:38:41]     FAILED: ERROR: [youtube] ZhzvFtL-tBQ: This video is not available
[12:38:41]   [video 1647/24611] yt-dlp i7iHP15ZyUM (1 clip(s) needed) ...
[12:38:45]     FAILED: ERROR: [youtube] i7iHP15ZyUM: This video is unavailable
[12:38:46]   [video 1680/24611] yt-dlp Eaiu6PfCqwc (1 clip(s) needed) ...
[12:38:50]     FAILED: ERROR: [youtube] Eaiu6PfCqwc: This video is not available
[12:38:50]   [video 1690/24611] yt-dlp VHHPJ3R7_Po (1 clip(s) needed) ...
[12:39:10]     FAILED: ERROR: [youtube] VHHPJ3R7_Po: This video is not available
[12:39:10]   [video 1695/24611] yt-dlp izDr4vQasOU (1 clip(s) needed) ...
[12:39:14]     FAILED: ERROR: [youtube] izDr4vQasOU: Please sign in. Use --cookies-from-browser or --cookies for the authentication. See  https://github.com/yt-dlp/yt-dlp/wiki/FAQ#how-do-i-pass-cookies-to-yt-dlp  for how to manually pass cookies. Also see  https://github.com/yt-dlp/yt-dlp/wiki/Extractors#exporting-youtube-cookies  for tips on effectively exporting YouTube cookies
[12:39:15]   [video 1753/24611] yt-dlp BbD3GMvq6QA (1 clip(s) needed) ...
[12:39:18]     FAILED: ERROR: [youtube] BbD3GMvq6QA: This video is not available
[12:39:18]   [video 1770/24611] yt-dlp PBVFR1cHN_M (1 clip(s) needed) ...
[12:39:22]     FAILED: ERROR: [youtube] PBVFR1cHN_M: Please sign in. Use --cookies-from-browser or --cookies for the authentication. See  https://github.com/yt-dlp/yt-dlp/wiki/FAQ#how-do-i-pass-cookies-to-yt-dlp  for how to manually pass cookies. Also see  https://github.com/yt-dlp/yt-dlp/wiki/Extractors#exporting-youtube-cookies  for tips on effectively exporting YouTube cookies
[12:39:22]   [video 1815/24611] yt-dlp AGoCre1gMd0 (1 clip(s) needed) ...
[12:39:26]     FAILED: ERROR: [youtube] AGoCre1gMd0: Video unavailable
[12:39:26]   [video 1822/24611] yt-dlp yIb56PQwIfE (1 clip(s) needed) ...
[12:39:30]     FAILED: ERROR: [youtube] yIb56PQwIfE: Private video
[12:39:31]   [video 1836/24611] yt-dlp -O7AfMh-ybY (1 clip(s) needed) ...
[12:39:34]     FAILED: ERROR: [youtube] -O7AfMh-ybY: Private video
[12:39:34]   [video 1840/24611] yt-dlp 6vTmKqm2j5E (1 clip(s) needed) ...
[12:39:37]     FAILED: ERROR: [youtube] 6vTmKqm2j5E: Private video
[12:39:37]   [video 1843/24611] yt-dlp 79BT8FUNKAc (1 clip(s) needed) ...
[12:39:42]     FAILED: ERROR: [youtube] 79BT8FUNKAc: This video is not available
[12:39:43]   [video 1861/24611] yt-dlp QYIs7_AjrzY (1 clip(s) needed) ...
[12:39:47]     FAILED: ERROR: [youtube] QYIs7_AjrzY: This video is not available
[12:39:47]   [video 1888/24611] yt-dlp wqDoInA3faM (1 clip(s) needed) ...
[12:39:50]     FAILED: ERROR: [youtube] wqDoInA3faM: Private video
[12:39:51]   [video 1898/24611] yt-dlp WU_ysH442Bc (1 clip(s) needed) ...
[12:39:55]     FAILED: ERROR: [youtube] WU_ysH442Bc: This video is not available
[12:39:55]   [video 1900/24611] yt-dlp 3MkUbRfZwIc (1 clip(s) needed) ...
[12:39:58]     FAILED: ERROR: [youtube] 3MkUbRfZwIc: Private video
[12:39:59]   [video 1921/24611] yt-dlp VkhlUmYpdJc (1 clip(s) needed) ...
[12:40:02]     FAILED: ERROR: [youtube] VkhlUmYpdJc: This video is not available
[12:40:02]   [video 1931/24611] yt-dlp NDWRR_6RmwM (1 clip(s) needed) ...
[12:40:07]     FAILED: ERROR: Postprocessing: Error opening input files: Invalid data found when processing input
[12:40:07]   [video 1944/24611] yt-dlp CNYTJ8W3Jyo (1 clip(s) needed) ...
[12:40:12]     FAILED: ERROR: [youtube] CNYTJ8W3Jyo: This video is unavailable
[12:40:12]   [video 1947/24611] yt-dlp F8HNUZ6SWKo (1 clip(s) needed) ...
[12:40:16]     FAILED: ERROR: [youtube] F8HNUZ6SWKo: This video is not available
[12:40:16]   [video 1956/24611] yt-dlp hGodGw-E100 (1 clip(s) needed) ...
[12:40:20]     FAILED: ERROR: [youtube] hGodGw-E100: This video is not available
[12:40:21]   [video 2002/24611] yt-dlp 3FjdZbtjng8 (1 clip(s) needed) ...
[12:40:24]     FAILED: ERROR: [youtube] 3FjdZbtjng8: This video is not available
[12:40:24]   [video 2006/24611] yt-dlp WdUZsJyMy78 (2 clip(s) needed) ...
[12:40:27]     FAILED: ERROR: [youtube] WdUZsJyMy78: Please sign in. Use --cookies-from-browser or --cookies for the authentication. See  https://github.com/yt-dlp/yt-dlp/wiki/FAQ#how-do-i-pass-cookies-to-yt-dlp  for how to manually pass cookies. Also see  https://github.com/yt-dlp/yt-dlp/wiki/Extractors#exporting-youtube-cookies  for tips on effectively exporting YouTube cookies
[12:40:27]   [video 2055/24611] yt-dlp KRy6azdiqtc (1 clip(s) needed) ...
[12:40:32]     FAILED: ERROR: [youtube] KRy6azdiqtc: This video is not available
[12:40:32]   [video 2069/24611] yt-dlp YxS7TBdsa6g (1 clip(s) needed) ...
[12:40:36]     FAILED: ERROR: [youtube] YxS7TBdsa6g: Private video
[12:40:36]   [video 2085/24611] yt-dlp mC0n9yHSc-w (1 clip(s) needed) ...
[12:40:39]     FAILED: ERROR: [youtube] mC0n9yHSc-w: Private video
[12:40:39]   [video 2107/24611] yt-dlp sNyEbrA6CTI (1 clip(s) needed) ...
[12:40:42]     FAILED: ERROR: [youtube] sNyEbrA6CTI: Private video
[12:40:42]   [video 2125/24611] yt-dlp TuJv1yuokgk (1 clip(s) needed) ...
[12:40:46]     FAILED: ERROR: [youtube] TuJv1yuokgk: This video is not available
[12:40:46]   [video 2128/24611] yt-dlp bWurpLIvigo (1 clip(s) needed) ...
[12:40:49]     FAILED: ERROR: [youtube] bWurpLIvigo: Private video
[12:40:50]   [video 2131/24611] yt-dlp knkDFoDQzRE (1 clip(s) needed) ...
[12:40:53]     FAILED: ERROR: [youtube] knkDFoDQzRE: This video is not available
[12:40:54]   [video 2141/24611] yt-dlp k5p9hhrpEsg (1 clip(s) needed) ...
[12:40:57]     FAILED: ERROR: [youtube] k5p9hhrpEsg: Please sign in. Use --cookies-from-browser or --cookies for the authentication. See  https://github.com/yt-dlp/yt-dlp/wiki/FAQ#how-do-i-pass-cookies-to-yt-dlp  for how to manually pass cookies. Also see  https://github.com/yt-dlp/yt-dlp/wiki/Extractors#exporting-youtube-cookies  for tips on effectively exporting YouTube cookies
[12:40:57]   [video 2155/24611] yt-dlp Yp8CNjLZPh0 (1 clip(s) needed) ...
[12:41:01]     FAILED: ERROR: [youtube] Yp8CNjLZPh0: This video is not available
[12:41:01]   [video 2193/24611] yt-dlp VFLXiyhjr0E (1 clip(s) needed) ...
[12:41:06]     FAILED: ERROR: [youtube] VFLXiyhjr0E: This video is not available
[12:41:06]   [video 2202/24611] yt-dlp PoQryfn3e4s (1 clip(s) needed) ...
[12:41:09]     FAILED: ERROR: [youtube] PoQryfn3e4s: This video is not available
[12:41:09]   [video 2221/24611] yt-dlp qhz2lOI1s80 (1 clip(s) needed) ...
[12:41:13]     FAILED: ERROR: [youtube] qhz2lOI1s80: This video is not available
[12:41:13]   [video 2232/24611] yt-dlp o9fLumXR5b4 (1 clip(s) needed) ...
[12:41:17]     FAILED: ERROR: [youtube] o9fLumXR5b4: This video is not available
[12:41:17]   [video 2237/24611] yt-dlp ryVC_6XfEZk (1 clip(s) needed) ...
[12:41:21]     FAILED: ERROR: [youtube] ryVC_6XfEZk: Please sign in. Use --cookies-from-browser or --cookies for the authentication. See  https://github.com/yt-dlp/yt-dlp/wiki/FAQ#how-do-i-pass-cookies-to-yt-dlp  for how to manually pass cookies. Also see  https://github.com/yt-dlp/yt-dlp/wiki/Extractors#exporting-youtube-cookies  for tips on effectively exporting YouTube cookies
[12:41:21]   [video 2256/24611] yt-dlp vo_aA4Q9SDc (1 clip(s) needed) ...
[12:41:24]     FAILED: ERROR: [youtube] vo_aA4Q9SDc: Private video
[12:41:24]   [video 2258/24611] yt-dlp 0dhlRz-XoXU (1 clip(s) needed) ...
[12:41:28]     FAILED: ERROR: [youtube] 0dhlRz-XoXU: This video is not available
[12:41:28]   [video 2282/24611] yt-dlp FxzcsdccwOU (1 clip(s) needed) ...
[12:41:31]     FAILED: ERROR: [youtube] FxzcsdccwOU: This video is not available
[12:41:31]   [video 2283/24611] yt-dlp 7fjqpVPV3Ko (1 clip(s) needed) ...
[12:41:35]     FAILED: ERROR: [youtube] 7fjqpVPV3Ko: This video is not available
[12:41:35]   [video 2293/24611] yt-dlp ytY9b-TFpo4 (1 clip(s) needed) ...
[12:41:39]     FAILED: ERROR: [youtube] ytY9b-TFpo4: This video is not available
[12:41:39]   [video 2313/24611] yt-dlp ure550LJe9U (1 clip(s) needed) ...
[12:41:43]     FAILED: ERROR: [youtube] ure550LJe9U: This video is not available
[12:41:43]   [video 2317/24611] yt-dlp rNosvLD7n8A (1 clip(s) needed) ...
[12:41:47]     FAILED: ERROR: [youtube] rNosvLD7n8A: Video unavailable
[12:41:47]   [video 2325/24611] yt-dlp ABXJ6DB0NnY (1 clip(s) needed) ...
[12:41:50]     FAILED: ERROR: [youtube] ABXJ6DB0NnY: Private video
[12:41:50]   [video 2332/24611] yt-dlp 921OGgLeVHA (1 clip(s) needed) ...
[12:41:56]     [2400/24988] cutting 921OGgLeVHA-0:00:05.560-0:00:10.280.mp4 (0:00:05.560 -> 0:00:10.280)
[12:41:57]   [video 2364/24611] yt-dlp AHie8rIrt08 (1 clip(s) needed) ...
[12:42:04]     [2433/24988] cutting AHie8rIrt08-0:01:23.616-0:01:36.062.mp4 (0:01:23.616 -> 0:01:36.062)
[12:42:06]   [video 2381/24611] yt-dlp 5vaO6amNly0 (2 clip(s) needed) ...
[12:42:17]     [2450/24988] cutting 5vaO6amNly0-0:08:52.515-0:09:04.243.mp4 (0:08:52.515 -> 0:09:04.243)
[12:42:17]     [2451/24988] cutting 5vaO6amNly0-0:09:18.224-0:10:05.221.mp4 (0:09:18.224 -> 0:10:05.221)
[12:42:20]   [video 2412/24611] yt-dlp nteX-mkE3qA (1 clip(s) needed) ...
[12:42:23]     FAILED: ERROR: [youtube] nteX-mkE3qA: Video unavailable
[12:42:23]   [video 2415/24611] yt-dlp qqkD5Qx94jc (2 clip(s) needed) ...
[12:42:31]     [2485/24988] cutting qqkD5Qx94jc-0:03:21.334-0:03:41.254.mp4 (0:03:21.334 -> 0:03:41.254)
[12:42:32]     [2486/24988] cutting qqkD5Qx94jc-0:03:49.696-0:04:37.744.mp4 (0:03:49.696 -> 0:04:37.744)
[12:42:33]   [video 2418/24611] yt-dlp 0OCmAg8zEh8 (1 clip(s) needed) ...
[12:42:39]     [2489/24988] cutting 0OCmAg8zEh8-0:00:02.202-0:00:20.086.mp4 (0:00:02.202 -> 0:00:20.086)
[12:42:40]   [video 2434/24611] yt-dlp kWD7AFRMths (1 clip(s) needed) ...
[12:42:45]     FAILED: ERROR: [youtube] kWD7AFRMths: This video is not available
[12:42:45]   [video 2435/24611] yt-dlp AMHt7808Uyg (1 clip(s) needed) ...
[12:42:50]     FAILED: ERROR: [youtube] AMHt7808Uyg: Private video
[12:42:50]   [video 2449/24611] yt-dlp 5Ou9FX_AcoA (1 clip(s) needed) ...
[12:42:56]     [2521/24988] cutting 5Ou9FX_AcoA-0:00:15.949-0:00:42.475.mp4 (0:00:15.949 -> 0:00:42.475)
[12:42:58]   [video 2452/24611] yt-dlp ZRp7xFiM2_g (1 clip(s) needed) ...
[12:43:04]     [2524/24988] cutting ZRp7xFiM2_g-0:00:38.838-0:01:26.886.mp4 (0:00:38.838 -> 0:01:26.886)
[12:43:06]   [video 2472/24611] yt-dlp 4BMAyTpxVxQ (1 clip(s) needed) ...
[12:43:13]     [2544/24988] cutting 4BMAyTpxVxQ-0:02:53.806-0:03:02.749.mp4 (0:02:53.806 -> 0:03:02.749)
[12:43:14]   [video 2477/24611] yt-dlp pH5k_wu9jaM (1 clip(s) needed) ...
[12:43:19]     [2549/24988] cutting pH5k_wu9jaM-0:00:57.733-0:01:02.166.mp4 (0:00:57.733 -> 0:01:02.166)
[12:43:20]   [video 2487/24611] yt-dlp 6PK9ypuJqJA (1 clip(s) needed) ...
[12:43:24]     FAILED: ERROR: [youtube] 6PK9ypuJqJA: Please sign in. Use --cookies-from-browser or --cookies for the authentication. See  https://github.com/yt-dlp/yt-dlp/wiki/FAQ#how-do-i-pass-cookies-to-yt-dlp  for how to manually pass cookies. Also see  https://github.com/yt-dlp/yt-dlp/wiki/Extractors#exporting-youtube-cookies  for tips on effectively exporting YouTube cookies
[12:43:25]   [video 2532/24611] yt-dlp 8sOrDc0Zs_s (1 clip(s) needed) ...
[12:43:31]     [2605/24988] cutting 8sOrDc0Zs_s-0:07:07.100-0:07:11.333.mp4 (0:07:07.100 -> 0:07:11.333)
[12:43:31]   [video 2536/24611] yt-dlp CoQS54fIM6E (1 clip(s) needed) ...
[12:43:37]     FAILED: ERROR: [youtube] CoQS54fIM6E: Private video
[12:43:37]   [video 2537/24611] yt-dlp YfCCyfbDLws (1 clip(s) needed) ...
[12:44:14]     [2610/24988] cutting YfCCyfbDLws-0:05:00.833-0:05:35.501.mp4 (0:05:00.833 -> 0:05:35.501)
[12:44:16]   [video 2540/24611] yt-dlp QoQRFRiQe8g (1 clip(s) needed) ...
[12:44:20]     FAILED: ERROR: [youtube] QoQRFRiQe8g: Private video
[12:44:20]   [video 2553/24611] yt-dlp 6RGRkahM6Ts (1 clip(s) needed) ...
[12:44:23]     FAILED: ERROR: [youtube] 6RGRkahM6Ts: This video is not available
[12:44:23]   [video 2561/24611] yt-dlp B0prg06gLTM (1 clip(s) needed) ...
[12:44:27]     FAILED: ERROR: [youtube] B0prg06gLTM: This video is unavailable
[12:44:27]   [video 2562/24611] yt-dlp JGCP7z7AAiU (1 clip(s) needed) ...
[12:44:30]     FAILED: ERROR: [youtube] JGCP7z7AAiU: This video is not available
[12:44:30]   [video 2563/24611] yt-dlp clyQ44Ae9RU (1 clip(s) needed) ...
[12:44:37]     [2636/24988] cutting clyQ44Ae9RU-0:01:01.900-0:01:33.900.mp4 (0:01:01.900 -> 0:01:33.900)
[12:44:38]   [video 2577/24611] yt-dlp bykVhnTI3tc (1 clip(s) needed) ...
[12:44:46]     [2651/24988] cutting bykVhnTI3tc-0:02:49.669-0:02:58.878.mp4 (0:02:49.669 -> 0:02:58.878)
[12:44:47]   [video 2585/24611] yt-dlp 77nv5bQA57Q (1 clip(s) needed) ...
[12:44:53]     [2659/24988] cutting 77nv5bQA57Q-0:00:51.509-0:00:55.722.mp4 (0:00:51.509 -> 0:00:55.722)
[12:44:54]   [video 2598/24611] yt-dlp ZG4nalSL6kw (1 clip(s) needed) ...
[12:44:59]     [2673/24988] cutting ZG4nalSL6kw-0:00:18.601-0:00:23.523.mp4 (0:00:18.601 -> 0:00:23.523)
[12:45:00]   [video 2605/24611] yt-dlp 0SczRzDMHP0 (1 clip(s) needed) ...
[12:45:07]     [2680/24988] cutting 0SczRzDMHP0-0:02:10.230-0:02:14.634.mp4 (0:02:10.230 -> 0:02:14.634)
[12:45:07]   [video 2616/24611] yt-dlp -Gl_9D_wAzQ (1 clip(s) needed) ...
[12:45:11]     FAILED: ERROR: [youtube] -Gl_9D_wAzQ: Private video
[12:45:11]   [video 2622/24611] yt-dlp CG4ILfYcbFo (1 clip(s) needed) ...
[12:45:14]     FAILED: ERROR: [youtube] CG4ILfYcbFo: Private video
[12:45:14]   [video 2628/24611] yt-dlp q_745afDEB0 (1 clip(s) needed) ...
[12:45:27]     [2703/24988] cutting q_745afDEB0-0:05:21.000-0:05:58.160.mp4 (0:05:21.000 -> 0:05:58.160)
[12:45:36]   [video 2646/24611] yt-dlp woDXopvKdQ8 (1 clip(s) needed) ...
[12:45:51]     FAILED: ERROR: [youtube] woDXopvKdQ8: This video is not available
[12:45:53]   [video 2672/24611] yt-dlp 6MYGwM3_cmM (1 clip(s) needed) ...
[12:45:59]     FAILED: ERROR: [youtube] 6MYGwM3_cmM: Private video
[12:45:59]   [video 2673/24611] yt-dlp xBudt5LMCaw (1 clip(s) needed) ...
[12:46:05]     FAILED: ERROR: [youtube] xBudt5LMCaw: Private video
[12:46:06]   [video 2678/24611] yt-dlp 0WWic04wHZk (1 clip(s) needed) ...
[12:46:16]     FAILED: ERROR: [youtube] 0WWic04wHZk: This video is not available
[12:46:21]   [video 2715/24611] yt-dlp XPGxYoHZ8dU (1 clip(s) needed) ...
[12:46:27]     FAILED: ERROR: [youtube] XPGxYoHZ8dU: This video is not available
[12:46:28]   [video 2718/24611] yt-dlp NZ-ujwEc4Zg (1 clip(s) needed) ...
[12:46:32]     FAILED: ERROR: [youtube] NZ-ujwEc4Zg: Please sign in. Use --cookies-from-browser or --cookies for the authentication. See  https://github.com/yt-dlp/yt-dlp/wiki/FAQ#how-do-i-pass-cookies-to-yt-dlp  for how to manually pass cookies. Also see  https://github.com/yt-dlp/yt-dlp/wiki/Extractors#exporting-youtube-cookies  for tips on effectively exporting YouTube cookies
[12:46:32]   [video 2719/24611] yt-dlp 5RJD3HlWDec (1 clip(s) needed) ...
[12:46:36]     FAILED: ERROR: [youtube] 5RJD3HlWDec: Please sign in. Use --cookies-from-browser or --cookies for the authentication. See  https://github.com/yt-dlp/yt-dlp/wiki/FAQ#how-do-i-pass-cookies-to-yt-dlp  for how to manually pass cookies. Also see  https://github.com/yt-dlp/yt-dlp/wiki/Extractors#exporting-youtube-cookies  for tips on effectively exporting YouTube cookies
[12:46:37]   [video 2743/24611] yt-dlp tkAg1gnVzb4 (1 clip(s) needed) ...
[12:46:41]     FAILED: ERROR: [youtube] tkAg1gnVzb4: Please sign in. Use --cookies-from-browser or --cookies for the authentication. See  https://github.com/yt-dlp/yt-dlp/wiki/FAQ#how-do-i-pass-cookies-to-yt-dlp  for how to manually pass cookies. Also see  https://github.com/yt-dlp/yt-dlp/wiki/Extractors#exporting-youtube-cookies  for tips on effectively exporting YouTube cookies
[12:46:41]   [video 2753/24611] yt-dlp u460HXZd9gA (1 clip(s) needed) ...
[12:46:45]     FAILED: ERROR: [youtube] u460HXZd9gA: This video is unavailable
[12:46:50]   [video 2813/24611] yt-dlp _hQHte164Zw (1 clip(s) needed) ...
[12:46:53]     FAILED: ERROR: [youtube] _hQHte164Zw: This video is not available
[12:46:53]   [video 2822/24611] yt-dlp g87Jp1YpnLc (1 clip(s) needed) ...
[12:46:57]     FAILED: ERROR: [youtube] g87Jp1YpnLc: This video is not available
[12:46:57]   [video 2837/24611] yt-dlp M28z2aVJm9M (1 clip(s) needed) ...
[12:47:00]     FAILED: ERROR: [youtube] M28z2aVJm9M: Private video
[12:47:01]   [video 2845/24611] yt-dlp 1-edzgOt_JY (1 clip(s) needed) ...
[12:47:05]     FAILED: ERROR: [youtube] 1-edzgOt_JY: Private video
[12:47:05]   [video 2848/24611] yt-dlp zudgk6OkB54 (1 clip(s) needed) ...
[12:47:09]     FAILED: ERROR: [youtube] zudgk6OkB54: This video is not available
[12:47:09]   [video 2852/24611] yt-dlp H8BgvAvsNT4 (1 clip(s) needed) ...
[12:47:13]     FAILED: ERROR: [youtube] H8BgvAvsNT4: This video is unavailable
[12:47:13]   [video 2862/24611] yt-dlp HH0Nfrs8T6c (1 clip(s) needed) ...
[12:47:18]     FAILED: ERROR: [youtube] HH0Nfrs8T6c: Video unavailable
[12:47:19]   [video 2879/24611] yt-dlp 2gLK_WvOy-s (1 clip(s) needed) ...
[12:47:22]     FAILED: ERROR: [youtube] 2gLK_WvOy-s: Private video
[12:47:22]   [video 2897/24611] yt-dlp gvPXQWj1qkk (1 clip(s) needed) ...
[12:47:26]     FAILED: ERROR: [youtube] gvPXQWj1qkk: This video is not available
[12:47:26]   [video 2898/24611] yt-dlp eU4Q6-eCzzA (2 clip(s) needed) ...
[12:47:30]     FAILED: ERROR: [youtube] eU4Q6-eCzzA: This video is not available
[12:47:31]   [video 2934/24611] yt-dlp Sn807Vasc9E (1 clip(s) needed) ...
[12:47:34]     FAILED: ERROR: [youtube] Sn807Vasc9E: Private video
[12:47:34]   [video 2947/24611] yt-dlp qOfrV66OpDM (1 clip(s) needed) ...
[12:47:38]     FAILED: ERROR: [youtube] qOfrV66OpDM: This video is not available
[12:47:38]   [video 2982/24611] yt-dlp PQBQN1zUm24 (1 clip(s) needed) ...
[12:47:42]     FAILED: ERROR: [youtube] PQBQN1zUm24: This video is not available
[12:47:42]   [video 2990/24611] yt-dlp y4H1DKfzXRs (1 clip(s) needed) ...
[12:47:46]     FAILED: ERROR: [youtube] y4H1DKfzXRs: Please sign in. Use --cookies-from-browser or --cookies for the authentication. See  https://github.com/yt-dlp/yt-dlp/wiki/FAQ#how-do-i-pass-cookies-to-yt-dlp  for how to manually pass cookies. Also see  https://github.com/yt-dlp/yt-dlp/wiki/Extractors#exporting-youtube-cookies  for tips on effectively exporting YouTube cookies
[12:47:46]   [video 3003/24611] yt-dlp FXQygwFT9WQ (1 clip(s) needed) ...
[12:47:50]     FAILED: ERROR: [youtube] FXQygwFT9WQ: This video is unavailable
[12:47:50]   [video 3012/24611] yt-dlp yz4wRr7uWw0 (1 clip(s) needed) ...
[12:47:55]     FAILED: ERROR: [youtube] yz4wRr7uWw0: Private video
[12:47:55]   [video 3028/24611] yt-dlp RHD_-6RRYbo (1 clip(s) needed) ...
[12:47:59]     FAILED: ERROR: [youtube] RHD_-6RRYbo: This video is not available
[12:47:59]   [video 3036/24611] yt-dlp dTzwh1lL0qM (1 clip(s) needed) ...
[12:48:02]     FAILED: ERROR: [youtube] dTzwh1lL0qM: This video is not available
[12:48:03]   [video 3055/24611] yt-dlp RMsY7FpF9Ns (1 clip(s) needed) ...
[12:48:06]     FAILED: ERROR: [youtube] RMsY7FpF9Ns: Private video
[12:48:06]   [video 3109/24611] yt-dlp PJ-Qfne_pqw (1 clip(s) needed) ...
[12:48:09]     FAILED: ERROR: [youtube] PJ-Qfne_pqw: This video is not available
[12:48:10]   [video 3121/24611] yt-dlp 0qu4mdMj9S4 (1 clip(s) needed) ...
[12:48:13]     FAILED: ERROR: [youtube] 0qu4mdMj9S4: This video is not available
[12:48:13]   [video 3140/24611] yt-dlp yxGMBt_mtVk (1 clip(s) needed) ...
[12:48:16]     FAILED: ERROR: [youtube] yxGMBt_mtVk: Private video
[12:48:16]   [video 3151/24611] yt-dlp bFF1izh10PM (1 clip(s) needed) ...
[12:48:20]     FAILED: ERROR: [youtube] bFF1izh10PM: This video is not available
[12:48:20]   [video 3177/24611] yt-dlp R16UCE683jA (1 clip(s) needed) ...
[12:48:24]     FAILED: ERROR: [youtube] R16UCE683jA: This video is not available
[12:48:24]   [video 3198/24611] yt-dlp G7g8u16PAtQ (1 clip(s) needed) ...
[12:48:27]     FAILED: ERROR: [youtube] G7g8u16PAtQ: This video is not available
[12:48:27]   [video 3206/24611] yt-dlp Umt3uBidJRU (1 clip(s) needed) ...
[12:48:31]     FAILED: ERROR: [youtube] Umt3uBidJRU: This video is not available
[12:48:31]   [video 3217/24611] yt-dlp fhVBddJbLgo (1 clip(s) needed) ...
[12:48:35]     FAILED: ERROR: [youtube] fhVBddJbLgo: This video is not available
[12:48:36]   [video 3256/24611] yt-dlp wVMtjsS-xsA (1 clip(s) needed) ...
[12:48:39]     FAILED: ERROR: [youtube] wVMtjsS-xsA: Please sign in. Use --cookies-from-browser or --cookies for the authentication. See  https://github.com/yt-dlp/yt-dlp/wiki/FAQ#how-do-i-pass-cookies-to-yt-dlp  for how to manually pass cookies. Also see  https://github.com/yt-dlp/yt-dlp/wiki/Extractors#exporting-youtube-cookies  for tips on effectively exporting YouTube cookies
[12:48:39]   [video 3257/24611] yt-dlp An1NJ_UIZPY (1 clip(s) needed) ...
[12:48:43]     FAILED: ERROR: [youtube] An1NJ_UIZPY: This video is not available
[12:48:45]   [video 3289/24611] yt-dlp XIKfwlJMjJ8 (1 clip(s) needed) ...
[12:48:49]     FAILED: ERROR: [youtube] XIKfwlJMjJ8: This video is unavailable
[12:48:52]   [video 3342/24611] yt-dlp ZkNCm2f6aDs (1 clip(s) needed) ...
[12:48:56]     FAILED: ERROR: [youtube] ZkNCm2f6aDs: Private video
[12:48:57]   [video 3383/24611] yt-dlp lPmZm0MCx1c (1 clip(s) needed) ...
[12:49:00]     FAILED: ERROR: [youtube] lPmZm0MCx1c: Video unavailable
[12:49:01]   [video 3420/24611] yt-dlp 9kfzkB9cDhQ (1 clip(s) needed) ...
[12:49:04]     FAILED: ERROR: [youtube] 9kfzkB9cDhQ: Private video
[12:49:04]   [video 3427/24611] yt-dlp Rcg7C1lRq8w (1 clip(s) needed) ...
[12:49:08]     FAILED: ERROR: [youtube] Rcg7C1lRq8w: This video is not available
[12:49:08]   [video 3441/24611] yt-dlp t883qRFGH08 (1 clip(s) needed) ...
[12:49:12]     FAILED: ERROR: [youtube] t883qRFGH08: Private video
[12:49:12]   [video 3449/24611] yt-dlp _Itkb9qDwyQ (1 clip(s) needed) ...
[12:49:16]     FAILED: ERROR: [youtube] _Itkb9qDwyQ: Please sign in. Use --cookies-from-browser or --cookies for the authentication. See  https://github.com/yt-dlp/yt-dlp/wiki/FAQ#how-do-i-pass-cookies-to-yt-dlp  for how to manually pass cookies. Also see  https://github.com/yt-dlp/yt-dlp/wiki/Extractors#exporting-youtube-cookies  for tips on effectively exporting YouTube cookies
[12:49:16]   [video 3456/24611] yt-dlp 10-_8vjllJE (1 clip(s) needed) ...
[12:49:19]     FAILED: ERROR: [youtube] 10-_8vjllJE: Private video
[12:49:20]   [video 3479/24611] yt-dlp Fhk8YL5vtvk (1 clip(s) needed) ...
[12:49:23]     FAILED: ERROR: [youtube] Fhk8YL5vtvk: Please sign in. Use --cookies-from-browser or --cookies for the authentication. See  https://github.com/yt-dlp/yt-dlp/wiki/FAQ#how-do-i-pass-cookies-to-yt-dlp  for how to manually pass cookies. Also see  https://github.com/yt-dlp/yt-dlp/wiki/Extractors#exporting-youtube-cookies  for tips on effectively exporting YouTube cookies
[12:49:23]   [video 3490/24611] yt-dlp EVicgFd25D4 (1 clip(s) needed) ...
[12:49:27]     FAILED: ERROR: [youtube] EVicgFd25D4: This video is unavailable
[12:49:27]   [video 3523/24611] yt-dlp cy_5RgNPwTA (1 clip(s) needed) ...
[12:49:31]     FAILED: ERROR: [youtube] cy_5RgNPwTA: This video is not available
[12:49:31]   [video 3528/24611] yt-dlp WFXjH3kqi_w (1 clip(s) needed) ...
[12:49:34]     FAILED: ERROR: [youtube] WFXjH3kqi_w: Private video
[12:49:34]   [video 3534/24611] yt-dlp VylLXwdFPmc (1 clip(s) needed) ...
[12:49:38]     FAILED: ERROR: [youtube] VylLXwdFPmc: This video is not available
[12:49:38]   [video 3543/24611] yt-dlp biQziR0-TOc (1 clip(s) needed) ...
[12:49:42]     FAILED: ERROR: [youtube] biQziR0-TOc: Private video
[12:49:42]   [video 3552/24611] yt-dlp upDBK4x3weo (1 clip(s) needed) ...
[12:49:45]     FAILED: ERROR: [youtube] upDBK4x3weo: This video has been removed for violating YouTube's Terms of Service
[12:49:45]   [video 3570/24611] yt-dlp Dkl04iAlrgM (1 clip(s) needed) ...
[12:49:50]     FAILED: ERROR: [youtube] Dkl04iAlrgM: This video is unavailable
[12:49:50]   [video 3571/24611] yt-dlp hwf_twV-Xzg (1 clip(s) needed) ...
[12:49:53]     FAILED: ERROR: [youtube] hwf_twV-Xzg: Private video
[12:49:53]   [video 3587/24611] yt-dlp 5U7RSzkZwhk (1 clip(s) needed) ...
[12:49:57]     FAILED: ERROR: [youtube] 5U7RSzkZwhk: Please sign in. Use --cookies-from-browser or --cookies for the authentication. See  https://github.com/yt-dlp/yt-dlp/wiki/FAQ#how-do-i-pass-cookies-to-yt-dlp  for how to manually pass cookies. Also see  https://github.com/yt-dlp/yt-dlp/wiki/Extractors#exporting-youtube-cookies  for tips on effectively exporting YouTube cookies
[12:49:58]   [video 3612/24611] yt-dlp QJ_F9tZctA0 (1 clip(s) needed) ...
[12:50:01]     FAILED: ERROR: [youtube] QJ_F9tZctA0: This video is not available
[12:50:01]   [video 3617/24611] yt-dlp roFmNEmejVg (1 clip(s) needed) ...
[12:50:05]     FAILED: ERROR: [youtube] roFmNEmejVg: This video is not available
[12:50:06]   [video 3647/24611] yt-dlp m4ClyKyKsVQ (1 clip(s) needed) ...
[12:50:09]     FAILED: ERROR: [youtube] m4ClyKyKsVQ: This video is not available
[12:50:09]   [video 3691/24611] yt-dlp Tc-xA-eHrIs (1 clip(s) needed) ...
[12:50:13]     FAILED: ERROR: [youtube] Tc-xA-eHrIs: This video is not available
[12:50:13]   [video 3718/24611] yt-dlp wq-SetsbHGM (1 clip(s) needed) ...
[12:50:17]     FAILED: ERROR: [youtube] wq-SetsbHGM: This video is not available
[12:50:17]   [video 3719/24611] yt-dlp mklG-E-9z6o (1 clip(s) needed) ...
[12:50:20]     FAILED: ERROR: [youtube] mklG-E-9z6o: This video is unavailable
[12:50:20]   [video 3730/24611] yt-dlp FMk0xB0Z7g0 (1 clip(s) needed) ...
[12:50:23]     FAILED: ERROR: [youtube] FMk0xB0Z7g0: Private video
[12:50:23]   [video 3741/24611] yt-dlp N7HoAV_uwCk (1 clip(s) needed) ...
[12:50:26]     FAILED: ERROR: [youtube] N7HoAV_uwCk: Private video
[12:50:26]   [video 3743/24611] yt-dlp i7pZnt7yYX8 (1 clip(s) needed) ...
[12:50:30]     FAILED: ERROR: [youtube] i7pZnt7yYX8: This video is not available
[12:50:30]   [video 3746/24611] yt-dlp ZU5A-e-MS8g (1 clip(s) needed) ...
[12:50:33]     FAILED: ERROR: [youtube] ZU5A-e-MS8g: This video is not available
[12:50:33]   [video 3760/24611] yt-dlp q8VEDtSZlnk (1 clip(s) needed) ...
[12:50:40]     FAILED: ERROR: [youtube] q8VEDtSZlnk: This video is not available
[12:50:40]   [video 3775/24611] yt-dlp KQRjnSmwRWk (1 clip(s) needed) ...
[12:50:44]     FAILED: ERROR: [youtube] KQRjnSmwRWk: This video is not available
[12:50:44]   [video 3777/24611] yt-dlp loZzWHvk1LQ (1 clip(s) needed) ...
[12:50:47]     FAILED: ERROR: [youtube] loZzWHvk1LQ: This video is unavailable
[12:50:47]   [video 3788/24611] yt-dlp G8swIi8MiWc (1 clip(s) needed) ...
[12:50:50]     FAILED: ERROR: [youtube] G8swIi8MiWc: This video is not available
[12:50:52]   [video 3854/24611] yt-dlp RH0lHV5UcCU (1 clip(s) needed) ...
[12:50:56]     FAILED: ERROR: [youtube] RH0lHV5UcCU: This video is not available
[12:50:56]   [video 3873/24611] yt-dlp X19RBKv2Zhw (1 clip(s) needed) ...
[12:50:59]     FAILED: ERROR: [youtube] X19RBKv2Zhw: Video unavailable
[12:50:59]   [video 3880/24611] yt-dlp widxdboqwT8 (1 clip(s) needed) ...
[12:51:02]     FAILED: ERROR: [youtube] widxdboqwT8: Private video
[12:51:02]   [video 3885/24611] yt-dlp uAnznnghy-I (1 clip(s) needed) ...
[12:51:05]     FAILED: ERROR: [youtube] uAnznnghy-I: Private video
[12:51:05]   [video 3910/24611] yt-dlp yjIV44ctZ98 (1 clip(s) needed) ...
[12:51:08]     FAILED: ERROR: [youtube] yjIV44ctZ98: Please sign in. Use --cookies-from-browser or --cookies for the authentication. See  https://github.com/yt-dlp/yt-dlp/wiki/FAQ#how-do-i-pass-cookies-to-yt-dlp  for how to manually pass cookies. Also see  https://github.com/yt-dlp/yt-dlp/wiki/Extractors#exporting-youtube-cookies  for tips on effectively exporting YouTube cookies
[12:51:09]   [video 3946/24611] yt-dlp rVaa5ggzxMY (1 clip(s) needed) ...
[12:51:12]     FAILED: ERROR: [youtube] rVaa5ggzxMY: This video is not available
[12:51:12]   [video 3992/24611] yt-dlp SDqTfKq912Y (1 clip(s) needed) ...
[12:51:15]     FAILED: ERROR: [youtube] SDqTfKq912Y: Video unavailable
[12:51:15]   [video 3998/24611] yt-dlp o6aeM1kYqkY (1 clip(s) needed) ...
[12:51:19]     FAILED: ERROR: [youtube] o6aeM1kYqkY: Private video
[12:51:19]   [video 4004/24611] yt-dlp KekPiIusU3g (1 clip(s) needed) ...
[12:51:22]     FAILED: ERROR: [youtube] KekPiIusU3g: Private video
[12:51:22]   [video 4006/24611] yt-dlp 96w4P3eMWoI (1 clip(s) needed) ...
[12:51:25]     FAILED: ERROR: [youtube] 96w4P3eMWoI: Private video
[12:51:25]   [video 4018/24611] yt-dlp 8Zb2BT8xmcI (1 clip(s) needed) ...
[12:51:28]     FAILED: ERROR: [youtube] 8Zb2BT8xmcI: This video is not available
[12:51:29]   [video 4046/24611] yt-dlp xXwbE9I8upk (1 clip(s) needed) ...
[12:51:33]     FAILED: ERROR: [youtube] xXwbE9I8upk: This video is not available
[12:51:33]   [video 4053/24611] yt-dlp UwtiWXeDncg (1 clip(s) needed) ...
[12:51:36]     FAILED: ERROR: [youtube] UwtiWXeDncg: This video is not available
[12:51:36]   [video 4062/24611] yt-dlp POExwDbWCjk (1 clip(s) needed) ...
[12:51:39]     FAILED: ERROR: [youtube] POExwDbWCjk: Private video
[12:51:39]   [video 4105/24611] yt-dlp XVYaz-D2MYE (1 clip(s) needed) ...
[12:51:43]     FAILED: ERROR: [youtube] XVYaz-D2MYE: This video is not available
[12:51:43]   [video 4140/24611] yt-dlp _aD-kCqjXwk (1 clip(s) needed) ...
[12:51:46]     FAILED: ERROR: [youtube] _aD-kCqjXwk: This video is unavailable
[12:51:46]   [video 4145/24611] yt-dlp 9QIsVe4uk2M (1 clip(s) needed) ...
[12:51:49]     FAILED: ERROR: [youtube] 9QIsVe4uk2M: Video unavailable
[12:51:49]   [video 4150/24611] yt-dlp 35YMz5EVU8E (1 clip(s) needed) ...
[12:51:52]     FAILED: ERROR: [youtube] 35YMz5EVU8E: This video is not available
[12:51:52]   [video 4175/24611] yt-dlp sQdZI71kYQo (1 clip(s) needed) ...
[12:51:56]     FAILED: ERROR: [youtube] sQdZI71kYQo: Video unavailable
[12:51:56]   [video 4203/24611] yt-dlp zBDS0Vlf4w4 (1 clip(s) needed) ...
[12:51:59]     FAILED: ERROR: [youtube] zBDS0Vlf4w4: This video is not available
[12:51:59]   [video 4223/24611] yt-dlp hUdvS4ukq0k (1 clip(s) needed) ...
[12:52:02]     FAILED: ERROR: [youtube] hUdvS4ukq0k: Private video
[12:52:02]   [video 4244/24611] yt-dlp HefeutKxkP8 (1 clip(s) needed) ...
[12:52:05]     FAILED: ERROR: [youtube] HefeutKxkP8: This video is unavailable
[12:52:05]   [video 4263/24611] yt-dlp mInPt4-_Dyc (1 clip(s) needed) ...
[12:52:08]     FAILED: ERROR: [youtube] mInPt4-_Dyc: Private video
[12:52:08]   [video 4282/24611] yt-dlp ENu-mO-MYbs (1 clip(s) needed) ...
[12:52:11]     FAILED: ERROR: [youtube] ENu-mO-MYbs: Video unavailable
[12:52:11]   [video 4290/24611] yt-dlp 9-LyoHyqFw8 (1 clip(s) needed) ...
[12:52:14]     FAILED: ERROR: [youtube] 9-LyoHyqFw8: This video is not available
[12:52:14]   [video 4301/24611] yt-dlp QY1lmmbub8M (1 clip(s) needed) ...
[12:52:18]     FAILED: ERROR: [youtube] QY1lmmbub8M: This video is not available
[12:52:18]   [video 4331/24611] yt-dlp RMJ363NfBYU (1 clip(s) needed) ...
[12:52:21]     FAILED: ERROR: [youtube] RMJ363NfBYU: This video is not available
[12:52:21]   [video 4341/24611] yt-dlp u9Bhe-lMzos (1 clip(s) needed) ...
[12:52:25]     FAILED: ERROR: [youtube] u9Bhe-lMzos: This video is not available
[12:52:25]   [video 4351/24611] yt-dlp WsHqQAfZvc4 (1 clip(s) needed) ...
[12:52:28]     FAILED: ERROR: [youtube] WsHqQAfZvc4: This video is not available
[12:52:29]   [video 4370/24611] yt-dlp z0qXVl796Ew (1 clip(s) needed) ...
[12:52:31]     FAILED: ERROR: [youtube] z0qXVl796Ew: Video unavailable
[12:52:31]   [video 4371/24611] yt-dlp HaKF11OD93A (1 clip(s) needed) ...
[12:52:35]     FAILED: ERROR: [youtube] HaKF11OD93A: This video is unavailable
[12:52:35]   [video 4380/24611] yt-dlp O8MRbKAl3JE (1 clip(s) needed) ...
[12:52:39]     FAILED: ERROR: [youtube] O8MRbKAl3JE: Private video
[12:52:39]   [video 4388/24611] yt-dlp nYKG1-vK_hQ (1 clip(s) needed) ...
[12:52:42]     FAILED: ERROR: [youtube] nYKG1-vK_hQ: This video is not available
[12:52:43]   [video 4431/24611] yt-dlp hj1zFKaV33k (1 clip(s) needed) ...
[12:52:46]     FAILED: ERROR: [youtube] hj1zFKaV33k: This video is unavailable
[12:52:46]   [video 4434/24611] yt-dlp QH_G1dSdPes (1 clip(s) needed) ...
[12:52:49]     FAILED: ERROR: [youtube] QH_G1dSdPes: This video is not available
[12:52:49]   [video 4444/24611] yt-dlp oYEDlzxmoFY (1 clip(s) needed) ...
[12:52:52]     FAILED: ERROR: [youtube] oYEDlzxmoFY: This video has been removed for violating YouTube's Terms of Service
[12:52:52]   [video 4461/24611] yt-dlp Gz86ay4vLyg (1 clip(s) needed) ...
[12:52:56]     FAILED: ERROR: [youtube] Gz86ay4vLyg: This video is not available
[12:52:56]   [video 4464/24611] yt-dlp KCnZLzrjTmg (1 clip(s) needed) ...
[12:52:59]     FAILED: ERROR: [youtube] KCnZLzrjTmg: Private video
[12:52:59]   [video 4467/24611] yt-dlp GbaQwOaDkj8 (1 clip(s) needed) ...
[12:53:02]     FAILED: ERROR: [youtube] GbaQwOaDkj8: Video unavailable
[12:53:02]   [video 4497/24611] yt-dlp 7bCOWmcso-I (1 clip(s) needed) ...
[12:53:06]     FAILED: ERROR: [youtube] 7bCOWmcso-I: Private video
[12:53:06]   [video 4513/24611] yt-dlp KzfLW43qLg0 (1 clip(s) needed) ...
[12:53:09]     FAILED: ERROR: [youtube] KzfLW43qLg0: Please sign in. Use --cookies-from-browser or --cookies for the authentication. See  https://github.com/yt-dlp/yt-dlp/wiki/FAQ#how-do-i-pass-cookies-to-yt-dlp  for how to manually pass cookies. Also see  https://github.com/yt-dlp/yt-dlp/wiki/Extractors#exporting-youtube-cookies  for tips on effectively exporting YouTube cookies
[12:53:10]   [video 4518/24611] yt-dlp 5Vl4CC5LpeI (1 clip(s) needed) ...
[12:53:12]     FAILED: ERROR: [youtube] 5Vl4CC5LpeI: This video is unavailable
[12:53:12]   [video 4529/24611] yt-dlp vS2w_jH6QZU (1 clip(s) needed) ...
[12:53:15]     FAILED: ERROR: [youtube] vS2w_jH6QZU: Private video
[12:53:16]   [video 4550/24611] yt-dlp bE6tAIPwEOc (1 clip(s) needed) ...
[12:53:19]     FAILED: ERROR: [youtube] bE6tAIPwEOc: This video is unavailable
[12:53:19]   [video 4561/24611] yt-dlp 4s2mUppQRu0 (1 clip(s) needed) ...
[12:53:23]     FAILED: ERROR: [youtube] 4s2mUppQRu0: This video is not available
[12:53:24]   [video 4576/24611] yt-dlp khJpEgSt0WU (1 clip(s) needed) ...
[12:53:27]     FAILED: ERROR: [youtube] khJpEgSt0WU: Private video
[12:53:27]   [video 4582/24611] yt-dlp t_wR8zbM5VI (1 clip(s) needed) ...
[12:53:30]     FAILED: ERROR: [youtube] t_wR8zbM5VI: This video is not available
[12:53:31]   [video 4623/24611] yt-dlp YcQPGIubYXk (1 clip(s) needed) ...
[12:53:35]     FAILED: ERROR: [youtube] YcQPGIubYXk: This video is not available
[12:53:35]   [video 4637/24611] yt-dlp t3bTXKH_1mc (1 clip(s) needed) ...
[12:53:38]     FAILED: ERROR: [youtube] t3bTXKH_1mc: Private video
[12:53:38]   [video 4647/24611] yt-dlp s2eWgm8WV9w (2 clip(s) needed) ...
[12:53:42]     FAILED: ERROR: [youtube] s2eWgm8WV9w: This video is not available
[12:53:42]   [video 4652/24611] yt-dlp lhvO7X6T3Q4 (1 clip(s) needed) ...
[12:53:45]     FAILED: ERROR: [youtube] lhvO7X6T3Q4: Private video
[12:53:45]   [video 4667/24611] yt-dlp gt4N52lrn84 (1 clip(s) needed) ...
[12:53:48]     FAILED: ERROR: [youtube] gt4N52lrn84: Private video
[12:53:48]   [video 4671/24611] yt-dlp RLv7FwZvjh8 (2 clip(s) needed) ...
[12:53:51]     FAILED: ERROR: [youtube] RLv7FwZvjh8: This video is not available
[12:53:51]   [video 4674/24611] yt-dlp esq1yHoW2HY (1 clip(s) needed) ...
[12:53:54]     FAILED: ERROR: [youtube] esq1yHoW2HY: This video is not available
[12:53:55]   [video 4706/24611] yt-dlp F7k-C-51mz0 (1 clip(s) needed) ...
[12:54:00]     FAILED: ERROR: Postprocessing: Error opening input files: Invalid data found when processing input
[12:54:00]   [video 4717/24611] yt-dlp KTGO3coT3Sk (1 clip(s) needed) ...
[12:54:03]     FAILED: ERROR: [youtube] KTGO3coT3Sk: This video is unavailable
[12:54:03]   [video 4725/24611] yt-dlp 1sL2BRUFmrg (1 clip(s) needed) ...
[12:54:06]     FAILED: ERROR: [youtube] 1sL2BRUFmrg: Private video
[12:54:06]   [video 4736/24611] yt-dlp d7IyVSVElrU (1 clip(s) needed) ...
[12:54:09]     FAILED: ERROR: [youtube] d7IyVSVElrU: This video is not available
[12:54:09]   [video 4757/24611] yt-dlp z2NZwNshuR8 (1 clip(s) needed) ...
[12:54:13]     FAILED: ERROR: [youtube] z2NZwNshuR8: This video is not available
[12:54:13]   [video 4782/24611] yt-dlp -hqM0rTOWSM (1 clip(s) needed) ...
[12:54:16]     FAILED: ERROR: [youtube] -hqM0rTOWSM: This video is unavailable
[12:54:16]   [video 4785/24611] yt-dlp Gm_yI7NEMsQ (1 clip(s) needed) ...
[12:54:19]     FAILED: ERROR: [youtube] Gm_yI7NEMsQ: Video unavailable
[12:54:19]   [video 4789/24611] yt-dlp K0lGVS9Elm4 (1 clip(s) needed) ...
[12:54:23]     FAILED: ERROR: [youtube] K0lGVS9Elm4: Private video
[12:54:23]   [video 4806/24611] yt-dlp yySnhBgfPPE (1 clip(s) needed) ...
[12:54:26]     FAILED: ERROR: [youtube] yySnhBgfPPE: This video is not available
[12:54:26]   [video 4810/24611] yt-dlp AHqbe9gyLEs (1 clip(s) needed) ...
[12:54:29]     FAILED: ERROR: [youtube] AHqbe9gyLEs: This video is not available
[12:54:30]   [video 4846/24611] yt-dlp qwyxR49NQlE (1 clip(s) needed) ...
[12:54:33]     FAILED: ERROR: [youtube] qwyxR49NQlE: This video is not available
[12:54:33]   [video 4872/24611] yt-dlp ObO0GfNQdiI (1 clip(s) needed) ...
[12:54:36]     FAILED: ERROR: [youtube] ObO0GfNQdiI: Private video
[12:54:36]   [video 4886/24611] yt-dlp rPMnVeAZZaY (1 clip(s) needed) ...
[12:54:40]     FAILED: ERROR: [youtube] rPMnVeAZZaY: This video is not available
[12:54:40]   [video 4900/24611] yt-dlp Lgk-2nz3vVw (2 clip(s) needed) ...
[12:54:58]     [5030/24988] cutting Lgk-2nz3vVw-0:00:24.858-0:00:30.497.mp4 (0:00:24.858 -> 0:00:30.497)
[12:54:59]     [5031/24988] cutting Lgk-2nz3vVw-0:00:41.674-0:00:48.915.mp4 (0:00:41.674 -> 0:00:48.915)
[12:54:59]   [video 4919/24611] yt-dlp r0gtrbkCSJs (1 clip(s) needed) ...
[12:55:07]     FAILED: ERROR: [youtube] r0gtrbkCSJs: This video is not available
[12:55:07]   [video 4925/24611] yt-dlp iCwvLvYn6Sw (1 clip(s) needed) ...
[12:55:12]     FAILED: ERROR: [youtube] iCwvLvYn6Sw: Private video
[12:55:12]   [video 4927/24611] yt-dlp jt_G-TSjBD8 (1 clip(s) needed) ...
[12:55:14]     FAILED: ERROR: [youtube] jt_G-TSjBD8: Private video
[12:55:15]   [video 4995/24611] yt-dlp MnMOe0gZisY (1 clip(s) needed) ...
[12:55:18]     FAILED: ERROR: [youtube] MnMOe0gZisY: Private video
[12:55:18]   [video 4997/24611] yt-dlp E2tD2RykcWQ (1 clip(s) needed) ...
[12:55:23]     FAILED: ERROR: [youtube] E2tD2RykcWQ: Sign in to confirm your age. Use --cookies-from-browser or --cookies for the authentication. See  https://github.com/yt-dlp/yt-dlp/wiki/FAQ#how-do-i-pass-cookies-to-yt-dlp  for how to manually pass cookies. Also see  https://github.com/yt-dlp/yt-dlp/wiki/Extractors#exporting-youtube-cookies  for tips on effectively exporting YouTube cookies
[12:55:23]   [video 5015/24611] yt-dlp DP6Gy4_E848 (1 clip(s) needed) ...
[12:55:27]     FAILED: ERROR: [youtube] DP6Gy4_E848: This video is not available
[12:55:27]   [video 5020/24611] yt-dlp xZfl5uhmq_c (1 clip(s) needed) ...
[12:55:30]     FAILED: ERROR: [youtube] xZfl5uhmq_c: Private video
[12:55:30]   [video 5033/24611] yt-dlp vw2lrgPQ0A4 (1 clip(s) needed) ...
[12:55:33]     FAILED: ERROR: [youtube] vw2lrgPQ0A4: This video is not available
[12:55:33]   [video 5054/24611] yt-dlp g4yTm1ktfFo (1 clip(s) needed) ...
[12:55:37]     FAILED: ERROR: [youtube] g4yTm1ktfFo: Private video
[12:55:37]   [video 5065/24611] yt-dlp as17xGABpJw (1 clip(s) needed) ...
[12:55:40]     FAILED: ERROR: [youtube] as17xGABpJw: Private video
[12:55:40]   [video 5072/24611] yt-dlp Ub_crwn5qD8 (1 clip(s) needed) ...
[12:55:43]     FAILED: ERROR: [youtube] Ub_crwn5qD8: Private video
[12:55:43]   [video 5094/24611] yt-dlp gwq0VEWVYew (1 clip(s) needed) ...
[12:55:47]     FAILED: ERROR: [youtube] gwq0VEWVYew: This video is not available
[12:55:47]   [video 5122/24611] yt-dlp HKd3DPlNUms (1 clip(s) needed) ...
[12:55:50]     FAILED: ERROR: [youtube] HKd3DPlNUms: This video is not available
[12:55:50]   [video 5127/24611] yt-dlp kTzlsainjdg (1 clip(s) needed) ...
[12:55:53]     FAILED: ERROR: [youtube] kTzlsainjdg: Private video
[12:55:53]   [video 5130/24611] yt-dlp 3L7oB3Zr6pM (1 clip(s) needed) ...
[12:55:56]     FAILED: ERROR: [youtube] 3L7oB3Zr6pM: This video is not available
[12:55:57]   [video 5157/24611] yt-dlp OePSe1ziqYQ (1 clip(s) needed) ...
[12:56:00]     FAILED: ERROR: [youtube] OePSe1ziqYQ: Please sign in. Use --cookies-from-browser or --cookies for the authentication. See  https://github.com/yt-dlp/yt-dlp/wiki/FAQ#how-do-i-pass-cookies-to-yt-dlp  for how to manually pass cookies. Also see  https://github.com/yt-dlp/yt-dlp/wiki/Extractors#exporting-youtube-cookies  for tips on effectively exporting YouTube cookies
[12:56:00]   [video 5176/24611] yt-dlp P8y1xRd-u7U (1 clip(s) needed) ...
[12:56:03]     FAILED: ERROR: [youtube] P8y1xRd-u7U: This video is unavailable
[12:56:03]   [video 5202/24611] yt-dlp VzziohvzMwI (1 clip(s) needed) ...
[12:56:06]     FAILED: ERROR: [youtube] VzziohvzMwI: Private video
[12:56:07]   [video 5211/24611] yt-dlp H_jycpdFVzE (1 clip(s) needed) ...
[12:58:11]     FAILED: ad] Got error: HTTP Error 500: Internal Server Error. Giving up after 10 retries
ERROR: 
[download] Got error: HTTP Error 500: Internal Server Error. Giving up after 10 retries
ERROR: 
[download] Got error: HTTP Error 500: Internal Server Error. Giving up after 10 retries
ERROR: 
[download] Got error: HTTP Error 500: Internal Server Error. Giving up after 10 retries
ERROR: 
[download] Got error: HTTP Error 500: Internal Server Error. Giving up after 10 retries
ERROR: The downloaded file is empty
[12:58:11]   [video 5225/24611] yt-dlp Qxh4ZBh2QA8 (1 clip(s) needed) ...
[12:58:14]     FAILED: ERROR: [youtube] Qxh4ZBh2QA8: Private video
[12:58:14]   [video 5247/24611] yt-dlp XPooHZPTY74 (1 clip(s) needed) ...
[12:58:17]     FAILED: ERROR: [youtube] XPooHZPTY74: Please sign in. Use --cookies-from-browser or --cookies for the authentication. See  https://github.com/yt-dlp/yt-dlp/wiki/FAQ#how-do-i-pass-cookies-to-yt-dlp  for how to manually pass cookies. Also see  https://github.com/yt-dlp/yt-dlp/wiki/Extractors#exporting-youtube-cookies  for tips on effectively exporting YouTube cookies
[12:58:17]   [video 5257/24611] yt-dlp AcEowu2CPQA (1 clip(s) needed) ...
[12:58:20]     FAILED: ERROR: [youtube] AcEowu2CPQA: This video is not available
[12:58:20]   [video 5260/24611] yt-dlp 7hOORD_7OTw (1 clip(s) needed) ...
[12:58:24]     FAILED: ERROR: [youtube] 7hOORD_7OTw: This video is not available
[12:58:24]   [video 5264/24611] yt-dlp s1IS20IWE8o (1 clip(s) needed) ...
[12:58:27]     FAILED: ERROR: [youtube] s1IS20IWE8o: This video is not available
[12:58:27]   [video 5273/24611] yt-dlp 9U_aaS3u0ZI (1 clip(s) needed) ...
[12:58:30]     FAILED: ERROR: [youtube] 9U_aaS3u0ZI: This video is not available
[12:58:31]   [video 5289/24611] yt-dlp 80I0M7uuwMw (1 clip(s) needed) ...
[12:58:34]     FAILED: ERROR: [youtube] 80I0M7uuwMw: Please sign in. Use --cookies-from-browser or --cookies for the authentication. See  https://github.com/yt-dlp/yt-dlp/wiki/FAQ#how-do-i-pass-cookies-to-yt-dlp  for how to manually pass cookies. Also see  https://github.com/yt-dlp/yt-dlp/wiki/Extractors#exporting-youtube-cookies  for tips on effectively exporting YouTube cookies
[12:58:34]   [video 5292/24611] yt-dlp tP8sfwj8Pn8 (1 clip(s) needed) ...
[12:58:37]     FAILED: ERROR: [youtube] tP8sfwj8Pn8: This video is not available
[12:58:37]   [video 5294/24611] yt-dlp 3GGzYYft5wU (1 clip(s) needed) ...
[12:58:40]     FAILED: ERROR: [youtube] 3GGzYYft5wU: Private video
[12:58:40]   [video 5295/24611] yt-dlp K871kRdvZxA (1 clip(s) needed) ...
[12:58:44]     FAILED: ERROR: [youtube] K871kRdvZxA: This video is not available
[12:58:44]   [video 5297/24611] yt-dlp psjjAfpdlbM (1 clip(s) needed) ...
[12:58:48]     FAILED: ERROR: [youtube] psjjAfpdlbM: This video is unavailable
[12:58:48]   [video 5315/24611] yt-dlp yvnKr6natoA (1 clip(s) needed) ...
[12:58:51]     FAILED: ERROR: [youtube] yvnKr6natoA: This video is not available
[12:58:51]   [video 5322/24611] yt-dlp m7wnZRTR9IY (1 clip(s) needed) ...
[12:58:54]     FAILED: ERROR: [youtube] m7wnZRTR9IY: Private video
[12:58:54]   [video 5342/24611] yt-dlp 4AR-Y-NQL3c (1 clip(s) needed) ...
[12:58:58]     FAILED: ERROR: [youtube] 4AR-Y-NQL3c: This video is not available
[12:58:58]   [video 5343/24611] yt-dlp YKYPxfkodSM (1 clip(s) needed) ...
[12:59:01]     FAILED: ERROR: [youtube] YKYPxfkodSM: This video is unavailable
[12:59:01]   [video 5356/24611] yt-dlp rVJf0ZuhvV4 (1 clip(s) needed) ...
[12:59:04]     FAILED: ERROR: [youtube] rVJf0ZuhvV4: This video is not available
[12:59:04]   [video 5374/24611] yt-dlp ATy4S8zYfqA (1 clip(s) needed) ...
[12:59:07]     FAILED: ERROR: [youtube] ATy4S8zYfqA: This video is not available
[12:59:07]   [video 5381/24611] yt-dlp jXbOXwSEu-s (1 clip(s) needed) ...
[12:59:13]     [5526/24988] cutting jXbOXwSEu-s-0:02:05.480-0:02:12.880.mp4 (0:02:05.480 -> 0:02:12.880)
[12:59:13]   [video 5389/24611] yt-dlp eR-VGksdqp0 (1 clip(s) needed) ...
[12:59:16]     FAILED: ERROR: [youtube] eR-VGksdqp0: This video is not available
[12:59:16]   [video 5414/24611] yt-dlp aW13EHDNqGI (1 clip(s) needed) ...
[12:59:19]     FAILED: ERROR: [youtube] aW13EHDNqGI: Private video
[12:59:19]   [video 5434/24611] yt-dlp n13RG0wIg-s (1 clip(s) needed) ...
[12:59:22]     FAILED: ERROR: [youtube] n13RG0wIg-s: This video is not available
[12:59:22]   [video 5454/24611] yt-dlp 3-lGKaRpavE (1 clip(s) needed) ...
[12:59:25]     FAILED: ERROR: [youtube] 3-lGKaRpavE: Private video
[12:59:25]   [video 5467/24611] yt-dlp Y3l7F7Pj9V0 (1 clip(s) needed) ...
[12:59:28]     FAILED: ERROR: [youtube] Y3l7F7Pj9V0: This video is unavailable
[12:59:28]   [video 5469/24611] yt-dlp xP0lduTqOwg (1 clip(s) needed) ...
[12:59:32]     FAILED: ERROR: [youtube] xP0lduTqOwg: This video is not available
[12:59:32]   [video 5472/24611] yt-dlp sg1hGy-F-ec (1 clip(s) needed) ...
[12:59:35]     FAILED: ERROR: [youtube] sg1hGy-F-ec: This video is not available
[12:59:35]   [video 5481/24611] yt-dlp V0OwC2wwP1I (1 clip(s) needed) ...
[12:59:38]     FAILED: ERROR: [youtube] V0OwC2wwP1I: This video is not available
[12:59:38]   [video 5492/24611] yt-dlp fKt0ZqILGEY (1 clip(s) needed) ...
[12:59:41]     FAILED: ERROR: [youtube] fKt0ZqILGEY: This video is not available
[12:59:41]   [video 5498/24611] yt-dlp _eplTw_HQfA (1 clip(s) needed) ...
[12:59:44]     FAILED: ERROR: [youtube] _eplTw_HQfA: This video is not available
[12:59:44]   [video 5545/24611] yt-dlp TJjoDTAMEnc (1 clip(s) needed) ...
[12:59:47]     FAILED: ERROR: [youtube] TJjoDTAMEnc: Private video
[12:59:47]   [video 5575/24611] yt-dlp 9DwmOKBpXvs (1 clip(s) needed) ...
[12:59:50]     FAILED: ERROR: [youtube] 9DwmOKBpXvs: This video is not available
[12:59:50]   [video 5588/24611] yt-dlp WVyyqf0ZlDo (1 clip(s) needed) ...
[12:59:53]     FAILED: ERROR: [youtube] WVyyqf0ZlDo: Private video
[12:59:53]   [video 5592/24611] yt-dlp QOGWFIRp39U (1 clip(s) needed) ...
[12:59:56]     FAILED: ERROR: [youtube] QOGWFIRp39U: Private video
[12:59:56]   [video 5600/24611] yt-dlp 8uP-fDdleew (1 clip(s) needed) ...
[12:59:59]     FAILED: ERROR: [youtube] 8uP-fDdleew: This video is not available
[12:59:59]   [video 5618/24611] yt-dlp fUKuZ6N8rXw (1 clip(s) needed) ...
[13:00:02]     FAILED: ERROR: [youtube] fUKuZ6N8rXw: This video is not available
[13:00:02]   [video 5627/24611] yt-dlp O9UOXmlxSC8 (1 clip(s) needed) ...
[13:00:06]     FAILED: ERROR: [youtube] O9UOXmlxSC8: This video is not available
[13:00:06]   [video 5664/24611] yt-dlp oXw23RpTXoE (1 clip(s) needed) ...
[13:00:09]     FAILED: ERROR: [youtube] oXw23RpTXoE: Video unavailable
[13:00:09]   [video 5671/24611] yt-dlp uZo1m1TtTNY (1 clip(s) needed) ...
[13:00:13]     FAILED: ERROR: [youtube] uZo1m1TtTNY: This video is not available
[13:00:13]   [video 5708/24611] yt-dlp uH39xvqpV3c (1 clip(s) needed) ...
[13:00:16]     FAILED: ERROR: [youtube] uH39xvqpV3c: Please sign in. Use --cookies-from-browser or --cookies for the authentication. See  https://github.com/yt-dlp/yt-dlp/wiki/FAQ#how-do-i-pass-cookies-to-yt-dlp  for how to manually pass cookies. Also see  https://github.com/yt-dlp/yt-dlp/wiki/Extractors#exporting-youtube-cookies  for tips on effectively exporting YouTube cookies
[13:00:16]   [video 5709/24611] yt-dlp odW8k_57obE (1 clip(s) needed) ...
[13:00:19]     FAILED: ERROR: [youtube] odW8k_57obE: Private video
[13:00:19]   [video 5726/24611] yt-dlp ne2cVZIDkbo (1 clip(s) needed) ...
[13:00:21]     FAILED: ERROR: [youtube] ne2cVZIDkbo: This video is unavailable
[13:00:22]   [video 5802/24611] yt-dlp 0QtYKKdxQnI (1 clip(s) needed) ...
[13:00:25]     FAILED: ERROR: [youtube] 0QtYKKdxQnI: This video is not available
[13:00:25]   [video 5824/24611] yt-dlp CVYHWKj4_6I (1 clip(s) needed) ...
[13:00:28]     FAILED: ERROR: [youtube] CVYHWKj4_6I: Private video
[13:00:28]   [video 5845/24611] yt-dlp X9BstSIIFqY (1 clip(s) needed) ...
[13:00:31]     FAILED: ERROR: [youtube] X9BstSIIFqY: This video is not available
[13:00:31]   [video 5874/24611] yt-dlp HXsvIOlu7Q4 (1 clip(s) needed) ...
[13:00:34]     FAILED: ERROR: [youtube] HXsvIOlu7Q4: This video is unavailable
[13:00:34]   [video 5885/24611] yt-dlp s5XlCSxf0HM (1 clip(s) needed) ...
[13:00:37]     FAILED: ERROR: [youtube] s5XlCSxf0HM: This video is not available
[13:00:38]   [video 5899/24611] yt-dlp x7tUY_rzxe8 (1 clip(s) needed) ...
[13:00:41]     FAILED: ERROR: [youtube] x7tUY_rzxe8: This video is not available
[13:00:41]   [video 5914/24611] yt-dlp qY3BjiFyCsA (1 clip(s) needed) ...
[13:00:44]     FAILED: ERROR: [youtube] qY3BjiFyCsA: This video is not available
[13:00:44]   [video 5920/24611] yt-dlp 775YxlmAxBM (1 clip(s) needed) ...
[13:00:48]     FAILED: ERROR: [youtube] 775YxlmAxBM: This video is not available
[13:00:48]   [video 5939/24611] yt-dlp YyrYtOWI0og (1 clip(s) needed) ...
[13:00:51]     FAILED: ERROR: [youtube] YyrYtOWI0og: This video is not available
[13:00:51]   [video 5954/24611] yt-dlp Lz2cVnQkFgA (1 clip(s) needed) ...
[13:00:54]     FAILED: ERROR: [youtube] Lz2cVnQkFgA: Private video
[13:00:54]   [video 5994/24611] yt-dlp q-wFO12fWrY (1 clip(s) needed) ...
[13:00:58]     FAILED: ERROR: Postprocessing: Error opening input files: Invalid data found when processing input
[13:00:58]   [video 6000/24611] yt-dlp r5CLdnJP2-Q (1 clip(s) needed) ...
[13:01:01]     FAILED: ERROR: [youtube] r5CLdnJP2-Q: Please sign in. Use --cookies-from-browser or --cookies for the authentication. See  https://github.com/yt-dlp/yt-dlp/wiki/FAQ#how-do-i-pass-cookies-to-yt-dlp  for how to manually pass cookies. Also see  https://github.com/yt-dlp/yt-dlp/wiki/Extractors#exporting-youtube-cookies  for tips on effectively exporting YouTube cookies
[13:01:01]   [video 6058/24611] yt-dlp hBmzLk9LXUk (1 clip(s) needed) ...
[13:01:04]     FAILED: ERROR: [youtube] hBmzLk9LXUk: This video is unavailable
[13:01:04]   [video 6084/24611] yt-dlp 94EOhKu3L0c (1 clip(s) needed) ...
[13:01:07]     FAILED: ERROR: [youtube] 94EOhKu3L0c: This video is not available
[13:01:07]   [video 6087/24611] yt-dlp 3C8Vtv5rfsE (1 clip(s) needed) ...
[13:01:10]     FAILED: ERROR: [youtube] 3C8Vtv5rfsE: This video is unavailable
[13:01:10]   [video 6099/24611] yt-dlp am2L0k4gmXQ (1 clip(s) needed) ...
[13:01:14]     FAILED: ERROR: [youtube] am2L0k4gmXQ: Please sign in. Use --cookies-from-browser or --cookies for the authentication. See  https://github.com/yt-dlp/yt-dlp/wiki/FAQ#how-do-i-pass-cookies-to-yt-dlp  for how to manually pass cookies. Also see  https://github.com/yt-dlp/yt-dlp/wiki/Extractors#exporting-youtube-cookies  for tips on effectively exporting YouTube cookies
[13:01:14]   [video 6109/24611] yt-dlp 0UQ7dOJTDCg (1 clip(s) needed) ...
[13:01:16]     FAILED: ERROR: [youtube] 0UQ7dOJTDCg: Private video
[13:01:16]   [video 6137/24611] yt-dlp 6DBCatufpTE (1 clip(s) needed) ...
[13:01:20]     FAILED: ERROR: [youtube] 6DBCatufpTE: This video is not available
[13:01:20]   [video 6195/24611] yt-dlp r5DO-wbUVp0 (1 clip(s) needed) ...
[13:01:23]     FAILED: ERROR: [youtube] r5DO-wbUVp0: Private video
[13:01:23]   [video 6286/24611] yt-dlp N3qOIPBqVRs (1 clip(s) needed) ...
[13:01:26]     FAILED: ERROR: [youtube] N3qOIPBqVRs: This video is not available
[13:01:26]   [video 6303/24611] yt-dlp wUNlcHQtW1I (1 clip(s) needed) ...
[13:01:29]     FAILED: ERROR: [youtube] wUNlcHQtW1I: This video is not available
[13:01:29]   [video 6310/24611] yt-dlp VcVg1s_gajw (1 clip(s) needed) ...
[13:01:35]     [6479/24988] cutting VcVg1s_gajw-0:00:35.800-0:00:42.520.mp4 (0:00:35.800 -> 0:00:42.520)
[13:01:36]   [video 6312/24611] yt-dlp qUosZlTJ3Mc (1 clip(s) needed) ...
[13:01:39]     FAILED: ERROR: [youtube] qUosZlTJ3Mc: This video is not available
[13:01:39]   [video 6334/24611] yt-dlp VnPsNSvOutE (1 clip(s) needed) ...
[13:01:46]     [6504/24988] cutting VnPsNSvOutE-0:03:08.146-0:03:11.983.mp4 (0:03:08.146 -> 0:03:11.983)
[13:01:46]   [video 6338/24611] yt-dlp 72fFUX1MTgA (1 clip(s) needed) ...
[13:01:52]     [6508/24988] cutting 72fFUX1MTgA-0:02:59.480-0:03:08.120.mp4 (0:02:59.480 -> 0:03:08.120)
[13:01:52]   [video 6340/24611] yt-dlp 0EyW-jOSKr0 (1 clip(s) needed) ...
[13:01:56]     FAILED: ERROR: [youtube] 0EyW-jOSKr0: Video unavailable
[13:01:56]   [video 6343/24611] yt-dlp _qjF0AmG6xY (1 clip(s) needed) ...
[13:01:59]     FAILED: ERROR: [youtube] _qjF0AmG6xY: Private video
[13:01:59]   [video 6363/24611] yt-dlp XgImpoiYP4U (1 clip(s) needed) ...
[13:02:02]     FAILED: ERROR: [youtube] XgImpoiYP4U: Please sign in. Use --cookies-from-browser or --cookies for the authentication. See  https://github.com/yt-dlp/yt-dlp/wiki/FAQ#how-do-i-pass-cookies-to-yt-dlp  for how to manually pass cookies. Also see  https://github.com/yt-dlp/yt-dlp/wiki/Extractors#exporting-youtube-cookies  for tips on effectively exporting YouTube cookies
[13:02:02]   [video 6377/24611] yt-dlp u2Hq01HBPLQ (1 clip(s) needed) ...
[13:02:20]     [6547/24988] cutting u2Hq01HBPLQ-0:10:07.433-0:10:13.833.mp4 (0:10:07.433 -> 0:10:13.833)
[13:02:20]   [video 6391/24611] yt-dlp Zpsqd8YTQ8o (1 clip(s) needed) ...
[13:02:30]     [6561/24988] cutting Zpsqd8YTQ8o-0:00:25.692-0:01:13.740.mp4 (0:00:25.692 -> 0:01:13.740)
[13:02:32]   [video 6402/24611] yt-dlp DH9fJ3Errjo (1 clip(s) needed) ...
[13:02:54]     [6572/24988] cutting DH9fJ3Errjo-0:00:03.650-0:00:12.316.mp4 (0:00:03.650 -> 0:00:12.316)
[13:02:55]   [video 6412/24611] yt-dlp ggH6CLjw_Is (1 clip(s) needed) ...
[13:02:58]     FAILED: ERROR: [youtube] ggH6CLjw_Is: Video unavailable
[13:02:58]   [video 6428/24611] yt-dlp 1lnPG6GLJUs (1 clip(s) needed) ...
[13:03:00]     FAILED: ERROR: [youtube] 1lnPG6GLJUs: Private video
[13:03:00]   [video 6430/24611] yt-dlp YUVBFE6YGEM (1 clip(s) needed) ...
[13:03:03]     FAILED: ERROR: [youtube] YUVBFE6YGEM: This video is not available
[13:03:03]   [video 6435/24611] yt-dlp W1z5nssPQew (2 clip(s) needed) ...
[13:03:09]     [6605/24988] cutting W1z5nssPQew-0:00:49.716-0:00:55.321.mp4 (0:00:49.716 -> 0:00:55.321)
[13:03:09]     [6606/24988] cutting W1z5nssPQew-0:00:34.768-0:00:40.640.mp4 (0:00:34.768 -> 0:00:40.640)
[13:03:09]   [video 6436/24611] yt-dlp elIf5EiN4Oc (1 clip(s) needed) ...
[13:03:12]     FAILED: ERROR: [youtube] elIf5EiN4Oc: This video is unavailable
[13:03:12]   [video 6452/24611] yt-dlp jjiUivkcbyo (1 clip(s) needed) ...
[13:03:15]     FAILED: ERROR: [youtube] jjiUivkcbyo: Private video
[13:03:15]   [video 6457/24611] yt-dlp yKR9BcjNHiw (1 clip(s) needed) ...
[13:03:20]     FAILED: ERROR: [youtube] yKR9BcjNHiw: This video is not available
[13:03:20]   [video 6461/24611] yt-dlp IGGwyuqKdgw (2 clip(s) needed) ...
[13:03:26]     [6634/24988] cutting IGGwyuqKdgw-0:00:26.200-0:00:38.200.mp4 (0:00:26.200 -> 0:00:38.200)
[13:03:26]     [6635/24988] cutting IGGwyuqKdgw-0:01:17.000-0:01:21.066.mp4 (0:01:17.000 -> 0:01:21.066)
[13:03:27]   [video 6465/24611] yt-dlp pekiYXBqdVk (1 clip(s) needed) ...
[13:03:31]     FAILED: ERROR: unable to download video data: HTTP Error 403: Forbidden
[13:03:31]   [video 6485/24611] yt-dlp GRl34VcgFFc (1 clip(s) needed) ...
[13:03:37]     [6659/24988] cutting GRl34VcgFFc-0:03:58.133-0:04:14.966.mp4 (0:03:58.133 -> 0:04:14.966)
[13:03:38]   [video 6503/24611] yt-dlp 9seh9KHNIZo (1 clip(s) needed) ...
[13:03:41]     FAILED: ERROR: [youtube] 9seh9KHNIZo: Private video
[13:03:41]   [video 6504/24611] yt-dlp 5GOFwmqQ7oU (1 clip(s) needed) ...
[13:03:44]     FAILED: ERROR: [youtube] 5GOFwmqQ7oU: This video is not available
[13:03:44]   [video 6508/24611] yt-dlp Ln7NjkgL1sQ (1 clip(s) needed) ...
[13:03:48]     FAILED: ERROR: [youtube] Ln7NjkgL1sQ: This video is not available
[13:03:48]   [video 6521/24611] yt-dlp KQjMBVAvMdM (1 clip(s) needed) ...
[13:03:53]     [6697/24988] cutting KQjMBVAvMdM-0:01:33.393-0:01:39.299.mp4 (0:01:33.393 -> 0:01:39.299)
[13:03:54]   [video 6526/24611] yt-dlp FHE3T8DuSrU (1 clip(s) needed) ...
[13:04:01]     [6702/24988] cutting FHE3T8DuSrU-0:05:51.650-0:06:39.650.mp4 (0:05:51.650 -> 0:06:39.650)
[13:04:03]   [video 6527/24611] yt-dlp Hx1uViZL7aE (1 clip(s) needed) ...
[13:04:06]     FAILED: ERROR: [youtube] Hx1uViZL7aE: This video is not available
[13:04:06]   [video 6535/24611] yt-dlp HIwzWCpzwkc (1 clip(s) needed) ...
[13:04:10]     FAILED: ERROR: [youtube] HIwzWCpzwkc: This video is not available
[13:04:11]   [video 6552/24611] yt-dlp B4k_5ZWE2g0 (1 clip(s) needed) ...
[13:04:14]     FAILED: ERROR: [youtube] B4k_5ZWE2g0: Private video
[13:04:14]   [video 6566/24611] yt-dlp vwmlhHyHQ6w (1 clip(s) needed) ...
[13:04:21]     [6743/24988] cutting vwmlhHyHQ6w-0:02:05.917-0:02:53.965.mp4 (0:02:05.917 -> 0:02:53.965)
[13:04:22]   [video 6568/24611] yt-dlp m0Qztb7xu_4 (1 clip(s) needed) ...
[13:04:28]     [6745/24988] cutting m0Qztb7xu_4-0:02:16.680-0:02:33.280.mp4 (0:02:16.680 -> 0:02:33.280)
[13:04:29]   [video 6588/24611] yt-dlp nV0MMgHNgfo (1 clip(s) needed) ...
[13:04:31]     FAILED: ERROR: [youtube] nV0MMgHNgfo: This video is unavailable
[13:04:31]   [video 6591/24611] yt-dlp JD2nNdX56eo (1 clip(s) needed) ...
[13:04:34]     FAILED: ERROR: [youtube] JD2nNdX56eo: Video unavailable
[13:04:35]   [video 6610/24611] yt-dlp umDCG2iIWlo (1 clip(s) needed) ...
[13:04:38]     FAILED: ERROR: [youtube] umDCG2iIWlo: This video is unavailable
[13:04:38]   [video 6612/24611] yt-dlp a3KdduOHZh0 (1 clip(s) needed) ...
[13:04:41]     FAILED: ERROR: [youtube] a3KdduOHZh0: This video is not available
[13:04:41]   [video 6617/24611] yt-dlp myz-4KPxwAA (1 clip(s) needed) ...
[13:04:46]     [6796/24988] cutting myz-4KPxwAA-0:02:23.600-0:02:28.760.mp4 (0:02:23.600 -> 0:02:28.760)
[13:04:47]   [video 6623/24611] yt-dlp JUOPoWuNrj0 (1 clip(s) needed) ...
[13:04:50]     FAILED: ERROR: [youtube] JUOPoWuNrj0: Private video
[13:04:50]   [video 6627/24611] yt-dlp NNy5ZOnU_bI (1 clip(s) needed) ...
[13:04:54]     FAILED: ERROR: [youtube] NNy5ZOnU_bI: This video is not available
[13:04:54]   [video 6631/24611] yt-dlp TcffF6b0h5I (1 clip(s) needed) ...
[13:04:57]     FAILED: ERROR: [youtube] TcffF6b0h5I: This video is not available
[13:04:57]   [video 6632/24611] yt-dlp 7K57hsDBYWU (1 clip(s) needed) ...
[13:05:00]     FAILED: ERROR: [youtube] 7K57hsDBYWU: This video is not available
[13:05:00]   [video 6636/24611] yt-dlp 2OoZzpP69LE (1 clip(s) needed) ...
[13:05:04]     FAILED: ERROR: [youtube] 2OoZzpP69LE: This video is not available
[13:05:04]   [video 6647/24611] yt-dlp Cfs1Ks0fQhc (1 clip(s) needed) ...
[13:05:12]     [6827/24988] cutting Cfs1Ks0fQhc-0:03:22.766-0:03:52.100.mp4 (0:03:22.766 -> 0:03:52.100)
[13:05:13]   [video 6649/24611] yt-dlp -gx9grJZWO4 (1 clip(s) needed) ...
[13:05:20]     [6829/24988] cutting -gx9grJZWO4-0:06:15.808-0:06:26.686.mp4 (0:06:15.808 -> 0:06:26.686)
[13:05:20]   [video 6661/24611] yt-dlp q2JHLoRYsLw (1 clip(s) needed) ...
[13:05:23]     FAILED: ERROR: [youtube] q2JHLoRYsLw: This video is not available
[13:05:23]   [video 6664/24611] yt-dlp CcBK3JMsvhc (1 clip(s) needed) ...
[13:05:26]     FAILED: ERROR: [youtube] CcBK3JMsvhc: This video is unavailable
[13:05:26]   [video 6670/24611] yt-dlp n2JgejASS2w (1 clip(s) needed) ...
[13:05:29]     FAILED: ERROR: [youtube] n2JgejASS2w: This video is unavailable
[13:05:29]   [video 6677/24611] yt-dlp WwJe6Uglfvc (1 clip(s) needed) ...
[13:05:32]     FAILED: ERROR: [youtube] WwJe6Uglfvc: This video is unavailable
[13:05:33]   [video 6780/24611] yt-dlp w0r9zc_sywE (1 clip(s) needed) ...
[13:05:36]     FAILED: ERROR: [youtube] w0r9zc_sywE: This video is not available
[13:05:36]   [video 6787/24611] yt-dlp Ivu0bgwqOec (1 clip(s) needed) ...
[13:05:39]     FAILED: ERROR: [youtube] Ivu0bgwqOec: Video unavailable
[13:05:39]   [video 6791/24611] yt-dlp writ6r2s0Ms (1 clip(s) needed) ...
[13:05:42]     FAILED: ERROR: [youtube] writ6r2s0Ms: Private video
[13:05:42]   [video 6813/24611] yt-dlp RTnNcMKdjRA (1 clip(s) needed) ...
[13:05:45]     FAILED: ERROR: [youtube] RTnNcMKdjRA: This video is not available
[13:05:46]   [video 6825/24611] yt-dlp Ukx3mhM-wsA (1 clip(s) needed) ...
[13:05:49]     FAILED: ERROR: [youtube] Ukx3mhM-wsA: This video is not available
[13:05:50]   [video 6864/24611] yt-dlp 5CMd1rx_hvA (1 clip(s) needed) ...
[13:05:53]     FAILED: ERROR: [youtube] 5CMd1rx_hvA: This video is not available
[13:05:53]   [video 6874/24611] yt-dlp yDtQuBjox4U (1 clip(s) needed) ...
[13:05:57]     FAILED: ERROR: [youtube] yDtQuBjox4U: This video is not available
[13:05:57]   [video 6884/24611] yt-dlp mtPVw5j48uk (1 clip(s) needed) ...
[13:06:00]     FAILED: ERROR: [youtube] mtPVw5j48uk: This video is not available
[13:06:00]   [video 6888/24611] yt-dlp eDrbqou2XAA (1 clip(s) needed) ...
[13:06:03]     FAILED: ERROR: [youtube] eDrbqou2XAA: This video is not available
[13:06:03]   [video 6891/24611] yt-dlp 5vFiVoQqaWM (1 clip(s) needed) ...
[13:06:07]     FAILED: ERROR: [youtube] 5vFiVoQqaWM: Please sign in. Use --cookies-from-browser or --cookies for the authentication. See  https://github.com/yt-dlp/yt-dlp/wiki/FAQ#how-do-i-pass-cookies-to-yt-dlp  for how to manually pass cookies. Also see  https://github.com/yt-dlp/yt-dlp/wiki/Extractors#exporting-youtube-cookies  for tips on effectively exporting YouTube cookies
[13:06:07]   [video 6918/24611] yt-dlp sideKpqLEj4 (1 clip(s) needed) ...
[13:06:10]     FAILED: ERROR: [youtube] sideKpqLEj4: Private video
[13:06:10]   [video 6930/24611] yt-dlp e7XWJm825qA (1 clip(s) needed) ...
[13:06:13]     FAILED: ERROR: [youtube] e7XWJm825qA: This video is not available
[13:06:14]   [video 6961/24611] yt-dlp ny8FPItBjOI (2 clip(s) needed) ...
[13:06:16]     FAILED: ERROR: [youtube] ny8FPItBjOI: This video is unavailable
[13:06:16]   [video 6970/24611] yt-dlp bBIuJuPDK3c (1 clip(s) needed) ...
[13:06:20]     FAILED: ERROR: [youtube] bBIuJuPDK3c: This video is not available
[13:06:20]   [video 6978/24611] yt-dlp Po98WMEXJ_g (1 clip(s) needed) ...
[13:06:24]     FAILED: ERROR: [youtube] Po98WMEXJ_g: This video is not available
[13:06:24]   [video 7000/24611] yt-dlp xBhjitX-Qjo (1 clip(s) needed) ...
[13:06:27]     FAILED: ERROR: [youtube] xBhjitX-Qjo: Private video
[13:06:27]   [video 7009/24611] yt-dlp Ong5zwqsTDI (1 clip(s) needed) ...
[13:06:30]     FAILED: ERROR: [youtube] Ong5zwqsTDI: This video is not available
[13:06:30]   [video 7053/24611] yt-dlp xrsvbqLs9_Q (1 clip(s) needed) ...
[13:06:33]     FAILED: ERROR: [youtube] xrsvbqLs9_Q: Video unavailable
[13:06:33]   [video 7073/24611] yt-dlp _l4biKfufgw (1 clip(s) needed) ...
[13:06:36]     FAILED: ERROR: [youtube] _l4biKfufgw: Private video
[13:06:36]   [video 7074/24611] yt-dlp 0ocbQUW2IoU (1 clip(s) needed) ...
[13:06:39]     FAILED: ERROR: [youtube] 0ocbQUW2IoU: Private video
[13:06:39]   [video 7080/24611] yt-dlp WpEMLYvG2is (1 clip(s) needed) ...
[13:06:42]     FAILED: ERROR: [youtube] WpEMLYvG2is: This video is not available
[13:06:42]   [video 7089/24611] yt-dlp FuFoJsLhb94 (1 clip(s) needed) ...
[13:06:48]     [7286/24988] cutting FuFoJsLhb94-0:02:53.606-0:03:41.120.mp4 (0:02:53.606 -> 0:03:41.120)
[13:06:50]   [video 7138/24611] yt-dlp vsTC8GRrytg (1 clip(s) needed) ...
[13:06:53]     FAILED: ERROR: [youtube] vsTC8GRrytg: This video is not available
[13:06:53]   [video 7144/24611] yt-dlp vynMdr_NUPA (1 clip(s) needed) ...
[13:06:57]     FAILED: ERROR: [youtube] vynMdr_NUPA: This video is not available
[13:06:57]   [video 7164/24611] yt-dlp 92lb55_qeUk (1 clip(s) needed) ...
[13:07:00]     FAILED: ERROR: [youtube] 92lb55_qeUk: This video is not available
[13:07:00]   [video 7182/24611] yt-dlp mzC0lx9hIVE (1 clip(s) needed) ...
[13:07:06]     [7380/24988] cutting mzC0lx9hIVE-0:00:50.917-0:01:24.217.mp4 (0:00:50.917 -> 0:01:24.217)
[13:07:07]   [video 7188/24611] yt-dlp 9oYjKGmrME4 (1 clip(s) needed) ...
[13:07:10]     FAILED: ERROR: [youtube] 9oYjKGmrME4: This video is not available
[13:07:11]   [video 7217/24611] yt-dlp yydCCsVWBxA (2 clip(s) needed) ...
[13:07:14]     FAILED: ERROR: [youtube] yydCCsVWBxA: Please sign in. Use --cookies-from-browser or --cookies for the authentication. See  https://github.com/yt-dlp/yt-dlp/wiki/FAQ#how-do-i-pass-cookies-to-yt-dlp  for how to manually pass cookies. Also see  https://github.com/yt-dlp/yt-dlp/wiki/Extractors#exporting-youtube-cookies  for tips on effectively exporting YouTube cookies
[13:07:14]   [video 7218/24611] yt-dlp 8Lz8fooJMFA (1 clip(s) needed) ...
[13:07:17]     FAILED: ERROR: [youtube] 8Lz8fooJMFA: This video is not available
[13:07:18]   [video 7241/24611] yt-dlp a-iSUmP_9es (1 clip(s) needed) ...
[13:07:21]     FAILED: ERROR: [youtube] a-iSUmP_9es: Private video
[13:07:21]   [video 7265/24611] yt-dlp _zoIToazNWc (1 clip(s) needed) ...
[13:07:24]     FAILED: ERROR: [youtube] _zoIToazNWc: This video is unavailable
[13:07:24]   [video 7331/24611] yt-dlp gq8eX0z91jo (1 clip(s) needed) ...
[13:07:28]     FAILED: ERROR: [youtube] gq8eX0z91jo: Please sign in. Use --cookies-from-browser or --cookies for the authentication. See  https://github.com/yt-dlp/yt-dlp/wiki/FAQ#how-do-i-pass-cookies-to-yt-dlp  for how to manually pass cookies. Also see  https://github.com/yt-dlp/yt-dlp/wiki/Extractors#exporting-youtube-cookies  for tips on effectively exporting YouTube cookies
[13:07:28]   [video 7337/24611] yt-dlp _PsvyEgCUhk (1 clip(s) needed) ...
[13:07:30]     FAILED: ERROR: [youtube] _PsvyEgCUhk: This video is unavailable
[13:07:31]   [video 7357/24611] yt-dlp 63MlYg028uk (1 clip(s) needed) ...
[13:07:34]     FAILED: ERROR: [youtube] 63MlYg028uk: This video is not available
[13:07:34]   [video 7365/24611] yt-dlp -Nc7KrrVF7s (1 clip(s) needed) ...
[13:07:37]     FAILED: ERROR: [youtube] -Nc7KrrVF7s: Please sign in. Use --cookies-from-browser or --cookies for the authentication. See  https://github.com/yt-dlp/yt-dlp/wiki/FAQ#how-do-i-pass-cookies-to-yt-dlp  for how to manually pass cookies. Also see  https://github.com/yt-dlp/yt-dlp/wiki/Extractors#exporting-youtube-cookies  for tips on effectively exporting YouTube cookies
[13:07:37]   [video 7384/24611] yt-dlp OntApZjXY_w (1 clip(s) needed) ...
[13:07:40]     FAILED: ERROR: [youtube] OntApZjXY_w: This video is not available
[13:07:40]   [video 7391/24611] yt-dlp zyvc-6kHMLU (1 clip(s) needed) ...
[13:07:43]     FAILED: ERROR: [youtube] zyvc-6kHMLU: Private video
[13:07:43]   [video 7409/24611] yt-dlp NQw0Cs8EVM8 (1 clip(s) needed) ...
[13:07:49]     [7613/24988] cutting NQw0Cs8EVM8-0:08:11.616-0:08:20.625.mp4 (0:08:11.616 -> 0:08:20.625)
[13:07:50]   [video 7412/24611] yt-dlp XlaAEcQFSgk (1 clip(s) needed) ...
[13:07:52]     FAILED: ERROR: [youtube] XlaAEcQFSgk: Video unavailable
[13:07:53]   [video 7430/24611] yt-dlp xARRIQObiBM (1 clip(s) needed) ...
[13:07:56]     FAILED: ERROR: [youtube] xARRIQObiBM: This video is not available
[13:07:56]   [video 7448/24611] yt-dlp BVOztRrNJ-g (1 clip(s) needed) ...
[13:07:58]     FAILED: ERROR: [youtube] BVOztRrNJ-g: Private video
[13:07:59]   [video 7470/24611] yt-dlp 17EP87q97zA (1 clip(s) needed) ...
[13:08:02]     FAILED: ERROR: [youtube] 17EP87q97zA: Please sign in. Use --cookies-from-browser or --cookies for the authentication. See  https://github.com/yt-dlp/yt-dlp/wiki/FAQ#how-do-i-pass-cookies-to-yt-dlp  for how to manually pass cookies. Also see  https://github.com/yt-dlp/yt-dlp/wiki/Extractors#exporting-youtube-cookies  for tips on effectively exporting YouTube cookies
[13:08:02]   [video 7482/24611] yt-dlp ctuKU1_WORs (1 clip(s) needed) ...
[13:08:05]     FAILED: ERROR: [youtube] ctuKU1_WORs: Private video
[13:08:05]   [video 7506/24611] yt-dlp tpRVInZ0Nsw (1 clip(s) needed) ...
[13:08:08]     FAILED: ERROR: [youtube] tpRVInZ0Nsw: This video is not available
[13:08:09]   [video 7561/24611] yt-dlp Crva8QHzWnk (1 clip(s) needed) ...
[13:08:11]     FAILED: ERROR: [youtube] Crva8QHzWnk: Private video
[13:08:11]   [video 7563/24611] yt-dlp 4UsQKP3liac (1 clip(s) needed) ...
[13:08:14]     FAILED: ERROR: [youtube] 4UsQKP3liac: Private video
[13:08:14]   [video 7569/24611] yt-dlp H-bsr1Uxuv8 (1 clip(s) needed) ...
[13:08:17]     FAILED: ERROR: [youtube] H-bsr1Uxuv8: Please sign in. Use --cookies-from-browser or --cookies for the authentication. See  https://github.com/yt-dlp/yt-dlp/wiki/FAQ#how-do-i-pass-cookies-to-yt-dlp  for how to manually pass cookies. Also see  https://github.com/yt-dlp/yt-dlp/wiki/Extractors#exporting-youtube-cookies  for tips on effectively exporting YouTube cookies
[13:08:17]   [video 7574/24611] yt-dlp e6ES1X-ZHyw (1 clip(s) needed) ...
[13:08:20]     FAILED: ERROR: [youtube] e6ES1X-ZHyw: This video is unavailable
[13:08:20]   [video 7575/24611] yt-dlp ulrWKGvjgho (1 clip(s) needed) ...
[13:08:23]     FAILED: ERROR: [youtube] ulrWKGvjgho: Private video
[13:08:23]   [video 7606/24611] yt-dlp x6vJlUX2inw (1 clip(s) needed) ...
[13:08:27]     FAILED: ERROR: [youtube] x6vJlUX2inw: This video is not available
[13:08:27]   [video 7619/24611] yt-dlp XDsWcN0k4bc (1 clip(s) needed) ...
[13:08:30]     FAILED: ERROR: [youtube] XDsWcN0k4bc: Private video
[13:08:30]   [video 7629/24611] yt-dlp _JgmC9HnvKk (1 clip(s) needed) ...
[13:08:33]     FAILED: ERROR: [youtube] _JgmC9HnvKk: Private video
[13:08:33]   [video 7671/24611] yt-dlp zDuYVoWlUs8 (1 clip(s) needed) ...
[13:08:36]     FAILED: ERROR: [youtube] zDuYVoWlUs8: This video is unavailable
[13:08:36]   [video 7685/24611] yt-dlp QvbtEgsuxcU (1 clip(s) needed) ...
[13:08:40]     FAILED: ERROR: [youtube] QvbtEgsuxcU: This video is not available
[13:08:40]   [video 7697/24611] yt-dlp MnXiB1zh5_E (1 clip(s) needed) ...
[13:08:43]     FAILED: ERROR: [youtube] MnXiB1zh5_E: This video is not available
[13:08:43]   [video 7701/24611] yt-dlp J9BewNnoT5w (1 clip(s) needed) ...
[13:10:34]     FAILED: ad] Got error: HTTP Error 500: Internal Server Error. Giving up after 10 retries
ERROR: 
[download] Got error: HTTP Error 500: Internal Server Error. Giving up after 10 retries
ERROR: 
[download] Got error: HTTP Error 500: Internal Server Error. Giving up after 10 retries
ERROR: 
[download] Got error: HTTP Error 500: Internal Server Error. Giving up after 10 retries
ERROR: 
[download] Got error: HTTP Error 500: Internal Server Error. Giving up after 10 retries
ERROR: The downloaded file is empty
[13:10:34]   [video 7702/24611] yt-dlp 0UKsPwpvpLk (1 clip(s) needed) ...
[13:10:37]     FAILED: ERROR: [youtube] 0UKsPwpvpLk: This video is unavailable
[13:10:37]   [video 7716/24611] yt-dlp mZD0uVhrkSg (1 clip(s) needed) ...
[13:10:57]     [7928/24988] cutting mZD0uVhrkSg-0:03:26.766-0:03:37.466.mp4 (0:03:26.766 -> 0:03:37.466)
[13:10:58]   [video 7731/24611] yt-dlp 2heO-m7XuLs (1 clip(s) needed) ...
[13:11:01]     FAILED: ERROR: [youtube] 2heO-m7XuLs: This video is not available
[13:11:01]   [video 7734/24611] yt-dlp 7cbKflpTCjs (1 clip(s) needed) ...
[13:11:04]     FAILED: ERROR: [youtube] 7cbKflpTCjs: Private video
[13:11:04]   [video 7743/24611] yt-dlp 3xHuUAfxKm8 (1 clip(s) needed) ...
[13:11:07]     FAILED: ERROR: [youtube] 3xHuUAfxKm8: This video is unavailable
[13:11:07]   [video 7747/24611] yt-dlp JZzpfBCw5Jo (1 clip(s) needed) ...
[13:11:10]     FAILED: ERROR: [youtube] JZzpfBCw5Jo: This video is not available
[13:11:11]   [video 7782/24611] yt-dlp nUMbNPgMDMI (1 clip(s) needed) ...
[13:11:16]     [7994/24988] cutting nUMbNPgMDMI-0:02:26.679-0:02:52.105.mp4 (0:02:26.679 -> 0:02:52.105)
[13:11:17]   [video 7809/24611] yt-dlp vs7PvHsMxYk (1 clip(s) needed) ...
[13:11:20]     FAILED: ERROR: [youtube] vs7PvHsMxYk: This video is unavailable
[13:11:20]   [video 7810/24611] yt-dlp XdQ08UDVSww (1 clip(s) needed) ...
[13:11:23]     FAILED: ERROR: [youtube] XdQ08UDVSww: This video is not available
[13:11:24]   [video 7844/24611] yt-dlp aAZUlY_u5q4 (1 clip(s) needed) ...
[13:11:27]     FAILED: ERROR: [youtube] aAZUlY_u5q4: This video is not available
[13:11:27]   [video 7860/24611] yt-dlp LC_l_rB-25k (1 clip(s) needed) ...
[13:11:30]     FAILED: ERROR: [youtube] LC_l_rB-25k: Private video
[13:11:31]   [video 7909/24611] yt-dlp p11hG1rGqS4 (1 clip(s) needed) ...
[13:11:34]     FAILED: ERROR: [youtube] p11hG1rGqS4: This video is not available
[13:11:34]   [video 7921/24611] yt-dlp BEDWb52DSiw (1 clip(s) needed) ...
[13:11:38]     FAILED: ERROR: [youtube] BEDWb52DSiw: This video is not available
[13:11:38]   [video 7930/24611] yt-dlp 30wSrzfTfJs (1 clip(s) needed) ...
[13:11:41]     FAILED: ERROR: [youtube] 30wSrzfTfJs: This video is not available
[13:11:41]   [video 7953/24611] yt-dlp lAfGteNHFZM (1 clip(s) needed) ...
[13:11:45]     FAILED: ERROR: [youtube] lAfGteNHFZM: This video is not available
[13:11:45]   [video 7959/24611] yt-dlp VE1BtOxfyvM (1 clip(s) needed) ...
[13:11:49]     FAILED: ERROR: [youtube] VE1BtOxfyvM: This video is not available
[13:11:49]   [video 7997/24611] yt-dlp NjOc-G9uxQc (1 clip(s) needed) ...
[13:11:52]     FAILED: ERROR: [youtube] NjOc-G9uxQc: Video unavailable
[13:11:52]   [video 8000/24611] yt-dlp P4sgBIhHcck (1 clip(s) needed) ...
[13:11:55]     FAILED: ERROR: [youtube] P4sgBIhHcck: Private video
[13:11:55]   [video 8023/24611] yt-dlp FfTWqEpMfXg (1 clip(s) needed) ...
[13:11:58]     FAILED: ERROR: [youtube] FfTWqEpMfXg: Private video
[13:11:58]   [video 8027/24611] yt-dlp NzR1PFa528Y (1 clip(s) needed) ...
[13:12:01]     FAILED: ERROR: [youtube] NzR1PFa528Y: This video is not available
[13:12:01]   [video 8036/24611] yt-dlp zmVjeolDFAU (1 clip(s) needed) ...
[13:12:05]     FAILED: ERROR: [youtube] zmVjeolDFAU: This video is not available
[13:12:05]   [video 8057/24611] yt-dlp wdxV-Nfxm4c (1 clip(s) needed) ...
[13:12:08]     FAILED: ERROR: [youtube] wdxV-Nfxm4c: Private video
[13:12:08]   [video 8066/24611] yt-dlp abxA_XtnRSc (1 clip(s) needed) ...
[13:12:11]     FAILED: ERROR: [youtube] abxA_XtnRSc: This video is not available
[13:12:11]   [video 8067/24611] yt-dlp nTyPf8QAoUs (1 clip(s) needed) ...
[13:12:14]     FAILED: ERROR: [youtube] nTyPf8QAoUs: Private video
[13:12:14]   [video 8116/24611] yt-dlp S8I58u3OsXw (1 clip(s) needed) ...
[13:12:17]     FAILED: ERROR: [youtube] S8I58u3OsXw: This video is not available
[13:12:18]   [video 8126/24611] yt-dlp wsn5eTSaR0Q (1 clip(s) needed) ...
[13:12:21]     FAILED: ERROR: [youtube] wsn5eTSaR0Q: This video is not available
[13:12:21]   [video 8131/24611] yt-dlp 5JJSLoqNiQI (1 clip(s) needed) ...
[13:12:24]     FAILED: ERROR: [youtube] 5JJSLoqNiQI: This video is not available
[13:12:24]   [video 8139/24611] yt-dlp k4GYxk6ZUhM (1 clip(s) needed) ...
[13:12:30]     [8359/24988] cutting k4GYxk6ZUhM-0:00:40.960-0:00:57.920.mp4 (0:00:40.960 -> 0:00:57.920)
[13:12:31]   [video 8186/24611] yt-dlp tMDyFVZUr70 (1 clip(s) needed) ...
[13:12:33]     FAILED: ERROR: [youtube] tMDyFVZUr70: This video is unavailable
[13:12:33]   [video 8187/24611] yt-dlp H--Id4rkFPI (1 clip(s) needed) ...
[13:12:36]     FAILED: ERROR: [youtube] H--Id4rkFPI: Private video
[13:12:36]   [video 8188/24611] yt-dlp axcTiuLfuLI (1 clip(s) needed) ...
[13:12:42]     [8408/24988] cutting axcTiuLfuLI-0:00:05.972-0:00:54.020.mp4 (0:00:05.972 -> 0:00:54.020)
[13:12:44]   [video 8192/24611] yt-dlp manpTzkNmXo (1 clip(s) needed) ...
[13:12:46]     FAILED: ERROR: [youtube] manpTzkNmXo: This video is unavailable
[13:12:47]   [video 8215/24611] yt-dlp jx7oHPQnXx0 (1 clip(s) needed) ...
[13:12:50]     FAILED: ERROR: [youtube] jx7oHPQnXx0: Private video
[13:12:50]   [video 8218/24611] yt-dlp IzB_DF2DenA (1 clip(s) needed) ...
[13:12:53]     FAILED: ERROR: [youtube] IzB_DF2DenA: This video is not available
[13:12:53]   [video 8237/24611] yt-dlp jMc4RO-BvWM (1 clip(s) needed) ...
[13:12:56]     FAILED: ERROR: [youtube] jMc4RO-BvWM: Private video
[13:12:56]   [video 8238/24611] yt-dlp ojSq_fX2Tj8 (1 clip(s) needed) ...
[13:12:59]     FAILED: ERROR: [youtube] ojSq_fX2Tj8: This video is not available
[13:12:59]   [video 8243/24611] yt-dlp 5BkqCTuyHNw (1 clip(s) needed) ...
[13:13:01]     FAILED: ERROR: [youtube] 5BkqCTuyHNw: Private video
[13:13:02]   [video 8254/24611] yt-dlp DB6BrBHOoe8 (1 clip(s) needed) ...
[13:13:04]     FAILED: ERROR: [youtube] DB6BrBHOoe8: Video unavailable
[13:13:04]   [video 8266/24611] yt-dlp lKSFdSHFZUk (1 clip(s) needed) ...
[13:13:07]     FAILED: ERROR: [youtube] lKSFdSHFZUk: Please sign in. Use --cookies-from-browser or --cookies for the authentication. See  https://github.com/yt-dlp/yt-dlp/wiki/FAQ#how-do-i-pass-cookies-to-yt-dlp  for how to manually pass cookies. Also see  https://github.com/yt-dlp/yt-dlp/wiki/Extractors#exporting-youtube-cookies  for tips on effectively exporting YouTube cookies
[13:13:07]   [video 8287/24611] yt-dlp QRJl-mB1tDo (1 clip(s) needed) ...
[13:13:10]     FAILED: ERROR: [youtube] QRJl-mB1tDo: This video is not available
[13:13:10]   [video 8297/24611] yt-dlp WW9Mp5kyu_0 (1 clip(s) needed) ...
[13:13:14]     FAILED: ERROR: [youtube] WW9Mp5kyu_0: This video is not available
[13:13:14]   [video 8318/24611] yt-dlp RITEg89JwE8 (1 clip(s) needed) ...
[13:13:17]     FAILED: ERROR: [youtube] RITEg89JwE8: Private video
[13:13:17]   [video 8328/24611] yt-dlp bnKbRDHaoHg (1 clip(s) needed) ...
[13:13:20]     FAILED: ERROR: [youtube] bnKbRDHaoHg: Private video
[13:13:20]   [video 8330/24611] yt-dlp utF8j35TlrE (1 clip(s) needed) ...
[13:13:23]     FAILED: ERROR: [youtube] utF8j35TlrE: Please sign in. Use --cookies-from-browser or --cookies for the authentication. See  https://github.com/yt-dlp/yt-dlp/wiki/FAQ#how-do-i-pass-cookies-to-yt-dlp  for how to manually pass cookies. Also see  https://github.com/yt-dlp/yt-dlp/wiki/Extractors#exporting-youtube-cookies  for tips on effectively exporting YouTube cookies
[13:13:23]   [video 8332/24611] yt-dlp ohW6rWrlFQk (1 clip(s) needed) ...
[13:13:26]     FAILED: ERROR: [youtube] ohW6rWrlFQk: Video unavailable
[13:13:26]   [video 8343/24611] yt-dlp pXcSuUaHYLY (1 clip(s) needed) ...
[13:13:29]     FAILED: ERROR: [youtube] pXcSuUaHYLY: This video is not available
[13:13:29]   [video 8357/24611] yt-dlp y_EluTHnyXQ (1 clip(s) needed) ...
[13:13:33]     FAILED: ERROR: [youtube] y_EluTHnyXQ: This video is not available
[13:13:33]   [video 8376/24611] yt-dlp waj4ExHrNdc (1 clip(s) needed) ...
[13:13:37]     FAILED: ERROR: Postprocessing: Error opening input files: Invalid data found when processing input
[13:13:37]   [video 8382/24611] yt-dlp KrWZ3ypOg5M (1 clip(s) needed) ...
[13:13:40]     FAILED: ERROR: [youtube] KrWZ3ypOg5M: Please sign in. Use --cookies-from-browser or --cookies for the authentication. See  https://github.com/yt-dlp/yt-dlp/wiki/FAQ#how-do-i-pass-cookies-to-yt-dlp  for how to manually pass cookies. Also see  https://github.com/yt-dlp/yt-dlp/wiki/Extractors#exporting-youtube-cookies  for tips on effectively exporting YouTube cookies
[13:13:41]   [video 8402/24611] yt-dlp _eugWQCP3ZY (1 clip(s) needed) ...
[13:13:43]     FAILED: ERROR: [youtube] _eugWQCP3ZY: Private video
[13:13:43]   [video 8407/24611] yt-dlp t3Uxl_rUDfY (1 clip(s) needed) ...
[13:13:47]     FAILED: ERROR: [youtube] t3Uxl_rUDfY: This video is not available
[13:13:47]   [video 8453/24611] yt-dlp GtLWm4S16dY (1 clip(s) needed) ...
[13:13:50]     FAILED: ERROR: [youtube] GtLWm4S16dY: This video is not available
[13:13:50]   [video 8471/24611] yt-dlp v57UAaJVSRU (1 clip(s) needed) ...
[13:13:53]     FAILED: ERROR: [youtube] v57UAaJVSRU: This video is not available
[13:13:53]   [video 8501/24611] yt-dlp 6vyqcZNATuw (1 clip(s) needed) ...
[13:13:56]     FAILED: ERROR: [youtube] 6vyqcZNATuw: Private video
[13:13:56]   [video 8518/24611] yt-dlp GzXAoHz_YQ4 (1 clip(s) needed) ...
[13:13:59]     FAILED: ERROR: [youtube] GzXAoHz_YQ4: Please sign in. Use --cookies-from-browser or --cookies for the authentication. See  https://github.com/yt-dlp/yt-dlp/wiki/FAQ#how-do-i-pass-cookies-to-yt-dlp  for how to manually pass cookies. Also see  https://github.com/yt-dlp/yt-dlp/wiki/Extractors#exporting-youtube-cookies  for tips on effectively exporting YouTube cookies
[13:14:00]   [video 8558/24611] yt-dlp Pw82E6xB4l0 (1 clip(s) needed) ...
[13:14:03]     FAILED: ERROR: [youtube] Pw82E6xB4l0: This video is not available
[13:14:03]   [video 8559/24611] yt-dlp 5Xnx_YNjHRQ (1 clip(s) needed) ...
[13:14:12]     FAILED: ERROR: [youtube] 5Xnx_YNjHRQ: This video is not available
[13:14:12]   [video 8605/24611] yt-dlp uzK0OPhxQwQ (1 clip(s) needed) ...
[13:14:16]     FAILED: ERROR: [youtube] uzK0OPhxQwQ: Please sign in. Use --cookies-from-browser or --cookies for the authentication. See  https://github.com/yt-dlp/yt-dlp/wiki/FAQ#how-do-i-pass-cookies-to-yt-dlp  for how to manually pass cookies. Also see  https://github.com/yt-dlp/yt-dlp/wiki/Extractors#exporting-youtube-cookies  for tips on effectively exporting YouTube cookies
[13:14:16]   [video 8663/24611] yt-dlp 8nNZ_TOHCh4 (1 clip(s) needed) ...
[13:14:20]     FAILED: ERROR: [youtube] 8nNZ_TOHCh4: This video is unavailable
[13:14:20]   [video 8699/24611] yt-dlp e56YryIPp-g (1 clip(s) needed) ...
[13:14:23]     FAILED: ERROR: [youtube] e56YryIPp-g: This video is unavailable
[13:14:24]   [video 8754/24611] yt-dlp JJ63st1mnrk (1 clip(s) needed) ...
[13:14:27]     FAILED: ERROR: [youtube] JJ63st1mnrk: This video is not available
[13:14:28]   [video 8779/24611] yt-dlp 9We9JImjg-c (1 clip(s) needed) ...
[13:14:31]     FAILED: ERROR: [youtube] 9We9JImjg-c: This video is not available
[13:14:31]   [video 8780/24611] yt-dlp caU24AGC5aM (1 clip(s) needed) ...
[13:14:34]     FAILED: ERROR: [youtube] caU24AGC5aM: This video is not available
[13:14:35]   [video 8809/24611] yt-dlp CDUOxwWETHM (1 clip(s) needed) ...
[13:14:39]     FAILED: ERROR: [youtube] CDUOxwWETHM: This video is not available
[13:14:39]   [video 8820/24611] yt-dlp 8MLDroJZVc0 (1 clip(s) needed) ...
[13:14:43]     FAILED: ERROR: [youtube] 8MLDroJZVc0: This video is not available
[13:14:43]   [video 8830/24611] yt-dlp 3wt91YAHgac (1 clip(s) needed) ...
[13:14:46]     FAILED: ERROR: [youtube] 3wt91YAHgac: This video is unavailable
[13:14:46]   [video 8834/24611] yt-dlp iN50xQFMpHY (1 clip(s) needed) ...
[13:14:53]     [9065/24988] cutting iN50xQFMpHY-0:01:16.209-0:01:23.450.mp4 (0:01:16.209 -> 0:01:23.450)
[13:14:54]   [video 8835/24611] yt-dlp 8F7w08szm6A (1 clip(s) needed) ...
[13:14:57]     FAILED: ERROR: [youtube] 8F7w08szm6A: Private video
[13:14:57]   [video 8842/24611] yt-dlp NSLyiIv98oA (1 clip(s) needed) ...
[13:15:03]     [9073/24988] cutting NSLyiIv98oA-0:01:43.380-0:01:52.260.mp4 (0:01:43.380 -> 0:01:52.260)
[13:15:04]   [video 8859/24611] yt-dlp jH07BdMRP0g (1 clip(s) needed) ...
[13:15:08]     FAILED: ERROR: [youtube] jH07BdMRP0g: This video is not available
[13:15:08]   [video 8865/24611] yt-dlp ni7J-RYRJ2s (1 clip(s) needed) ...
[13:15:14]     [9096/24988] cutting ni7J-RYRJ2s-0:01:28.988-0:01:37.497.mp4 (0:01:28.988 -> 0:01:37.497)
[13:15:15]   [video 8874/24611] yt-dlp en7BuRaN2DQ (1 clip(s) needed) ...
[13:15:18]     FAILED: ERROR: [youtube] en7BuRaN2DQ: Please sign in. Use --cookies-from-browser or --cookies for the authentication. See  https://github.com/yt-dlp/yt-dlp/wiki/FAQ#how-do-i-pass-cookies-to-yt-dlp  for how to manually pass cookies. Also see  https://github.com/yt-dlp/yt-dlp/wiki/Extractors#exporting-youtube-cookies  for tips on effectively exporting YouTube cookies
[13:15:18]   [video 8897/24611] yt-dlp jLMlbm3cpQA (1 clip(s) needed) ...
[13:15:41]     [9129/24988] cutting jLMlbm3cpQA-0:06:39.040-0:06:44.560.mp4 (0:06:39.040 -> 0:06:44.560)
[13:15:42]   [video 8910/24611] yt-dlp ckrAcMsnYaI (1 clip(s) needed) ...
[13:15:45]     FAILED: ERROR: [youtube] ckrAcMsnYaI: Private video
[13:15:46]   [video 8918/24611] yt-dlp yK8jIrUSOzM (1 clip(s) needed) ...
[13:15:50]     FAILED: ERROR: Postprocessing: Error opening input files: Invalid data found when processing input
[13:15:50]   [video 8921/24611] yt-dlp 9eskzl5bEkE (1 clip(s) needed) ...
[13:15:54]     FAILED: ERROR: [youtube] 9eskzl5bEkE: This video is not available
[13:15:54]   [video 8927/24611] yt-dlp xQYPXjt1V7g (1 clip(s) needed) ...
[13:16:02]     [9159/24988] cutting xQYPXjt1V7g-0:00:15.682-0:00:57.857.mp4 (0:00:15.682 -> 0:00:57.857)
[13:16:04]   [video 8931/24611] yt-dlp 9qHQerJi2EI (1 clip(s) needed) ...
[13:16:17]     [9163/24988] cutting 9qHQerJi2EI-0:02:50.400-0:02:56.880.mp4 (0:02:50.400 -> 0:02:56.880)
[13:16:17]   [video 8941/24611] yt-dlp 98nbgplhBRc (1 clip(s) needed) ...
[13:16:22]     [9173/24988] cutting 98nbgplhBRc-0:00:09.342-0:00:44.419.mp4 (0:00:09.342 -> 0:00:44.419)
[13:16:23]   [video 8945/24611] yt-dlp b6M8pjQO8fI (1 clip(s) needed) ...
[13:16:26]     FAILED: ERROR: [youtube] b6M8pjQO8fI: Private video
[13:16:27]   [video 8948/24611] yt-dlp wFgY4fBZQLE (1 clip(s) needed) ...
[13:16:29]     FAILED: ERROR: [youtube] wFgY4fBZQLE: This video is unavailable
[13:16:29]   [video 8949/24611] yt-dlp J7olt0KABV8 (1 clip(s) needed) ...
[13:16:36]     [9181/24988] cutting J7olt0KABV8-0:02:16.102-0:02:20.273.mp4 (0:02:16.102 -> 0:02:20.273)
[13:16:36]   [video 8967/24611] yt-dlp Bag9XFsEvmk (1 clip(s) needed) ...
[13:16:40]     FAILED: ERROR: [youtube] Bag9XFsEvmk: This video is not available
[13:16:40]   [video 8977/24611] yt-dlp 2RQ9nVty6RQ (1 clip(s) needed) ...
[13:16:46]     [9209/24988] cutting 2RQ9nVty6RQ-0:03:22.435-0:03:35.448.mp4 (0:03:22.435 -> 0:03:35.448)
[13:16:47]   [video 8982/24611] yt-dlp cr_91ySb-jk (1 clip(s) needed) ...
[13:16:50]     FAILED: ERROR: [youtube] cr_91ySb-jk: Private video
[13:16:50]   [video 8987/24611] yt-dlp wcT04IeYAdM (1 clip(s) needed) ...
[13:16:54]     FAILED: ERROR: [youtube] wcT04IeYAdM: This video is not available
[13:16:54]   [video 9003/24611] yt-dlp qYSGesICmzA (1 clip(s) needed) ...
[13:16:57]     FAILED: ERROR: [youtube] qYSGesICmzA: This video is not available
[13:16:58]   [video 9012/24611] yt-dlp n2R2vyybNbg (1 clip(s) needed) ...
[13:17:01]     FAILED: ERROR: [youtube] n2R2vyybNbg: This video is unavailable
[13:17:02]   [video 9034/24611] yt-dlp Pm7OgLVuYPQ (1 clip(s) needed) ...
[13:17:10]     [9267/24988] cutting Pm7OgLVuYPQ-0:12:28.933-0:12:42.733.mp4 (0:12:28.933 -> 0:12:42.733)
[13:17:12]   [video 9066/24611] yt-dlp pydrbLOFKYI (1 clip(s) needed) ...
[13:17:14]     FAILED: ERROR: [youtube] pydrbLOFKYI: This video is unavailable
[13:17:14]   [video 9069/24611] yt-dlp Q6j4ivHFv38 (1 clip(s) needed) ...
[13:17:21]     [9304/24988] cutting Q6j4ivHFv38-0:16:12.655-0:16:32.041.mp4 (0:16:12.655 -> 0:16:32.041)
[13:17:22]   [video 9071/24611] yt-dlp AwprQ7xcXkU (1 clip(s) needed) ...
[13:17:25]     FAILED: ERROR: [youtube] AwprQ7xcXkU: Private video
[13:17:25]   [video 9082/24611] yt-dlp aswAfRquIqE (1 clip(s) needed) ...
[13:17:28]     FAILED: ERROR: [youtube] aswAfRquIqE: This video is not available
[13:17:28]   [video 9089/24611] yt-dlp 3wpO-bl4X0U (1 clip(s) needed) ...
[13:17:37]     [9324/24988] cutting 3wpO-bl4X0U-0:02:25.745-0:02:30.783.mp4 (0:02:25.745 -> 0:02:30.783)
[13:17:38]   [video 9094/24611] yt-dlp LTgQ16R88uk (1 clip(s) needed) ...
[13:17:47]     [9329/24988] cutting LTgQ16R88uk-0:06:15.241-0:06:45.471.mp4 (0:06:15.241 -> 0:06:45.471)
[13:17:48]   [video 9106/24611] yt-dlp QT7MnhUU5UQ (1 clip(s) needed) ...
[13:17:55]     [9342/24988] cutting QT7MnhUU5UQ-0:02:34.387-0:02:54.307.mp4 (0:02:34.387 -> 0:02:54.307)
[13:17:56]   [video 9107/24611] yt-dlp Z4B5NYdL_v0 (1 clip(s) needed) ...
[13:17:59]     FAILED: ERROR: [youtube] Z4B5NYdL_v0: This video is not available
[13:17:59]   [video 9113/24611] yt-dlp GD_TGs3lWbI (1 clip(s) needed) ...
[13:18:03]     FAILED: ERROR: Postprocessing: Error opening input files: Invalid data found when processing input
[13:18:04]   [video 9156/24611] yt-dlp vdesxS8lg7g (1 clip(s) needed) ...
[13:18:07]     FAILED: ERROR: [youtube] vdesxS8lg7g: Video unavailable
[13:18:07]   [video 9162/24611] yt-dlp Gsf4yBTBOKo (1 clip(s) needed) ...
[13:18:14]     [9399/24988] cutting Gsf4yBTBOKo-0:02:56.376-0:03:06.653.mp4 (0:02:56.376 -> 0:03:06.653)
[13:18:15]   [video 9166/24611] yt-dlp 5uXGG_ENlh0 (1 clip(s) needed) ...
[13:18:21]     [9403/24988] cutting 5uXGG_ENlh0-0:00:16.641-0:00:27.402.mp4 (0:00:16.641 -> 0:00:27.402)
[13:18:21]   [video 9170/24611] yt-dlp lDS9YKFcZrk (1 clip(s) needed) ...
[13:18:24]     FAILED: ERROR: [youtube] lDS9YKFcZrk: This video is unavailable
[13:18:24]   [video 9182/24611] yt-dlp uKzNIANbSbI (1 clip(s) needed) ...
[13:18:28]     FAILED: ERROR: unable to download video data: HTTP Error 403: Forbidden
[13:18:28]   [video 9197/24611] yt-dlp U63SsL91Ksc (1 clip(s) needed) ...
[13:19:00]     [9434/24988] cutting U63SsL91Ksc-0:03:08.388-0:03:12.425.mp4 (0:03:08.388 -> 0:03:12.425)
[13:19:02]   [video 9262/24611] yt-dlp SVKh-EQ4sk8 (1 clip(s) needed) ...
[13:19:09]     [9501/24988] cutting SVKh-EQ4sk8-0:01:11.404-0:01:31.299.mp4 (0:01:11.404 -> 0:01:31.299)
[13:19:10]   [video 9264/24611] yt-dlp 0_OlKhGCsFA (1 clip(s) needed) ...
[13:19:23]     [9503/24988] cutting 0_OlKhGCsFA-0:09:13.120-0:09:25.280.mp4 (0:09:13.120 -> 0:09:25.280)
[13:19:25]   [video 9273/24611] yt-dlp r_uNY1shxks (1 clip(s) needed) ...
[13:19:35]     [9512/24988] cutting r_uNY1shxks-0:00:06.000-0:00:54.000.mp4 (0:00:06.000 -> 0:00:54.000)
[13:19:37]   [video 9277/24611] yt-dlp -C-JPQ9-bKA (2 clip(s) needed) ...
[13:19:41]     FAILED: ERROR: [youtube] -C-JPQ9-bKA: This video is not available
[13:19:41]   [video 9284/24611] yt-dlp x7Ah5Nt_xuI (1 clip(s) needed) ...
[13:19:44]     FAILED: ERROR: [youtube] x7Ah5Nt_xuI: Private video
[13:19:44]   [video 9293/24611] yt-dlp dDt6vdl4n34 (1 clip(s) needed) ...
[13:19:48]     FAILED: ERROR: unable to download video data: HTTP Error 403: Forbidden
[13:19:48]   [video 9294/24611] yt-dlp JbaTJ63f7QQ (1 clip(s) needed) ...
[13:20:10]     [9534/24988] cutting JbaTJ63f7QQ-0:05:16.482-0:05:24.657.mp4 (0:05:16.482 -> 0:05:24.657)
[13:20:10]   [video 9295/24611] yt-dlp l5hVIz2n4aI (1 clip(s) needed) ...
[13:20:28]     [9535/24988] cutting l5hVIz2n4aI-0:05:53.540-0:05:59.160.mp4 (0:05:53.540 -> 0:05:59.160)
[13:20:29]   [video 9296/24611] yt-dlp sqLuA4a58DQ (1 clip(s) needed) ...
[13:20:58]     [9536/24988] cutting sqLuA4a58DQ-0:06:56.920-0:07:44.920.mp4 (0:06:56.920 -> 0:07:44.920)
[13:20:59]   [video 9297/24611] yt-dlp OwY5NJQWs2g (1 clip(s) needed) ...
[13:21:12]     [9537/24988] cutting OwY5NJQWs2g-0:02:15.668-0:02:35.722.mp4 (0:02:15.668 -> 0:02:35.722)
[13:21:13]   [video 9298/24611] yt-dlp q9NybkF2DWQ (1 clip(s) needed) ...
[13:21:28]     [9538/24988] cutting q9NybkF2DWQ-0:03:09.088-0:03:12.292.mp4 (0:03:09.088 -> 0:03:12.292)
[13:21:29]   [video 9299/24611] yt-dlp Y_HVSw33oaw (1 clip(s) needed) ...
[13:21:41]     [9539/24988] cutting Y_HVSw33oaw-0:02:31.651-0:02:35.889.mp4 (0:02:31.651 -> 0:02:35.889)
[13:21:41]   [video 9300/24611] yt-dlp 5obBVULGlPU (1 clip(s) needed) ...
[13:21:51]     [9540/24988] cutting 5obBVULGlPU-0:02:23.000-0:02:37.333.mp4 (0:02:23.000 -> 0:02:37.333)
[13:21:52]   [video 9301/24611] yt-dlp G-NCrySZ_NM (1 clip(s) needed) ...
[13:22:20]     [9541/24988] cutting G-NCrySZ_NM-0:09:41.664-0:09:51.841.mp4 (0:09:41.664 -> 0:09:51.841)
[13:22:21]   [video 9302/24611] yt-dlp z4cOugWxieM (1 clip(s) needed) ...
[13:22:35]     [9542/24988] cutting z4cOugWxieM-0:00:42.633-0:00:46.900.mp4 (0:00:42.633 -> 0:00:46.900)
[13:22:36]   [video 9303/24611] yt-dlp mkuhziAX2qU (1 clip(s) needed) ...
[13:22:44]     [9543/24988] cutting mkuhziAX2qU-0:00:36.480-0:00:41.720.mp4 (0:00:36.480 -> 0:00:41.720)
[13:22:44]   [video 9304/24611] yt-dlp IqaaeGQvPXM (1 clip(s) needed) ...
[13:22:47]     FAILED: ERROR: [youtube] IqaaeGQvPXM: Please sign in. Use --cookies-from-browser or --cookies for the authentication. See  https://github.com/yt-dlp/yt-dlp/wiki/FAQ#how-do-i-pass-cookies-to-yt-dlp  for how to manually pass cookies. Also see  https://github.com/yt-dlp/yt-dlp/wiki/Extractors#exporting-youtube-cookies  for tips on effectively exporting YouTube cookies
[13:22:47]   [video 9305/24611] yt-dlp kVVdg_YyHY0 (1 clip(s) needed) ...
[13:22:56]     [9545/24988] cutting kVVdg_YyHY0-0:01:21.381-0:01:26.719.mp4 (0:01:21.381 -> 0:01:26.719)
[13:22:57]   [video 9306/24611] yt-dlp M05OVmDIqwY (1 clip(s) needed) ...
[13:23:36]     [9546/24988] cutting M05OVmDIqwY-0:01:37.200-0:01:44.640.mp4 (0:01:37.200 -> 0:01:44.640)
[13:23:36]   [video 9307/24611] yt-dlp mVgwBjZapeI (1 clip(s) needed) ...
[13:23:45]     [9547/24988] cutting mVgwBjZapeI-0:01:47.320-0:01:56.960.mp4 (0:01:47.320 -> 0:01:56.960)
[13:23:46]   [video 9308/24611] yt-dlp 8oMiKQ3J11E (1 clip(s) needed) ...
[13:23:48]     FAILED: ERROR: [youtube] 8oMiKQ3J11E: Private video
[13:23:48]   [video 9309/24611] yt-dlp DEfrqr-wgKM (1 clip(s) needed) ...
[13:24:12]     [9549/24988] cutting DEfrqr-wgKM-0:00:12.145-0:01:00.193.mp4 (0:00:12.145 -> 0:01:00.193)
[13:24:13]   [video 9310/24611] yt-dlp w3fnfenN41U (1 clip(s) needed) ...
[13:24:24]     [9550/24988] cutting w3fnfenN41U-0:00:50.833-0:00:54.866.mp4 (0:00:50.833 -> 0:00:54.866)
[13:24:24]   [video 9311/24611] yt-dlp a42L4gF2HKk (1 clip(s) needed) ...
[13:24:36]     [9551/24988] cutting a42L4gF2HKk-0:00:58.520-0:01:21.880.mp4 (0:00:58.520 -> 0:01:21.880)
[13:24:36]   [video 9312/24611] yt-dlp IvwW-S0j7gg (1 clip(s) needed) ...
[13:24:44]     [9552/24988] cutting IvwW-S0j7gg-0:00:50.050-0:01:14.541.mp4 (0:00:50.050 -> 0:01:14.541)
[13:24:45]   [video 9313/24611] yt-dlp KU2qph2vG9Y (1 clip(s) needed) ...
[13:24:47]     FAILED: ERROR: [youtube] KU2qph2vG9Y: This video is unavailable
[13:24:47]   [video 9314/24611] yt-dlp EP3HsYWpEGI (1 clip(s) needed) ...
[13:24:50]     FAILED: ERROR: [youtube] EP3HsYWpEGI: This video is unavailable
[13:24:50]   [video 9315/24611] yt-dlp 3kK1Julr2m8 (1 clip(s) needed) ...
[13:25:13]     [9555/24988] cutting 3kK1Julr2m8-0:06:05.114-0:06:24.175.mp4 (0:06:05.114 -> 0:06:24.175)
[13:25:14]   [video 9316/24611] yt-dlp D05waCb6aqw (1 clip(s) needed) ...
[13:25:35]     [9556/24988] cutting D05waCb6aqw-0:06:34.240-0:06:47.040.mp4 (0:06:34.240 -> 0:06:47.040)
[13:25:35]   [video 9317/24611] yt-dlp zv1UpwSN_Pc (1 clip(s) needed) ...
[13:26:11]     [9557/24988] cutting zv1UpwSN_Pc-0:01:45.271-0:01:49.809.mp4 (0:01:45.271 -> 0:01:49.809)
[13:26:12]   [video 9318/24611] yt-dlp Y8Ou2lhInAg (1 clip(s) needed) ...
[13:26:25]     [9558/24988] cutting Y8Ou2lhInAg-0:01:00.493-0:01:13.339.mp4 (0:01:00.493 -> 0:01:13.339)
[13:26:25]   [video 9319/24611] yt-dlp jqKfck42Uho (1 clip(s) needed) ...
[13:26:35]     [9559/24988] cutting jqKfck42Uho-0:02:12.398-0:02:19.606.mp4 (0:02:12.398 -> 0:02:19.606)
[13:26:36]   [video 9320/24611] yt-dlp 4lJ6tlo86ew (1 clip(s) needed) ...
[13:26:54]     [9560/24988] cutting 4lJ6tlo86ew-0:02:38.525-0:02:42.862.mp4 (0:02:38.525 -> 0:02:42.862)
[13:26:54]   [video 9321/24611] yt-dlp bhFmxe2gQUw (1 clip(s) needed) ...
[13:27:10]     [9561/24988] cutting bhFmxe2gQUw-0:01:38.431-0:01:53.113.mp4 (0:01:38.431 -> 0:01:53.113)
[13:27:11]   [video 9322/24611] yt-dlp vSOapJDsw-8 (1 clip(s) needed) ...
[13:27:28]     [9562/24988] cutting vSOapJDsw-8-0:04:07.847-0:04:31.738.mp4 (0:04:07.847 -> 0:04:31.738)
[13:27:30]   [video 9323/24611] yt-dlp Qm9ZnYmMZP0 (1 clip(s) needed) ...
[13:27:50]     [9563/24988] cutting Qm9ZnYmMZP0-0:00:49.082-0:00:52.886.mp4 (0:00:49.082 -> 0:00:52.886)
[13:27:51]   [video 9324/24611] yt-dlp Z7vHDC_QIMc (1 clip(s) needed) ...
[13:31:25]     [9564/24988] cutting Z7vHDC_QIMc-0:02:31.066-0:02:56.433.mp4 (0:02:31.066 -> 0:02:56.433)
[13:31:26]   [video 9325/24611] yt-dlp d-GvXj9Rp0M (1 clip(s) needed) ...
[13:31:29]     FAILED: ERROR: [youtube] d-GvXj9Rp0M: Private video
[13:31:29]   [video 9326/24611] yt-dlp 6ISHsgVTdwk (1 clip(s) needed) ...
[13:31:47]     [9566/24988] cutting 6ISHsgVTdwk-0:00:05.972-0:00:54.020.mp4 (0:00:05.972 -> 0:00:54.020)
[13:31:49]   [video 9327/24611] yt-dlp n4muWrT_XaQ (1 clip(s) needed) ...
[13:31:59]     [9567/24988] cutting n4muWrT_XaQ-0:00:26.826-0:00:30.597.mp4 (0:00:26.826 -> 0:00:30.597)
[13:32:00]   [video 9328/24611] yt-dlp 6awHBnxM-LE (1 clip(s) needed) ...
[13:32:18]     [9568/24988] cutting 6awHBnxM-LE-0:00:05.989-0:00:54.003.mp4 (0:00:05.989 -> 0:00:54.003)
[13:32:19]   [video 9329/24611] yt-dlp wvn0C2d5IZc (1 clip(s) needed) ...
[13:32:31]     [9569/24988] cutting wvn0C2d5IZc-0:01:25.001-0:01:31.591.mp4 (0:01:25.001 -> 0:01:31.591)
[13:32:32]   [video 9330/24611] yt-dlp C9QRZ648z6A (1 clip(s) needed) ...
[13:32:49]     [9570/24988] cutting C9QRZ648z6A-0:06:31.090-0:06:36.379.mp4 (0:06:31.090 -> 0:06:36.379)
[13:32:50]   [video 9331/24611] yt-dlp UmrFMAf0DnA (1 clip(s) needed) ...
[13:33:05]     [9571/24988] cutting UmrFMAf0DnA-0:00:00.633-0:00:06.006.mp4 (0:00:00.633 -> 0:00:06.006)
[13:33:06]   [video 9332/24611] yt-dlp d73fcoXz4AE (1 clip(s) needed) ...
[13:33:15]     FAILED: ERROR: unable to download video data: HTTP Error 403: Forbidden
[13:33:15]   [video 9333/24611] yt-dlp hV4ruHzW-Lg (1 clip(s) needed) ...
[13:33:34]     [9573/24988] cutting hV4ruHzW-Lg-0:00:58.324-0:01:46.106.mp4 (0:00:58.324 -> 0:01:46.106)
[13:33:35]   [video 9334/24611] yt-dlp FVi7sqci5aA (1 clip(s) needed) ...
[13:33:48]     [9574/24988] cutting FVi7sqci5aA-0:03:58.338-0:04:35.742.mp4 (0:03:58.338 -> 0:04:35.742)
[13:33:49]   [video 9335/24611] yt-dlp GLMwwxiwn44 (1 clip(s) needed) ...
[13:34:14]     [9575/24988] cutting GLMwwxiwn44-0:06:21.040-0:06:25.080.mp4 (0:06:21.040 -> 0:06:25.080)
[13:34:14]   [video 9336/24611] yt-dlp rpDIlmsNL6I (1 clip(s) needed) ...
[13:34:32]     [9576/24988] cutting rpDIlmsNL6I-0:01:17.710-0:01:27.253.mp4 (0:01:17.710 -> 0:01:27.253)
[13:34:33]   [video 9337/24611] yt-dlp ZfNzu5J2lY8 (1 clip(s) needed) ...
[13:34:42]     [9577/24988] cutting ZfNzu5J2lY8-0:00:45.560-0:00:49.760.mp4 (0:00:45.560 -> 0:00:49.760)
[13:34:43]   [video 9338/24611] yt-dlp 3DWWVgt4Ehs (1 clip(s) needed) ...
[13:34:51]     [9578/24988] cutting 3DWWVgt4Ehs-0:02:09.840-0:02:24.920.mp4 (0:02:09.840 -> 0:02:24.920)
[13:34:51]   [video 9339/24611] yt-dlp jRsZkhyGvng (1 clip(s) needed) ...
[13:34:59]     [9579/24988] cutting jRsZkhyGvng-0:03:26.708-0:03:58.708.mp4 (0:03:26.708 -> 0:03:58.708)
[13:34:59]   [video 9340/24611] yt-dlp pOAwC0Ri5vk (1 clip(s) needed) ...
[13:36:08]     [9580/24988] cutting pOAwC0Ri5vk-0:01:36.500-0:01:50.466.mp4 (0:01:36.500 -> 0:01:50.466)
[13:36:08]   [video 9341/24611] yt-dlp wcMFgHdkCa8 (1 clip(s) needed) ...
[13:36:35]     [9581/24988] cutting wcMFgHdkCa8-0:03:09.689-0:03:22.952.mp4 (0:03:09.689 -> 0:03:22.952)
[13:36:36]   [video 9342/24611] yt-dlp F1KGjouQL8A (1 clip(s) needed) ...
[13:36:48]     FAILED: ERROR: unable to download video data: HTTP Error 403: Forbidden
[13:36:48]   [video 9343/24611] yt-dlp V-DHJ15IJso (1 clip(s) needed) ...
[13:36:58]     [9583/24988] cutting V-DHJ15IJso-0:01:17.944-0:01:24.350.mp4 (0:01:17.944 -> 0:01:24.350)
[13:36:59]   [video 9344/24611] yt-dlp Up5qrS90n_s (1 clip(s) needed) ...
[13:37:28]     [9584/24988] cutting Up5qrS90n_s-0:00:03.486-0:00:31.431.mp4 (0:00:03.486 -> 0:00:31.431)
[13:37:30]   [video 9345/24611] yt-dlp CSGeem8ZI7M (1 clip(s) needed) ...
[13:38:04]     [9585/24988] cutting CSGeem8ZI7M-0:02:12.765-0:02:19.355.mp4 (0:02:12.765 -> 0:02:19.355)
[13:38:05]   [video 9346/24611] yt-dlp JmfZb11DeiA (1 clip(s) needed) ...
[13:38:42]     [9586/24988] cutting JmfZb11DeiA-0:11:11.203-0:11:22.748.mp4 (0:11:11.203 -> 0:11:22.748)
[13:38:43]   [video 9347/24611] yt-dlp MapothQ1mOI (1 clip(s) needed) ...
[13:38:59]     [9587/24988] cutting MapothQ1mOI-0:02:17.733-0:02:29.733.mp4 (0:02:17.733 -> 0:02:29.733)
[13:38:59]   [video 9348/24611] yt-dlp 8GUNOLFx2Do (1 clip(s) needed) ...
[13:39:15]     [9588/24988] cutting 8GUNOLFx2Do-0:04:36.000-0:05:17.100.mp4 (0:04:36.000 -> 0:05:17.100)
[13:39:17]   [video 9349/24611] yt-dlp b6Kg_h91158 (1 clip(s) needed) ...
[13:40:00]     [9589/24988] cutting b6Kg_h91158-0:03:56.502-0:04:12.485.mp4 (0:03:56.502 -> 0:04:12.485)
[13:40:01]   [video 9350/24611] yt-dlp jmCpinC7hSc (1 clip(s) needed) ...
[13:40:18]     [9590/24988] cutting jmCpinC7hSc-0:02:36.100-0:03:22.133.mp4 (0:02:36.100 -> 0:03:22.133)
[13:40:19]   [video 9351/24611] yt-dlp 4nHI0MZqSb8 (1 clip(s) needed) ...
[13:40:39]     [9591/24988] cutting 4nHI0MZqSb8-0:03:26.573-0:03:30.810.mp4 (0:03:26.573 -> 0:03:30.810)
[13:40:39]   [video 9352/24611] yt-dlp 8jjUpPVV_ZQ (1 clip(s) needed) ...
[13:41:00]     [9592/24988] cutting 8jjUpPVV_ZQ-0:02:10.396-0:02:58.444.mp4 (0:02:10.396 -> 0:02:58.444)
[13:41:01]   [video 9353/24611] yt-dlp B0Y-Mgb9rVE (1 clip(s) needed) ...
[13:41:20]     [9593/24988] cutting B0Y-Mgb9rVE-0:01:01.019-0:01:35.386.mp4 (0:01:01.019 -> 0:01:35.386)
[13:41:21]   [video 9354/24611] yt-dlp OBkTp7sqVII (1 clip(s) needed) ...
[13:41:30]     [9594/24988] cutting OBkTp7sqVII-0:01:14.541-0:01:28.688.mp4 (0:01:14.541 -> 0:01:28.688)
[13:41:31]   [video 9355/24611] yt-dlp hh29p_q-AOo (1 clip(s) needed) ...
[13:41:55]     [9595/24988] cutting hh29p_q-AOo-0:00:23.760-0:00:34.920.mp4 (0:00:23.760 -> 0:00:34.920)
[13:41:56]   [video 9356/24611] yt-dlp 24kvA8i3vps (1 clip(s) needed) ...
[13:42:11]     [9596/24988] cutting 24kvA8i3vps-0:05:41.000-0:05:49.000.mp4 (0:05:41.000 -> 0:05:49.000)
[13:42:11]   [video 9357/24611] yt-dlp sPlxxAuxMg8 (1 clip(s) needed) ...
[13:42:32]     [9597/24988] cutting sPlxxAuxMg8-0:02:46.789-0:02:58.791.mp4 (0:02:46.789 -> 0:02:58.791)
[13:42:33]   [video 9358/24611] yt-dlp g_k6PZkG3o8 (1 clip(s) needed) ...
[13:43:14]     [9598/24988] cutting g_k6PZkG3o8-0:15:10.342-0:15:18.584.mp4 (0:15:10.342 -> 0:15:18.584)
[13:43:14]   [video 9359/24611] yt-dlp e2k5vvrw0Nk (1 clip(s) needed) ...
[13:43:23]     [9599/24988] cutting e2k5vvrw0Nk-0:00:21.666-0:00:47.733.mp4 (0:00:21.666 -> 0:00:47.733)
[13:43:24]   [video 9360/24611] yt-dlp UM9YgoKk85k (1 clip(s) needed) ...
[13:43:35]     [9600/24988] cutting UM9YgoKk85k-0:00:10.744-0:00:17.350.mp4 (0:00:10.744 -> 0:00:17.350)
[13:43:36]   [video 9361/24611] yt-dlp zai1yuwqF2E (1 clip(s) needed) ...
[13:43:49]     FAILED: ERROR: unable to download video data: HTTP Error 403: Forbidden
[13:43:49]   [video 9362/24611] yt-dlp 4pihVPnM6q0 (1 clip(s) needed) ...
[13:44:02]     [9602/24988] cutting 4pihVPnM6q0-0:01:52.320-0:01:56.920.mp4 (0:01:52.320 -> 0:01:56.920)
[13:44:03]   [video 9363/24611] yt-dlp oxgVnDj3_Ao (1 clip(s) needed) ...
[13:44:23]     [9603/24988] cutting oxgVnDj3_Ao-0:01:01.928-0:01:12.806.mp4 (0:01:01.928 -> 0:01:12.806)
[13:44:23]   [video 9364/24611] yt-dlp 5amtlgMWpz4 (1 clip(s) needed) ...
[13:44:39]     [9604/24988] cutting 5amtlgMWpz4-0:03:51.520-0:04:02.440.mp4 (0:03:51.520 -> 0:04:02.440)
[13:44:39]   [video 9365/24611] yt-dlp 1btoJSGPbjc (1 clip(s) needed) ...
[13:45:06]     [9605/24988] cutting 1btoJSGPbjc-0:01:04.000-0:01:08.440.mp4 (0:01:04.000 -> 0:01:08.440)
[13:45:07]   [video 9366/24611] yt-dlp 9-RqTtDCzLY (1 clip(s) needed) ...
[13:45:13]     FAILED: ERROR: [youtube] 9-RqTtDCzLY: This video is unavailable
[13:45:13]   [video 9367/24611] yt-dlp IFywn5-c0rE (1 clip(s) needed) ...
[13:45:37]     [9607/24988] cutting IFywn5-c0rE-0:01:28.588-0:01:38.264.mp4 (0:01:28.588 -> 0:01:38.264)
[13:45:38]   [video 9368/24611] yt-dlp crinV81ullE (1 clip(s) needed) ...
[13:45:50]     [9608/24988] cutting crinV81ullE-0:02:35.121-0:02:45.965.mp4 (0:02:35.121 -> 0:02:45.965)
[13:45:50]   [video 9369/24611] yt-dlp RaAZ18T3acE (1 clip(s) needed) ...
[13:46:32]     [9609/24988] cutting RaAZ18T3acE-0:00:14.247-0:00:53.319.mp4 (0:00:14.247 -> 0:00:53.319)
[13:46:34]   [video 9370/24611] yt-dlp 2-DQaZFGTLI (1 clip(s) needed) ...
[13:47:11]     [9610/24988] cutting 2-DQaZFGTLI-0:00:52.619-0:01:08.568.mp4 (0:00:52.619 -> 0:01:08.568)
[13:47:12]   [video 9371/24611] yt-dlp W_ppHDT1Xkc (1 clip(s) needed) ...
[13:47:14]     FAILED: ERROR: [youtube] W_ppHDT1Xkc: This video is not available
[13:47:14]   [video 9372/24611] yt-dlp 086BnftQMmw (1 clip(s) needed) ...
[13:47:18]     FAILED: ERROR: [youtube] 086BnftQMmw: This video is not available
[13:47:18]   [video 9373/24611] yt-dlp Qtlh81y5z-c (1 clip(s) needed) ...
[13:47:36]     [9613/24988] cutting Qtlh81y5z-c-0:00:10.410-0:00:14.147.mp4 (0:00:10.410 -> 0:00:14.147)
[13:47:36]   [video 9374/24611] yt-dlp UF96fSOTx8Q (1 clip(s) needed) ...
[13:47:56]     [9614/24988] cutting UF96fSOTx8Q-0:02:47.959-0:03:36.007.mp4 (0:02:47.959 -> 0:03:36.007)
[13:47:57]   [video 9375/24611] yt-dlp lKAqCKnRi1A (1 clip(s) needed) ...
[13:48:12]     [9615/24988] cutting lKAqCKnRi1A-0:03:36.633-0:03:41.304.mp4 (0:03:36.633 -> 0:03:41.304)
[13:48:12]   [video 9376/24611] yt-dlp f4u89_bZzvk (1 clip(s) needed) ...
[13:48:22]     FAILED: ERROR: unable to download video data: HTTP Error 403: Forbidden
[13:48:22]   [video 9377/24611] yt-dlp sQ6dN1_XgGM (1 clip(s) needed) ...
[13:48:33]     [9617/24988] cutting sQ6dN1_XgGM-0:00:10.680-0:00:15.200.mp4 (0:00:10.680 -> 0:00:15.200)
[13:48:34]   [video 9378/24611] yt-dlp rddCXpVMxek (1 clip(s) needed) ...
[13:48:45]     [9618/24988] cutting rddCXpVMxek-0:00:16.520-0:00:22.880.mp4 (0:00:16.520 -> 0:00:22.880)
[13:48:46]   [video 9379/24611] yt-dlp DDLAZOAjcGg (1 clip(s) needed) ...
[13:48:56]     [9619/24988] cutting DDLAZOAjcGg-0:00:17.650-0:00:22.288.mp4 (0:00:17.650 -> 0:00:22.288)
[13:48:56]   [video 9380/24611] yt-dlp 5RaVoYTRhck (1 clip(s) needed) ...
[13:49:31]     [9620/24988] cutting 5RaVoYTRhck-0:01:25.460-0:01:34.511.mp4 (0:01:25.460 -> 0:01:34.511)
[13:49:32]   [video 9381/24611] yt-dlp zTzwBl4lHMM (1 clip(s) needed) ...
[13:50:02]     [9621/24988] cutting zTzwBl4lHMM-0:09:01.207-0:09:07.747.mp4 (0:09:01.207 -> 0:09:07.747)
[13:50:03]   [video 9382/24611] yt-dlp 8yG-BDcr3GY (1 clip(s) needed) ...
[13:50:12]     [9622/24988] cutting 8yG-BDcr3GY-0:00:20.487-0:00:24.524.mp4 (0:00:20.487 -> 0:00:24.524)
[13:50:12]   [video 9383/24611] yt-dlp 2dvIJnAlpQE (1 clip(s) needed) ...
[13:50:27]     [9623/24988] cutting 2dvIJnAlpQE-0:05:28.328-0:05:42.542.mp4 (0:05:28.328 -> 0:05:42.542)
[13:50:28]   [video 9384/24611] yt-dlp t_W7OzM9no8 (1 clip(s) needed) ...
[13:50:41]     [9624/24988] cutting t_W7OzM9no8-0:01:26.720-0:01:31.320.mp4 (0:01:26.720 -> 0:01:31.320)
[13:50:42]   [video 9385/24611] yt-dlp 7wbEp5eIG4E (1 clip(s) needed) ...
[13:50:45]     FAILED: ERROR: [youtube] 7wbEp5eIG4E: This video is not available
[13:50:45]   [video 9386/24611] yt-dlp yzUv67wRNNs (1 clip(s) needed) ...
[13:51:06]     [9626/24988] cutting yzUv67wRNNs-0:00:45.100-0:01:30.000.mp4 (0:00:45.100 -> 0:01:30.000)
[13:51:07]   [video 9387/24611] yt-dlp mfrRhzJzhVA (1 clip(s) needed) ...
[13:51:20]     [9627/24988] cutting mfrRhzJzhVA-0:01:44.471-0:01:52.745.mp4 (0:01:44.471 -> 0:01:52.745)
[13:51:21]   [video 9388/24611] yt-dlp tMNxBVlznzA (1 clip(s) needed) ...
[13:51:31]     [9628/24988] cutting tMNxBVlznzA-0:01:42.733-0:01:50.733.mp4 (0:01:42.733 -> 0:01:50.733)
[13:51:31]   [video 9389/24611] yt-dlp RnCMsTgQgtg (1 clip(s) needed) ...
[13:51:54]     [9629/24988] cutting RnCMsTgQgtg-0:07:19.272-0:07:25.611.mp4 (0:07:19.272 -> 0:07:25.611)
[13:51:54]   [video 9390/24611] yt-dlp 0q1Al61Xk30 (1 clip(s) needed) ...
[13:52:06]     [9630/24988] cutting 0q1Al61Xk30-0:02:04.208-0:02:12.208.mp4 (0:02:04.208 -> 0:02:12.208)
[13:52:06]   [video 9391/24611] yt-dlp 4FMnVb6Cv_A (1 clip(s) needed) ...
[13:52:17]     [9631/24988] cutting 4FMnVb6Cv_A-0:00:31.264-0:00:39.072.mp4 (0:00:31.264 -> 0:00:39.072)
[13:52:18]   [video 9392/24611] yt-dlp 6ksmVzvHVdk (1 clip(s) needed) ...
[13:52:46]     [9632/24988] cutting 6ksmVzvHVdk-0:02:00.053-0:02:16.836.mp4 (0:02:00.053 -> 0:02:16.836)
[13:52:47]   [video 9393/24611] yt-dlp X6Uk5TJpEs8 (1 clip(s) needed) ...
[13:53:09]     [9633/24988] cutting X6Uk5TJpEs8-0:01:05.300-0:01:12.166.mp4 (0:01:05.300 -> 0:01:12.166)
[13:53:10]   [video 9394/24611] yt-dlp xZdRh4Ziz6M (1 clip(s) needed) ...
[13:53:22]     FAILED: ERROR: unable to download video data: HTTP Error 403: Forbidden
[13:53:22]   [video 9395/24611] yt-dlp dszNjZyZlng (1 clip(s) needed) ...
[13:54:01]     [9635/24988] cutting dszNjZyZlng-0:11:27.787-0:11:39.265.mp4 (0:11:27.787 -> 0:11:39.265)
[13:54:02]   [video 9396/24611] yt-dlp YNOrtJtqonc (1 clip(s) needed) ...
[13:54:04]     FAILED: ERROR: [youtube] YNOrtJtqonc: Video unavailable
[13:54:05]   [video 9397/24611] yt-dlp YBQ90wbJ7MY (1 clip(s) needed) ...
[13:54:14]     FAILED: ERROR: unable to download video data: HTTP Error 403: Forbidden
[13:54:14]   [video 9398/24611] yt-dlp oL2Fe4sC1Kk (1 clip(s) needed) ...
[13:54:31]     [9638/24988] cutting oL2Fe4sC1Kk-0:01:17.200-0:02:05.200.mp4 (0:01:17.200 -> 0:02:05.200)
[13:54:33]   [video 9399/24611] yt-dlp jouoSKEroFc (1 clip(s) needed) ...
[13:55:13]     [9639/24988] cutting jouoSKEroFc-0:01:37.730-0:01:47.340.mp4 (0:01:37.730 -> 0:01:47.340)
[13:55:15]   [video 9400/24611] yt-dlp gXnY5GYBgXg (1 clip(s) needed) ...
[13:55:32]     [9640/24988] cutting gXnY5GYBgXg-0:01:05.298-0:01:10.637.mp4 (0:01:05.298 -> 0:01:10.637)
[13:55:33]   [video 9401/24611] yt-dlp l3NdYlAGQXc (1 clip(s) needed) ...
[13:55:42]     [9641/24988] cutting l3NdYlAGQXc-0:00:11.220-0:00:18.580.mp4 (0:00:11.220 -> 0:00:18.580)
[13:55:43]   [video 9402/24611] yt-dlp tQWE6tMRF8k (1 clip(s) needed) ...
[13:55:57]     [9642/24988] cutting tQWE6tMRF8k-0:00:03.470-0:00:31.297.mp4 (0:00:03.470 -> 0:00:31.297)
[13:56:00]   [video 9403/24611] yt-dlp hGXfmfs7X6E (1 clip(s) needed) ...
[13:56:42]     [9643/24988] cutting hGXfmfs7X6E-0:02:08.528-0:02:12.565.mp4 (0:02:08.528 -> 0:02:12.565)
[13:56:43]   [video 9404/24611] yt-dlp 62Lny3Tu0eo (1 clip(s) needed) ...
[13:56:54]     FAILED: ERROR: unable to download video data: HTTP Error 403: Forbidden
[13:56:54]   [video 9405/24611] yt-dlp erR0sdVpgrI (1 clip(s) needed) ...
[13:57:06]     [9645/24988] cutting erR0sdVpgrI-0:00:10.510-0:00:17.751.mp4 (0:00:10.510 -> 0:00:17.751)
[13:57:06]   [video 9406/24611] yt-dlp fU4P_0729TY (1 clip(s) needed) ...
[13:57:19]     [9646/24988] cutting fU4P_0729TY-0:01:17.480-0:01:22.360.mp4 (0:01:17.480 -> 0:01:22.360)
[13:57:20]   [video 9407/24611] yt-dlp jZ2ud-L6ozE (1 clip(s) needed) ...
[13:57:36]     [9647/24988] cutting jZ2ud-L6ozE-0:03:48.528-0:04:04.477.mp4 (0:03:48.528 -> 0:04:04.477)
[13:57:37]   [video 9408/24611] yt-dlp coBH5Hi3AyQ (1 clip(s) needed) ...
[13:57:54]     [9648/24988] cutting coBH5Hi3AyQ-0:01:11.805-0:01:28.655.mp4 (0:01:11.805 -> 0:01:28.655)
[13:57:55]   [video 9409/24611] yt-dlp SJEXmMn4zJE (1 clip(s) needed) ...
[13:58:25]     [9649/24988] cutting SJEXmMn4zJE-0:01:52.212-0:02:40.260.mp4 (0:01:52.212 -> 0:02:40.260)
[13:58:27]   [video 9410/24611] yt-dlp AR2lFeGZD1w (1 clip(s) needed) ...
[13:58:38]     [9650/24988] cutting AR2lFeGZD1w-0:02:36.623-0:02:52.605.mp4 (0:02:36.623 -> 0:02:52.605)
[13:58:38]   [video 9411/24611] yt-dlp aF-jvxqgVp4 (1 clip(s) needed) ...
[13:58:53]     [9651/24988] cutting aF-jvxqgVp4-0:00:08.775-0:00:24.724.mp4 (0:00:08.775 -> 0:00:24.724)
[13:58:54]   [video 9412/24611] yt-dlp VVozqG5Kh2g (1 clip(s) needed) ...
[13:59:31]     [9652/24988] cutting VVozqG5Kh2g-0:00:36.403-0:01:24.451.mp4 (0:00:36.403 -> 0:01:24.451)
[13:59:32]   [video 9413/24611] yt-dlp BzkvTkrr0Q8 (1 clip(s) needed) ...
[14:00:13]     [9653/24988] cutting BzkvTkrr0Q8-0:00:39.372-0:00:45.378.mp4 (0:00:39.372 -> 0:00:45.378)
[14:00:13]   [video 9414/24611] yt-dlp oEcxtcOLiTw (1 clip(s) needed) ...
[14:01:16]     [9654/24988] cutting oEcxtcOLiTw-0:03:45.583-0:03:54.000.mp4 (0:03:45.583 -> 0:03:54.000)
[14:01:16]   [video 9415/24611] yt-dlp 2buGky1-Bus (1 clip(s) needed) ...
[14:01:30]     [9655/24988] cutting 2buGky1-Bus-0:03:18.323-0:03:24.537.mp4 (0:03:18.323 -> 0:03:24.537)
[14:01:30]   [video 9416/24611] yt-dlp xG2WNV1gLZk (1 clip(s) needed) ...
[14:02:06]     FAILED: ERROR: unable to download video data: HTTP Error 403: Forbidden
[14:02:06]   [video 9417/24611] yt-dlp nUVdth8sJsE (1 clip(s) needed) ...
[14:03:00]     [9657/24988] cutting nUVdth8sJsE-0:07:14.600-0:07:26.112.mp4 (0:07:14.600 -> 0:07:26.112)
[14:03:00]   [video 9418/24611] yt-dlp t6VOCkNNp7g (1 clip(s) needed) ...
[14:03:21]     [9658/24988] cutting t6VOCkNNp7g-0:04:56.296-0:05:44.344.mp4 (0:04:56.296 -> 0:05:44.344)
[14:03:23]   [video 9419/24611] yt-dlp FmD-hcKy7Ts (1 clip(s) needed) ...
[14:03:42]     [9659/24988] cutting FmD-hcKy7Ts-0:07:34.153-0:07:38.458.mp4 (0:07:34.153 -> 0:07:38.458)
[14:03:43]   [video 9420/24611] yt-dlp 1ePbBBIS0JI (1 clip(s) needed) ...
[14:03:52]     [9660/24988] cutting 1ePbBBIS0JI-0:00:40.240-0:00:48.448.mp4 (0:00:40.240 -> 0:00:48.448)
[14:03:52]   [video 9421/24611] yt-dlp QvxpVtBB3W8 (1 clip(s) needed) ...
[14:04:16]     FAILED: ERROR: unable to download video data: HTTP Error 403: Forbidden
[14:04:17]   [video 9422/24611] yt-dlp J1aOY-4S-Mo (1 clip(s) needed) ...
[14:04:48]     [9662/24988] cutting J1aOY-4S-Mo-0:04:23.920-0:04:43.760.mp4 (0:04:23.920 -> 0:04:43.760)
[14:04:49]   [video 9423/24611] yt-dlp Wp9NUzFrp7A (1 clip(s) needed) ...
[14:05:08]     [9663/24988] cutting Wp9NUzFrp7A-0:05:36.769-0:05:42.275.mp4 (0:05:36.769 -> 0:05:42.275)
[14:05:09]   [video 9424/24611] yt-dlp w8eVoPMDMA8 (1 clip(s) needed) ...
[14:05:22]     [9664/24988] cutting w8eVoPMDMA8-0:00:05.338-0:00:19.185.mp4 (0:00:05.338 -> 0:00:19.185)
[14:05:23]   [video 9425/24611] yt-dlp trBH9k4EduY (1 clip(s) needed) ...
[14:05:32]     [9665/24988] cutting trBH9k4EduY-0:00:30.430-0:00:35.769.mp4 (0:00:30.430 -> 0:00:35.769)
[14:05:32]   [video 9426/24611] yt-dlp FXz7K44EpaE (1 clip(s) needed) ...
[14:05:43]     [9666/24988] cutting FXz7K44EpaE-0:02:45.520-0:02:52.320.mp4 (0:02:45.520 -> 0:02:52.320)
[14:05:44]   [video 9427/24611] yt-dlp 9QEPTpiy8Ys (1 clip(s) needed) ...
[14:06:15]     [9667/24988] cutting 9QEPTpiy8Ys-0:07:58.578-0:08:06.552.mp4 (0:07:58.578 -> 0:08:06.552)
[14:06:15]   [video 9428/24611] yt-dlp ukEkJCj_zdA (1 clip(s) needed) ...
[14:11:05]     [9668/24988] cutting ukEkJCj_zdA-0:02:35.500-0:03:23.500.mp4 (0:02:35.500 -> 0:03:23.500)
[14:11:08]   [video 9429/24611] yt-dlp gohdc99FUQE (1 clip(s) needed) ...
[14:11:14]     [9669/24988] cutting gohdc99FUQE-0:00:10.377-0:00:14.681.mp4 (0:00:10.377 -> 0:00:14.681)
[14:11:14]   [video 9430/24611] yt-dlp f2pE91tB3P4 (1 clip(s) needed) ...
[14:11:23]     [9670/24988] cutting f2pE91tB3P4-0:00:29.896-0:00:38.705.mp4 (0:00:29.896 -> 0:00:38.705)
[14:11:23]   [video 9431/24611] yt-dlp _uJVORcjt8A (1 clip(s) needed) ...
[14:11:37]     [9671/24988] cutting _uJVORcjt8A-0:01:02.600-0:01:34.600.mp4 (0:01:02.600 -> 0:01:34.600)
[14:11:39]   [video 9432/24611] yt-dlp j3mUcoJhs_g (1 clip(s) needed) ...
[14:11:51]     [9672/24988] cutting j3mUcoJhs_g-0:01:17.166-0:02:05.166.mp4 (0:01:17.166 -> 0:02:05.166)
[14:11:52]   [video 9433/24611] yt-dlp MyoR2zEP-nk (1 clip(s) needed) ...
[14:12:42]     [9673/24988] cutting MyoR2zEP-nk-0:14:22.695-0:14:33.606.mp4 (0:14:22.695 -> 0:14:33.606)
[14:12:43]   [video 9434/24611] yt-dlp -WbO6A-bD70 (1 clip(s) needed) ...
[14:12:59]     [9674/24988] cutting -WbO6A-bD70-0:01:53.280-0:01:58.440.mp4 (0:01:53.280 -> 0:01:58.440)
[14:12:59]   [video 9435/24611] yt-dlp vt2EuuqOxr8 (1 clip(s) needed) ...
[14:13:21]     [9675/24988] cutting vt2EuuqOxr8-0:00:46.440-0:00:54.200.mp4 (0:00:46.440 -> 0:00:54.200)
[14:13:22]   [video 9436/24611] yt-dlp lWVvLGU9J74 (1 clip(s) needed) ...
[14:14:16]     [9676/24988] cutting lWVvLGU9J74-0:00:40.123-0:00:47.505.mp4 (0:00:40.123 -> 0:00:47.505)
[14:14:17]   [video 9437/24611] yt-dlp hrkZynpkZDY (1 clip(s) needed) ...
[14:14:31]     [9677/24988] cutting hrkZynpkZDY-0:00:05.972-0:00:54.020.mp4 (0:00:05.972 -> 0:00:54.020)
[14:14:33]   [video 9438/24611] yt-dlp HYr2nX9inK4 (1 clip(s) needed) ...
[14:15:28]     [9678/24988] cutting HYr2nX9inK4-0:10:07.239-0:10:16.182.mp4 (0:10:07.239 -> 0:10:16.182)
[14:15:29]   [video 9439/24611] yt-dlp K5PTkq8y5iU (1 clip(s) needed) ...
[14:15:49]     [9679/24988] cutting K5PTkq8y5iU-0:00:00.467-0:00:04.504.mp4 (0:00:00.467 -> 0:00:04.504)
[14:15:49]   [video 9440/24611] yt-dlp BZHk5KNBVS0 (1 clip(s) needed) ...
[14:16:05]     [9680/24988] cutting BZHk5KNBVS0-0:00:26.626-0:01:14.674.mp4 (0:00:26.626 -> 0:01:14.674)
[14:16:06]   [video 9441/24611] yt-dlp sAn7CX8oKn4 (1 clip(s) needed) ...
[14:16:50]     [9681/24988] cutting sAn7CX8oKn4-0:00:14.814-0:00:33.183.mp4 (0:00:14.814 -> 0:00:33.183)
[14:16:51]   [video 9442/24611] yt-dlp fJLBu-uayZ4 (1 clip(s) needed) ...
[14:16:59]     [9682/24988] cutting fJLBu-uayZ4-0:00:05.071-0:00:14.180.mp4 (0:00:05.071 -> 0:00:14.180)
[14:17:00]   [video 9443/24611] yt-dlp qF87KSdbxFI (1 clip(s) needed) ...
[14:17:23]     [9683/24988] cutting qF87KSdbxFI-0:00:07.040-0:00:54.821.mp4 (0:00:07.040 -> 0:00:54.821)
[14:17:25]   [video 9444/24611] yt-dlp l-7Oeb1sg80 (1 clip(s) needed) ...
[14:17:34]     [9684/24988] cutting l-7Oeb1sg80-0:01:22.960-0:01:35.800.mp4 (0:01:22.960 -> 0:01:35.800)
[14:17:35]   [video 9445/24611] yt-dlp 5oobuCh8z8g (1 clip(s) needed) ...
[14:17:56]     [9685/24988] cutting 5oobuCh8z8g-0:06:39.499-0:06:52.979.mp4 (0:06:39.499 -> 0:06:52.979)
[14:17:57]   [video 9446/24611] yt-dlp KcLnM7GhUkc (1 clip(s) needed) ...
[14:18:11]     [9686/24988] cutting KcLnM7GhUkc-0:02:40.994-0:03:09.355.mp4 (0:02:40.994 -> 0:03:09.355)
[14:18:12]   [video 9447/24611] yt-dlp OUh8UoYgBhk (1 clip(s) needed) ...
[14:18:24]     [9687/24988] cutting OUh8UoYgBhk-0:04:15.533-0:05:03.533.mp4 (0:04:15.533 -> 0:05:03.533)
[14:18:25]   [video 9449/24611] yt-dlp rIrlC4r9axY (1 clip(s) needed) ...
[14:18:40]     [9689/24988] cutting rIrlC4r9axY-0:00:15.882-0:00:20.253.mp4 (0:00:15.882 -> 0:00:20.253)
[14:18:41]   [video 9450/24611] yt-dlp yv75GxYGDGY (1 clip(s) needed) ...
[14:18:50]     [9690/24988] cutting yv75GxYGDGY-0:00:37.200-0:00:41.440.mp4 (0:00:37.200 -> 0:00:41.440)
[14:18:50]   [video 9451/24611] yt-dlp r7L6FYyrBL0 (2 clip(s) needed) ...
[14:19:01]     [9691/24988] cutting r7L6FYyrBL0-0:00:22.200-0:00:35.320.mp4 (0:00:22.200 -> 0:00:35.320)
[14:19:01]     [9692/24988] cutting r7L6FYyrBL0-0:01:49.040-0:01:52.880.mp4 (0:01:49.040 -> 0:01:52.880)
[14:19:02]   [video 9452/24611] yt-dlp xTkhs4fMbT0 (1 clip(s) needed) ...
[14:19:22]     [9693/24988] cutting xTkhs4fMbT0-0:05:40.673-0:05:55.121.mp4 (0:05:40.673 -> 0:05:55.121)
[14:19:23]   [video 9453/24611] yt-dlp MQwQqkSfGEs (1 clip(s) needed) ...
[14:19:36]     [9694/24988] cutting MQwQqkSfGEs-0:01:24.200-0:01:31.880.mp4 (0:01:24.200 -> 0:01:31.880)
[14:19:36]   [video 9454/24611] yt-dlp vt2QWCcfad8 (1 clip(s) needed) ...
[14:20:21]     [9695/24988] cutting vt2QWCcfad8-0:00:52.218-0:01:17.243.mp4 (0:00:52.218 -> 0:01:17.243)
[14:20:22]   [video 9455/24611] yt-dlp x0Eik4V9TNE (1 clip(s) needed) ...
[14:20:43]     [9696/24988] cutting x0Eik4V9TNE-0:06:37.363-0:06:53.312.mp4 (0:06:37.363 -> 0:06:53.312)
[14:20:44]   [video 9456/24611] yt-dlp -DMUhSNj5xw (1 clip(s) needed) ...
[14:20:54]     [9697/24988] cutting -DMUhSNj5xw-0:00:57.924-0:01:01.961.mp4 (0:00:57.924 -> 0:01:01.961)
[14:20:55]   [video 9457/24611] yt-dlp HBzk3l34xzs (1 clip(s) needed) ...
[14:21:10]     [9698/24988] cutting HBzk3l34xzs-0:04:11.284-0:04:18.174.mp4 (0:04:11.284 -> 0:04:18.174)
[14:21:10]   [video 9458/24611] yt-dlp EU7RrjGcfHA (1 clip(s) needed) ...
[14:21:30]     [9699/24988] cutting EU7RrjGcfHA-0:02:12.560-0:02:24.600.mp4 (0:02:12.560 -> 0:02:24.600)
[14:21:31]   [video 9459/24611] yt-dlp 93Zma6DwpJw (1 clip(s) needed) ...
[14:21:34]     FAILED: ERROR: [youtube] 93Zma6DwpJw: This video is not available
[14:21:34]   [video 9460/24611] yt-dlp xigBWRiYxjU (1 clip(s) needed) ...
[14:21:47]     [9701/24988] cutting xigBWRiYxjU-0:00:50.717-0:01:38.765.mp4 (0:00:50.717 -> 0:01:38.765)
[14:21:49]   [video 9461/24611] yt-dlp tycMgajc7OU (2 clip(s) needed) ...
[14:22:03]     [9702/24988] cutting tycMgajc7OU-0:02:12.280-0:02:30.960.mp4 (0:02:12.280 -> 0:02:30.960)
[14:22:04]     [9703/24988] cutting tycMgajc7OU-0:04:28.120-0:04:36.680.mp4 (0:04:28.120 -> 0:04:36.680)
[14:22:05]   [video 9462/24611] yt-dlp seUFsj8IlGI (1 clip(s) needed) ...
[14:22:33]     [9704/24988] cutting seUFsj8IlGI-0:00:28.695-0:00:35.935.mp4 (0:00:28.695 -> 0:00:35.935)
[14:22:33]   [video 9463/24611] yt-dlp QODm8kH33ac (1 clip(s) needed) ...
