===== Download Panda-70M Clips (full dataset) =====
Job ID: 61339
Node: cn4.cds.iisc.in
Start: Thu Sep 24 04:05:09 PM IST 2026
METADATA_DIR=/scratch/users/anirban/tamaghnam/latentvans/data/future_l1_50k_metadata_full
OUTPUT_DIR=/scratch/users/anirban/tamaghnam/latentvans/data/panda70m_clips
NUM_SHARDS=2 SHARD_ID=1
Requirement already satisfied: yt-dlp in /scratch/users/anirban/tamaghnam/envs/latentvans/lib/python3.11/site-packages (2026.8.19)
Requirement already satisfied: datasets in /scratch/users/anirban/tamaghnam/envs/latentvans/lib/python3.11/site-packages (5.0.1)
Requirement already satisfied: filelock in /scratch/users/anirban/tamaghnam/envs/latentvans/lib/python3.11/site-packages (from datasets) (3.32.5)
Requirement already satisfied: numpy>=1.17 in /scratch/users/anirban/tamaghnam/envs/latentvans/lib/python3.11/site-packages (from datasets) (2.4.6)
Requirement already satisfied: pyarrow>=21.0.0 in /scratch/users/anirban/tamaghnam/envs/latentvans/lib/python3.11/site-packages (from datasets) (25.0.1)
Requirement already satisfied: dill<0.4.2,>=0.3.0 in /scratch/users/anirban/tamaghnam/envs/latentvans/lib/python3.11/site-packages (from datasets) (0.4.1)
Requirement already satisfied: pandas in /scratch/users/anirban/tamaghnam/envs/latentvans/lib/python3.11/site-packages (from datasets) (3.0.5)
Requirement already satisfied: requests>=2.32.2 in /scratch/users/anirban/tamaghnam/envs/latentvans/lib/python3.11/site-packages (from datasets) (2.34.2)
Requirement already satisfied: httpx<1.0.0 in /scratch/users/anirban/tamaghnam/envs/latentvans/lib/python3.11/site-packages (from datasets) (0.28.1)
Requirement already satisfied: tqdm>=4.66.3 in /scratch/users/anirban/tamaghnam/envs/latentvans/lib/python3.11/site-packages (from datasets) (4.70.0)
Requirement already satisfied: xxhash in /scratch/users/anirban/tamaghnam/envs/latentvans/lib/python3.11/site-packages (from datasets) (4.0.1)
Requirement already satisfied: multiprocess<0.70.20 in /scratch/users/anirban/tamaghnam/envs/latentvans/lib/python3.11/site-packages (from datasets) (0.70.19)
Requirement already satisfied: fsspec<=2026.6.0,>=2023.1.0 in /scratch/users/anirban/tamaghnam/envs/latentvans/lib/python3.11/site-packages (from fsspec[http]<=2026.6.0,>=2023.1.0->datasets) (2026.6.0)
Requirement already satisfied: huggingface-hub<2.0,>=0.25.0 in /scratch/users/anirban/tamaghnam/envs/latentvans/lib/python3.11/site-packages (from datasets) (1.31.0)
Requirement already satisfied: packaging in /scratch/users/anirban/tamaghnam/envs/latentvans/lib/python3.11/site-packages (from datasets) (26.3)
Requirement already satisfied: pyyaml>=5.1 in /scratch/users/anirban/tamaghnam/envs/latentvans/lib/python3.11/site-packages (from datasets) (6.0.3)
Requirement already satisfied: aiohttp!=4.0.0a0,!=4.0.0a1 in /scratch/users/anirban/tamaghnam/envs/latentvans/lib/python3.11/site-packages (from fsspec[http]<=2026.6.0,>=2023.1.0->datasets) (3.14.3)
Requirement already satisfied: anyio in /scratch/users/anirban/tamaghnam/envs/latentvans/lib/python3.11/site-packages (from httpx<1.0.0->datasets) (4.15.1)
Requirement already satisfied: certifi in /scratch/users/anirban/tamaghnam/envs/latentvans/lib/python3.11/site-packages (from httpx<1.0.0->datasets) (2026.7.22)
Requirement already satisfied: httpcore==1.* in /scratch/users/anirban/tamaghnam/envs/latentvans/lib/python3.11/site-packages (from httpx<1.0.0->datasets) (1.0.9)
Requirement already satisfied: idna in /scratch/users/anirban/tamaghnam/envs/latentvans/lib/python3.11/site-packages (from httpx<1.0.0->datasets) (3.19)
Requirement already satisfied: h11>=0.16 in /scratch/users/anirban/tamaghnam/envs/latentvans/lib/python3.11/site-packages (from httpcore==1.*->httpx<1.0.0->datasets) (0.16.0)
Requirement already satisfied: click<9.0.0,>=8.4.2 in /scratch/users/anirban/tamaghnam/envs/latentvans/lib/python3.11/site-packages (from huggingface-hub<2.0,>=0.25.0->datasets) (8.5.0)
Requirement already satisfied: hf-xet<2.0.0,>=1.5.2 in /scratch/users/anirban/tamaghnam/envs/latentvans/lib/python3.11/site-packages (from huggingface-hub<2.0,>=0.25.0->datasets) (1.6.0)
Requirement already satisfied: typing-extensions>=4.1.0 in /scratch/users/anirban/tamaghnam/envs/latentvans/lib/python3.11/site-packages (from huggingface-hub<2.0,>=0.25.0->datasets) (4.16.0)
Requirement already satisfied: aiohappyeyeballs>=2.5.0 in /scratch/users/anirban/tamaghnam/envs/latentvans/lib/python3.11/site-packages (from aiohttp!=4.0.0a0,!=4.0.0a1->fsspec[http]<=2026.6.0,>=2023.1.0->datasets) (2.7.1)
Requirement already satisfied: aiosignal>=1.4.0 in /scratch/users/anirban/tamaghnam/envs/latentvans/lib/python3.11/site-packages (from aiohttp!=4.0.0a0,!=4.0.0a1->fsspec[http]<=2026.6.0,>=2023.1.0->datasets) (1.4.0)
Requirement already satisfied: attrs>=17.3.0 in /scratch/users/anirban/tamaghnam/envs/latentvans/lib/python3.11/site-packages (from aiohttp!=4.0.0a0,!=4.0.0a1->fsspec[http]<=2026.6.0,>=2023.1.0->datasets) (26.1.0)
Requirement already satisfied: frozenlist>=1.1.1 in /scratch/users/anirban/tamaghnam/envs/latentvans/lib/python3.11/site-packages (from aiohttp!=4.0.0a0,!=4.0.0a1->fsspec[http]<=2026.6.0,>=2023.1.0->datasets) (1.8.0)
Requirement already satisfied: multidict<7.0,>=4.5 in /scratch/users/anirban/tamaghnam/envs/latentvans/lib/python3.11/site-packages (from aiohttp!=4.0.0a0,!=4.0.0a1->fsspec[http]<=2026.6.0,>=2023.1.0->datasets) (6.7.1)
Requirement already satisfied: propcache>=0.2.0 in /scratch/users/anirban/tamaghnam/envs/latentvans/lib/python3.11/site-packages (from aiohttp!=4.0.0a0,!=4.0.0a1->fsspec[http]<=2026.6.0,>=2023.1.0->datasets) (0.5.2)
Requirement already satisfied: yarl<2.0,>=1.17.0 in /scratch/users/anirban/tamaghnam/envs/latentvans/lib/python3.11/site-packages (from aiohttp!=4.0.0a0,!=4.0.0a1->fsspec[http]<=2026.6.0,>=2023.1.0->datasets) (1.24.5)
Requirement already satisfied: charset_normalizer<4,>=2 in /scratch/users/anirban/tamaghnam/envs/latentvans/lib/python3.11/site-packages (from requests>=2.32.2->datasets) (3.5.1)
Requirement already satisfied: urllib3<3,>=1.26 in /scratch/users/anirban/tamaghnam/envs/latentvans/lib/python3.11/site-packages (from requests>=2.32.2->datasets) (2.7.0)
Requirement already satisfied: python-dateutil>=2.8.2 in /scratch/users/anirban/tamaghnam/envs/latentvans/lib/python3.11/site-packages (from pandas->datasets) (2.9.0.post0)
Requirement already satisfied: six>=1.5 in /scratch/users/anirban/tamaghnam/envs/latentvans/lib/python3.11/site-packages (from python-dateutil>=2.8.2->pandas->datasets) (1.17.0)
[16:05:18] ======================================================================
[16:05:18] Loading all TwiFF targets from /scratch/users/anirban/tamaghnam/latentvans/data/future_l1_50k_metadata_full
[16:05:18] ======================================================================
[16:05:32] 50000 distinct clip files targeted for this run (start/end taken directly from each row's own meta_data)
[16:05:32] 49222 distinct source YouTube videos among those targets
[16:05:32] Sharding: this is shard 1/2 -- 24611/49222 distinct source videos assigned to it
[16:05:32] ======================================================================
[16:05:32] Downloading + cutting clips (grouped by source video)
[16:05:32] ======================================================================
[16:05:32]   [video 12/24611] yt-dlp jew1458EF5I (1 clip(s) needed) ...
[16:05:35]     FAILED: ERROR: [youtube] jew1458EF5I: This video is not available
[16:05:36]   [video 34/24611] yt-dlp zSfsNZzKZss (1 clip(s) needed) ...
[16:05:39]     FAILED: ERROR: [youtube] zSfsNZzKZss: This video is not available
[16:05:39]   [video 35/24611] yt-dlp 203x3L2HYAY (1 clip(s) needed) ...
[16:05:42]     FAILED: ERROR: [youtube] 203x3L2HYAY: Private video
[16:05:42]   [video 40/24611] yt-dlp 2KUpTltWbfQ (2 clip(s) needed) ...
[16:05:45]     FAILED: ERROR: [youtube] 2KUpTltWbfQ: This video is not available
[16:05:45]   [video 58/24611] yt-dlp fyhI4GPgEUM (2 clip(s) needed) ...
[16:05:54]     FAILED: ERROR: [youtube] fyhI4GPgEUM: This video is not available
[16:05:54]   [video 61/24611] yt-dlp kYxys6pXwwc (1 clip(s) needed) ...
[16:05:57]     FAILED: ERROR: [youtube] kYxys6pXwwc: Please sign in. Use --cookies-from-browser or --cookies for the authentication. See  https://github.com/yt-dlp/yt-dlp/wiki/FAQ#how-do-i-pass-cookies-to-yt-dlp  for how to manually pass cookies. Also see  https://github.com/yt-dlp/yt-dlp/wiki/Extractors#exporting-youtube-cookies  for tips on effectively exporting YouTube cookies
[16:05:57]   [video 63/24611] yt-dlp vMeC-ibV8Ok (1 clip(s) needed) ...
[16:06:00]     FAILED: ERROR: [youtube] vMeC-ibV8Ok: This video is not available
[16:06:00]   [video 87/24611] yt-dlp kIetDoO86HU (1 clip(s) needed) ...
[16:06:03]     FAILED: ERROR: [youtube] kIetDoO86HU: This video is unavailable
[16:06:03]   [video 120/24611] yt-dlp z92kV3NKEsw (1 clip(s) needed) ...
[16:06:07]     FAILED: ERROR: [youtube] z92kV3NKEsw: Please sign in. Use --cookies-from-browser or --cookies for the authentication. See  https://github.com/yt-dlp/yt-dlp/wiki/FAQ#how-do-i-pass-cookies-to-yt-dlp  for how to manually pass cookies. Also see  https://github.com/yt-dlp/yt-dlp/wiki/Extractors#exporting-youtube-cookies  for tips on effectively exporting YouTube cookies
[16:06:07]   [video 150/24611] yt-dlp 8WkVNq1-6bs (1 clip(s) needed) ...
[16:06:10]     FAILED: ERROR: [youtube] 8WkVNq1-6bs: Private video
[16:06:10]   [video 171/24611] yt-dlp YsKBaaxbwTU (1 clip(s) needed) ...
[16:06:14]     FAILED: ERROR: [youtube] YsKBaaxbwTU: Private video
[16:06:14]   [video 173/24611] yt-dlp AckdrrEUpqw (1 clip(s) needed) ...
[16:06:17]     FAILED: ERROR: [youtube] AckdrrEUpqw: This video is not available
[16:06:17]   [video 182/24611] yt-dlp 7tOefiOUS1I (1 clip(s) needed) ...
[16:06:20]     FAILED: ERROR: [youtube] 7tOefiOUS1I: This video is unavailable
[16:06:20]   [video 198/24611] yt-dlp vOyYn4ATsoo (1 clip(s) needed) ...
[16:06:23]     FAILED: ERROR: [youtube] vOyYn4ATsoo: This video is not available
[16:06:23]   [video 203/24611] yt-dlp 7aHBEk6VV8g (1 clip(s) needed) ...
[16:06:27]     FAILED: ERROR: [youtube] 7aHBEk6VV8g: This video is not available
[16:06:27]   [video 210/24611] yt-dlp G-Pj5VP1YEo (1 clip(s) needed) ...
[16:06:30]     FAILED: ERROR: [youtube] G-Pj5VP1YEo: Private video
[16:06:30]   [video 212/24611] yt-dlp G6oIXQFFm4c (1 clip(s) needed) ...
[16:06:34]     FAILED: ERROR: [youtube] G6oIXQFFm4c: This video is not available
[16:06:34]   [video 215/24611] yt-dlp q08s-OGrsKo (1 clip(s) needed) ...
[16:06:37]     FAILED: ERROR: [youtube] q08s-OGrsKo: This video is not available
[16:06:37]   [video 216/24611] yt-dlp wqOQMMnTnXg (1 clip(s) needed) ...
[16:06:40]     FAILED: ERROR: [youtube] wqOQMMnTnXg: This video is not available
[16:06:40]   [video 238/24611] yt-dlp 2CIZ-WoZsSc (1 clip(s) needed) ...
[16:06:44]     FAILED: ERROR: [youtube] 2CIZ-WoZsSc: This video is not available
[16:06:45]   [video 277/24611] yt-dlp fanIpBRICCg (1 clip(s) needed) ...
[16:06:48]     FAILED: ERROR: [youtube] fanIpBRICCg: Video unavailable
[16:06:48]   [video 280/24611] yt-dlp YBOCsL_EA_s (1 clip(s) needed) ...
[16:06:51]     FAILED: ERROR: [youtube] YBOCsL_EA_s: This video is not available
[16:06:51]   [video 291/24611] yt-dlp LwvZ7y6gLuo (1 clip(s) needed) ...
[16:06:54]     FAILED: ERROR: [youtube] LwvZ7y6gLuo: Please sign in. Use --cookies-from-browser or --cookies for the authentication. See  https://github.com/yt-dlp/yt-dlp/wiki/FAQ#how-do-i-pass-cookies-to-yt-dlp  for how to manually pass cookies. Also see  https://github.com/yt-dlp/yt-dlp/wiki/Extractors#exporting-youtube-cookies  for tips on effectively exporting YouTube cookies
[16:06:54]   [video 293/24611] yt-dlp ggoc-Uaox_0 (1 clip(s) needed) ...
[16:06:57]     FAILED: ERROR: [youtube] ggoc-Uaox_0: Private video
[16:06:57]   [video 305/24611] yt-dlp hCI78bKvGJ0 (1 clip(s) needed) ...
[16:07:01]     FAILED: ERROR: [youtube] hCI78bKvGJ0: This video is not available
[16:07:01]   [video 332/24611] yt-dlp brYj97Yl1Vk (1 clip(s) needed) ...
[16:07:04]     FAILED: ERROR: [youtube] brYj97Yl1Vk: This video is not available
[16:07:04]   [video 370/24611] yt-dlp rrowugi1a9o (1 clip(s) needed) ...
[16:07:07]     FAILED: ERROR: [youtube] rrowugi1a9o: This video is not available
[16:07:07]   [video 380/24611] yt-dlp x4zzdmD0-c8 (1 clip(s) needed) ...
[16:07:10]     FAILED: ERROR: [youtube] x4zzdmD0-c8: Private video
[16:07:10]   [video 392/24611] yt-dlp SzvUNDgq8hc (1 clip(s) needed) ...
[16:07:13]     FAILED: ERROR: [youtube] SzvUNDgq8hc: This video is not available
[16:07:13]   [video 394/24611] yt-dlp Y8WoJBtFxgM (1 clip(s) needed) ...
[16:07:16]     FAILED: ERROR: [youtube] Y8WoJBtFxgM: Private video
[16:07:16]   [video 399/24611] yt-dlp qsXAyFgPZVE (1 clip(s) needed) ...
[16:07:20]     FAILED: ERROR: [youtube] qsXAyFgPZVE: This video is not available
[16:07:20]   [video 446/24611] yt-dlp -7oJIUTyuGY (1 clip(s) needed) ...
[16:07:22]     FAILED: ERROR: [youtube] -7oJIUTyuGY: This video is unavailable
[16:07:22]   [video 459/24611] yt-dlp UiLMHglmUPE (1 clip(s) needed) ...
[16:07:25]     FAILED: ERROR: [youtube] UiLMHglmUPE: Please sign in. Use --cookies-from-browser or --cookies for the authentication. See  https://github.com/yt-dlp/yt-dlp/wiki/FAQ#how-do-i-pass-cookies-to-yt-dlp  for how to manually pass cookies. Also see  https://github.com/yt-dlp/yt-dlp/wiki/Extractors#exporting-youtube-cookies  for tips on effectively exporting YouTube cookies
[16:07:26]   [video 477/24611] yt-dlp 35Jdqx1MUWw (1 clip(s) needed) ...
[16:07:29]     FAILED: ERROR: [youtube] 35Jdqx1MUWw: Please sign in. Use --cookies-from-browser or --cookies for the authentication. See  https://github.com/yt-dlp/yt-dlp/wiki/FAQ#how-do-i-pass-cookies-to-yt-dlp  for how to manually pass cookies. Also see  https://github.com/yt-dlp/yt-dlp/wiki/Extractors#exporting-youtube-cookies  for tips on effectively exporting YouTube cookies
[16:07:29]   [video 490/24611] yt-dlp KcHPsVFhs3g (1 clip(s) needed) ...
[16:07:32]     FAILED: ERROR: [youtube] KcHPsVFhs3g: Private video
[16:07:32]   [video 499/24611] yt-dlp xUN7bZHKXIM (1 clip(s) needed) ...
[16:07:35]     FAILED: ERROR: [youtube] xUN7bZHKXIM: This video is not available
[16:07:35]   [video 506/24611] yt-dlp v8zD8jXAYM8 (1 clip(s) needed) ...
[16:07:38]     FAILED: ERROR: [youtube] v8zD8jXAYM8: This video is not available
[16:07:38]   [video 511/24611] yt-dlp hMqraxRgIDw (1 clip(s) needed) ...
[16:07:42]     FAILED: ERROR: [youtube] hMqraxRgIDw: Please sign in. Use --cookies-from-browser or --cookies for the authentication. See  https://github.com/yt-dlp/yt-dlp/wiki/FAQ#how-do-i-pass-cookies-to-yt-dlp  for how to manually pass cookies. Also see  https://github.com/yt-dlp/yt-dlp/wiki/Extractors#exporting-youtube-cookies  for tips on effectively exporting YouTube cookies
[16:07:42]   [video 574/24611] yt-dlp nIxpE-LYUAA (1 clip(s) needed) ...
[16:07:45]     FAILED: ERROR: [youtube] nIxpE-LYUAA: This video is not available
[16:07:45]   [video 580/24611] yt-dlp JvApEnqheEU (1 clip(s) needed) ...
[16:07:48]     FAILED: ERROR: [youtube] JvApEnqheEU: Private video
[16:07:48]   [video 585/24611] yt-dlp yfbnDcM6isg (1 clip(s) needed) ...
[16:07:51]     FAILED: ERROR: [youtube] yfbnDcM6isg: This video is unavailable
[16:07:51]   [video 614/24611] yt-dlp W0G9agnc2MU (1 clip(s) needed) ...
[16:07:54]     FAILED: ERROR: [youtube] W0G9agnc2MU: Private video
[16:07:54]   [video 617/24611] yt-dlp cZcvi7d26fw (1 clip(s) needed) ...
[16:07:57]     FAILED: ERROR: [youtube] cZcvi7d26fw: This video is not available
[16:07:57]   [video 622/24611] yt-dlp 1aTv0VtJIXQ (1 clip(s) needed) ...
[16:08:01]     FAILED: ERROR: [youtube] 1aTv0VtJIXQ: Private video
[16:08:01]   [video 635/24611] yt-dlp LwRPzlWQOlw (1 clip(s) needed) ...
[16:08:04]     FAILED: ERROR: [youtube] LwRPzlWQOlw: This video is unavailable
[16:08:04]   [video 641/24611] yt-dlp NTvtNlT1EWE (1 clip(s) needed) ...
[16:08:07]     FAILED: ERROR: [youtube] NTvtNlT1EWE: This video is not available
[16:08:07]   [video 677/24611] yt-dlp imNErjirM-A (1 clip(s) needed) ...
[16:08:10]     FAILED: ERROR: [youtube] imNErjirM-A: This video is unavailable
[16:08:10]   [video 680/24611] yt-dlp hlk-v2zijyY (1 clip(s) needed) ...
[16:08:14]     FAILED: ERROR: [youtube] hlk-v2zijyY: This video is not available
[16:08:14]   [video 732/24611] yt-dlp NV0Giewg4zQ (1 clip(s) needed) ...
[16:08:17]     FAILED: ERROR: [youtube] NV0Giewg4zQ: This video is unavailable
[16:08:17]   [video 761/24611] yt-dlp n9yhBIdd_KY (1 clip(s) needed) ...
[16:08:20]     FAILED: ERROR: [youtube] n9yhBIdd_KY: This video is not available
[16:08:20]   [video 794/24611] yt-dlp 7cCPjHadFUM (1 clip(s) needed) ...
[16:08:23]     FAILED: ERROR: [youtube] 7cCPjHadFUM: Private video
[16:08:23]   [video 806/24611] yt-dlp p6JInLKRwnI (1 clip(s) needed) ...
[16:08:26]     FAILED: ERROR: [youtube] p6JInLKRwnI: Private video
[16:08:26]   [video 850/24611] yt-dlp gb1Dw3jm-1Y (1 clip(s) needed) ...
[16:08:29]     FAILED: ERROR: [youtube] gb1Dw3jm-1Y: Video unavailable
[16:08:29]   [video 852/24611] yt-dlp gz0EftxX7ao (2 clip(s) needed) ...
[16:08:32]     FAILED: ERROR: [youtube] gz0EftxX7ao: This video is not available
[16:08:32]   [video 864/24611] yt-dlp lpYNYfzob3o (1 clip(s) needed) ...
[16:08:35]     FAILED: ERROR: [youtube] lpYNYfzob3o: Private video
[16:08:35]   [video 880/24611] yt-dlp mwdr2OXO-0A (1 clip(s) needed) ...
[16:08:39]     FAILED: ERROR: [youtube] mwdr2OXO-0A: This video is not available
[16:08:39]   [video 898/24611] yt-dlp do4k0A9oo3E (2 clip(s) needed) ...
[16:08:42]     FAILED: ERROR: [youtube] do4k0A9oo3E: This video is not available
[16:08:42]   [video 911/24611] yt-dlp hphzEgmMApA (1 clip(s) needed) ...
[16:08:45]     FAILED: ERROR: [youtube] hphzEgmMApA: This video is not available
[16:08:45]   [video 917/24611] yt-dlp XcpvdjgugBg (1 clip(s) needed) ...
[16:08:48]     FAILED: ERROR: [youtube] XcpvdjgugBg: This video is not available
[16:08:48]   [video 924/24611] yt-dlp KTRQ3p7c5vo (1 clip(s) needed) ...
[16:08:53]     FAILED: ERROR: [youtube] KTRQ3p7c5vo: This video is unavailable
[16:08:53]   [video 925/24611] yt-dlp f4ei55JZtes (1 clip(s) needed) ...
[16:08:55]     FAILED: ERROR: [youtube] f4ei55JZtes: Private video
[16:08:55]   [video 938/24611] yt-dlp _UhOYtq1_Ag (1 clip(s) needed) ...
[16:08:58]     FAILED: ERROR: [youtube] _UhOYtq1_Ag: Private video
[16:08:58]   [video 956/24611] yt-dlp fdNBHG4YA4o (1 clip(s) needed) ...
[16:09:01]     FAILED: ERROR: [youtube] fdNBHG4YA4o: This video is not available
[16:09:01]   [video 970/24611] yt-dlp FsqOV6E6Ryk (1 clip(s) needed) ...
[16:09:05]     FAILED: ERROR: [youtube] FsqOV6E6Ryk: Please sign in. Use --cookies-from-browser or --cookies for the authentication. See  https://github.com/yt-dlp/yt-dlp/wiki/FAQ#how-do-i-pass-cookies-to-yt-dlp  for how to manually pass cookies. Also see  https://github.com/yt-dlp/yt-dlp/wiki/Extractors#exporting-youtube-cookies  for tips on effectively exporting YouTube cookies
[16:09:05]   [video 992/24611] yt-dlp 7BAWKQvUHpQ (1 clip(s) needed) ...
[16:09:08]     FAILED: ERROR: [youtube] 7BAWKQvUHpQ: This video is unavailable
[16:09:08]   [video 1014/24611] yt-dlp IhHnKy74JwI (1 clip(s) needed) ...
[16:09:11]     FAILED: ERROR: [youtube] IhHnKy74JwI: This video is not available
[16:09:11]   [video 1019/24611] yt-dlp mRrUqvKUNzA (1 clip(s) needed) ...
[16:09:14]     FAILED: ERROR: [youtube] mRrUqvKUNzA: This video is unavailable
[16:09:14]   [video 1026/24611] yt-dlp 6uA5dloLVdU (1 clip(s) needed) ...
[16:09:17]     FAILED: ERROR: [youtube] 6uA5dloLVdU: This video is not available
[16:09:17]   [video 1030/24611] yt-dlp nJVgkO4kMLk (1 clip(s) needed) ...
[16:09:21]     FAILED: ERROR: [youtube] nJVgkO4kMLk: This video is not available
[16:09:21]   [video 1051/24611] yt-dlp i8wEQ9e4nBA (1 clip(s) needed) ...
[16:09:23]     FAILED: ERROR: [youtube] i8wEQ9e4nBA: Private video
[16:09:23]   [video 1077/24611] yt-dlp peA-4zoEA20 (1 clip(s) needed) ...
[16:09:27]     FAILED: ERROR: [youtube] peA-4zoEA20: This video is not available
[16:09:27]   [video 1088/24611] yt-dlp FRYyO-daRQ8 (1 clip(s) needed) ...
[16:09:30]     FAILED: ERROR: [youtube] FRYyO-daRQ8: This video is not available
[16:09:30]   [video 1095/24611] yt-dlp Ib3JIqlmXBc (1 clip(s) needed) ...
[16:09:33]     FAILED: ERROR: [youtube] Ib3JIqlmXBc: This video is not available
[16:09:33]   [video 1108/24611] yt-dlp JFBLriZbi7E (1 clip(s) needed) ...
[16:09:37]     FAILED: ERROR: [youtube] JFBLriZbi7E: This video is not available
[16:09:37]   [video 1131/24611] yt-dlp h4Kx7i04Z88 (1 clip(s) needed) ...
[16:09:40]     FAILED: ERROR: [youtube] h4Kx7i04Z88: This video is not available
[16:09:40]   [video 1136/24611] yt-dlp B_ed7_cv7q8 (1 clip(s) needed) ...
[16:09:44]     FAILED: ERROR: [youtube] B_ed7_cv7q8: This video is not available
[16:09:44]   [video 1142/24611] yt-dlp UO_aEtkU9sw (1 clip(s) needed) ...
[16:09:48]     FAILED: ERROR: [youtube] UO_aEtkU9sw: This video is not available
[16:09:48]   [video 1161/24611] yt-dlp QmshWaOGG_o (1 clip(s) needed) ...
[16:09:51]     FAILED: ERROR: [youtube] QmshWaOGG_o: Video unavailable
[16:09:51]   [video 1170/24611] yt-dlp SZX8oxPcg4c (1 clip(s) needed) ...
[16:09:54]     FAILED: ERROR: [youtube] SZX8oxPcg4c: This video is not available
[16:09:54]   [video 1236/24611] yt-dlp lc6r3cBV7M0 (1 clip(s) needed) ...
[16:09:58]     FAILED: ERROR: [youtube] lc6r3cBV7M0: This video is not available
[16:09:58]   [video 1237/24611] yt-dlp FVQQRBqTExU (1 clip(s) needed) ...
[16:10:01]     FAILED: ERROR: [youtube] FVQQRBqTExU: This video is unavailable
[16:10:01]   [video 1249/24611] yt-dlp cNbj3u2H1Tg (1 clip(s) needed) ...
[16:10:04]     FAILED: ERROR: [youtube] cNbj3u2H1Tg: This video is unavailable
[16:10:04]   [video 1279/24611] yt-dlp iG3d6sDnQq0 (1 clip(s) needed) ...
[16:10:07]     FAILED: ERROR: [youtube] iG3d6sDnQq0: This video is not available
[16:10:07]   [video 1298/24611] yt-dlp nYlvZ95KmGI (1 clip(s) needed) ...
[16:10:10]     FAILED: ERROR: [youtube] nYlvZ95KmGI: This video is unavailable
[16:10:10]   [video 1381/24611] yt-dlp 3Ma9hYq1_Ps (1 clip(s) needed) ...
[16:10:14]     FAILED: ERROR: [youtube] 3Ma9hYq1_Ps: Please sign in. Use --cookies-from-browser or --cookies for the authentication. See  https://github.com/yt-dlp/yt-dlp/wiki/FAQ#how-do-i-pass-cookies-to-yt-dlp  for how to manually pass cookies. Also see  https://github.com/yt-dlp/yt-dlp/wiki/Extractors#exporting-youtube-cookies  for tips on effectively exporting YouTube cookies
[16:10:14]   [video 1388/24611] yt-dlp t9IRoqIA5WM (1 clip(s) needed) ...
[16:10:17]     FAILED: ERROR: [youtube] t9IRoqIA5WM: This video is not available
[16:10:17]   [video 1425/24611] yt-dlp hHqg6TEPF20 (1 clip(s) needed) ...
[16:10:20]     FAILED: ERROR: [youtube] hHqg6TEPF20: This video is unavailable
[16:10:20]   [video 1434/24611] yt-dlp tZpt2oZnbz8 (1 clip(s) needed) ...
[16:10:23]     FAILED: ERROR: [youtube] tZpt2oZnbz8: This video is not available
[16:10:23]   [video 1435/24611] yt-dlp EI8t2r43rg4 (1 clip(s) needed) ...
[16:10:26]     FAILED: ERROR: [youtube] EI8t2r43rg4: This video is not available
[16:10:27]   [video 1461/24611] yt-dlp 0VQyNhcs1sI (1 clip(s) needed) ...
[16:10:29]     FAILED: ERROR: [youtube] 0VQyNhcs1sI: This video is unavailable
[16:10:30]   [video 1480/24611] yt-dlp Ti2cdqkYoww (1 clip(s) needed) ...
[16:10:33]     FAILED: ERROR: [youtube] Ti2cdqkYoww: This video is not available
[16:10:33]   [video 1515/24611] yt-dlp PS4gWgbJVp8 (1 clip(s) needed) ...
[16:10:37]     FAILED: ERROR: [youtube] PS4gWgbJVp8: This video is not available
[16:10:37]   [video 1520/24611] yt-dlp RRE6u5id5rE (1 clip(s) needed) ...
[16:10:40]     FAILED: ERROR: [youtube] RRE6u5id5rE: This video is unavailable
[16:10:40]   [video 1562/24611] yt-dlp 5R6b_Vz2Irk (1 clip(s) needed) ...
[16:10:43]     FAILED: ERROR: [youtube] 5R6b_Vz2Irk: Private video
[16:10:44]   [video 1615/24611] yt-dlp ZhzvFtL-tBQ (1 clip(s) needed) ...
[16:10:48]     FAILED: ERROR: [youtube] ZhzvFtL-tBQ: This video is not available
[16:10:48]   [video 1647/24611] yt-dlp i7iHP15ZyUM (1 clip(s) needed) ...
[16:10:50]     FAILED: ERROR: [youtube] i7iHP15ZyUM: This video is unavailable
[16:10:51]   [video 1680/24611] yt-dlp Eaiu6PfCqwc (1 clip(s) needed) ...
[16:10:54]     FAILED: ERROR: [youtube] Eaiu6PfCqwc: This video is not available
[16:10:54]   [video 1690/24611] yt-dlp VHHPJ3R7_Po (1 clip(s) needed) ...
[16:10:58]     FAILED: ERROR: [youtube] VHHPJ3R7_Po: This video is not available
[16:10:58]   [video 1695/24611] yt-dlp izDr4vQasOU (1 clip(s) needed) ...
[16:11:01]     FAILED: ERROR: [youtube] izDr4vQasOU: Please sign in. Use --cookies-from-browser or --cookies for the authentication. See  https://github.com/yt-dlp/yt-dlp/wiki/FAQ#how-do-i-pass-cookies-to-yt-dlp  for how to manually pass cookies. Also see  https://github.com/yt-dlp/yt-dlp/wiki/Extractors#exporting-youtube-cookies  for tips on effectively exporting YouTube cookies
[16:11:03]   [video 1753/24611] yt-dlp BbD3GMvq6QA (1 clip(s) needed) ...
[16:11:06]     FAILED: ERROR: [youtube] BbD3GMvq6QA: This video is not available
[16:11:06]   [video 1770/24611] yt-dlp PBVFR1cHN_M (1 clip(s) needed) ...
[16:11:10]     FAILED: ERROR: [youtube] PBVFR1cHN_M: Please sign in. Use --cookies-from-browser or --cookies for the authentication. See  https://github.com/yt-dlp/yt-dlp/wiki/FAQ#how-do-i-pass-cookies-to-yt-dlp  for how to manually pass cookies. Also see  https://github.com/yt-dlp/yt-dlp/wiki/Extractors#exporting-youtube-cookies  for tips on effectively exporting YouTube cookies
[16:11:11]   [video 1815/24611] yt-dlp AGoCre1gMd0 (1 clip(s) needed) ...
[16:11:13]     FAILED: ERROR: [youtube] AGoCre1gMd0: Video unavailable
[16:11:14]   [video 1822/24611] yt-dlp yIb56PQwIfE (1 clip(s) needed) ...
[16:11:16]     FAILED: ERROR: [youtube] yIb56PQwIfE: Private video
[16:11:17]   [video 1836/24611] yt-dlp -O7AfMh-ybY (1 clip(s) needed) ...
[16:11:19]     FAILED: ERROR: [youtube] -O7AfMh-ybY: Private video
[16:11:19]   [video 1840/24611] yt-dlp 6vTmKqm2j5E (1 clip(s) needed) ...
[16:11:22]     FAILED: ERROR: [youtube] 6vTmKqm2j5E: Private video
[16:11:22]   [video 1843/24611] yt-dlp 79BT8FUNKAc (1 clip(s) needed) ...
[16:11:26]     FAILED: ERROR: [youtube] 79BT8FUNKAc: This video is not available
[16:11:26]   [video 1861/24611] yt-dlp QYIs7_AjrzY (1 clip(s) needed) ...
[16:11:32]     FAILED: ERROR: [youtube] QYIs7_AjrzY: This video is not available
[16:11:32]   [video 1888/24611] yt-dlp wqDoInA3faM (1 clip(s) needed) ...
[16:11:35]     FAILED: ERROR: [youtube] wqDoInA3faM: Private video
[16:11:36]   [video 1898/24611] yt-dlp WU_ysH442Bc (1 clip(s) needed) ...
[16:11:39]     FAILED: ERROR: [youtube] WU_ysH442Bc: This video is not available
[16:11:39]   [video 1900/24611] yt-dlp 3MkUbRfZwIc (1 clip(s) needed) ...
[16:11:42]     FAILED: ERROR: [youtube] 3MkUbRfZwIc: Private video
[16:11:43]   [video 1921/24611] yt-dlp VkhlUmYpdJc (1 clip(s) needed) ...
[16:11:46]     FAILED: ERROR: [youtube] VkhlUmYpdJc: This video is not available
[16:11:46]   [video 1931/24611] yt-dlp NDWRR_6RmwM (1 clip(s) needed) ...
[16:12:20]     [1984/24988] cutting NDWRR_6RmwM-0:00:30.397-0:00:36.336.mp4 (0:00:30.397 -> 0:00:36.336)
[16:12:21]   [video 1944/24611] yt-dlp CNYTJ8W3Jyo (1 clip(s) needed) ...
[16:12:23]     FAILED: ERROR: [youtube] CNYTJ8W3Jyo: This video is unavailable
[16:12:24]   [video 1947/24611] yt-dlp F8HNUZ6SWKo (1 clip(s) needed) ...
[16:12:27]     FAILED: ERROR: [youtube] F8HNUZ6SWKo: This video is not available
[16:12:27]   [video 1956/24611] yt-dlp hGodGw-E100 (1 clip(s) needed) ...
[16:12:31]     FAILED: ERROR: [youtube] hGodGw-E100: This video is not available
[16:12:32]   [video 2002/24611] yt-dlp 3FjdZbtjng8 (1 clip(s) needed) ...
[16:12:37]     FAILED: ERROR: [youtube] 3FjdZbtjng8: This video is not available
[16:12:37]   [video 2006/24611] yt-dlp WdUZsJyMy78 (2 clip(s) needed) ...
[16:12:40]     FAILED: ERROR: [youtube] WdUZsJyMy78: Please sign in. Use --cookies-from-browser or --cookies for the authentication. See  https://github.com/yt-dlp/yt-dlp/wiki/FAQ#how-do-i-pass-cookies-to-yt-dlp  for how to manually pass cookies. Also see  https://github.com/yt-dlp/yt-dlp/wiki/Extractors#exporting-youtube-cookies  for tips on effectively exporting YouTube cookies
[16:12:40]   [video 2055/24611] yt-dlp KRy6azdiqtc (1 clip(s) needed) ...
[16:12:43]     FAILED: ERROR: [youtube] KRy6azdiqtc: This video is not available
[16:12:43]   [video 2069/24611] yt-dlp YxS7TBdsa6g (1 clip(s) needed) ...
[16:12:46]     FAILED: ERROR: [youtube] YxS7TBdsa6g: Private video
[16:12:46]   [video 2085/24611] yt-dlp mC0n9yHSc-w (1 clip(s) needed) ...
[16:12:49]     FAILED: ERROR: [youtube] mC0n9yHSc-w: Private video
[16:12:49]   [video 2107/24611] yt-dlp sNyEbrA6CTI (1 clip(s) needed) ...
[16:12:52]     FAILED: ERROR: [youtube] sNyEbrA6CTI: Private video
[16:12:52]   [video 2125/24611] yt-dlp TuJv1yuokgk (1 clip(s) needed) ...
[16:12:55]     FAILED: ERROR: [youtube] TuJv1yuokgk: This video is not available
[16:12:55]   [video 2128/24611] yt-dlp bWurpLIvigo (1 clip(s) needed) ...
[16:12:58]     FAILED: ERROR: [youtube] bWurpLIvigo: Private video
[16:12:58]   [video 2131/24611] yt-dlp knkDFoDQzRE (1 clip(s) needed) ...
[16:13:02]     FAILED: ERROR: [youtube] knkDFoDQzRE: This video is not available
[16:13:02]   [video 2141/24611] yt-dlp k5p9hhrpEsg (1 clip(s) needed) ...
[16:13:06]     FAILED: ERROR: [youtube] k5p9hhrpEsg: Please sign in. Use --cookies-from-browser or --cookies for the authentication. See  https://github.com/yt-dlp/yt-dlp/wiki/FAQ#how-do-i-pass-cookies-to-yt-dlp  for how to manually pass cookies. Also see  https://github.com/yt-dlp/yt-dlp/wiki/Extractors#exporting-youtube-cookies  for tips on effectively exporting YouTube cookies
[16:13:06]   [video 2155/24611] yt-dlp Yp8CNjLZPh0 (1 clip(s) needed) ...
[16:13:09]     FAILED: ERROR: [youtube] Yp8CNjLZPh0: This video is not available
[16:13:09]   [video 2193/24611] yt-dlp VFLXiyhjr0E (1 clip(s) needed) ...
[16:13:13]     FAILED: ERROR: [youtube] VFLXiyhjr0E: This video is not available
[16:13:13]   [video 2202/24611] yt-dlp PoQryfn3e4s (1 clip(s) needed) ...
[16:13:16]     FAILED: ERROR: [youtube] PoQryfn3e4s: This video is not available
[16:13:16]   [video 2221/24611] yt-dlp qhz2lOI1s80 (1 clip(s) needed) ...
[16:13:19]     FAILED: ERROR: [youtube] qhz2lOI1s80: This video is not available
[16:13:19]   [video 2232/24611] yt-dlp o9fLumXR5b4 (1 clip(s) needed) ...
[16:13:23]     FAILED: ERROR: [youtube] o9fLumXR5b4: This video is not available
[16:13:23]   [video 2237/24611] yt-dlp ryVC_6XfEZk (1 clip(s) needed) ...
[16:13:26]     FAILED: ERROR: [youtube] ryVC_6XfEZk: Please sign in. Use --cookies-from-browser or --cookies for the authentication. See  https://github.com/yt-dlp/yt-dlp/wiki/FAQ#how-do-i-pass-cookies-to-yt-dlp  for how to manually pass cookies. Also see  https://github.com/yt-dlp/yt-dlp/wiki/Extractors#exporting-youtube-cookies  for tips on effectively exporting YouTube cookies
[16:13:26]   [video 2256/24611] yt-dlp vo_aA4Q9SDc (1 clip(s) needed) ...
[16:13:29]     FAILED: ERROR: [youtube] vo_aA4Q9SDc: Private video
[16:13:29]   [video 2258/24611] yt-dlp 0dhlRz-XoXU (1 clip(s) needed) ...
[16:13:32]     FAILED: ERROR: [youtube] 0dhlRz-XoXU: This video is not available
[16:13:32]   [video 2282/24611] yt-dlp FxzcsdccwOU (1 clip(s) needed) ...
[16:13:35]     FAILED: ERROR: [youtube] FxzcsdccwOU: This video is not available
[16:13:35]   [video 2283/24611] yt-dlp 7fjqpVPV3Ko (1 clip(s) needed) ...
[16:13:39]     FAILED: ERROR: [youtube] 7fjqpVPV3Ko: This video is not available
[16:13:39]   [video 2293/24611] yt-dlp ytY9b-TFpo4 (1 clip(s) needed) ...
[16:13:43]     FAILED: ERROR: [youtube] ytY9b-TFpo4: This video is not available
[16:13:43]   [video 2313/24611] yt-dlp ure550LJe9U (1 clip(s) needed) ...
[16:13:46]     FAILED: ERROR: [youtube] ure550LJe9U: This video is not available
[16:13:46]   [video 2317/24611] yt-dlp rNosvLD7n8A (1 clip(s) needed) ...
[16:13:49]     FAILED: ERROR: [youtube] rNosvLD7n8A: Video unavailable
[16:13:49]   [video 2325/24611] yt-dlp ABXJ6DB0NnY (1 clip(s) needed) ...
[16:13:52]     FAILED: ERROR: [youtube] ABXJ6DB0NnY: Private video
[16:13:52]   [video 2412/24611] yt-dlp nteX-mkE3qA (1 clip(s) needed) ...
[16:13:55]     FAILED: ERROR: [youtube] nteX-mkE3qA: Video unavailable
[16:13:55]   [video 2434/24611] yt-dlp kWD7AFRMths (1 clip(s) needed) ...
[16:13:58]     FAILED: ERROR: [youtube] kWD7AFRMths: This video is not available
[16:13:58]   [video 2435/24611] yt-dlp AMHt7808Uyg (1 clip(s) needed) ...
[16:14:01]     FAILED: ERROR: [youtube] AMHt7808Uyg: Private video
[16:14:01]   [video 2487/24611] yt-dlp 6PK9ypuJqJA (1 clip(s) needed) ...
[16:14:04]     FAILED: ERROR: [youtube] 6PK9ypuJqJA: Please sign in. Use --cookies-from-browser or --cookies for the authentication. See  https://github.com/yt-dlp/yt-dlp/wiki/FAQ#how-do-i-pass-cookies-to-yt-dlp  for how to manually pass cookies. Also see  https://github.com/yt-dlp/yt-dlp/wiki/Extractors#exporting-youtube-cookies  for tips on effectively exporting YouTube cookies
[16:14:05]   [video 2536/24611] yt-dlp CoQS54fIM6E (1 clip(s) needed) ...
[16:14:08]     FAILED: ERROR: [youtube] CoQS54fIM6E: Private video
[16:14:08]   [video 2540/24611] yt-dlp QoQRFRiQe8g (1 clip(s) needed) ...
[16:14:11]     FAILED: ERROR: [youtube] QoQRFRiQe8g: Private video
[16:14:11]   [video 2553/24611] yt-dlp 6RGRkahM6Ts (1 clip(s) needed) ...
[16:14:20]     FAILED: ERROR: [youtube] 6RGRkahM6Ts: This video is not available
[16:14:20]   [video 2561/24611] yt-dlp B0prg06gLTM (1 clip(s) needed) ...
[16:14:28]     FAILED: ERROR: [youtube] B0prg06gLTM: This video is unavailable
[16:14:28]   [video 2562/24611] yt-dlp JGCP7z7AAiU (1 clip(s) needed) ...
[16:14:31]     FAILED: ERROR: [youtube] JGCP7z7AAiU: This video is not available
[16:14:31]   [video 2616/24611] yt-dlp -Gl_9D_wAzQ (1 clip(s) needed) ...
[16:14:34]     FAILED: ERROR: [youtube] -Gl_9D_wAzQ: Private video
[16:14:34]   [video 2622/24611] yt-dlp CG4ILfYcbFo (1 clip(s) needed) ...
[16:14:38]     FAILED: ERROR: [youtube] CG4ILfYcbFo: Private video
[16:14:38]   [video 2646/24611] yt-dlp woDXopvKdQ8 (1 clip(s) needed) ...
[16:14:46]     FAILED: ERROR: [youtube] woDXopvKdQ8: This video is not available
[16:14:47]   [video 2672/24611] yt-dlp 6MYGwM3_cmM (1 clip(s) needed) ...
[16:14:49]     FAILED: ERROR: [youtube] 6MYGwM3_cmM: Private video
[16:14:49]   [video 2673/24611] yt-dlp xBudt5LMCaw (1 clip(s) needed) ...
[16:14:53]     FAILED: ERROR: [youtube] xBudt5LMCaw: Private video
[16:14:53]   [video 2678/24611] yt-dlp 0WWic04wHZk (1 clip(s) needed) ...
[16:14:56]     FAILED: ERROR: [youtube] 0WWic04wHZk: This video is not available
[16:14:56]   [video 2715/24611] yt-dlp XPGxYoHZ8dU (1 clip(s) needed) ...
[16:15:00]     FAILED: ERROR: [youtube] XPGxYoHZ8dU: This video is not available
[16:15:00]   [video 2718/24611] yt-dlp NZ-ujwEc4Zg (1 clip(s) needed) ...
[16:15:03]     FAILED: ERROR: [youtube] NZ-ujwEc4Zg: Please sign in. Use --cookies-from-browser or --cookies for the authentication. See  https://github.com/yt-dlp/yt-dlp/wiki/FAQ#how-do-i-pass-cookies-to-yt-dlp  for how to manually pass cookies. Also see  https://github.com/yt-dlp/yt-dlp/wiki/Extractors#exporting-youtube-cookies  for tips on effectively exporting YouTube cookies
[16:15:03]   [video 2719/24611] yt-dlp 5RJD3HlWDec (1 clip(s) needed) ...
[16:15:07]     FAILED: ERROR: [youtube] 5RJD3HlWDec: Please sign in. Use --cookies-from-browser or --cookies for the authentication. See  https://github.com/yt-dlp/yt-dlp/wiki/FAQ#how-do-i-pass-cookies-to-yt-dlp  for how to manually pass cookies. Also see  https://github.com/yt-dlp/yt-dlp/wiki/Extractors#exporting-youtube-cookies  for tips on effectively exporting YouTube cookies
[16:15:08]   [video 2743/24611] yt-dlp tkAg1gnVzb4 (1 clip(s) needed) ...
[16:15:11]     FAILED: ERROR: [youtube] tkAg1gnVzb4: Please sign in. Use --cookies-from-browser or --cookies for the authentication. See  https://github.com/yt-dlp/yt-dlp/wiki/FAQ#how-do-i-pass-cookies-to-yt-dlp  for how to manually pass cookies. Also see  https://github.com/yt-dlp/yt-dlp/wiki/Extractors#exporting-youtube-cookies  for tips on effectively exporting YouTube cookies
[16:15:11]   [video 2753/24611] yt-dlp u460HXZd9gA (1 clip(s) needed) ...
[16:15:14]     FAILED: ERROR: [youtube] u460HXZd9gA: This video is unavailable
[16:15:14]   [video 2813/24611] yt-dlp _hQHte164Zw (1 clip(s) needed) ...
[16:15:17]     FAILED: ERROR: [youtube] _hQHte164Zw: This video is not available
[16:15:17]   [video 2822/24611] yt-dlp g87Jp1YpnLc (1 clip(s) needed) ...
[16:15:21]     FAILED: ERROR: [youtube] g87Jp1YpnLc: This video is not available
[16:15:21]   [video 2837/24611] yt-dlp M28z2aVJm9M (1 clip(s) needed) ...
[16:15:24]     FAILED: ERROR: [youtube] M28z2aVJm9M: Private video
[16:15:24]   [video 2845/24611] yt-dlp 1-edzgOt_JY (1 clip(s) needed) ...
[16:15:26]     FAILED: ERROR: [youtube] 1-edzgOt_JY: Private video
[16:15:26]   [video 2848/24611] yt-dlp zudgk6OkB54 (1 clip(s) needed) ...
[16:15:31]     FAILED: ERROR: [youtube] zudgk6OkB54: This video is not available
[16:15:31]   [video 2852/24611] yt-dlp H8BgvAvsNT4 (1 clip(s) needed) ...
[16:15:34]     FAILED: ERROR: [youtube] H8BgvAvsNT4: This video is unavailable
[16:15:34]   [video 2862/24611] yt-dlp HH0Nfrs8T6c (1 clip(s) needed) ...
[16:15:37]     FAILED: ERROR: [youtube] HH0Nfrs8T6c: Video unavailable
[16:15:37]   [video 2879/24611] yt-dlp 2gLK_WvOy-s (1 clip(s) needed) ...
[16:15:40]     FAILED: ERROR: [youtube] 2gLK_WvOy-s: Private video
[16:15:41]   [video 2897/24611] yt-dlp gvPXQWj1qkk (1 clip(s) needed) ...
[16:15:44]     FAILED: ERROR: [youtube] gvPXQWj1qkk: This video is not available
[16:15:44]   [video 2898/24611] yt-dlp eU4Q6-eCzzA (2 clip(s) needed) ...
[16:15:47]     FAILED: ERROR: [youtube] eU4Q6-eCzzA: This video is not available
[16:15:48]   [video 2934/24611] yt-dlp Sn807Vasc9E (1 clip(s) needed) ...
[16:15:51]     FAILED: ERROR: [youtube] Sn807Vasc9E: Private video
[16:15:51]   [video 2947/24611] yt-dlp qOfrV66OpDM (1 clip(s) needed) ...
[16:15:54]     FAILED: ERROR: [youtube] qOfrV66OpDM: This video is not available
[16:15:54]   [video 2982/24611] yt-dlp PQBQN1zUm24 (1 clip(s) needed) ...
[16:15:58]     FAILED: ERROR: [youtube] PQBQN1zUm24: This video is not available
[16:15:58]   [video 2990/24611] yt-dlp y4H1DKfzXRs (1 clip(s) needed) ...
[16:16:01]     FAILED: ERROR: [youtube] y4H1DKfzXRs: Please sign in. Use --cookies-from-browser or --cookies for the authentication. See  https://github.com/yt-dlp/yt-dlp/wiki/FAQ#how-do-i-pass-cookies-to-yt-dlp  for how to manually pass cookies. Also see  https://github.com/yt-dlp/yt-dlp/wiki/Extractors#exporting-youtube-cookies  for tips on effectively exporting YouTube cookies
[16:16:01]   [video 3003/24611] yt-dlp FXQygwFT9WQ (1 clip(s) needed) ...
[16:16:04]     FAILED: ERROR: [youtube] FXQygwFT9WQ: This video is unavailable
[16:16:04]   [video 3012/24611] yt-dlp yz4wRr7uWw0 (1 clip(s) needed) ...
[16:16:08]     FAILED: ERROR: [youtube] yz4wRr7uWw0: Private video
[16:16:08]   [video 3028/24611] yt-dlp RHD_-6RRYbo (1 clip(s) needed) ...
[16:16:11]     FAILED: ERROR: [youtube] RHD_-6RRYbo: This video is not available
[16:16:12]   [video 3036/24611] yt-dlp dTzwh1lL0qM (1 clip(s) needed) ...
[16:16:17]     FAILED: ERROR: [youtube] dTzwh1lL0qM: This video is not available
[16:16:17]   [video 3055/24611] yt-dlp RMsY7FpF9Ns (1 clip(s) needed) ...
[16:16:20]     FAILED: ERROR: [youtube] RMsY7FpF9Ns: Private video
[16:16:20]   [video 3109/24611] yt-dlp PJ-Qfne_pqw (1 clip(s) needed) ...
[16:16:25]     FAILED: ERROR: [youtube] PJ-Qfne_pqw: This video is not available
[16:16:25]   [video 3121/24611] yt-dlp 0qu4mdMj9S4 (1 clip(s) needed) ...
[16:16:28]     FAILED: ERROR: [youtube] 0qu4mdMj9S4: This video is not available
[16:16:29]   [video 3140/24611] yt-dlp yxGMBt_mtVk (1 clip(s) needed) ...
[16:16:32]     FAILED: ERROR: [youtube] yxGMBt_mtVk: Private video
[16:16:32]   [video 3151/24611] yt-dlp bFF1izh10PM (1 clip(s) needed) ...
[16:16:36]     FAILED: ERROR: [youtube] bFF1izh10PM: This video is not available
[16:16:36]   [video 3177/24611] yt-dlp R16UCE683jA (1 clip(s) needed) ...
[16:16:40]     FAILED: ERROR: [youtube] R16UCE683jA: This video is not available
[16:16:41]   [video 3198/24611] yt-dlp G7g8u16PAtQ (1 clip(s) needed) ...
[16:16:44]     FAILED: ERROR: [youtube] G7g8u16PAtQ: This video is not available
[16:16:44]   [video 3206/24611] yt-dlp Umt3uBidJRU (1 clip(s) needed) ...
[16:16:48]     FAILED: ERROR: [youtube] Umt3uBidJRU: This video is not available
[16:16:48]   [video 3217/24611] yt-dlp fhVBddJbLgo (1 clip(s) needed) ...
[16:16:52]     FAILED: ERROR: [youtube] fhVBddJbLgo: This video is not available
[16:16:52]   [video 3256/24611] yt-dlp wVMtjsS-xsA (1 clip(s) needed) ...
[16:16:55]     FAILED: ERROR: [youtube] wVMtjsS-xsA: Please sign in. Use --cookies-from-browser or --cookies for the authentication. See  https://github.com/yt-dlp/yt-dlp/wiki/FAQ#how-do-i-pass-cookies-to-yt-dlp  for how to manually pass cookies. Also see  https://github.com/yt-dlp/yt-dlp/wiki/Extractors#exporting-youtube-cookies  for tips on effectively exporting YouTube cookies
[16:16:55]   [video 3257/24611] yt-dlp An1NJ_UIZPY (1 clip(s) needed) ...
[16:16:59]     FAILED: ERROR: [youtube] An1NJ_UIZPY: This video is not available
[16:16:59]   [video 3289/24611] yt-dlp XIKfwlJMjJ8 (1 clip(s) needed) ...
[16:17:01]     FAILED: ERROR: [youtube] XIKfwlJMjJ8: This video is unavailable
[16:17:02]   [video 3342/24611] yt-dlp ZkNCm2f6aDs (1 clip(s) needed) ...
[16:17:04]     FAILED: ERROR: [youtube] ZkNCm2f6aDs: Private video
[16:17:04]   [video 3383/24611] yt-dlp lPmZm0MCx1c (1 clip(s) needed) ...
[16:17:07]     FAILED: ERROR: [youtube] lPmZm0MCx1c: Video unavailable
[16:17:07]   [video 3420/24611] yt-dlp 9kfzkB9cDhQ (1 clip(s) needed) ...
[16:17:10]     FAILED: ERROR: [youtube] 9kfzkB9cDhQ: Private video
[16:17:10]   [video 3427/24611] yt-dlp Rcg7C1lRq8w (1 clip(s) needed) ...
[16:17:13]     FAILED: ERROR: [youtube] Rcg7C1lRq8w: This video is not available
[16:17:13]   [video 3441/24611] yt-dlp t883qRFGH08 (1 clip(s) needed) ...
[16:17:17]     FAILED: ERROR: [youtube] t883qRFGH08: Private video
[16:17:17]   [video 3449/24611] yt-dlp _Itkb9qDwyQ (1 clip(s) needed) ...
[16:17:26]     FAILED: ERROR: [youtube] _Itkb9qDwyQ: Please sign in. Use --cookies-from-browser or --cookies for the authentication. See  https://github.com/yt-dlp/yt-dlp/wiki/FAQ#how-do-i-pass-cookies-to-yt-dlp  for how to manually pass cookies. Also see  https://github.com/yt-dlp/yt-dlp/wiki/Extractors#exporting-youtube-cookies  for tips on effectively exporting YouTube cookies
[16:17:26]   [video 3456/24611] yt-dlp 10-_8vjllJE (1 clip(s) needed) ...
[16:17:29]     FAILED: ERROR: [youtube] 10-_8vjllJE: Private video
[16:17:29]   [video 3479/24611] yt-dlp Fhk8YL5vtvk (1 clip(s) needed) ...
[16:17:32]     FAILED: ERROR: [youtube] Fhk8YL5vtvk: Please sign in. Use --cookies-from-browser or --cookies for the authentication. See  https://github.com/yt-dlp/yt-dlp/wiki/FAQ#how-do-i-pass-cookies-to-yt-dlp  for how to manually pass cookies. Also see  https://github.com/yt-dlp/yt-dlp/wiki/Extractors#exporting-youtube-cookies  for tips on effectively exporting YouTube cookies
[16:17:32]   [video 3490/24611] yt-dlp EVicgFd25D4 (1 clip(s) needed) ...
[16:17:36]     FAILED: ERROR: [youtube] EVicgFd25D4: This video is unavailable
[16:17:36]   [video 3523/24611] yt-dlp cy_5RgNPwTA (1 clip(s) needed) ...
[16:17:39]     FAILED: ERROR: [youtube] cy_5RgNPwTA: This video is not available
[16:17:39]   [video 3528/24611] yt-dlp WFXjH3kqi_w (1 clip(s) needed) ...
[16:17:42]     FAILED: ERROR: [youtube] WFXjH3kqi_w: Private video
[16:17:42]   [video 3534/24611] yt-dlp VylLXwdFPmc (1 clip(s) needed) ...
[16:17:45]     FAILED: ERROR: [youtube] VylLXwdFPmc: This video is not available
[16:17:45]   [video 3543/24611] yt-dlp biQziR0-TOc (1 clip(s) needed) ...
[16:17:48]     FAILED: ERROR: [youtube] biQziR0-TOc: Private video
[16:17:48]   [video 3552/24611] yt-dlp upDBK4x3weo (1 clip(s) needed) ...
[16:17:51]     FAILED: ERROR: [youtube] upDBK4x3weo: This video has been removed for violating YouTube's Terms of Service
[16:17:51]   [video 3570/24611] yt-dlp Dkl04iAlrgM (1 clip(s) needed) ...
[16:17:54]     FAILED: ERROR: [youtube] Dkl04iAlrgM: This video is unavailable
[16:17:54]   [video 3571/24611] yt-dlp hwf_twV-Xzg (1 clip(s) needed) ...
[16:17:56]     FAILED: ERROR: [youtube] hwf_twV-Xzg: Private video
[16:17:56]   [video 3587/24611] yt-dlp 5U7RSzkZwhk (1 clip(s) needed) ...
[16:18:00]     FAILED: ERROR: [youtube] 5U7RSzkZwhk: Please sign in. Use --cookies-from-browser or --cookies for the authentication. See  https://github.com/yt-dlp/yt-dlp/wiki/FAQ#how-do-i-pass-cookies-to-yt-dlp  for how to manually pass cookies. Also see  https://github.com/yt-dlp/yt-dlp/wiki/Extractors#exporting-youtube-cookies  for tips on effectively exporting YouTube cookies
[16:18:00]   [video 3612/24611] yt-dlp QJ_F9tZctA0 (1 clip(s) needed) ...
[16:18:04]     FAILED: ERROR: [youtube] QJ_F9tZctA0: This video is not available
[16:18:04]   [video 3617/24611] yt-dlp roFmNEmejVg (1 clip(s) needed) ...
[16:18:07]     FAILED: ERROR: [youtube] roFmNEmejVg: This video is not available
[16:18:07]   [video 3647/24611] yt-dlp m4ClyKyKsVQ (1 clip(s) needed) ...
[16:18:11]     FAILED: ERROR: [youtube] m4ClyKyKsVQ: This video is not available
[16:18:11]   [video 3691/24611] yt-dlp Tc-xA-eHrIs (1 clip(s) needed) ...
[16:18:14]     FAILED: ERROR: [youtube] Tc-xA-eHrIs: This video is not available
[16:18:14]   [video 3718/24611] yt-dlp wq-SetsbHGM (1 clip(s) needed) ...
[16:18:18]     FAILED: ERROR: [youtube] wq-SetsbHGM: This video is not available
[16:18:18]   [video 3719/24611] yt-dlp mklG-E-9z6o (1 clip(s) needed) ...
[16:18:21]     FAILED: ERROR: [youtube] mklG-E-9z6o: This video is unavailable
[16:18:21]   [video 3730/24611] yt-dlp FMk0xB0Z7g0 (1 clip(s) needed) ...
[16:18:24]     FAILED: ERROR: [youtube] FMk0xB0Z7g0: Private video
[16:18:24]   [video 3741/24611] yt-dlp N7HoAV_uwCk (1 clip(s) needed) ...
[16:18:26]     FAILED: ERROR: [youtube] N7HoAV_uwCk: Private video
[16:18:26]   [video 3743/24611] yt-dlp i7pZnt7yYX8 (1 clip(s) needed) ...
[16:18:30]     FAILED: ERROR: [youtube] i7pZnt7yYX8: This video is not available
[16:18:30]   [video 3746/24611] yt-dlp ZU5A-e-MS8g (1 clip(s) needed) ...
[16:18:34]     FAILED: ERROR: [youtube] ZU5A-e-MS8g: This video is not available
[16:18:34]   [video 3760/24611] yt-dlp q8VEDtSZlnk (1 clip(s) needed) ...
[16:18:37]     FAILED: ERROR: [youtube] q8VEDtSZlnk: This video is not available
[16:18:37]   [video 3775/24611] yt-dlp KQRjnSmwRWk (1 clip(s) needed) ...
[16:18:40]     FAILED: ERROR: [youtube] KQRjnSmwRWk: This video is not available
[16:18:40]   [video 3777/24611] yt-dlp loZzWHvk1LQ (1 clip(s) needed) ...
[16:18:43]     FAILED: ERROR: [youtube] loZzWHvk1LQ: This video is unavailable
[16:18:43]   [video 3788/24611] yt-dlp G8swIi8MiWc (1 clip(s) needed) ...
[16:18:47]     FAILED: ERROR: [youtube] G8swIi8MiWc: This video is not available
[16:18:48]   [video 3854/24611] yt-dlp RH0lHV5UcCU (1 clip(s) needed) ...
[16:18:51]     FAILED: ERROR: [youtube] RH0lHV5UcCU: This video is not available
[16:18:51]   [video 3873/24611] yt-dlp X19RBKv2Zhw (1 clip(s) needed) ...
[16:18:54]     FAILED: ERROR: [youtube] X19RBKv2Zhw: Video unavailable
[16:18:54]   [video 3880/24611] yt-dlp widxdboqwT8 (1 clip(s) needed) ...
[16:18:57]     FAILED: ERROR: [youtube] widxdboqwT8: Private video
[16:18:57]   [video 3885/24611] yt-dlp uAnznnghy-I (1 clip(s) needed) ...
[16:19:00]     FAILED: ERROR: [youtube] uAnznnghy-I: Private video
[16:19:00]   [video 3910/24611] yt-dlp yjIV44ctZ98 (1 clip(s) needed) ...
[16:19:04]     FAILED: ERROR: [youtube] yjIV44ctZ98: Please sign in. Use --cookies-from-browser or --cookies for the authentication. See  https://github.com/yt-dlp/yt-dlp/wiki/FAQ#how-do-i-pass-cookies-to-yt-dlp  for how to manually pass cookies. Also see  https://github.com/yt-dlp/yt-dlp/wiki/Extractors#exporting-youtube-cookies  for tips on effectively exporting YouTube cookies
[16:19:04]   [video 3946/24611] yt-dlp rVaa5ggzxMY (1 clip(s) needed) ...
[16:19:07]     FAILED: ERROR: [youtube] rVaa5ggzxMY: This video is not available
[16:19:07]   [video 3992/24611] yt-dlp SDqTfKq912Y (1 clip(s) needed) ...
[16:19:10]     FAILED: ERROR: [youtube] SDqTfKq912Y: Video unavailable
[16:19:10]   [video 3998/24611] yt-dlp o6aeM1kYqkY (1 clip(s) needed) ...
[16:19:13]     FAILED: ERROR: [youtube] o6aeM1kYqkY: Private video
[16:19:13]   [video 4004/24611] yt-dlp KekPiIusU3g (1 clip(s) needed) ...
[16:19:16]     FAILED: ERROR: [youtube] KekPiIusU3g: Private video
[16:19:16]   [video 4006/24611] yt-dlp 96w4P3eMWoI (1 clip(s) needed) ...
[16:19:19]     FAILED: ERROR: [youtube] 96w4P3eMWoI: Private video
[16:19:19]   [video 4018/24611] yt-dlp 8Zb2BT8xmcI (1 clip(s) needed) ...
[16:19:23]     FAILED: ERROR: [youtube] 8Zb2BT8xmcI: This video is not available
[16:19:23]   [video 4046/24611] yt-dlp xXwbE9I8upk (1 clip(s) needed) ...
[16:19:26]     FAILED: ERROR: [youtube] xXwbE9I8upk: This video is not available
[16:19:27]   [video 4053/24611] yt-dlp UwtiWXeDncg (1 clip(s) needed) ...
[16:19:30]     FAILED: ERROR: [youtube] UwtiWXeDncg: This video is not available
[16:19:30]   [video 4062/24611] yt-dlp POExwDbWCjk (1 clip(s) needed) ...
[16:19:33]     FAILED: ERROR: [youtube] POExwDbWCjk: Private video
[16:19:34]   [video 4105/24611] yt-dlp XVYaz-D2MYE (1 clip(s) needed) ...
[16:19:37]     FAILED: ERROR: [youtube] XVYaz-D2MYE: This video is not available
[16:19:37]   [video 4140/24611] yt-dlp _aD-kCqjXwk (1 clip(s) needed) ...
[16:19:40]     FAILED: ERROR: [youtube] _aD-kCqjXwk: This video is unavailable
[16:19:40]   [video 4145/24611] yt-dlp 9QIsVe4uk2M (1 clip(s) needed) ...
[16:19:43]     FAILED: ERROR: [youtube] 9QIsVe4uk2M: Video unavailable
[16:19:43]   [video 4150/24611] yt-dlp 35YMz5EVU8E (1 clip(s) needed) ...
[16:19:46]     FAILED: ERROR: [youtube] 35YMz5EVU8E: This video is not available
[16:19:46]   [video 4175/24611] yt-dlp sQdZI71kYQo (1 clip(s) needed) ...
[16:19:50]     FAILED: ERROR: [youtube] sQdZI71kYQo: Video unavailable
[16:19:50]   [video 4203/24611] yt-dlp zBDS0Vlf4w4 (1 clip(s) needed) ...
[16:19:53]     FAILED: ERROR: [youtube] zBDS0Vlf4w4: This video is not available
[16:19:53]   [video 4223/24611] yt-dlp hUdvS4ukq0k (1 clip(s) needed) ...
[16:19:57]     FAILED: ERROR: [youtube] hUdvS4ukq0k: Private video
[16:19:58]   [video 4244/24611] yt-dlp HefeutKxkP8 (1 clip(s) needed) ...
[16:20:01]     FAILED: ERROR: [youtube] HefeutKxkP8: This video is unavailable
[16:20:01]   [video 4263/24611] yt-dlp mInPt4-_Dyc (1 clip(s) needed) ...
[16:20:05]     FAILED: ERROR: [youtube] mInPt4-_Dyc: Private video
[16:20:05]   [video 4282/24611] yt-dlp ENu-mO-MYbs (1 clip(s) needed) ...
[16:20:08]     FAILED: ERROR: [youtube] ENu-mO-MYbs: Video unavailable
[16:20:08]   [video 4290/24611] yt-dlp 9-LyoHyqFw8 (1 clip(s) needed) ...
[16:20:12]     FAILED: ERROR: [youtube] 9-LyoHyqFw8: This video is not available
[16:20:12]   [video 4301/24611] yt-dlp QY1lmmbub8M (1 clip(s) needed) ...
[16:20:15]     FAILED: ERROR: [youtube] QY1lmmbub8M: This video is not available
[16:20:15]   [video 4331/24611] yt-dlp RMJ363NfBYU (1 clip(s) needed) ...
[16:20:18]     FAILED: ERROR: [youtube] RMJ363NfBYU: This video is not available
[16:20:18]   [video 4341/24611] yt-dlp u9Bhe-lMzos (1 clip(s) needed) ...
[16:20:22]     FAILED: ERROR: [youtube] u9Bhe-lMzos: This video is not available
[16:20:22]   [video 4351/24611] yt-dlp WsHqQAfZvc4 (1 clip(s) needed) ...
[16:20:25]     FAILED: ERROR: [youtube] WsHqQAfZvc4: This video is not available
[16:20:25]   [video 4370/24611] yt-dlp z0qXVl796Ew (1 clip(s) needed) ...
[16:20:28]     FAILED: ERROR: [youtube] z0qXVl796Ew: Video unavailable
[16:20:28]   [video 4371/24611] yt-dlp HaKF11OD93A (1 clip(s) needed) ...
[16:20:31]     FAILED: ERROR: [youtube] HaKF11OD93A: This video is unavailable
[16:20:31]   [video 4380/24611] yt-dlp O8MRbKAl3JE (1 clip(s) needed) ...
[16:20:34]     FAILED: ERROR: [youtube] O8MRbKAl3JE: Private video
[16:20:34]   [video 4388/24611] yt-dlp nYKG1-vK_hQ (1 clip(s) needed) ...
[16:20:38]     FAILED: ERROR: [youtube] nYKG1-vK_hQ: This video is not available
[16:20:38]   [video 4431/24611] yt-dlp hj1zFKaV33k (1 clip(s) needed) ...
[16:20:40]     FAILED: ERROR: [youtube] hj1zFKaV33k: This video is unavailable
[16:20:41]   [video 4434/24611] yt-dlp QH_G1dSdPes (1 clip(s) needed) ...
[16:20:44]     FAILED: ERROR: [youtube] QH_G1dSdPes: This video is not available
[16:20:44]   [video 4444/24611] yt-dlp oYEDlzxmoFY (1 clip(s) needed) ...
[16:20:47]     FAILED: ERROR: [youtube] oYEDlzxmoFY: Video unavailable
[16:20:47]   [video 4461/24611] yt-dlp Gz86ay4vLyg (1 clip(s) needed) ...
[16:20:51]     FAILED: ERROR: [youtube] Gz86ay4vLyg: This video is not available
[16:20:51]   [video 4464/24611] yt-dlp KCnZLzrjTmg (1 clip(s) needed) ...
[16:20:54]     FAILED: ERROR: [youtube] KCnZLzrjTmg: Private video
[16:20:54]   [video 4467/24611] yt-dlp GbaQwOaDkj8 (1 clip(s) needed) ...
[16:20:57]     FAILED: ERROR: [youtube] GbaQwOaDkj8: Video unavailable
[16:20:57]   [video 4497/24611] yt-dlp 7bCOWmcso-I (1 clip(s) needed) ...
[16:21:00]     FAILED: ERROR: [youtube] 7bCOWmcso-I: Private video
[16:21:00]   [video 4513/24611] yt-dlp KzfLW43qLg0 (1 clip(s) needed) ...
[16:21:03]     FAILED: ERROR: [youtube] KzfLW43qLg0: Please sign in. Use --cookies-from-browser or --cookies for the authentication. See  https://github.com/yt-dlp/yt-dlp/wiki/FAQ#how-do-i-pass-cookies-to-yt-dlp  for how to manually pass cookies. Also see  https://github.com/yt-dlp/yt-dlp/wiki/Extractors#exporting-youtube-cookies  for tips on effectively exporting YouTube cookies
[16:21:03]   [video 4518/24611] yt-dlp 5Vl4CC5LpeI (1 clip(s) needed) ...
[16:21:07]     FAILED: ERROR: [youtube] 5Vl4CC5LpeI: This video is unavailable
[16:21:07]   [video 4529/24611] yt-dlp vS2w_jH6QZU (1 clip(s) needed) ...
[16:21:10]     FAILED: ERROR: [youtube] vS2w_jH6QZU: Private video
[16:21:10]   [video 4550/24611] yt-dlp bE6tAIPwEOc (1 clip(s) needed) ...
[16:21:13]     FAILED: ERROR: [youtube] bE6tAIPwEOc: This video is unavailable
[16:21:13]   [video 4561/24611] yt-dlp 4s2mUppQRu0 (1 clip(s) needed) ...
[16:21:17]     FAILED: ERROR: [youtube] 4s2mUppQRu0: This video is not available
[16:21:17]   [video 4576/24611] yt-dlp khJpEgSt0WU (1 clip(s) needed) ...
[16:21:20]     FAILED: ERROR: [youtube] khJpEgSt0WU: Private video
[16:21:20]   [video 4582/24611] yt-dlp t_wR8zbM5VI (1 clip(s) needed) ...
[16:21:23]     FAILED: ERROR: [youtube] t_wR8zbM5VI: This video is not available
[16:21:23]   [video 4623/24611] yt-dlp YcQPGIubYXk (1 clip(s) needed) ...
[16:21:27]     FAILED: ERROR: [youtube] YcQPGIubYXk: This video is not available
[16:21:27]   [video 4637/24611] yt-dlp t3bTXKH_1mc (1 clip(s) needed) ...
[16:21:30]     FAILED: ERROR: [youtube] t3bTXKH_1mc: Private video
[16:21:30]   [video 4647/24611] yt-dlp s2eWgm8WV9w (2 clip(s) needed) ...
[16:21:33]     FAILED: ERROR: [youtube] s2eWgm8WV9w: This video is not available
[16:21:33]   [video 4652/24611] yt-dlp lhvO7X6T3Q4 (1 clip(s) needed) ...
[16:21:36]     FAILED: ERROR: [youtube] lhvO7X6T3Q4: Private video
[16:21:37]   [video 4667/24611] yt-dlp gt4N52lrn84 (1 clip(s) needed) ...
[16:21:40]     FAILED: ERROR: [youtube] gt4N52lrn84: Private video
[16:21:40]   [video 4671/24611] yt-dlp RLv7FwZvjh8 (2 clip(s) needed) ...
[16:21:44]     FAILED: ERROR: [youtube] RLv7FwZvjh8: This video is not available
[16:21:44]   [video 4674/24611] yt-dlp esq1yHoW2HY (1 clip(s) needed) ...
[16:21:47]     FAILED: ERROR: [youtube] esq1yHoW2HY: This video is not available
[16:21:47]   [video 4706/24611] yt-dlp F7k-C-51mz0 (1 clip(s) needed) ...
[16:21:59]     [4834/24988] cutting F7k-C-51mz0-0:01:47.565-0:01:51.861.mp4 (0:01:47.565 -> 0:01:51.861)
[16:22:00]   [video 4717/24611] yt-dlp KTGO3coT3Sk (1 clip(s) needed) ...
[16:22:03]     FAILED: ERROR: [youtube] KTGO3coT3Sk: This video is unavailable
[16:22:03]   [video 4725/24611] yt-dlp 1sL2BRUFmrg (1 clip(s) needed) ...
[16:22:09]     FAILED: ERROR: [youtube] 1sL2BRUFmrg: Private video
[16:22:09]   [video 4736/24611] yt-dlp d7IyVSVElrU (1 clip(s) needed) ...
[16:22:13]     FAILED: ERROR: [youtube] d7IyVSVElrU: This video is not available
[16:22:13]   [video 4757/24611] yt-dlp z2NZwNshuR8 (1 clip(s) needed) ...
[16:22:18]     FAILED: ERROR: [youtube] z2NZwNshuR8: This video is not available
[16:22:18]   [video 4782/24611] yt-dlp -hqM0rTOWSM (1 clip(s) needed) ...
[16:22:21]     FAILED: ERROR: [youtube] -hqM0rTOWSM: This video is unavailable
[16:22:21]   [video 4785/24611] yt-dlp Gm_yI7NEMsQ (1 clip(s) needed) ...
[16:22:25]     FAILED: ERROR: [youtube] Gm_yI7NEMsQ: Video unavailable
[16:22:25]   [video 4789/24611] yt-dlp K0lGVS9Elm4 (1 clip(s) needed) ...
[16:22:28]     FAILED: ERROR: [youtube] K0lGVS9Elm4: Private video
[16:22:28]   [video 4806/24611] yt-dlp yySnhBgfPPE (1 clip(s) needed) ...
[16:22:32]     FAILED: ERROR: [youtube] yySnhBgfPPE: This video is not available
[16:22:32]   [video 4810/24611] yt-dlp AHqbe9gyLEs (1 clip(s) needed) ...
[16:22:35]     FAILED: ERROR: [youtube] AHqbe9gyLEs: This video is not available
[16:22:36]   [video 4846/24611] yt-dlp qwyxR49NQlE (1 clip(s) needed) ...
[16:22:40]     FAILED: ERROR: [youtube] qwyxR49NQlE: This video is not available
[16:22:40]   [video 4872/24611] yt-dlp ObO0GfNQdiI (1 clip(s) needed) ...
[16:22:43]     FAILED: ERROR: [youtube] ObO0GfNQdiI: Private video
[16:22:43]   [video 4886/24611] yt-dlp rPMnVeAZZaY (1 clip(s) needed) ...
[16:22:47]     FAILED: ERROR: [youtube] rPMnVeAZZaY: This video is not available
[16:22:47]   [video 4919/24611] yt-dlp r0gtrbkCSJs (1 clip(s) needed) ...
[16:22:51]     FAILED: ERROR: [youtube] r0gtrbkCSJs: This video is not available
[16:22:51]   [video 4925/24611] yt-dlp iCwvLvYn6Sw (1 clip(s) needed) ...
[16:22:54]     FAILED: ERROR: [youtube] iCwvLvYn6Sw: Private video
[16:22:54]   [video 4927/24611] yt-dlp jt_G-TSjBD8 (1 clip(s) needed) ...
[16:22:57]     FAILED: ERROR: [youtube] jt_G-TSjBD8: Private video
[16:22:57]   [video 4995/24611] yt-dlp MnMOe0gZisY (1 clip(s) needed) ...
[16:23:03]     FAILED: ERROR: [youtube] MnMOe0gZisY: Private video
[16:23:03]   [video 4997/24611] yt-dlp E2tD2RykcWQ (1 clip(s) needed) ...
[16:23:09]     FAILED: ERROR: [youtube] E2tD2RykcWQ: Sign in to confirm your age. Use --cookies-from-browser or --cookies for the authentication. See  https://github.com/yt-dlp/yt-dlp/wiki/FAQ#how-do-i-pass-cookies-to-yt-dlp  for how to manually pass cookies. Also see  https://github.com/yt-dlp/yt-dlp/wiki/Extractors#exporting-youtube-cookies  for tips on effectively exporting YouTube cookies
[16:23:09]   [video 5015/24611] yt-dlp DP6Gy4_E848 (1 clip(s) needed) ...
[16:23:12]     FAILED: ERROR: [youtube] DP6Gy4_E848: This video is not available
[16:23:12]   [video 5020/24611] yt-dlp xZfl5uhmq_c (1 clip(s) needed) ...
[16:23:15]     FAILED: ERROR: [youtube] xZfl5uhmq_c: Private video
[16:23:16]   [video 5033/24611] yt-dlp vw2lrgPQ0A4 (1 clip(s) needed) ...
[16:23:19]     FAILED: ERROR: [youtube] vw2lrgPQ0A4: This video is not available
[16:23:19]   [video 5054/24611] yt-dlp g4yTm1ktfFo (1 clip(s) needed) ...
[16:23:22]     FAILED: ERROR: [youtube] g4yTm1ktfFo: Private video
[16:23:23]   [video 5065/24611] yt-dlp as17xGABpJw (1 clip(s) needed) ...
[16:23:26]     FAILED: ERROR: [youtube] as17xGABpJw: Private video
[16:23:26]   [video 5072/24611] yt-dlp Ub_crwn5qD8 (1 clip(s) needed) ...
[16:23:29]     FAILED: ERROR: [youtube] Ub_crwn5qD8: Private video
[16:23:29]   [video 5094/24611] yt-dlp gwq0VEWVYew (1 clip(s) needed) ...
[16:23:33]     FAILED: ERROR: [youtube] gwq0VEWVYew: This video is not available
[16:23:33]   [video 5122/24611] yt-dlp HKd3DPlNUms (1 clip(s) needed) ...
[16:23:37]     FAILED: ERROR: [youtube] HKd3DPlNUms: This video is not available
[16:23:38]   [video 5127/24611] yt-dlp kTzlsainjdg (1 clip(s) needed) ...
[16:23:41]     FAILED: ERROR: [youtube] kTzlsainjdg: Private video
[16:23:41]   [video 5130/24611] yt-dlp 3L7oB3Zr6pM (1 clip(s) needed) ...
[16:23:45]     FAILED: ERROR: [youtube] 3L7oB3Zr6pM: This video is not available
[16:23:45]   [video 5157/24611] yt-dlp OePSe1ziqYQ (1 clip(s) needed) ...
[16:23:49]     FAILED: ERROR: [youtube] OePSe1ziqYQ: Please sign in. Use --cookies-from-browser or --cookies for the authentication. See  https://github.com/yt-dlp/yt-dlp/wiki/FAQ#how-do-i-pass-cookies-to-yt-dlp  for how to manually pass cookies. Also see  https://github.com/yt-dlp/yt-dlp/wiki/Extractors#exporting-youtube-cookies  for tips on effectively exporting YouTube cookies
[16:23:49]   [video 5176/24611] yt-dlp P8y1xRd-u7U (1 clip(s) needed) ...
[16:23:52]     FAILED: ERROR: [youtube] P8y1xRd-u7U: This video is unavailable
[16:23:52]   [video 5202/24611] yt-dlp VzziohvzMwI (1 clip(s) needed) ...
[16:23:55]     FAILED: ERROR: [youtube] VzziohvzMwI: Private video
[16:23:56]   [video 5211/24611] yt-dlp H_jycpdFVzE (1 clip(s) needed) ...
[16:25:58]     FAILED: ad] Got error: HTTP Error 500: Internal Server Error. Giving up after 10 retries
ERROR: 
[download] Got error: HTTP Error 500: Internal Server Error. Giving up after 10 retries
ERROR: 
[download] Got error: HTTP Error 500: Internal Server Error. Giving up after 10 retries
ERROR: 
[download] Got error: HTTP Error 500: Internal Server Error. Giving up after 10 retries
ERROR: 
[download] Got error: HTTP Error 500: Internal Server Error. Giving up after 10 retries
ERROR: The downloaded file is empty
[16:25:58]   [video 5225/24611] yt-dlp Qxh4ZBh2QA8 (1 clip(s) needed) ...
[16:26:01]     FAILED: ERROR: [youtube] Qxh4ZBh2QA8: Private video
[16:26:01]   [video 5247/24611] yt-dlp XPooHZPTY74 (1 clip(s) needed) ...
[16:26:05]     FAILED: ERROR: [youtube] XPooHZPTY74: Please sign in. Use --cookies-from-browser or --cookies for the authentication. See  https://github.com/yt-dlp/yt-dlp/wiki/FAQ#how-do-i-pass-cookies-to-yt-dlp  for how to manually pass cookies. Also see  https://github.com/yt-dlp/yt-dlp/wiki/Extractors#exporting-youtube-cookies  for tips on effectively exporting YouTube cookies
[16:26:05]   [video 5257/24611] yt-dlp AcEowu2CPQA (1 clip(s) needed) ...
[16:26:09]     FAILED: ERROR: [youtube] AcEowu2CPQA: This video is not available
[16:26:09]   [video 5260/24611] yt-dlp 7hOORD_7OTw (1 clip(s) needed) ...
[16:26:12]     FAILED: ERROR: [youtube] 7hOORD_7OTw: This video is not available
[16:26:12]   [video 5264/24611] yt-dlp s1IS20IWE8o (1 clip(s) needed) ...
[16:26:16]     FAILED: ERROR: [youtube] s1IS20IWE8o: This video is not available
[16:26:17]   [video 5273/24611] yt-dlp 9U_aaS3u0ZI (1 clip(s) needed) ...
[16:26:20]     FAILED: ERROR: [youtube] 9U_aaS3u0ZI: This video is not available
[16:26:21]   [video 5289/24611] yt-dlp 80I0M7uuwMw (1 clip(s) needed) ...
[16:26:24]     FAILED: ERROR: [youtube] 80I0M7uuwMw: Please sign in. Use --cookies-from-browser or --cookies for the authentication. See  https://github.com/yt-dlp/yt-dlp/wiki/FAQ#how-do-i-pass-cookies-to-yt-dlp  for how to manually pass cookies. Also see  https://github.com/yt-dlp/yt-dlp/wiki/Extractors#exporting-youtube-cookies  for tips on effectively exporting YouTube cookies
[16:26:24]   [video 5292/24611] yt-dlp tP8sfwj8Pn8 (1 clip(s) needed) ...
[16:26:28]     FAILED: ERROR: [youtube] tP8sfwj8Pn8: This video is not available
[16:26:28]   [video 5294/24611] yt-dlp 3GGzYYft5wU (1 clip(s) needed) ...
[16:26:31]     FAILED: ERROR: [youtube] 3GGzYYft5wU: Private video
[16:26:31]   [video 5295/24611] yt-dlp K871kRdvZxA (1 clip(s) needed) ...
[16:26:34]     FAILED: ERROR: [youtube] K871kRdvZxA: This video is not available
[16:26:34]   [video 5297/24611] yt-dlp psjjAfpdlbM (1 clip(s) needed) ...
[16:26:37]     FAILED: ERROR: [youtube] psjjAfpdlbM: This video is unavailable
[16:26:37]   [video 5315/24611] yt-dlp yvnKr6natoA (1 clip(s) needed) ...
[16:26:40]     FAILED: ERROR: [youtube] yvnKr6natoA: This video is not available
[16:26:40]   [video 5322/24611] yt-dlp m7wnZRTR9IY (1 clip(s) needed) ...
[16:26:43]     FAILED: ERROR: [youtube] m7wnZRTR9IY: Private video
[16:26:43]   [video 5342/24611] yt-dlp 4AR-Y-NQL3c (1 clip(s) needed) ...
[16:26:47]     FAILED: ERROR: [youtube] 4AR-Y-NQL3c: This video is not available
[16:26:47]   [video 5343/24611] yt-dlp YKYPxfkodSM (1 clip(s) needed) ...
[16:26:49]     FAILED: ERROR: [youtube] YKYPxfkodSM: This video is unavailable
[16:26:49]   [video 5356/24611] yt-dlp rVJf0ZuhvV4 (1 clip(s) needed) ...
[16:26:53]     FAILED: ERROR: [youtube] rVJf0ZuhvV4: This video is not available
[16:26:53]   [video 5374/24611] yt-dlp ATy4S8zYfqA (1 clip(s) needed) ...
[16:26:56]     FAILED: ERROR: [youtube] ATy4S8zYfqA: This video is not available
[16:26:57]   [video 5389/24611] yt-dlp eR-VGksdqp0 (1 clip(s) needed) ...
[16:27:01]     FAILED: ERROR: [youtube] eR-VGksdqp0: This video is not available
[16:27:01]   [video 5414/24611] yt-dlp aW13EHDNqGI (1 clip(s) needed) ...
[16:27:03]     FAILED: ERROR: [youtube] aW13EHDNqGI: Private video
[16:27:04]   [video 5434/24611] yt-dlp n13RG0wIg-s (1 clip(s) needed) ...
[16:27:08]     FAILED: ERROR: [youtube] n13RG0wIg-s: This video is not available
[16:27:08]   [video 5454/24611] yt-dlp 3-lGKaRpavE (1 clip(s) needed) ...
[16:27:10]     FAILED: ERROR: [youtube] 3-lGKaRpavE: Private video
[16:27:10]   [video 5467/24611] yt-dlp Y3l7F7Pj9V0 (1 clip(s) needed) ...
[16:27:13]     FAILED: ERROR: [youtube] Y3l7F7Pj9V0: This video is unavailable
[16:27:13]   [video 5469/24611] yt-dlp xP0lduTqOwg (1 clip(s) needed) ...
[16:27:17]     FAILED: ERROR: [youtube] xP0lduTqOwg: This video is not available
[16:27:17]   [video 5472/24611] yt-dlp sg1hGy-F-ec (1 clip(s) needed) ...
[16:27:20]     FAILED: ERROR: [youtube] sg1hGy-F-ec: This video is not available
[16:27:20]   [video 5481/24611] yt-dlp V0OwC2wwP1I (1 clip(s) needed) ...
[16:27:23]     FAILED: ERROR: [youtube] V0OwC2wwP1I: This video is not available
[16:27:24]   [video 5492/24611] yt-dlp fKt0ZqILGEY (1 clip(s) needed) ...
[16:27:28]     FAILED: ERROR: [youtube] fKt0ZqILGEY: This video is not available
[16:27:28]   [video 5498/24611] yt-dlp _eplTw_HQfA (1 clip(s) needed) ...
[16:27:31]     FAILED: ERROR: [youtube] _eplTw_HQfA: This video is not available
[16:27:31]   [video 5545/24611] yt-dlp TJjoDTAMEnc (1 clip(s) needed) ...
[16:27:34]     FAILED: ERROR: [youtube] TJjoDTAMEnc: Private video
[16:27:34]   [video 5575/24611] yt-dlp 9DwmOKBpXvs (1 clip(s) needed) ...
[16:27:37]     FAILED: ERROR: [youtube] 9DwmOKBpXvs: This video is not available
[16:27:37]   [video 5588/24611] yt-dlp WVyyqf0ZlDo (1 clip(s) needed) ...
[16:27:40]     FAILED: ERROR: [youtube] WVyyqf0ZlDo: Private video
[16:27:40]   [video 5592/24611] yt-dlp QOGWFIRp39U (1 clip(s) needed) ...
[16:27:43]     FAILED: ERROR: [youtube] QOGWFIRp39U: Private video
[16:27:43]   [video 5600/24611] yt-dlp 8uP-fDdleew (1 clip(s) needed) ...
[16:27:46]     FAILED: ERROR: [youtube] 8uP-fDdleew: This video is not available
[16:27:46]   [video 5618/24611] yt-dlp fUKuZ6N8rXw (1 clip(s) needed) ...
[16:27:50]     FAILED: ERROR: [youtube] fUKuZ6N8rXw: This video is not available
[16:27:50]   [video 5627/24611] yt-dlp O9UOXmlxSC8 (1 clip(s) needed) ...
[16:27:53]     FAILED: ERROR: [youtube] O9UOXmlxSC8: This video is not available
[16:27:53]   [video 5664/24611] yt-dlp oXw23RpTXoE (1 clip(s) needed) ...
[16:27:56]     FAILED: ERROR: [youtube] oXw23RpTXoE: Video unavailable
[16:27:56]   [video 5671/24611] yt-dlp uZo1m1TtTNY (1 clip(s) needed) ...
[16:27:59]     FAILED: ERROR: [youtube] uZo1m1TtTNY: This video is not available
[16:28:00]   [video 5708/24611] yt-dlp uH39xvqpV3c (1 clip(s) needed) ...
[16:28:03]     FAILED: ERROR: [youtube] uH39xvqpV3c: Please sign in. Use --cookies-from-browser or --cookies for the authentication. See  https://github.com/yt-dlp/yt-dlp/wiki/FAQ#how-do-i-pass-cookies-to-yt-dlp  for how to manually pass cookies. Also see  https://github.com/yt-dlp/yt-dlp/wiki/Extractors#exporting-youtube-cookies  for tips on effectively exporting YouTube cookies
[16:28:03]   [video 5709/24611] yt-dlp odW8k_57obE (1 clip(s) needed) ...
[16:28:06]     FAILED: ERROR: [youtube] odW8k_57obE: Private video
[16:28:06]   [video 5726/24611] yt-dlp ne2cVZIDkbo (1 clip(s) needed) ...
[16:28:09]     FAILED: ERROR: [youtube] ne2cVZIDkbo: This video is unavailable
[16:28:09]   [video 5802/24611] yt-dlp 0QtYKKdxQnI (1 clip(s) needed) ...
[16:28:13]     FAILED: ERROR: [youtube] 0QtYKKdxQnI: This video is not available
[16:28:13]   [video 5824/24611] yt-dlp CVYHWKj4_6I (1 clip(s) needed) ...
[16:28:15]     FAILED: ERROR: [youtube] CVYHWKj4_6I: Private video
[16:28:16]   [video 5845/24611] yt-dlp X9BstSIIFqY (1 clip(s) needed) ...
[16:28:19]     FAILED: ERROR: [youtube] X9BstSIIFqY: This video is not available
[16:28:19]   [video 5874/24611] yt-dlp HXsvIOlu7Q4 (1 clip(s) needed) ...
[16:28:22]     FAILED: ERROR: [youtube] HXsvIOlu7Q4: This video is unavailable
[16:28:22]   [video 5885/24611] yt-dlp s5XlCSxf0HM (1 clip(s) needed) ...
[16:28:26]     FAILED: ERROR: [youtube] s5XlCSxf0HM: This video is not available
[16:28:26]   [video 5899/24611] yt-dlp x7tUY_rzxe8 (1 clip(s) needed) ...
[16:28:29]     FAILED: ERROR: [youtube] x7tUY_rzxe8: This video is not available
[16:28:29]   [video 5914/24611] yt-dlp qY3BjiFyCsA (1 clip(s) needed) ...
[16:28:32]     FAILED: ERROR: [youtube] qY3BjiFyCsA: This video is not available
[16:28:32]   [video 5920/24611] yt-dlp 775YxlmAxBM (1 clip(s) needed) ...
[16:28:36]     FAILED: ERROR: [youtube] 775YxlmAxBM: This video is not available
[16:28:36]   [video 5939/24611] yt-dlp YyrYtOWI0og (1 clip(s) needed) ...
[16:28:40]     FAILED: ERROR: [youtube] YyrYtOWI0og: This video is not available
[16:28:40]   [video 5954/24611] yt-dlp Lz2cVnQkFgA (1 clip(s) needed) ...
[16:28:43]     FAILED: ERROR: [youtube] Lz2cVnQkFgA: Private video
[16:28:43]   [video 5994/24611] yt-dlp q-wFO12fWrY (1 clip(s) needed) ...
[16:28:53]     [6156/24988] cutting q-wFO12fWrY-0:01:07.934-0:01:12.205.mp4 (0:01:07.934 -> 0:01:12.205)
[16:28:53]   [video 6000/24611] yt-dlp r5CLdnJP2-Q (1 clip(s) needed) ...
[16:28:57]     FAILED: ERROR: [youtube] r5CLdnJP2-Q: Please sign in. Use --cookies-from-browser or --cookies for the authentication. See  https://github.com/yt-dlp/yt-dlp/wiki/FAQ#how-do-i-pass-cookies-to-yt-dlp  for how to manually pass cookies. Also see  https://github.com/yt-dlp/yt-dlp/wiki/Extractors#exporting-youtube-cookies  for tips on effectively exporting YouTube cookies
[16:28:57]   [video 6058/24611] yt-dlp hBmzLk9LXUk (1 clip(s) needed) ...
[16:29:00]     FAILED: ERROR: [youtube] hBmzLk9LXUk: This video is unavailable
[16:29:00]   [video 6084/24611] yt-dlp 94EOhKu3L0c (1 clip(s) needed) ...
[16:29:03]     FAILED: ERROR: [youtube] 94EOhKu3L0c: This video is not available
[16:29:03]   [video 6087/24611] yt-dlp 3C8Vtv5rfsE (1 clip(s) needed) ...
[16:29:06]     FAILED: ERROR: [youtube] 3C8Vtv5rfsE: This video is unavailable
[16:29:06]   [video 6099/24611] yt-dlp am2L0k4gmXQ (1 clip(s) needed) ...
[16:29:10]     FAILED: ERROR: [youtube] am2L0k4gmXQ: Please sign in. Use --cookies-from-browser or --cookies for the authentication. See  https://github.com/yt-dlp/yt-dlp/wiki/FAQ#how-do-i-pass-cookies-to-yt-dlp  for how to manually pass cookies. Also see  https://github.com/yt-dlp/yt-dlp/wiki/Extractors#exporting-youtube-cookies  for tips on effectively exporting YouTube cookies
[16:29:10]   [video 6109/24611] yt-dlp 0UQ7dOJTDCg (1 clip(s) needed) ...
[16:29:16]     FAILED: ERROR: [youtube] 0UQ7dOJTDCg: Private video
[16:29:16]   [video 6137/24611] yt-dlp 6DBCatufpTE (1 clip(s) needed) ...
[16:29:19]     FAILED: ERROR: [youtube] 6DBCatufpTE: This video is not available
[16:29:19]   [video 6195/24611] yt-dlp r5DO-wbUVp0 (1 clip(s) needed) ...
[16:29:23]     FAILED: ERROR: [youtube] r5DO-wbUVp0: Private video
[16:29:23]   [video 6286/24611] yt-dlp N3qOIPBqVRs (1 clip(s) needed) ...
[16:29:26]     FAILED: ERROR: [youtube] N3qOIPBqVRs: This video is not available
[16:29:27]   [video 6303/24611] yt-dlp wUNlcHQtW1I (1 clip(s) needed) ...
[16:29:30]     FAILED: ERROR: [youtube] wUNlcHQtW1I: This video is not available
[16:29:30]   [video 6312/24611] yt-dlp qUosZlTJ3Mc (1 clip(s) needed) ...
[16:29:33]     FAILED: ERROR: [youtube] qUosZlTJ3Mc: This video is not available
[16:29:33]   [video 6340/24611] yt-dlp 0EyW-jOSKr0 (1 clip(s) needed) ...
[16:29:42]     FAILED: ERROR: [youtube] 0EyW-jOSKr0: Video unavailable
[16:29:42]   [video 6343/24611] yt-dlp _qjF0AmG6xY (1 clip(s) needed) ...
[16:29:45]     FAILED: ERROR: [youtube] _qjF0AmG6xY: Private video
[16:29:45]   [video 6363/24611] yt-dlp XgImpoiYP4U (1 clip(s) needed) ...
[16:29:48]     FAILED: ERROR: [youtube] XgImpoiYP4U: Please sign in. Use --cookies-from-browser or --cookies for the authentication. See  https://github.com/yt-dlp/yt-dlp/wiki/FAQ#how-do-i-pass-cookies-to-yt-dlp  for how to manually pass cookies. Also see  https://github.com/yt-dlp/yt-dlp/wiki/Extractors#exporting-youtube-cookies  for tips on effectively exporting YouTube cookies
[16:29:48]   [video 6412/24611] yt-dlp ggH6CLjw_Is (1 clip(s) needed) ...
[16:29:51]     FAILED: ERROR: [youtube] ggH6CLjw_Is: Video unavailable
[16:29:51]   [video 6428/24611] yt-dlp 1lnPG6GLJUs (1 clip(s) needed) ...
[16:29:54]     FAILED: ERROR: [youtube] 1lnPG6GLJUs: Private video
[16:29:54]   [video 6430/24611] yt-dlp YUVBFE6YGEM (1 clip(s) needed) ...
[16:29:58]     FAILED: ERROR: [youtube] YUVBFE6YGEM: This video is not available
[16:29:58]   [video 6436/24611] yt-dlp elIf5EiN4Oc (1 clip(s) needed) ...
[16:30:02]     FAILED: ERROR: [youtube] elIf5EiN4Oc: This video is unavailable
[16:30:02]   [video 6452/24611] yt-dlp jjiUivkcbyo (1 clip(s) needed) ...
[16:30:06]     FAILED: ERROR: [youtube] jjiUivkcbyo: Private video
[16:30:06]   [video 6457/24611] yt-dlp yKR9BcjNHiw (1 clip(s) needed) ...
[16:30:10]     FAILED: ERROR: [youtube] yKR9BcjNHiw: This video is not available
[16:30:10]   [video 6503/24611] yt-dlp 9seh9KHNIZo (1 clip(s) needed) ...
[16:30:13]     FAILED: ERROR: [youtube] 9seh9KHNIZo: Private video
[16:30:13]   [video 6504/24611] yt-dlp 5GOFwmqQ7oU (1 clip(s) needed) ...
[16:30:17]     FAILED: ERROR: [youtube] 5GOFwmqQ7oU: This video is not available
[16:30:17]   [video 6508/24611] yt-dlp Ln7NjkgL1sQ (1 clip(s) needed) ...
[16:30:21]     FAILED: ERROR: [youtube] Ln7NjkgL1sQ: This video is not available
[16:30:22]   [video 6527/24611] yt-dlp Hx1uViZL7aE (1 clip(s) needed) ...
[16:30:26]     FAILED: ERROR: [youtube] Hx1uViZL7aE: This video is not available
[16:30:26]   [video 6535/24611] yt-dlp HIwzWCpzwkc (1 clip(s) needed) ...
[16:30:29]     FAILED: ERROR: [youtube] HIwzWCpzwkc: This video is not available
[16:30:29]   [video 6552/24611] yt-dlp B4k_5ZWE2g0 (1 clip(s) needed) ...
[16:30:32]     FAILED: ERROR: [youtube] B4k_5ZWE2g0: Private video
[16:30:32]   [video 6588/24611] yt-dlp nV0MMgHNgfo (1 clip(s) needed) ...
[16:30:35]     FAILED: ERROR: [youtube] nV0MMgHNgfo: This video is unavailable
[16:30:35]   [video 6591/24611] yt-dlp JD2nNdX56eo (1 clip(s) needed) ...
[16:30:38]     FAILED: ERROR: [youtube] JD2nNdX56eo: Video unavailable
[16:30:39]   [video 6610/24611] yt-dlp umDCG2iIWlo (1 clip(s) needed) ...
[16:30:43]     FAILED: ERROR: [youtube] umDCG2iIWlo: This video is unavailable
[16:30:43]   [video 6612/24611] yt-dlp a3KdduOHZh0 (1 clip(s) needed) ...
[16:30:47]     FAILED: ERROR: [youtube] a3KdduOHZh0: This video is not available
[16:30:47]   [video 6623/24611] yt-dlp JUOPoWuNrj0 (1 clip(s) needed) ...
[16:30:53]     FAILED: ERROR: [youtube] JUOPoWuNrj0: Private video
[16:30:53]   [video 6627/24611] yt-dlp NNy5ZOnU_bI (1 clip(s) needed) ...
[16:30:56]     FAILED: ERROR: [youtube] NNy5ZOnU_bI: This video is not available
[16:30:56]   [video 6631/24611] yt-dlp TcffF6b0h5I (1 clip(s) needed) ...
[16:31:00]     FAILED: ERROR: [youtube] TcffF6b0h5I: This video is not available
[16:31:00]   [video 6632/24611] yt-dlp 7K57hsDBYWU (1 clip(s) needed) ...
[16:31:05]     FAILED: ERROR: [youtube] 7K57hsDBYWU: This video is not available
[16:31:05]   [video 6636/24611] yt-dlp 2OoZzpP69LE (1 clip(s) needed) ...
[16:31:08]     FAILED: ERROR: [youtube] 2OoZzpP69LE: This video is not available
[16:31:08]   [video 6661/24611] yt-dlp q2JHLoRYsLw (1 clip(s) needed) ...
[16:31:12]     FAILED: ERROR: [youtube] q2JHLoRYsLw: This video is not available
[16:31:12]   [video 6664/24611] yt-dlp CcBK3JMsvhc (1 clip(s) needed) ...
[16:31:15]     FAILED: ERROR: [youtube] CcBK3JMsvhc: This video is unavailable
[16:31:15]   [video 6670/24611] yt-dlp n2JgejASS2w (1 clip(s) needed) ...
[16:31:17]     FAILED: ERROR: [youtube] n2JgejASS2w: This video is unavailable
[16:31:17]   [video 6677/24611] yt-dlp WwJe6Uglfvc (1 clip(s) needed) ...
[16:31:20]     FAILED: ERROR: [youtube] WwJe6Uglfvc: This video is unavailable
[16:31:20]   [video 6780/24611] yt-dlp w0r9zc_sywE (1 clip(s) needed) ...
[16:31:25]     FAILED: ERROR: [youtube] w0r9zc_sywE: This video is not available
[16:31:25]   [video 6787/24611] yt-dlp Ivu0bgwqOec (1 clip(s) needed) ...
[16:31:28]     FAILED: ERROR: [youtube] Ivu0bgwqOec: Video unavailable
[16:31:28]   [video 6791/24611] yt-dlp writ6r2s0Ms (1 clip(s) needed) ...
[16:31:31]     FAILED: ERROR: [youtube] writ6r2s0Ms: Private video
[16:31:31]   [video 6813/24611] yt-dlp RTnNcMKdjRA (1 clip(s) needed) ...
[16:31:34]     FAILED: ERROR: [youtube] RTnNcMKdjRA: This video is not available
[16:31:34]   [video 6825/24611] yt-dlp Ukx3mhM-wsA (1 clip(s) needed) ...
[16:31:38]     FAILED: ERROR: [youtube] Ukx3mhM-wsA: This video is not available
[16:31:38]   [video 6864/24611] yt-dlp 5CMd1rx_hvA (1 clip(s) needed) ...
[16:31:42]     FAILED: ERROR: [youtube] 5CMd1rx_hvA: This video is not available
[16:31:42]   [video 6874/24611] yt-dlp yDtQuBjox4U (1 clip(s) needed) ...
[16:31:45]     FAILED: ERROR: [youtube] yDtQuBjox4U: This video is not available
[16:31:45]   [video 6884/24611] yt-dlp mtPVw5j48uk (1 clip(s) needed) ...
[16:31:52]     FAILED: ERROR: [youtube] mtPVw5j48uk: This video is not available
[16:31:52]   [video 6888/24611] yt-dlp eDrbqou2XAA (1 clip(s) needed) ...
[16:31:56]     FAILED: ERROR: [youtube] eDrbqou2XAA: This video is not available
[16:31:56]   [video 6891/24611] yt-dlp 5vFiVoQqaWM (1 clip(s) needed) ...
[16:32:00]     FAILED: ERROR: [youtube] 5vFiVoQqaWM: Please sign in. Use --cookies-from-browser or --cookies for the authentication. See  https://github.com/yt-dlp/yt-dlp/wiki/FAQ#how-do-i-pass-cookies-to-yt-dlp  for how to manually pass cookies. Also see  https://github.com/yt-dlp/yt-dlp/wiki/Extractors#exporting-youtube-cookies  for tips on effectively exporting YouTube cookies
[16:32:00]   [video 6918/24611] yt-dlp sideKpqLEj4 (1 clip(s) needed) ...
[16:32:03]     FAILED: ERROR: [youtube] sideKpqLEj4: Private video
[16:32:03]   [video 6930/24611] yt-dlp e7XWJm825qA (1 clip(s) needed) ...
[16:32:08]     FAILED: ERROR: [youtube] e7XWJm825qA: This video is not available
[16:32:08]   [video 6961/24611] yt-dlp ny8FPItBjOI (2 clip(s) needed) ...
[16:32:11]     FAILED: ERROR: [youtube] ny8FPItBjOI: This video is unavailable
[16:32:11]   [video 6970/24611] yt-dlp bBIuJuPDK3c (1 clip(s) needed) ...
[16:32:14]     FAILED: ERROR: [youtube] bBIuJuPDK3c: This video is not available
[16:32:14]   [video 6978/24611] yt-dlp Po98WMEXJ_g (1 clip(s) needed) ...
[16:32:18]     FAILED: ERROR: [youtube] Po98WMEXJ_g: This video is not available
[16:32:18]   [video 7000/24611] yt-dlp xBhjitX-Qjo (1 clip(s) needed) ...
[16:32:21]     FAILED: ERROR: [youtube] xBhjitX-Qjo: Private video
[16:32:21]   [video 7009/24611] yt-dlp Ong5zwqsTDI (1 clip(s) needed) ...
[16:32:24]     FAILED: ERROR: [youtube] Ong5zwqsTDI: This video is not available
[16:32:24]   [video 7053/24611] yt-dlp xrsvbqLs9_Q (1 clip(s) needed) ...
[16:32:27]     FAILED: ERROR: [youtube] xrsvbqLs9_Q: Video unavailable
[16:32:27]   [video 7073/24611] yt-dlp _l4biKfufgw (1 clip(s) needed) ...
[16:32:30]     FAILED: ERROR: [youtube] _l4biKfufgw: Private video
[16:32:30]   [video 7074/24611] yt-dlp 0ocbQUW2IoU (1 clip(s) needed) ...
[16:32:33]     FAILED: ERROR: [youtube] 0ocbQUW2IoU: Private video
[16:32:33]   [video 7080/24611] yt-dlp WpEMLYvG2is (1 clip(s) needed) ...
[16:32:36]     FAILED: ERROR: [youtube] WpEMLYvG2is: This video is not available
[16:32:37]   [video 7138/24611] yt-dlp vsTC8GRrytg (1 clip(s) needed) ...
[16:32:41]     FAILED: ERROR: [youtube] vsTC8GRrytg: This video is not available
[16:32:41]   [video 7144/24611] yt-dlp vynMdr_NUPA (1 clip(s) needed) ...
[16:32:47]     FAILED: ERROR: [youtube] vynMdr_NUPA: This video is not available
[16:32:47]   [video 7164/24611] yt-dlp 92lb55_qeUk (1 clip(s) needed) ...
[16:32:52]     FAILED: ERROR: [youtube] 92lb55_qeUk: This video is not available
[16:32:52]   [video 7188/24611] yt-dlp 9oYjKGmrME4 (1 clip(s) needed) ...
[16:32:56]     FAILED: ERROR: [youtube] 9oYjKGmrME4: This video is not available
[16:32:56]   [video 7217/24611] yt-dlp yydCCsVWBxA (2 clip(s) needed) ...
[16:33:01]     FAILED: ERROR: [youtube] yydCCsVWBxA: Please sign in. Use --cookies-from-browser or --cookies for the authentication. See  https://github.com/yt-dlp/yt-dlp/wiki/FAQ#how-do-i-pass-cookies-to-yt-dlp  for how to manually pass cookies. Also see  https://github.com/yt-dlp/yt-dlp/wiki/Extractors#exporting-youtube-cookies  for tips on effectively exporting YouTube cookies
[16:33:01]   [video 7218/24611] yt-dlp 8Lz8fooJMFA (1 clip(s) needed) ...
[16:33:04]     FAILED: ERROR: [youtube] 8Lz8fooJMFA: This video is not available
[16:33:05]   [video 7241/24611] yt-dlp a-iSUmP_9es (1 clip(s) needed) ...
[16:33:08]     FAILED: ERROR: [youtube] a-iSUmP_9es: Private video
[16:33:08]   [video 7265/24611] yt-dlp _zoIToazNWc (1 clip(s) needed) ...
[16:33:11]     FAILED: ERROR: [youtube] _zoIToazNWc: This video is unavailable
[16:33:11]   [video 7331/24611] yt-dlp gq8eX0z91jo (1 clip(s) needed) ...
[16:33:15]     FAILED: ERROR: [youtube] gq8eX0z91jo: Please sign in. Use --cookies-from-browser or --cookies for the authentication. See  https://github.com/yt-dlp/yt-dlp/wiki/FAQ#how-do-i-pass-cookies-to-yt-dlp  for how to manually pass cookies. Also see  https://github.com/yt-dlp/yt-dlp/wiki/Extractors#exporting-youtube-cookies  for tips on effectively exporting YouTube cookies
[16:33:15]   [video 7337/24611] yt-dlp _PsvyEgCUhk (1 clip(s) needed) ...
[16:33:18]     FAILED: ERROR: [youtube] _PsvyEgCUhk: This video is unavailable
[16:33:18]   [video 7357/24611] yt-dlp 63MlYg028uk (1 clip(s) needed) ...
[16:33:21]     FAILED: ERROR: [youtube] 63MlYg028uk: This video is not available
[16:33:21]   [video 7365/24611] yt-dlp -Nc7KrrVF7s (1 clip(s) needed) ...
[16:33:24]     FAILED: ERROR: [youtube] -Nc7KrrVF7s: Please sign in. Use --cookies-from-browser or --cookies for the authentication. See  https://github.com/yt-dlp/yt-dlp/wiki/FAQ#how-do-i-pass-cookies-to-yt-dlp  for how to manually pass cookies. Also see  https://github.com/yt-dlp/yt-dlp/wiki/Extractors#exporting-youtube-cookies  for tips on effectively exporting YouTube cookies
[16:33:24]   [video 7384/24611] yt-dlp OntApZjXY_w (1 clip(s) needed) ...
[16:33:28]     FAILED: ERROR: [youtube] OntApZjXY_w: This video is not available
[16:33:28]   [video 7391/24611] yt-dlp zyvc-6kHMLU (1 clip(s) needed) ...
[16:33:32]     FAILED: ERROR: [youtube] zyvc-6kHMLU: Private video
[16:33:32]   [video 7412/24611] yt-dlp XlaAEcQFSgk (1 clip(s) needed) ...
[16:33:35]     FAILED: ERROR: [youtube] XlaAEcQFSgk: Video unavailable
[16:33:35]   [video 7430/24611] yt-dlp xARRIQObiBM (1 clip(s) needed) ...
[16:33:39]     FAILED: ERROR: [youtube] xARRIQObiBM: This video is not available
[16:33:39]   [video 7448/24611] yt-dlp BVOztRrNJ-g (1 clip(s) needed) ...
[16:33:42]     FAILED: ERROR: [youtube] BVOztRrNJ-g: Private video
[16:33:42]   [video 7470/24611] yt-dlp 17EP87q97zA (1 clip(s) needed) ...
[16:33:46]     FAILED: ERROR: [youtube] 17EP87q97zA: Please sign in. Use --cookies-from-browser or --cookies for the authentication. See  https://github.com/yt-dlp/yt-dlp/wiki/FAQ#how-do-i-pass-cookies-to-yt-dlp  for how to manually pass cookies. Also see  https://github.com/yt-dlp/yt-dlp/wiki/Extractors#exporting-youtube-cookies  for tips on effectively exporting YouTube cookies
[16:33:46]   [video 7482/24611] yt-dlp ctuKU1_WORs (1 clip(s) needed) ...
[16:33:49]     FAILED: ERROR: [youtube] ctuKU1_WORs: Private video
[16:33:49]   [video 7506/24611] yt-dlp tpRVInZ0Nsw (1 clip(s) needed) ...
[16:33:52]     FAILED: ERROR: [youtube] tpRVInZ0Nsw: This video is not available
[16:33:52]   [video 7561/24611] yt-dlp Crva8QHzWnk (1 clip(s) needed) ...
[16:33:55]     FAILED: ERROR: [youtube] Crva8QHzWnk: Private video
[16:33:55]   [video 7563/24611] yt-dlp 4UsQKP3liac (1 clip(s) needed) ...
[16:33:59]     FAILED: ERROR: [youtube] 4UsQKP3liac: Private video
[16:33:59]   [video 7569/24611] yt-dlp H-bsr1Uxuv8 (1 clip(s) needed) ...
[16:34:02]     FAILED: ERROR: [youtube] H-bsr1Uxuv8: Please sign in. Use --cookies-from-browser or --cookies for the authentication. See  https://github.com/yt-dlp/yt-dlp/wiki/FAQ#how-do-i-pass-cookies-to-yt-dlp  for how to manually pass cookies. Also see  https://github.com/yt-dlp/yt-dlp/wiki/Extractors#exporting-youtube-cookies  for tips on effectively exporting YouTube cookies
[16:34:02]   [video 7574/24611] yt-dlp e6ES1X-ZHyw (1 clip(s) needed) ...
[16:34:06]     FAILED: ERROR: [youtube] e6ES1X-ZHyw: This video is unavailable
[16:34:06]   [video 7575/24611] yt-dlp ulrWKGvjgho (1 clip(s) needed) ...
[16:34:09]     FAILED: ERROR: [youtube] ulrWKGvjgho: Private video
[16:34:09]   [video 7606/24611] yt-dlp x6vJlUX2inw (1 clip(s) needed) ...
[16:34:13]     FAILED: ERROR: [youtube] x6vJlUX2inw: This video is not available
[16:34:13]   [video 7619/24611] yt-dlp XDsWcN0k4bc (1 clip(s) needed) ...
[16:34:16]     FAILED: ERROR: [youtube] XDsWcN0k4bc: Private video
[16:34:16]   [video 7629/24611] yt-dlp _JgmC9HnvKk (1 clip(s) needed) ...
[16:34:19]     FAILED: ERROR: [youtube] _JgmC9HnvKk: Private video
[16:34:20]   [video 7671/24611] yt-dlp zDuYVoWlUs8 (1 clip(s) needed) ...
[16:34:23]     FAILED: ERROR: [youtube] zDuYVoWlUs8: This video is unavailable
[16:34:24]   [video 7685/24611] yt-dlp QvbtEgsuxcU (1 clip(s) needed) ...
[16:34:27]     FAILED: ERROR: [youtube] QvbtEgsuxcU: This video is not available
[16:34:27]   [video 7697/24611] yt-dlp MnXiB1zh5_E (1 clip(s) needed) ...
[16:34:31]     FAILED: ERROR: [youtube] MnXiB1zh5_E: This video is not available
[16:34:31]   [video 7701/24611] yt-dlp J9BewNnoT5w (1 clip(s) needed) ...
[16:36:35]     FAILED: ad] Got error: HTTP Error 500: Internal Server Error. Giving up after 10 retries
ERROR: 
[download] Got error: HTTP Error 500: Internal Server Error. Giving up after 10 retries
ERROR: 
[download] Got error: HTTP Error 500: Internal Server Error. Giving up after 10 retries
ERROR: 
[download] Got error: HTTP Error 500: Internal Server Error. Giving up after 10 retries
ERROR: 
[download] Got error: HTTP Error 500: Internal Server Error. Giving up after 10 retries
ERROR: The downloaded file is empty
[16:36:35]   [video 7702/24611] yt-dlp 0UKsPwpvpLk (1 clip(s) needed) ...
[16:36:37]     FAILED: ERROR: [youtube] 0UKsPwpvpLk: This video is unavailable
[16:36:38]   [video 7731/24611] yt-dlp 2heO-m7XuLs (1 clip(s) needed) ...
[16:36:41]     FAILED: ERROR: [youtube] 2heO-m7XuLs: This video is not available
[16:36:41]   [video 7734/24611] yt-dlp 7cbKflpTCjs (1 clip(s) needed) ...
[16:36:44]     FAILED: ERROR: [youtube] 7cbKflpTCjs: Private video
[16:36:44]   [video 7743/24611] yt-dlp 3xHuUAfxKm8 (1 clip(s) needed) ...
[16:36:47]     FAILED: ERROR: [youtube] 3xHuUAfxKm8: This video is unavailable
[16:36:47]   [video 7747/24611] yt-dlp JZzpfBCw5Jo (1 clip(s) needed) ...
[16:36:50]     FAILED: ERROR: [youtube] JZzpfBCw5Jo: This video is not available
[16:36:50]   [video 7809/24611] yt-dlp vs7PvHsMxYk (1 clip(s) needed) ...
[16:36:53]     FAILED: ERROR: [youtube] vs7PvHsMxYk: This video is unavailable
[16:36:53]   [video 7810/24611] yt-dlp XdQ08UDVSww (1 clip(s) needed) ...
[16:36:57]     FAILED: ERROR: [youtube] XdQ08UDVSww: This video is not available
[16:36:57]   [video 7844/24611] yt-dlp aAZUlY_u5q4 (1 clip(s) needed) ...
[16:37:00]     FAILED: ERROR: [youtube] aAZUlY_u5q4: This video is not available
[16:37:00]   [video 7860/24611] yt-dlp LC_l_rB-25k (1 clip(s) needed) ...
[16:37:03]     FAILED: ERROR: [youtube] LC_l_rB-25k: Private video
[16:37:03]   [video 7909/24611] yt-dlp p11hG1rGqS4 (1 clip(s) needed) ...
[16:37:07]     FAILED: ERROR: [youtube] p11hG1rGqS4: This video is not available
[16:37:07]   [video 7921/24611] yt-dlp BEDWb52DSiw (1 clip(s) needed) ...
[16:37:11]     FAILED: ERROR: [youtube] BEDWb52DSiw: This video is not available
[16:37:11]   [video 7930/24611] yt-dlp 30wSrzfTfJs (1 clip(s) needed) ...
[16:37:14]     FAILED: ERROR: [youtube] 30wSrzfTfJs: This video is not available
[16:37:15]   [video 7953/24611] yt-dlp lAfGteNHFZM (1 clip(s) needed) ...
[16:37:18]     FAILED: ERROR: [youtube] lAfGteNHFZM: This video is not available
[16:37:19]   [video 7959/24611] yt-dlp VE1BtOxfyvM (1 clip(s) needed) ...
[16:37:22]     FAILED: ERROR: [youtube] VE1BtOxfyvM: This video is not available
[16:37:23]   [video 7997/24611] yt-dlp NjOc-G9uxQc (1 clip(s) needed) ...
[16:37:26]     FAILED: ERROR: [youtube] NjOc-G9uxQc: Video unavailable
[16:37:26]   [video 8000/24611] yt-dlp P4sgBIhHcck (1 clip(s) needed) ...
[16:37:29]     FAILED: ERROR: [youtube] P4sgBIhHcck: Private video
[16:37:29]   [video 8023/24611] yt-dlp FfTWqEpMfXg (1 clip(s) needed) ...
[16:37:32]     FAILED: ERROR: [youtube] FfTWqEpMfXg: Private video
[16:37:32]   [video 8027/24611] yt-dlp NzR1PFa528Y (1 clip(s) needed) ...
[16:37:35]     FAILED: ERROR: [youtube] NzR1PFa528Y: This video is not available
[16:37:35]   [video 8036/24611] yt-dlp zmVjeolDFAU (1 clip(s) needed) ...
[16:37:38]     FAILED: ERROR: [youtube] zmVjeolDFAU: This video is not available
[16:37:38]   [video 8057/24611] yt-dlp wdxV-Nfxm4c (1 clip(s) needed) ...
[16:37:41]     FAILED: ERROR: [youtube] wdxV-Nfxm4c: Private video
[16:37:41]   [video 8066/24611] yt-dlp abxA_XtnRSc (1 clip(s) needed) ...
[16:37:46]     FAILED: ERROR: [youtube] abxA_XtnRSc: This video is not available
[16:37:46]   [video 8067/24611] yt-dlp nTyPf8QAoUs (1 clip(s) needed) ...
[16:37:49]     FAILED: ERROR: [youtube] nTyPf8QAoUs: Private video
[16:37:49]   [video 8116/24611] yt-dlp S8I58u3OsXw (1 clip(s) needed) ...
[16:37:52]     FAILED: ERROR: [youtube] S8I58u3OsXw: This video is not available
[16:37:53]   [video 8126/24611] yt-dlp wsn5eTSaR0Q (1 clip(s) needed) ...
[16:37:56]     FAILED: ERROR: [youtube] wsn5eTSaR0Q: This video is not available
[16:37:56]   [video 8131/24611] yt-dlp 5JJSLoqNiQI (1 clip(s) needed) ...
[16:38:00]     FAILED: ERROR: [youtube] 5JJSLoqNiQI: This video is not available
[16:38:00]   [video 8186/24611] yt-dlp tMDyFVZUr70 (1 clip(s) needed) ...
[16:38:03]     FAILED: ERROR: [youtube] tMDyFVZUr70: This video is unavailable
[16:38:03]   [video 8187/24611] yt-dlp H--Id4rkFPI (1 clip(s) needed) ...
[16:38:09]     FAILED: ERROR: [youtube] H--Id4rkFPI: Private video
[16:38:09]   [video 8192/24611] yt-dlp manpTzkNmXo (1 clip(s) needed) ...
[16:38:12]     FAILED: ERROR: [youtube] manpTzkNmXo: This video is unavailable
[16:38:12]   [video 8215/24611] yt-dlp jx7oHPQnXx0 (1 clip(s) needed) ...
[16:38:15]     FAILED: ERROR: [youtube] jx7oHPQnXx0: Private video
[16:38:15]   [video 8218/24611] yt-dlp IzB_DF2DenA (1 clip(s) needed) ...
[16:38:18]     FAILED: ERROR: [youtube] IzB_DF2DenA: This video is not available
[16:38:19]   [video 8237/24611] yt-dlp jMc4RO-BvWM (1 clip(s) needed) ...
[16:38:22]     FAILED: ERROR: [youtube] jMc4RO-BvWM: Private video
[16:38:22]   [video 8238/24611] yt-dlp ojSq_fX2Tj8 (1 clip(s) needed) ...
[16:38:26]     FAILED: ERROR: [youtube] ojSq_fX2Tj8: This video is not available
[16:38:26]   [video 8243/24611] yt-dlp 5BkqCTuyHNw (1 clip(s) needed) ...
[16:38:29]     FAILED: ERROR: [youtube] 5BkqCTuyHNw: Private video
[16:38:29]   [video 8254/24611] yt-dlp DB6BrBHOoe8 (1 clip(s) needed) ...
[16:38:32]     FAILED: ERROR: [youtube] DB6BrBHOoe8: Video unavailable
[16:38:32]   [video 8266/24611] yt-dlp lKSFdSHFZUk (1 clip(s) needed) ...
[16:38:35]     FAILED: ERROR: [youtube] lKSFdSHFZUk: Please sign in. Use --cookies-from-browser or --cookies for the authentication. See  https://github.com/yt-dlp/yt-dlp/wiki/FAQ#how-do-i-pass-cookies-to-yt-dlp  for how to manually pass cookies. Also see  https://github.com/yt-dlp/yt-dlp/wiki/Extractors#exporting-youtube-cookies  for tips on effectively exporting YouTube cookies
[16:38:36]   [video 8287/24611] yt-dlp QRJl-mB1tDo (1 clip(s) needed) ...
[16:38:39]     FAILED: ERROR: [youtube] QRJl-mB1tDo: This video is not available
[16:38:39]   [video 8297/24611] yt-dlp WW9Mp5kyu_0 (1 clip(s) needed) ...
[16:38:43]     FAILED: ERROR: [youtube] WW9Mp5kyu_0: This video is not available
[16:38:43]   [video 8318/24611] yt-dlp RITEg89JwE8 (1 clip(s) needed) ...
[16:38:47]     FAILED: ERROR: [youtube] RITEg89JwE8: Private video
[16:38:47]   [video 8328/24611] yt-dlp bnKbRDHaoHg (1 clip(s) needed) ...
[16:38:50]     FAILED: ERROR: [youtube] bnKbRDHaoHg: Private video
[16:38:50]   [video 8330/24611] yt-dlp utF8j35TlrE (1 clip(s) needed) ...
[16:38:53]     FAILED: ERROR: [youtube] utF8j35TlrE: Please sign in. Use --cookies-from-browser or --cookies for the authentication. See  https://github.com/yt-dlp/yt-dlp/wiki/FAQ#how-do-i-pass-cookies-to-yt-dlp  for how to manually pass cookies. Also see  https://github.com/yt-dlp/yt-dlp/wiki/Extractors#exporting-youtube-cookies  for tips on effectively exporting YouTube cookies
[16:38:53]   [video 8332/24611] yt-dlp ohW6rWrlFQk (1 clip(s) needed) ...
[16:38:57]     FAILED: ERROR: [youtube] ohW6rWrlFQk: Video unavailable
[16:38:57]   [video 8343/24611] yt-dlp pXcSuUaHYLY (1 clip(s) needed) ...
[16:39:00]     FAILED: ERROR: [youtube] pXcSuUaHYLY: This video is not available
[16:39:00]   [video 8357/24611] yt-dlp y_EluTHnyXQ (1 clip(s) needed) ...
[16:39:04]     FAILED: ERROR: [youtube] y_EluTHnyXQ: This video is not available
[16:39:04]   [video 8376/24611] yt-dlp waj4ExHrNdc (1 clip(s) needed) ...
[16:39:20]     [8597/24988] cutting waj4ExHrNdc-0:09:41.040-0:10:01.080.mp4 (0:09:41.040 -> 0:10:01.080)
[16:39:21]   [video 8382/24611] yt-dlp KrWZ3ypOg5M (1 clip(s) needed) ...
[16:39:25]     FAILED: ERROR: [youtube] KrWZ3ypOg5M: Please sign in. Use --cookies-from-browser or --cookies for the authentication. See  https://github.com/yt-dlp/yt-dlp/wiki/FAQ#how-do-i-pass-cookies-to-yt-dlp  for how to manually pass cookies. Also see  https://github.com/yt-dlp/yt-dlp/wiki/Extractors#exporting-youtube-cookies  for tips on effectively exporting YouTube cookies
[16:39:25]   [video 8402/24611] yt-dlp _eugWQCP3ZY (1 clip(s) needed) ...
[16:39:28]     FAILED: ERROR: [youtube] _eugWQCP3ZY: Private video
[16:39:28]   [video 8407/24611] yt-dlp t3Uxl_rUDfY (1 clip(s) needed) ...
[16:39:32]     FAILED: ERROR: [youtube] t3Uxl_rUDfY: This video is not available
[16:39:32]   [video 8453/24611] yt-dlp GtLWm4S16dY (1 clip(s) needed) ...
[16:39:35]     FAILED: ERROR: [youtube] GtLWm4S16dY: This video is not available
[16:39:35]   [video 8471/24611] yt-dlp v57UAaJVSRU (1 clip(s) needed) ...
[16:39:39]     FAILED: ERROR: [youtube] v57UAaJVSRU: This video is not available
[16:39:39]   [video 8501/24611] yt-dlp 6vyqcZNATuw (1 clip(s) needed) ...
[16:39:41]     FAILED: ERROR: [youtube] 6vyqcZNATuw: Private video
[16:39:41]   [video 8518/24611] yt-dlp GzXAoHz_YQ4 (1 clip(s) needed) ...
[16:39:44]     FAILED: ERROR: [youtube] GzXAoHz_YQ4: Please sign in. Use --cookies-from-browser or --cookies for the authentication. See  https://github.com/yt-dlp/yt-dlp/wiki/FAQ#how-do-i-pass-cookies-to-yt-dlp  for how to manually pass cookies. Also see  https://github.com/yt-dlp/yt-dlp/wiki/Extractors#exporting-youtube-cookies  for tips on effectively exporting YouTube cookies
[16:39:45]   [video 8558/24611] yt-dlp Pw82E6xB4l0 (1 clip(s) needed) ...
[16:39:49]     FAILED: ERROR: [youtube] Pw82E6xB4l0: This video is not available
[16:39:49]   [video 8559/24611] yt-dlp 5Xnx_YNjHRQ (1 clip(s) needed) ...
[16:39:52]     FAILED: ERROR: [youtube] 5Xnx_YNjHRQ: This video is not available
[16:39:52]   [video 8605/24611] yt-dlp uzK0OPhxQwQ (1 clip(s) needed) ...
[16:39:55]     FAILED: ERROR: [youtube] uzK0OPhxQwQ: Please sign in. Use --cookies-from-browser or --cookies for the authentication. See  https://github.com/yt-dlp/yt-dlp/wiki/FAQ#how-do-i-pass-cookies-to-yt-dlp  for how to manually pass cookies. Also see  https://github.com/yt-dlp/yt-dlp/wiki/Extractors#exporting-youtube-cookies  for tips on effectively exporting YouTube cookies
[16:39:56]   [video 8663/24611] yt-dlp 8nNZ_TOHCh4 (1 clip(s) needed) ...
[16:39:59]     FAILED: ERROR: [youtube] 8nNZ_TOHCh4: This video is unavailable
[16:39:59]   [video 8699/24611] yt-dlp e56YryIPp-g (1 clip(s) needed) ...
[16:40:02]     FAILED: ERROR: [youtube] e56YryIPp-g: This video is unavailable
[16:40:02]   [video 8754/24611] yt-dlp JJ63st1mnrk (1 clip(s) needed) ...
[16:40:06]     FAILED: ERROR: [youtube] JJ63st1mnrk: This video is not available
[16:40:07]   [video 8779/24611] yt-dlp 9We9JImjg-c (1 clip(s) needed) ...
[16:40:10]     FAILED: ERROR: [youtube] 9We9JImjg-c: This video is not available
[16:40:10]   [video 8780/24611] yt-dlp caU24AGC5aM (1 clip(s) needed) ...
[16:40:13]     FAILED: ERROR: [youtube] caU24AGC5aM: This video is not available
[16:40:13]   [video 8809/24611] yt-dlp CDUOxwWETHM (1 clip(s) needed) ...
[16:40:17]     FAILED: ERROR: [youtube] CDUOxwWETHM: This video is not available
[16:40:17]   [video 8820/24611] yt-dlp 8MLDroJZVc0 (1 clip(s) needed) ...
[16:40:21]     FAILED: ERROR: [youtube] 8MLDroJZVc0: This video is not available
[16:40:21]   [video 8830/24611] yt-dlp 3wt91YAHgac (1 clip(s) needed) ...
[16:40:23]     FAILED: ERROR: [youtube] 3wt91YAHgac: This video is unavailable
[16:40:23]   [video 8835/24611] yt-dlp 8F7w08szm6A (1 clip(s) needed) ...
[16:40:27]     FAILED: ERROR: [youtube] 8F7w08szm6A: Private video
[16:40:27]   [video 8859/24611] yt-dlp jH07BdMRP0g (1 clip(s) needed) ...
[16:40:30]     FAILED: ERROR: [youtube] jH07BdMRP0g: This video is not available
[16:40:30]   [video 8874/24611] yt-dlp en7BuRaN2DQ (1 clip(s) needed) ...
[16:40:33]     FAILED: ERROR: [youtube] en7BuRaN2DQ: Please sign in. Use --cookies-from-browser or --cookies for the authentication. See  https://github.com/yt-dlp/yt-dlp/wiki/FAQ#how-do-i-pass-cookies-to-yt-dlp  for how to manually pass cookies. Also see  https://github.com/yt-dlp/yt-dlp/wiki/Extractors#exporting-youtube-cookies  for tips on effectively exporting YouTube cookies
[16:40:33]   [video 8910/24611] yt-dlp ckrAcMsnYaI (1 clip(s) needed) ...
[16:40:36]     FAILED: ERROR: [youtube] ckrAcMsnYaI: Private video
[16:40:36]   [video 8918/24611] yt-dlp yK8jIrUSOzM (1 clip(s) needed) ...
[16:40:49]     [9150/24988] cutting yK8jIrUSOzM-0:00:01.440-0:00:13.160.mp4 (0:00:01.440 -> 0:00:13.160)
[16:40:50]   [video 8921/24611] yt-dlp 9eskzl5bEkE (1 clip(s) needed) ...
[16:40:53]     FAILED: ERROR: [youtube] 9eskzl5bEkE: This video is not available
[16:40:53]   [video 8945/24611] yt-dlp b6M8pjQO8fI (1 clip(s) needed) ...
[16:40:56]     FAILED: ERROR: [youtube] b6M8pjQO8fI: Private video
[16:40:56]   [video 8948/24611] yt-dlp wFgY4fBZQLE (1 clip(s) needed) ...
[16:40:59]     FAILED: ERROR: [youtube] wFgY4fBZQLE: This video is unavailable
[16:40:59]   [video 8967/24611] yt-dlp Bag9XFsEvmk (1 clip(s) needed) ...
[16:41:03]     FAILED: ERROR: [youtube] Bag9XFsEvmk: This video is not available
[16:41:03]   [video 8982/24611] yt-dlp cr_91ySb-jk (1 clip(s) needed) ...
[16:41:06]     FAILED: ERROR: [youtube] cr_91ySb-jk: Private video
[16:41:06]   [video 8987/24611] yt-dlp wcT04IeYAdM (1 clip(s) needed) ...
[16:41:10]     FAILED: ERROR: [youtube] wcT04IeYAdM: This video is not available
[16:41:10]   [video 9003/24611] yt-dlp qYSGesICmzA (1 clip(s) needed) ...
[16:41:13]     FAILED: ERROR: [youtube] qYSGesICmzA: This video is not available
[16:41:13]   [video 9012/24611] yt-dlp n2R2vyybNbg (1 clip(s) needed) ...
[16:41:16]     FAILED: ERROR: [youtube] n2R2vyybNbg: This video is unavailable
[16:41:17]   [video 9066/24611] yt-dlp pydrbLOFKYI (1 clip(s) needed) ...
[16:41:20]     FAILED: ERROR: [youtube] pydrbLOFKYI: This video is unavailable
[16:41:20]   [video 9071/24611] yt-dlp AwprQ7xcXkU (1 clip(s) needed) ...
[16:41:22]     FAILED: ERROR: [youtube] AwprQ7xcXkU: Private video
[16:41:22]   [video 9082/24611] yt-dlp aswAfRquIqE (1 clip(s) needed) ...
[16:41:26]     FAILED: ERROR: [youtube] aswAfRquIqE: This video is not available
[16:41:26]   [video 9107/24611] yt-dlp Z4B5NYdL_v0 (1 clip(s) needed) ...
[16:41:30]     FAILED: ERROR: [youtube] Z4B5NYdL_v0: This video is not available
[16:41:30]   [video 9113/24611] yt-dlp GD_TGs3lWbI (1 clip(s) needed) ...
[16:42:09]     [9349/24988] cutting GD_TGs3lWbI-0:02:52.639-0:03:28.741.mp4 (0:02:52.639 -> 0:03:28.741)
[16:42:10]   [video 9156/24611] yt-dlp vdesxS8lg7g (1 clip(s) needed) ...
[16:42:13]     FAILED: ERROR: [youtube] vdesxS8lg7g: This video is unavailable
[16:42:13]   [video 9170/24611] yt-dlp lDS9YKFcZrk (1 clip(s) needed) ...
[16:42:16]     FAILED: ERROR: [youtube] lDS9YKFcZrk: This video is unavailable
[16:42:16]   [video 9277/24611] yt-dlp -C-JPQ9-bKA (2 clip(s) needed) ...
[16:42:19]     FAILED: ERROR: [youtube] -C-JPQ9-bKA: This video is not available
[16:42:19]   [video 9284/24611] yt-dlp x7Ah5Nt_xuI (1 clip(s) needed) ...
[16:42:22]     FAILED: ERROR: [youtube] x7Ah5Nt_xuI: Private video
[16:42:22]   [video 9304/24611] yt-dlp IqaaeGQvPXM (1 clip(s) needed) ...
[16:42:26]     FAILED: ERROR: [youtube] IqaaeGQvPXM: Please sign in. Use --cookies-from-browser or --cookies for the authentication. See  https://github.com/yt-dlp/yt-dlp/wiki/FAQ#how-do-i-pass-cookies-to-yt-dlp  for how to manually pass cookies. Also see  https://github.com/yt-dlp/yt-dlp/wiki/Extractors#exporting-youtube-cookies  for tips on effectively exporting YouTube cookies
[16:42:26]   [video 9308/24611] yt-dlp 8oMiKQ3J11E (1 clip(s) needed) ...
[16:42:29]     FAILED: ERROR: [youtube] 8oMiKQ3J11E: Private video
[16:42:29]   [video 9313/24611] yt-dlp KU2qph2vG9Y (1 clip(s) needed) ...
[16:42:32]     FAILED: ERROR: [youtube] KU2qph2vG9Y: This video is unavailable
[16:42:32]   [video 9314/24611] yt-dlp EP3HsYWpEGI (1 clip(s) needed) ...
[16:42:35]     FAILED: ERROR: [youtube] EP3HsYWpEGI: This video is unavailable
[16:42:35]   [video 9325/24611] yt-dlp d-GvXj9Rp0M (1 clip(s) needed) ...
[16:42:38]     FAILED: ERROR: [youtube] d-GvXj9Rp0M: Private video
[16:42:38]   [video 9366/24611] yt-dlp 9-RqTtDCzLY (1 clip(s) needed) ...
[16:42:41]     FAILED: ERROR: [youtube] 9-RqTtDCzLY: This video is unavailable
[16:42:41]   [video 9371/24611] yt-dlp W_ppHDT1Xkc (1 clip(s) needed) ...
[16:42:44]     FAILED: ERROR: [youtube] W_ppHDT1Xkc: This video is not available
[16:42:44]   [video 9372/24611] yt-dlp 086BnftQMmw (1 clip(s) needed) ...
[16:42:47]     FAILED: ERROR: [youtube] 086BnftQMmw: This video is not available
[16:42:48]   [video 9385/24611] yt-dlp 7wbEp5eIG4E (1 clip(s) needed) ...
[16:42:51]     FAILED: ERROR: [youtube] 7wbEp5eIG4E: This video is not available
[16:42:51]   [video 9396/24611] yt-dlp YNOrtJtqonc (1 clip(s) needed) ...
[16:42:53]     FAILED: ERROR: [youtube] YNOrtJtqonc: Video unavailable
[16:42:54]   [video 9459/24611] yt-dlp 93Zma6DwpJw (1 clip(s) needed) ...
[16:42:57]     FAILED: ERROR: [youtube] 93Zma6DwpJw: This video is not available
[16:42:57]   [video 9478/24611] yt-dlp lPMHYfjqKD0 (1 clip(s) needed) ...
[16:43:17]     [9721/24988] cutting lPMHYfjqKD0-0:00:13.613-0:00:20.887.mp4 (0:00:13.613 -> 0:00:20.887)
[16:43:18]   [video 9479/24611] yt-dlp KDztxaRd48Y (1 clip(s) needed) ...
[16:43:21]     FAILED: ERROR: [youtube] KDztxaRd48Y: Private video
[16:43:21]   [video 9489/24611] yt-dlp 3bBARMYIW-E (1 clip(s) needed) ...
[16:43:59]     [9732/24988] cutting 3bBARMYIW-E-0:01:39.791-0:02:27.791.mp4 (0:01:39.791 -> 0:02:27.791)
[16:44:02]   [video 9495/24611] yt-dlp JmQ_-_Luvv0 (1 clip(s) needed) ...
[16:44:06]     FAILED: ERROR: [youtube] JmQ_-_Luvv0: This video is not available
[16:44:06]   [video 9542/24611] yt-dlp kr_0CT4VvCE (1 clip(s) needed) ...
[16:44:19]     FAILED: ERROR: [youtube] kr_0CT4VvCE: Video unavailable
[16:44:19]   [video 9545/24611] yt-dlp CVxgFZixwlg (1 clip(s) needed) ...
[16:44:23]     FAILED: ERROR: [youtube] CVxgFZixwlg: This video is not available
[16:44:23]   [video 9549/24611] yt-dlp wyvwnBfQiis (1 clip(s) needed) ...
[16:44:26]     FAILED: ERROR: [youtube] wyvwnBfQiis: This video is not available
[16:44:26]   [video 9554/24611] yt-dlp WoLA7Gjvw-4 (1 clip(s) needed) ...
[16:44:33]     [9798/24988] cutting WoLA7Gjvw-4-0:01:10.640-0:01:16.760.mp4 (0:01:10.640 -> 0:01:16.760)
[16:44:34]   [video 9559/24611] yt-dlp sKh7DUtqmlk (1 clip(s) needed) ...
[16:44:42]     [9803/24988] cutting sKh7DUtqmlk-0:01:53.446-0:01:58.993.mp4 (0:01:53.446 -> 0:01:58.993)
[16:44:42]   [video 9573/24611] yt-dlp 7yo4iaWrRXE (1 clip(s) needed) ...
[16:44:46]     FAILED: ERROR: [youtube] 7yo4iaWrRXE: Video unavailable
[16:44:46]   [video 9591/24611] yt-dlp P0Tis_DM1-8 (1 clip(s) needed) ...
[16:44:49]     FAILED: ERROR: [youtube] P0Tis_DM1-8: This video is not available
[16:44:50]   [video 9603/24611] yt-dlp zlpYytMHFNM (1 clip(s) needed) ...
[16:44:56]     [9848/24988] cutting zlpYytMHFNM-0:00:13.813-0:00:19.185.mp4 (0:00:13.813 -> 0:00:19.185)
[16:44:57]   [video 9622/24611] yt-dlp 7JjDPgoE9z4 (1 clip(s) needed) ...
[16:44:59]     FAILED: ERROR: [youtube] 7JjDPgoE9z4: This video is unavailable
[16:44:59]   [video 9668/24611] yt-dlp leO7rNwbE54 (1 clip(s) needed) ...
[16:45:03]     FAILED: ERROR: [youtube] leO7rNwbE54: This video is not available
[16:45:03]   [video 9676/24611] yt-dlp iHUL3GMwnWI (1 clip(s) needed) ...
[16:45:07]     FAILED: ERROR: [youtube] iHUL3GMwnWI: Private video
[16:45:07]   [video 9679/24611] yt-dlp q3hn5KhRI9U (1 clip(s) needed) ...
[16:45:10]     FAILED: ERROR: [youtube] q3hn5KhRI9U: This video is not available
[16:45:10]   [video 9691/24611] yt-dlp ZgkzJlgm2vI (1 clip(s) needed) ...
[16:45:16]     [9938/24988] cutting ZgkzJlgm2vI-0:00:17.475-0:00:36.619.mp4 (0:00:17.475 -> 0:00:36.619)
[16:45:17]   [video 9692/24611] yt-dlp n7Lhn5r8GcA (1 clip(s) needed) ...
[16:45:20]     FAILED: ERROR: [youtube] n7Lhn5r8GcA: This video is not available
[16:45:20]   [video 9699/24611] yt-dlp oy88sEfjQ3o (1 clip(s) needed) ...
[16:45:24]     FAILED: ERROR: [youtube] oy88sEfjQ3o: This video is not available
[16:45:24]   [video 9702/24611] yt-dlp Em1jHFEpC7A (1 clip(s) needed) ...
[16:45:34]     [9950/24988] cutting Em1jHFEpC7A-0:03:33.266-0:04:21.266.mp4 (0:03:33.266 -> 0:04:21.266)
[16:45:34]   [video 9707/24611] yt-dlp HMypuOtP6Ig (1 clip(s) needed) ...
[16:45:38]     FAILED: ERROR: [youtube] HMypuOtP6Ig: This video is not available
[16:45:38]   [video 9708/24611] yt-dlp IVIAHMFMDJM (1 clip(s) needed) ...
[16:45:40]     FAILED: ERROR: [youtube] IVIAHMFMDJM: This video is unavailable
[16:45:40]   [video 9712/24611] yt-dlp Ln6CO_NFn_Y (1 clip(s) needed) ...
[16:45:52]     [9960/24988] cutting Ln6CO_NFn_Y-0:06:11.000-0:06:33.076.mp4 (0:06:11.000 -> 0:06:33.076)
[16:45:52]   [video 9717/24611] yt-dlp E53vwXaLlz4 (1 clip(s) needed) ...
[16:45:55]     FAILED: ERROR: [youtube] E53vwXaLlz4: Private video
[16:45:55]   [video 9728/24611] yt-dlp ypVx3ZFWCvM (1 clip(s) needed) ...
[16:46:10]     [9976/24988] cutting ypVx3ZFWCvM-0:06:35.094-0:06:40.199.mp4 (0:06:35.094 -> 0:06:40.199)
[16:46:10]   [video 9729/24611] yt-dlp 36FTSca5ErE (1 clip(s) needed) ...
[16:46:13]     FAILED: ERROR: [youtube] 36FTSca5ErE: Please sign in. Use --cookies-from-browser or --cookies for the authentication. See  https://github.com/yt-dlp/yt-dlp/wiki/FAQ#how-do-i-pass-cookies-to-yt-dlp  for how to manually pass cookies. Also see  https://github.com/yt-dlp/yt-dlp/wiki/Extractors#exporting-youtube-cookies  for tips on effectively exporting YouTube cookies
[16:46:13]   [video 9733/24611] yt-dlp kst45ama-wE (1 clip(s) needed) ...
[16:46:32]     [9981/24988] cutting kst45ama-wE-0:04:34.207-0:05:06.039.mp4 (0:04:34.207 -> 0:05:06.039)
[16:46:34]   [video 9738/24611] yt-dlp 70WDk_3HJ-0 (1 clip(s) needed) ...
[16:46:38]     FAILED: ERROR: [youtube] 70WDk_3HJ-0: This video is not available
[16:46:38]   [video 9745/24611] yt-dlp oCotnJBR4vU (1 clip(s) needed) ...
[16:46:53]     [9993/24988] cutting oCotnJBR4vU-0:00:17.717-0:00:45.578.mp4 (0:00:17.717 -> 0:00:45.578)
[16:46:54]   [video 9746/24611] yt-dlp 53sKFTS9dAk (1 clip(s) needed) ...
[16:47:45]     [9994/24988] cutting 53sKFTS9dAk-0:00:55.288-0:01:01.227.mp4 (0:00:55.288 -> 0:01:01.227)
[16:47:45]   [video 9747/24611] yt-dlp xoKKXrhcjmc (1 clip(s) needed) ...
[16:48:11]     [9995/24988] cutting xoKKXrhcjmc-0:01:42.635-0:01:49.609.mp4 (0:01:42.635 -> 0:01:49.609)
[16:48:11]   [video 9748/24611] yt-dlp MxMB2dj3yCo (1 clip(s) needed) ...
[16:48:21]     [9996/24988] cutting MxMB2dj3yCo-0:00:31.133-0:01:19.133.mp4 (0:00:31.133 -> 0:01:19.133)
[16:48:23]   [video 9749/24611] yt-dlp Q8EXYg-L_wc (1 clip(s) needed) ...
[16:48:42]     [9997/24988] cutting Q8EXYg-L_wc-0:00:32.132-0:00:37.203.mp4 (0:00:32.132 -> 0:00:37.203)
[16:48:42]   [video 9750/24611] yt-dlp nXV40FkcKb0 (1 clip(s) needed) ...
[16:49:25]     [9998/24988] cutting nXV40FkcKb0-0:00:50.950-0:01:04.064.mp4 (0:00:50.950 -> 0:01:04.064)
[16:49:26]   [video 9751/24611] yt-dlp gGwoR5KkjZY (1 clip(s) needed) ...
[16:49:37]     [9999/24988] cutting gGwoR5KkjZY-0:02:07.200-0:02:13.640.mp4 (0:02:07.200 -> 0:02:13.640)
[16:49:38]   [video 9752/24611] yt-dlp xWzzJSEIIKY (1 clip(s) needed) ...
[16:50:37]     [10000/24988] cutting xWzzJSEIIKY-0:02:21.116-0:03:09.116.mp4 (0:02:21.116 -> 0:03:09.116)
[16:50:39]   [video 9753/24611] yt-dlp zCMFpPqoZCA (1 clip(s) needed) ...
[16:50:58]     [10001/24988] cutting zCMFpPqoZCA-0:00:26.292-0:01:14.340.mp4 (0:00:26.292 -> 0:01:14.340)
[16:51:00]   [video 9754/24611] yt-dlp 0OJx6sjQ48g (1 clip(s) needed) ...
[16:51:10]     [10002/24988] cutting 0OJx6sjQ48g-0:00:40.080-0:00:52.920.mp4 (0:00:40.080 -> 0:00:52.920)
[16:51:10]   [video 9755/24611] yt-dlp hf-XAz5L4cs (1 clip(s) needed) ...
[16:51:29]     [10003/24988] cutting hf-XAz5L4cs-0:02:31.860-0:02:38.867.mp4 (0:02:31.860 -> 0:02:38.867)
[16:51:29]   [video 9756/24611] yt-dlp 8jUdEj1i5jI (1 clip(s) needed) ...
[16:51:42]     [10004/24988] cutting 8jUdEj1i5jI-0:06:14.907-0:06:19.379.mp4 (0:06:14.907 -> 0:06:19.379)
[16:51:43]   [video 9757/24611] yt-dlp Q8eZR-4pgHc (1 clip(s) needed) ...
[16:52:04]     [10005/24988] cutting Q8eZR-4pgHc-0:03:07.120-0:03:17.240.mp4 (0:03:07.120 -> 0:03:17.240)
[16:52:04]   [video 9758/24611] yt-dlp mEG6XsMTJRQ (1 clip(s) needed) ...
