===== Download Panda-70M Clips (full dataset) =====
Job ID: 60422
Node: cn1.cds.iisc.in
Start: Mon Sep 21 12:29:08 PM IST 2026
METADATA_DIR=/scratch/users/anirban/tamaghnam/latentvans/data/future_l1_50k_metadata_full
OUTPUT_DIR=/scratch/users/anirban/tamaghnam/latentvans/data/panda70m_clips
NUM_SHARDS=2 SHARD_ID=0
Requirement already satisfied: yt-dlp in /scratch/users/anirban/tamaghnam/envs/latentvans/lib/python3.11/site-packages (2026.8.19)
Requirement already satisfied: datasets in /scratch/users/anirban/tamaghnam/envs/latentvans/lib/python3.11/site-packages (5.0.1)
Requirement already satisfied: filelock in /scratch/users/anirban/tamaghnam/envs/latentvans/lib/python3.11/site-packages (from datasets) (3.32.5)
Requirement already satisfied: numpy>=1.17 in /scratch/users/anirban/tamaghnam/envs/latentvans/lib/python3.11/site-packages (from datasets) (2.4.6)
Requirement already satisfied: pyarrow>=21.0.0 in /scratch/users/anirban/tamaghnam/envs/latentvans/lib/python3.11/site-packages (from datasets) (25.0.1)
Requirement already satisfied: dill<0.4.2,>=0.3.0 in /scratch/users/anirban/tamaghnam/envs/latentvans/lib/python3.11/site-packages (from datasets) (0.4.1)
Requirement already satisfied: pandas in /scratch/users/anirban/tamaghnam/envs/latentvans/lib/python3.11/site-packages (from datasets) (3.0.5)
Requirement already satisfied: requests>=2.32.2 in /scratch/users/anirban/tamaghnam/envs/latentvans/lib/python3.11/site-packages (from datasets) (2.34.2)
Requirement already satisfied: httpx<1.0.0 in /scratch/users/anirban/tamaghnam/envs/latentvans/lib/python3.11/site-packages (from datasets) (0.28.1)
Requirement already satisfied: tqdm>=4.66.3 in /scratch/users/anirban/tamaghnam/envs/latentvans/lib/python3.11/site-packages (from datasets) (4.70.0)
Requirement already satisfied: xxhash in /scratch/users/anirban/tamaghnam/envs/latentvans/lib/python3.11/site-packages (from datasets) (4.0.1)
Requirement already satisfied: multiprocess<0.70.20 in /scratch/users/anirban/tamaghnam/envs/latentvans/lib/python3.11/site-packages (from datasets) (0.70.19)
Requirement already satisfied: fsspec<=2026.6.0,>=2023.1.0 in /scratch/users/anirban/tamaghnam/envs/latentvans/lib/python3.11/site-packages (from fsspec[http]<=2026.6.0,>=2023.1.0->datasets) (2026.6.0)
Requirement already satisfied: huggingface-hub<2.0,>=0.25.0 in /scratch/users/anirban/tamaghnam/envs/latentvans/lib/python3.11/site-packages (from datasets) (1.31.0)
Requirement already satisfied: packaging in /scratch/users/anirban/tamaghnam/envs/latentvans/lib/python3.11/site-packages (from datasets) (26.3)
Requirement already satisfied: pyyaml>=5.1 in /scratch/users/anirban/tamaghnam/envs/latentvans/lib/python3.11/site-packages (from datasets) (6.0.3)
Requirement already satisfied: aiohttp!=4.0.0a0,!=4.0.0a1 in /scratch/users/anirban/tamaghnam/envs/latentvans/lib/python3.11/site-packages (from fsspec[http]<=2026.6.0,>=2023.1.0->datasets) (3.14.3)
Requirement already satisfied: anyio in /scratch/users/anirban/tamaghnam/envs/latentvans/lib/python3.11/site-packages (from httpx<1.0.0->datasets) (4.15.1)
Requirement already satisfied: certifi in /scratch/users/anirban/tamaghnam/envs/latentvans/lib/python3.11/site-packages (from httpx<1.0.0->datasets) (2026.7.22)
Requirement already satisfied: httpcore==1.* in /scratch/users/anirban/tamaghnam/envs/latentvans/lib/python3.11/site-packages (from httpx<1.0.0->datasets) (1.0.9)
Requirement already satisfied: idna in /scratch/users/anirban/tamaghnam/envs/latentvans/lib/python3.11/site-packages (from httpx<1.0.0->datasets) (3.19)
Requirement already satisfied: h11>=0.16 in /scratch/users/anirban/tamaghnam/envs/latentvans/lib/python3.11/site-packages (from httpcore==1.*->httpx<1.0.0->datasets) (0.16.0)
Requirement already satisfied: click<9.0.0,>=8.4.2 in /scratch/users/anirban/tamaghnam/envs/latentvans/lib/python3.11/site-packages (from huggingface-hub<2.0,>=0.25.0->datasets) (8.5.0)
Requirement already satisfied: hf-xet<2.0.0,>=1.5.2 in /scratch/users/anirban/tamaghnam/envs/latentvans/lib/python3.11/site-packages (from huggingface-hub<2.0,>=0.25.0->datasets) (1.6.0)
Requirement already satisfied: typing-extensions>=4.1.0 in /scratch/users/anirban/tamaghnam/envs/latentvans/lib/python3.11/site-packages (from huggingface-hub<2.0,>=0.25.0->datasets) (4.16.0)
Requirement already satisfied: aiohappyeyeballs>=2.5.0 in /scratch/users/anirban/tamaghnam/envs/latentvans/lib/python3.11/site-packages (from aiohttp!=4.0.0a0,!=4.0.0a1->fsspec[http]<=2026.6.0,>=2023.1.0->datasets) (2.7.1)
Requirement already satisfied: aiosignal>=1.4.0 in /scratch/users/anirban/tamaghnam/envs/latentvans/lib/python3.11/site-packages (from aiohttp!=4.0.0a0,!=4.0.0a1->fsspec[http]<=2026.6.0,>=2023.1.0->datasets) (1.4.0)
Requirement already satisfied: attrs>=17.3.0 in /scratch/users/anirban/tamaghnam/envs/latentvans/lib/python3.11/site-packages (from aiohttp!=4.0.0a0,!=4.0.0a1->fsspec[http]<=2026.6.0,>=2023.1.0->datasets) (26.1.0)
Requirement already satisfied: frozenlist>=1.1.1 in /scratch/users/anirban/tamaghnam/envs/latentvans/lib/python3.11/site-packages (from aiohttp!=4.0.0a0,!=4.0.0a1->fsspec[http]<=2026.6.0,>=2023.1.0->datasets) (1.8.0)
Requirement already satisfied: multidict<7.0,>=4.5 in /scratch/users/anirban/tamaghnam/envs/latentvans/lib/python3.11/site-packages (from aiohttp!=4.0.0a0,!=4.0.0a1->fsspec[http]<=2026.6.0,>=2023.1.0->datasets) (6.7.1)
Requirement already satisfied: propcache>=0.2.0 in /scratch/users/anirban/tamaghnam/envs/latentvans/lib/python3.11/site-packages (from aiohttp!=4.0.0a0,!=4.0.0a1->fsspec[http]<=2026.6.0,>=2023.1.0->datasets) (0.5.2)
Requirement already satisfied: yarl<2.0,>=1.17.0 in /scratch/users/anirban/tamaghnam/envs/latentvans/lib/python3.11/site-packages (from aiohttp!=4.0.0a0,!=4.0.0a1->fsspec[http]<=2026.6.0,>=2023.1.0->datasets) (1.24.5)
Requirement already satisfied: charset_normalizer<4,>=2 in /scratch/users/anirban/tamaghnam/envs/latentvans/lib/python3.11/site-packages (from requests>=2.32.2->datasets) (3.5.1)
Requirement already satisfied: urllib3<3,>=1.26 in /scratch/users/anirban/tamaghnam/envs/latentvans/lib/python3.11/site-packages (from requests>=2.32.2->datasets) (2.7.0)
Requirement already satisfied: python-dateutil>=2.8.2 in /scratch/users/anirban/tamaghnam/envs/latentvans/lib/python3.11/site-packages (from pandas->datasets) (2.9.0.post0)
Requirement already satisfied: six>=1.5 in /scratch/users/anirban/tamaghnam/envs/latentvans/lib/python3.11/site-packages (from python-dateutil>=2.8.2->pandas->datasets) (1.17.0)
[12:29:30] ======================================================================
[12:29:30] Loading all TwiFF targets from /scratch/users/anirban/tamaghnam/latentvans/data/future_l1_50k_metadata_full
[12:29:30] ======================================================================
[12:29:51] 50000 distinct clip files targeted for this run (start/end taken directly from each row's own meta_data)
[12:29:51] 49222 distinct source YouTube videos among those targets
[12:29:51] Sharding: this is shard 0/2 -- 24611/49222 distinct source videos assigned to it
[12:29:51] ======================================================================
[12:29:51] Downloading + cutting clips (grouped by source video)
[12:29:51] ======================================================================
[12:29:51]   [video 12/24611] yt-dlp d0OTlucki00 (1 clip(s) needed) ...
[12:29:56]     FAILED: ERROR: [youtube] d0OTlucki00: Private video
[12:29:57]   [video 43/24611] yt-dlp wZcNfq_Vdnk (1 clip(s) needed) ...
[12:30:02]     FAILED: ERROR: [youtube] wZcNfq_Vdnk: This video is unavailable
[12:30:02]   [video 45/24611] yt-dlp i8WVyvIK-14 (1 clip(s) needed) ...
[12:30:06]     FAILED: ERROR: [youtube] i8WVyvIK-14: This video is not available
[12:30:06]   [video 77/24611] yt-dlp BQAImwhnmx8 (1 clip(s) needed) ...
[12:30:09]     FAILED: ERROR: [youtube] BQAImwhnmx8: Private video
[12:30:10]   [video 102/24611] yt-dlp qyElIIlKrlg (1 clip(s) needed) ...
[12:30:14]     FAILED: ERROR: [youtube] qyElIIlKrlg: This video is not available
[12:30:15]   [video 142/24611] yt-dlp ttcAGQKdKvs (1 clip(s) needed) ...
[12:30:18]     FAILED: ERROR: [youtube] ttcAGQKdKvs: This video is not available
[12:30:18]   [video 147/24611] yt-dlp QCWkZ3yTAzk (1 clip(s) needed) ...
[12:30:21]     FAILED: ERROR: [youtube] QCWkZ3yTAzk: Please sign in. Use --cookies-from-browser or --cookies for the authentication. See  https://github.com/yt-dlp/yt-dlp/wiki/FAQ#how-do-i-pass-cookies-to-yt-dlp  for how to manually pass cookies. Also see  https://github.com/yt-dlp/yt-dlp/wiki/Extractors#exporting-youtube-cookies  for tips on effectively exporting YouTube cookies
[12:30:21]   [video 155/24611] yt-dlp un1PJ7U_ASA (1 clip(s) needed) ...
[12:30:28]     FAILED: ERROR: [youtube] un1PJ7U_ASA: Please sign in. Use --cookies-from-browser or --cookies for the authentication. See  https://github.com/yt-dlp/yt-dlp/wiki/FAQ#how-do-i-pass-cookies-to-yt-dlp  for how to manually pass cookies. Also see  https://github.com/yt-dlp/yt-dlp/wiki/Extractors#exporting-youtube-cookies  for tips on effectively exporting YouTube cookies
[12:30:28]   [video 172/24611] yt-dlp JQaBsXPSAEs (1 clip(s) needed) ...
[12:30:45]     FAILED: ERROR: [youtube] JQaBsXPSAEs: This video is unavailable
[12:30:45]   [video 178/24611] yt-dlp a_voqYLnQF8 (1 clip(s) needed) ...
[12:30:49]     FAILED: ERROR: [youtube] a_voqYLnQF8: This video is not available
[12:30:50]   [video 207/24611] yt-dlp SjRb-Z4ikOE (1 clip(s) needed) ...
[12:30:53]     FAILED: ERROR: [youtube] SjRb-Z4ikOE: Private video
[12:30:54]   [video 253/24611] yt-dlp C4Ta16hLW0w (1 clip(s) needed) ...
[12:30:58]     FAILED: ERROR: [youtube] C4Ta16hLW0w: Private video
[12:30:58]   [video 254/24611] yt-dlp kRI-XGWNJow (1 clip(s) needed) ...
[12:31:02]     FAILED: ERROR: [youtube] kRI-XGWNJow: This video is not available
[12:31:02]   [video 283/24611] yt-dlp cyyhO9e2zBo (1 clip(s) needed) ...
[12:31:05]     FAILED: ERROR: [youtube] cyyhO9e2zBo: Private video
[12:31:05]   [video 289/24611] yt-dlp EOPzjh6tSO8 (1 clip(s) needed) ...
[12:31:08]     FAILED: ERROR: [youtube] EOPzjh6tSO8: Private video
[12:31:08]   [video 299/24611] yt-dlp _Y-pFZd97Vs (1 clip(s) needed) ...
[12:31:11]     FAILED: ERROR: [youtube] _Y-pFZd97Vs: This video is not available
[12:31:12]   [video 304/24611] yt-dlp mqqx_ehU_WU (1 clip(s) needed) ...
[12:31:15]     FAILED: ERROR: [youtube] mqqx_ehU_WU: This video is not available
[12:31:15]   [video 306/24611] yt-dlp pfsvrBWq_ao (1 clip(s) needed) ...
[12:31:18]     FAILED: ERROR: [youtube] pfsvrBWq_ao: This video is not available
[12:31:18]   [video 320/24611] yt-dlp bSRkyl039dM (1 clip(s) needed) ...
[12:31:21]     FAILED: ERROR: [youtube] bSRkyl039dM: This video is unavailable
[12:31:21]   [video 321/24611] yt-dlp HtrvyBkvKs8 (1 clip(s) needed) ...
[12:31:24]     FAILED: ERROR: [youtube] HtrvyBkvKs8: Video unavailable
[12:31:25]   [video 360/24611] yt-dlp 9LTgpJ4Njr8 (1 clip(s) needed) ...
[12:31:27]     FAILED: ERROR: [youtube] 9LTgpJ4Njr8: This video is unavailable
[12:31:28]   [video 369/24611] yt-dlp goOWdeRhFHU (1 clip(s) needed) ...
[12:31:32]     FAILED: ERROR: [youtube] goOWdeRhFHU: This video is not available
[12:31:32]   [video 370/24611] yt-dlp d4rdK6fIvMg (1 clip(s) needed) ...
[12:31:34]     FAILED: ERROR: [youtube] d4rdK6fIvMg: Private video
[12:31:34]   [video 373/24611] yt-dlp 8l7x3gmFeUA (2 clip(s) needed) ...
[12:31:38]     FAILED: ERROR: [youtube] 8l7x3gmFeUA: This video is not available
[12:31:38]   [video 377/24611] yt-dlp KlP1gJX2q0Q (1 clip(s) needed) ...
[12:31:41]     FAILED: ERROR: [youtube] KlP1gJX2q0Q: This video is unavailable
[12:31:41]   [video 402/24611] yt-dlp 6u7wi0rpMsE (1 clip(s) needed) ...
[12:31:44]     FAILED: ERROR: [youtube] 6u7wi0rpMsE: Private video
[12:31:45]   [video 411/24611] yt-dlp bdzwKx1R80Y (1 clip(s) needed) ...
[12:31:48]     FAILED: ERROR: [youtube] bdzwKx1R80Y: This video is not available
[12:31:48]   [video 448/24611] yt-dlp mJiNKKDQU18 (1 clip(s) needed) ...
[12:31:51]     FAILED: ERROR: [youtube] mJiNKKDQU18: Private video
[12:31:52]   [video 472/24611] yt-dlp Odv7f4zGQY4 (1 clip(s) needed) ...
[12:31:55]     FAILED: ERROR: [youtube] Odv7f4zGQY4: Private video
[12:31:55]   [video 489/24611] yt-dlp sEBsEO75lOo (1 clip(s) needed) ...
[12:31:59]     FAILED: ERROR: [youtube] sEBsEO75lOo: This video is not available
[12:31:59]   [video 494/24611] yt-dlp 9QT5qXXl5_4 (1 clip(s) needed) ...
[12:32:03]     FAILED: ERROR: [youtube] 9QT5qXXl5_4: This video is not available
[12:32:03]   [video 502/24611] yt-dlp UZk4uWuUZT8 (1 clip(s) needed) ...
[12:32:09]     FAILED: ERROR: [youtube] UZk4uWuUZT8: This video is not available
[12:32:09]   [video 529/24611] yt-dlp XDR6hwPiO6c (1 clip(s) needed) ...
[12:32:13]     FAILED: ERROR: [youtube] XDR6hwPiO6c: Video unavailable
[12:32:13]   [video 548/24611] yt-dlp gZwk7KfAtyA (1 clip(s) needed) ...
[12:32:16]     FAILED: ERROR: [youtube] gZwk7KfAtyA: Private video
[12:32:16]   [video 570/24611] yt-dlp L5Y18By0PTg (1 clip(s) needed) ...
[12:32:27]     [587/25012] cutting L5Y18By0PTg-0:04:04.410-0:04:08.456.mp4 (0:04:04.410 -> 0:04:08.456)
[12:32:28]   [video 582/24611] yt-dlp C1dF20x-hLo (1 clip(s) needed) ...
[12:32:33]     [599/25012] cutting C1dF20x-hLo-0:03:32.312-0:03:38.718.mp4 (0:03:32.312 -> 0:03:38.718)
[12:32:34]   [video 589/24611] yt-dlp v7q5EAlsFM8 (1 clip(s) needed) ...
[12:32:39]     FAILED: ERROR: [youtube] v7q5EAlsFM8: Video unavailable
[12:32:39]   [video 592/24611] yt-dlp 5kDD4x4ayWM (1 clip(s) needed) ...
[12:32:46]     [609/25012] cutting 5kDD4x4ayWM-0:05:10.977-0:05:20.203.mp4 (0:05:10.977 -> 0:05:20.203)
[12:32:47]   [video 600/24611] yt-dlp xg205sccJNg (1 clip(s) needed) ...
[12:32:50]     FAILED: ERROR: [youtube] xg205sccJNg: This video is unavailable
[12:32:51]   [video 613/24611] yt-dlp ygYVzCXGNfc (1 clip(s) needed) ...
[12:32:59]     [631/25012] cutting ygYVzCXGNfc-0:00:21.480-0:00:33.520.mp4 (0:00:21.480 -> 0:00:33.520)
[12:33:00]   [video 633/24611] yt-dlp 5zyweBA96K4 (1 clip(s) needed) ...
[12:33:05]     [651/25012] cutting 5zyweBA96K4-0:00:01.368-0:00:12.545.mp4 (0:00:01.368 -> 0:00:12.545)
[12:33:06]   [video 642/24611] yt-dlp YW5yi3GxJyA (1 clip(s) needed) ...
[12:33:09]     FAILED: ERROR: [youtube] YW5yi3GxJyA: This video is not available
[12:33:10]   [video 648/24611] yt-dlp Dzd7-qKixbE (1 clip(s) needed) ...
[12:33:19]     [667/25012] cutting Dzd7-qKixbE-0:05:58.257-0:06:16.676.mp4 (0:05:58.257 -> 0:06:16.676)
[12:33:20]   [video 657/24611] yt-dlp kl8XOi1k6eM (1 clip(s) needed) ...
[12:33:24]     FAILED: ERROR: [youtube] kl8XOi1k6eM: Video unavailable
[12:33:24]   [video 669/24611] yt-dlp x8QWRCURBvU (1 clip(s) needed) ...
[12:33:27]     FAILED: ERROR: [youtube] x8QWRCURBvU: Please sign in. Use --cookies-from-browser or --cookies for the authentication. See  https://github.com/yt-dlp/yt-dlp/wiki/FAQ#how-do-i-pass-cookies-to-yt-dlp  for how to manually pass cookies. Also see  https://github.com/yt-dlp/yt-dlp/wiki/Extractors#exporting-youtube-cookies  for tips on effectively exporting YouTube cookies
[12:33:28]   [video 674/24611] yt-dlp D6BUHTXFbw0 (1 clip(s) needed) ...
[12:33:34]     [695/25012] cutting D6BUHTXFbw0-0:03:11.357-0:03:37.050.mp4 (0:03:11.357 -> 0:03:37.050)
[12:33:36]   [video 702/24611] yt-dlp BqYoNuqnrnc (1 clip(s) needed) ...
[12:33:41]     [723/25012] cutting BqYoNuqnrnc-0:00:15.520-0:00:21.440.mp4 (0:00:15.520 -> 0:00:21.440)
[12:33:42]   [video 717/24611] yt-dlp kyeFcwmoJPo (1 clip(s) needed) ...
[12:33:45]     FAILED: ERROR: [youtube] kyeFcwmoJPo: Private video
[12:33:46]   [video 734/24611] yt-dlp PDlo5Hlj7hg (1 clip(s) needed) ...
[12:33:48]     FAILED: ERROR: [youtube] PDlo5Hlj7hg: Private video
[12:33:48]   [video 741/24611] yt-dlp OAXK2tBnXO4 (1 clip(s) needed) ...
[12:33:52]     FAILED: ERROR: [youtube] OAXK2tBnXO4: This video is not available
[12:33:52]   [video 765/24611] yt-dlp krkzk8V6WVk (1 clip(s) needed) ...
[12:33:56]     FAILED: ERROR: [youtube] krkzk8V6WVk: This video is not available
[12:33:56]   [video 771/24611] yt-dlp -ji9pMcecvc (1 clip(s) needed) ...
[12:33:59]     FAILED: ERROR: [youtube] -ji9pMcecvc: Private video
[12:33:59]   [video 789/24611] yt-dlp mb2M_o-Z5WA (1 clip(s) needed) ...
[12:34:06]     FAILED: ERROR: [youtube] mb2M_o-Z5WA: Sign in to confirm your age. Use --cookies-from-browser or --cookies for the authentication. See  https://github.com/yt-dlp/yt-dlp/wiki/FAQ#how-do-i-pass-cookies-to-yt-dlp  for how to manually pass cookies. Also see  https://github.com/yt-dlp/yt-dlp/wiki/Extractors#exporting-youtube-cookies  for tips on effectively exporting YouTube cookies
[12:34:06]   [video 808/24611] yt-dlp TjriIhGE9pc (1 clip(s) needed) ...
[12:34:09]     FAILED: ERROR: [youtube] TjriIhGE9pc: This video is not available
[12:34:09]   [video 827/24611] yt-dlp xfmYI6vXz0w (1 clip(s) needed) ...
[12:34:13]     FAILED: ERROR: [youtube] xfmYI6vXz0w: This video is not available
[12:34:14]   [video 832/24611] yt-dlp bmXnI4veZWk (1 clip(s) needed) ...
[12:34:17]     FAILED: ERROR: [youtube] bmXnI4veZWk: Join this channel to get access to members-only content like this video, and other exclusive perks.
[12:34:17]   [video 833/24611] yt-dlp dauZWcHI9Y0 (1 clip(s) needed) ...
[12:34:20]     FAILED: ERROR: [youtube] dauZWcHI9Y0: This video is not available
[12:34:20]   [video 835/24611] yt-dlp Mu-FQ2kWRRU (1 clip(s) needed) ...
[12:34:23]     FAILED: ERROR: [youtube] Mu-FQ2kWRRU: Private video
[12:34:23]   [video 848/24611] yt-dlp 4wD8De2g6A4 (1 clip(s) needed) ...
[12:34:27]     FAILED: ERROR: [youtube] 4wD8De2g6A4: This video is not available
[12:34:27]   [video 859/24611] yt-dlp lxEZUUmVxAA (1 clip(s) needed) ...
[12:34:30]     FAILED: ERROR: [youtube] lxEZUUmVxAA: Private video
[12:34:30]   [video 864/24611] yt-dlp klI1VsHc5So (1 clip(s) needed) ...
[12:34:36]     FAILED: ERROR: [youtube] klI1VsHc5So: Sign in to confirm your age. Use --cookies-from-browser or --cookies for the authentication. See  https://github.com/yt-dlp/yt-dlp/wiki/FAQ#how-do-i-pass-cookies-to-yt-dlp  for how to manually pass cookies. Also see  https://github.com/yt-dlp/yt-dlp/wiki/Extractors#exporting-youtube-cookies  for tips on effectively exporting YouTube cookies
[12:34:37]   [video 880/24611] yt-dlp AgpQbzTwXEA (1 clip(s) needed) ...
[12:34:42]     FAILED: ERROR: [youtube] AgpQbzTwXEA: This video is not available
[12:34:42]   [video 895/24611] yt-dlp qMmctadwtzY (1 clip(s) needed) ...
[12:34:46]     FAILED: ERROR: [youtube] qMmctadwtzY: This video is unavailable
[12:34:47]   [video 959/24611] yt-dlp U_Va8Ok6kzc (2 clip(s) needed) ...
[12:34:50]     FAILED: ERROR: [youtube] U_Va8Ok6kzc: This video is not available
[12:34:51]   [video 972/24611] yt-dlp CApbW_3w1jg (1 clip(s) needed) ...
[12:34:54]     FAILED: ERROR: [youtube] CApbW_3w1jg: This video is unavailable
[12:34:54]   [video 975/24611] yt-dlp ubgm7yr5jTo (1 clip(s) needed) ...
[12:34:57]     FAILED: ERROR: [youtube] ubgm7yr5jTo: This video is not available
[12:34:58]   [video 982/24611] yt-dlp AwcVN-OOCa4 (1 clip(s) needed) ...
[12:35:02]     FAILED: ERROR: [youtube] AwcVN-OOCa4: This video is not available
[12:35:02]   [video 1015/24611] yt-dlp 4XV24cKSz4U (1 clip(s) needed) ...
[12:35:06]     FAILED: ERROR: [youtube] 4XV24cKSz4U: This video is not available
[12:35:07]   [video 1049/24611] yt-dlp zUGtGlUi9Ck (1 clip(s) needed) ...
[12:35:10]     FAILED: ERROR: [youtube] zUGtGlUi9Ck: This video is not available
[12:35:11]   [video 1065/24611] yt-dlp owDKO3U9GVk (1 clip(s) needed) ...
[12:35:14]     FAILED: ERROR: [youtube] owDKO3U9GVk: This video is unavailable
[12:35:14]   [video 1075/24611] yt-dlp X-Y2L_4v5mg (1 clip(s) needed) ...
[12:35:17]     FAILED: ERROR: [youtube] X-Y2L_4v5mg: Private video
[12:35:17]   [video 1085/24611] yt-dlp -A0f9CJH424 (1 clip(s) needed) ...
[12:35:20]     FAILED: ERROR: [youtube] -A0f9CJH424: This video is not available
[12:35:20]   [video 1105/24611] yt-dlp zKdFoAiFE6k (1 clip(s) needed) ...
[12:35:23]     FAILED: ERROR: [youtube] zKdFoAiFE6k: This video is unavailable
[12:35:23]   [video 1112/24611] yt-dlp y_infTa_zY4 (1 clip(s) needed) ...
[12:35:26]     FAILED: ERROR: [youtube] y_infTa_zY4: This video is not available
[12:35:26]   [video 1126/24611] yt-dlp cb01ZXlpLqY (1 clip(s) needed) ...
[12:35:29]     FAILED: ERROR: [youtube] cb01ZXlpLqY: Private video
[12:35:30]   [video 1155/24611] yt-dlp aKyrH5VVt24 (1 clip(s) needed) ...
[12:35:34]     FAILED: ERROR: [youtube] aKyrH5VVt24: Private video
[12:35:34]   [video 1160/24611] yt-dlp 0N2tkmCgmNs (1 clip(s) needed) ...
[12:35:37]     FAILED: ERROR: [youtube] 0N2tkmCgmNs: This video is not available
[12:35:37]   [video 1163/24611] yt-dlp V7_qf-yzZsY (1 clip(s) needed) ...
[12:35:41]     FAILED: ERROR: [youtube] V7_qf-yzZsY: Please sign in. Use --cookies-from-browser or --cookies for the authentication. See  https://github.com/yt-dlp/yt-dlp/wiki/FAQ#how-do-i-pass-cookies-to-yt-dlp  for how to manually pass cookies. Also see  https://github.com/yt-dlp/yt-dlp/wiki/Extractors#exporting-youtube-cookies  for tips on effectively exporting YouTube cookies
[12:35:41]   [video 1195/24611] yt-dlp SfuKlyh6F88 (1 clip(s) needed) ...
[12:35:44]     FAILED: ERROR: [youtube] SfuKlyh6F88: Private video
[12:35:44]   [video 1210/24611] yt-dlp -2bTqRSpSdg (1 clip(s) needed) ...
[12:35:48]     FAILED: ERROR: [youtube] -2bTqRSpSdg: This video is not available
[12:35:48]   [video 1236/24611] yt-dlp bRcv5Xg3XFk (1 clip(s) needed) ...
[12:35:52]     FAILED: ERROR: [youtube] bRcv5Xg3XFk: Please sign in. Use --cookies-from-browser or --cookies for the authentication. See  https://github.com/yt-dlp/yt-dlp/wiki/FAQ#how-do-i-pass-cookies-to-yt-dlp  for how to manually pass cookies. Also see  https://github.com/yt-dlp/yt-dlp/wiki/Extractors#exporting-youtube-cookies  for tips on effectively exporting YouTube cookies
[12:35:52]   [video 1240/24611] yt-dlp CqMMG05l8qw (1 clip(s) needed) ...
[12:35:55]     FAILED: ERROR: [youtube] CqMMG05l8qw: Video unavailable
[12:35:55]   [video 1257/24611] yt-dlp HuxQLLFSmIA (1 clip(s) needed) ...
[12:35:58]     FAILED: ERROR: [youtube] HuxQLLFSmIA: Private video
[12:35:59]   [video 1265/24611] yt-dlp C-ZNt1pFKXw (1 clip(s) needed) ...
[12:36:02]     FAILED: ERROR: [youtube] C-ZNt1pFKXw: This video is not available
[12:36:02]   [video 1313/24611] yt-dlp quBpwLGrrSE (1 clip(s) needed) ...
[12:36:05]     FAILED: ERROR: [youtube] quBpwLGrrSE: This video is not available
[12:36:06]   [video 1343/24611] yt-dlp l6vNVGydDtg (1 clip(s) needed) ...
[12:36:09]     FAILED: ERROR: [youtube] l6vNVGydDtg: Please sign in. Use --cookies-from-browser or --cookies for the authentication. See  https://github.com/yt-dlp/yt-dlp/wiki/FAQ#how-do-i-pass-cookies-to-yt-dlp  for how to manually pass cookies. Also see  https://github.com/yt-dlp/yt-dlp/wiki/Extractors#exporting-youtube-cookies  for tips on effectively exporting YouTube cookies
[12:36:09]   [video 1359/24611] yt-dlp bQFK_M3uEJk (1 clip(s) needed) ...
[12:36:12]     FAILED: ERROR: [youtube] bQFK_M3uEJk: Private video
[12:36:13]   [video 1421/24611] yt-dlp J_pKNAldA8I (1 clip(s) needed) ...
[12:36:17]     FAILED: ERROR: [youtube] J_pKNAldA8I: This video is not available
[12:36:17]   [video 1429/24611] yt-dlp 17mkDb5-Prk (1 clip(s) needed) ...
[12:36:20]     FAILED: ERROR: [youtube] 17mkDb5-Prk: This video is not available
[12:36:20]   [video 1432/24611] yt-dlp F2-gU9Bq1lM (1 clip(s) needed) ...
[12:36:24]     FAILED: ERROR: [youtube] F2-gU9Bq1lM: Private video
[12:36:24]   [video 1440/24611] yt-dlp XQ0RPtdReYA (1 clip(s) needed) ...
[12:36:29]     FAILED: ERROR: [youtube] XQ0RPtdReYA: Sign in to confirm your age. Use --cookies-from-browser or --cookies for the authentication. See  https://github.com/yt-dlp/yt-dlp/wiki/FAQ#how-do-i-pass-cookies-to-yt-dlp  for how to manually pass cookies. Also see  https://github.com/yt-dlp/yt-dlp/wiki/Extractors#exporting-youtube-cookies  for tips on effectively exporting YouTube cookies
[12:36:29]   [video 1442/24611] yt-dlp UztsLI2h_vA (1 clip(s) needed) ...
[12:36:32]     FAILED: ERROR: [youtube] UztsLI2h_vA: This video is not available
[12:36:32]   [video 1491/24611] yt-dlp QuylfrzPES4 (1 clip(s) needed) ...
[12:36:36]     FAILED: ERROR: [youtube] QuylfrzPES4: Please sign in. Use --cookies-from-browser or --cookies for the authentication. See  https://github.com/yt-dlp/yt-dlp/wiki/FAQ#how-do-i-pass-cookies-to-yt-dlp  for how to manually pass cookies. Also see  https://github.com/yt-dlp/yt-dlp/wiki/Extractors#exporting-youtube-cookies  for tips on effectively exporting YouTube cookies
[12:36:36]   [video 1505/24611] yt-dlp UNs4i-pb77Y (1 clip(s) needed) ...
[12:36:39]     FAILED: ERROR: [youtube] UNs4i-pb77Y: This video is not available
[12:36:39]   [video 1506/24611] yt-dlp inGXq_axOFY (1 clip(s) needed) ...
[12:36:42]     FAILED: ERROR: [youtube] inGXq_axOFY: This video is not available
[12:36:43]   [video 1529/24611] yt-dlp cV-2_TKC-1w (1 clip(s) needed) ...
[12:36:51]     FAILED: ERROR: [youtube] cV-2_TKC-1w: This video is unavailable
[12:36:51]   [video 1531/24611] yt-dlp HBDeRRb2edw (1 clip(s) needed) ...
[12:36:54]     FAILED: ERROR: [youtube] HBDeRRb2edw: Private video
[12:36:54]   [video 1550/24611] yt-dlp 7kcRGfAWhx0 (1 clip(s) needed) ...
[12:36:57]     FAILED: ERROR: [youtube] 7kcRGfAWhx0: Private video
[12:36:57]   [video 1590/24611] yt-dlp pqDfd3VU7sQ (1 clip(s) needed) ...
[12:37:01]     FAILED: ERROR: [youtube] pqDfd3VU7sQ: This video is not available
[12:37:01]   [video 1602/24611] yt-dlp EXjWJZJiujA (1 clip(s) needed) ...
[12:37:22]     FAILED: ERROR: [youtube] EXjWJZJiujA: This video is not available
[12:37:22]   [video 1610/24611] yt-dlp X11X7IX_bZ4 (1 clip(s) needed) ...
[12:37:25]     FAILED: ERROR: [youtube] X11X7IX_bZ4: This video is unavailable
[12:37:25]   [video 1616/24611] yt-dlp 4S2mSE4XIDg (1 clip(s) needed) ...
[12:37:28]     FAILED: ERROR: [youtube] 4S2mSE4XIDg: Please sign in. Use --cookies-from-browser or --cookies for the authentication. See  https://github.com/yt-dlp/yt-dlp/wiki/FAQ#how-do-i-pass-cookies-to-yt-dlp  for how to manually pass cookies. Also see  https://github.com/yt-dlp/yt-dlp/wiki/Extractors#exporting-youtube-cookies  for tips on effectively exporting YouTube cookies
[12:37:29]   [video 1627/24611] yt-dlp zFCqH4FnYVk (1 clip(s) needed) ...
[12:37:33]     FAILED: ERROR: [youtube] zFCqH4FnYVk: This video is not available
[12:37:33]   [video 1637/24611] yt-dlp 5_rqoMJyfuE (1 clip(s) needed) ...
[12:37:36]     FAILED: ERROR: [youtube] 5_rqoMJyfuE: Private video
[12:37:37]   [video 1676/24611] yt-dlp Il9qpGFNUCk (1 clip(s) needed) ...
[12:37:40]     FAILED: ERROR: [youtube] Il9qpGFNUCk: This video is not available
[12:37:40]   [video 1683/24611] yt-dlp 7lUDf3nLDPA (1 clip(s) needed) ...
[12:37:44]     FAILED: ERROR: [youtube] 7lUDf3nLDPA: Please sign in. Use --cookies-from-browser or --cookies for the authentication. See  https://github.com/yt-dlp/yt-dlp/wiki/FAQ#how-do-i-pass-cookies-to-yt-dlp  for how to manually pass cookies. Also see  https://github.com/yt-dlp/yt-dlp/wiki/Extractors#exporting-youtube-cookies  for tips on effectively exporting YouTube cookies
[12:37:44]   [video 1687/24611] yt-dlp I-7BV8Jm8QQ (1 clip(s) needed) ...
[12:37:49]     FAILED: ERROR: [youtube] I-7BV8Jm8QQ: Sign in to confirm your age. Use --cookies-from-browser or --cookies for the authentication. See  https://github.com/yt-dlp/yt-dlp/wiki/FAQ#how-do-i-pass-cookies-to-yt-dlp  for how to manually pass cookies. Also see  https://github.com/yt-dlp/yt-dlp/wiki/Extractors#exporting-youtube-cookies  for tips on effectively exporting YouTube cookies
[12:37:49]   [video 1688/24611] yt-dlp GwiGhHvDY40 (1 clip(s) needed) ...
[12:37:57]     FAILED: ERROR: [youtube] GwiGhHvDY40: This video is not available
[12:37:57]   [video 1732/24611] yt-dlp w6pr5IH6qfs (1 clip(s) needed) ...
[12:38:01]     FAILED: ERROR: [youtube] w6pr5IH6qfs: This video is not available
[12:38:02]   [video 1751/24611] yt-dlp KkaCIVLCLUE (1 clip(s) needed) ...
[12:38:05]     FAILED: ERROR: [youtube] KkaCIVLCLUE: Private video
[12:38:05]   [video 1764/24611] yt-dlp OAXDpUhiR2U (1 clip(s) needed) ...
[12:38:10]     FAILED: ERROR: [youtube] OAXDpUhiR2U: This video is not available
[12:38:10]   [video 1776/24611] yt-dlp gsJ6CJ4_Zhw (1 clip(s) needed) ...
[12:38:14]     FAILED: ERROR: [youtube] gsJ6CJ4_Zhw: This video is not available
[12:38:14]   [video 1795/24611] yt-dlp Z8idlrwVDfE (1 clip(s) needed) ...
[12:38:19]     FAILED: ERROR: Postprocessing: Error opening input files: Invalid data found when processing input
[12:38:20]   [video 1830/24611] yt-dlp E2JekGOa2-M (1 clip(s) needed) ...
[12:38:23]     FAILED: ERROR: [youtube] E2JekGOa2-M: Private video
[12:38:23]   [video 1832/24611] yt-dlp x-mrnLu9SAU (1 clip(s) needed) ...
[12:38:47]     [1891/25012] cutting x-mrnLu9SAU-0:04:52.225-0:05:04.003.mp4 (0:04:52.225 -> 0:05:04.003)
[12:38:48]   [video 1847/24611] yt-dlp DkaJ0d9Q7m0 (1 clip(s) needed) ...
[12:38:53]     FAILED: ERROR: [youtube] DkaJ0d9Q7m0: This video is not available
[12:38:53]   [video 1864/24611] yt-dlp NfY9VZzQfqQ (1 clip(s) needed) ...
[12:38:56]     FAILED: ERROR: [youtube] NfY9VZzQfqQ: This video is unavailable
[12:38:57]   [video 1881/24611] yt-dlp AipbRfRnQBg (1 clip(s) needed) ...
[12:39:01]     FAILED: ERROR: [youtube] AipbRfRnQBg: This video is not available
[12:39:01]   [video 1905/24611] yt-dlp o7MY09GLnSc (1 clip(s) needed) ...
[12:39:04]     FAILED: ERROR: [youtube] o7MY09GLnSc: Video unavailable
[12:39:04]   [video 1906/24611] yt-dlp XOCbiwMVYx0 (1 clip(s) needed) ...
[12:39:08]     FAILED: ERROR: [youtube] XOCbiwMVYx0: This video is unavailable
[12:39:08]   [video 1923/24611] yt-dlp ziv_QUObQ98 (1 clip(s) needed) ...
[12:39:12]     FAILED: ERROR: [youtube] ziv_QUObQ98: This video is not available
[12:39:12]   [video 1937/24611] yt-dlp Ke_v9d-PHhY (1 clip(s) needed) ...
[12:39:16]     FAILED: ERROR: [youtube] Ke_v9d-PHhY: Please sign in. Use --cookies-from-browser or --cookies for the authentication. See  https://github.com/yt-dlp/yt-dlp/wiki/FAQ#how-do-i-pass-cookies-to-yt-dlp  for how to manually pass cookies. Also see  https://github.com/yt-dlp/yt-dlp/wiki/Extractors#exporting-youtube-cookies  for tips on effectively exporting YouTube cookies
[12:39:16]   [video 1971/24611] yt-dlp 5ja2gcMQO9I (1 clip(s) needed) ...
[12:39:19]     FAILED: ERROR: [youtube] 5ja2gcMQO9I: This video is not available
[12:39:20]   [video 2007/24611] yt-dlp g7IhQi2ugmo (1 clip(s) needed) ...
[12:39:23]     FAILED: ERROR: [youtube] g7IhQi2ugmo: This video is not available
[12:39:24]   [video 2011/24611] yt-dlp Yuugg1pran0 (1 clip(s) needed) ...
[12:39:27]     FAILED: ERROR: [youtube] Yuugg1pran0: This video is not available
[12:39:28]   [video 2049/24611] yt-dlp 84GywC3Vtx0 (1 clip(s) needed) ...
[12:39:31]     FAILED: ERROR: [youtube] 84GywC3Vtx0: This video is not available
[12:39:32]   [video 2055/24611] yt-dlp ot0a1KhaPuU (1 clip(s) needed) ...
[12:39:36]     FAILED: ERROR: [youtube] ot0a1KhaPuU: This video is not available
[12:39:36]   [video 2064/24611] yt-dlp _b5Llmn_gGE (1 clip(s) needed) ...
[12:39:39]     FAILED: ERROR: [youtube] _b5Llmn_gGE: This video is unavailable
[12:39:40]   [video 2102/24611] yt-dlp fUqoGLSPflQ (1 clip(s) needed) ...
[12:39:44]     FAILED: ERROR: [youtube] fUqoGLSPflQ: This video is not available
[12:39:44]   [video 2143/24611] yt-dlp yzrr8G_Z55c (1 clip(s) needed) ...
[12:39:48]     FAILED: ERROR: [youtube] yzrr8G_Z55c: This video is not available
[12:39:49]   [video 2201/24611] yt-dlp aI_r2fAsuG4 (1 clip(s) needed) ...
[12:39:55]     FAILED: ERROR: [youtube] aI_r2fAsuG4: This video is not available
[12:39:56]   [video 2213/24611] yt-dlp G1ikvDMyF4A (1 clip(s) needed) ...
[12:40:00]     FAILED: ERROR: [youtube] G1ikvDMyF4A: This video is not available
[12:40:00]   [video 2220/24611] yt-dlp eB2bLEVz3Uo (1 clip(s) needed) ...
[12:40:03]     FAILED: ERROR: [youtube] eB2bLEVz3Uo: This video is not available
[12:40:03]   [video 2233/24611] yt-dlp CsMt0i70ojU (1 clip(s) needed) ...
[12:40:06]     FAILED: ERROR: [youtube] CsMt0i70ojU: This video is unavailable
[12:40:07]   [video 2237/24611] yt-dlp qvvvhsyX7LI (1 clip(s) needed) ...
[12:40:10]     FAILED: ERROR: [youtube] qvvvhsyX7LI: This video is unavailable
[12:40:10]   [video 2242/24611] yt-dlp ofmeJQBiOWc (1 clip(s) needed) ...
[12:40:13]     FAILED: ERROR: [youtube] ofmeJQBiOWc: This video is unavailable
[12:40:14]   [video 2249/24611] yt-dlp IEVLjuGKSIU (1 clip(s) needed) ...
[12:40:17]     FAILED: ERROR: [youtube] IEVLjuGKSIU: Please sign in. Use --cookies-from-browser or --cookies for the authentication. See  https://github.com/yt-dlp/yt-dlp/wiki/FAQ#how-do-i-pass-cookies-to-yt-dlp  for how to manually pass cookies. Also see  https://github.com/yt-dlp/yt-dlp/wiki/Extractors#exporting-youtube-cookies  for tips on effectively exporting YouTube cookies
[12:40:17]   [video 2255/24611] yt-dlp hSNFI1lhOr0 (1 clip(s) needed) ...
[12:40:20]     FAILED: ERROR: [youtube] hSNFI1lhOr0: Private video
[12:40:21]   [video 2294/24611] yt-dlp PKUXlqbIagw (1 clip(s) needed) ...
[12:40:24]     FAILED: ERROR: [youtube] PKUXlqbIagw: Video unavailable
[12:40:24]   [video 2295/24611] yt-dlp SpI36kPGCgU (1 clip(s) needed) ...
[12:40:28]     FAILED: ERROR: [youtube] SpI36kPGCgU: This video is not available
[12:40:28]   [video 2332/24611] yt-dlp yaHCYNfRt5k (1 clip(s) needed) ...
[12:40:36]     [2413/25012] cutting yaHCYNfRt5k-0:00:10.600-0:00:15.640.mp4 (0:00:10.600 -> 0:00:15.640)
[12:40:36]   [video 2338/24611] yt-dlp 4fcZALDeXQI (1 clip(s) needed) ...
[12:40:40]     FAILED: ERROR: [youtube] 4fcZALDeXQI: This video is not available
[12:40:40]   [video 2354/24611] yt-dlp uH0BXYKikEo (1 clip(s) needed) ...
[12:40:43]     FAILED: ERROR: [youtube] uH0BXYKikEo: Private video
[12:40:43]   [video 2359/24611] yt-dlp 6t5GNUomRag (2 clip(s) needed) ...
[12:41:00]     [2441/25012] cutting 6t5GNUomRag-0:10:57.323-0:11:19.078.mp4 (0:10:57.323 -> 0:11:19.078)
[12:41:01]     [2442/25012] cutting 6t5GNUomRag-0:06:55.815-0:07:43.863.mp4 (0:06:55.815 -> 0:07:43.863)
[12:41:03]   [video 2360/24611] yt-dlp oT5LotdvTwU (1 clip(s) needed) ...
[12:41:06]     FAILED: ERROR: [youtube] oT5LotdvTwU: This video is unavailable
[12:41:06]   [video 2371/24611] yt-dlp Lyfb_VoeXds (1 clip(s) needed) ...
[12:41:12]     [2454/25012] cutting Lyfb_VoeXds-0:02:53.533-0:03:01.466.mp4 (0:02:53.533 -> 0:03:01.466)
[12:41:13]   [video 2378/24611] yt-dlp K2tEtuk0RV4 (1 clip(s) needed) ...
[12:41:17]     FAILED: ERROR: [youtube] K2tEtuk0RV4: This video is not available
[12:41:17]   [video 2393/24611] yt-dlp 4wex30FASrU (1 clip(s) needed) ...
[12:41:21]     FAILED: ERROR: [youtube] 4wex30FASrU: This video is not available
[12:41:21]   [video 2398/24611] yt-dlp -Cuvn-qMENw (1 clip(s) needed) ...
[12:41:29]     [2482/25012] cutting -Cuvn-qMENw-0:04:10.750-0:04:15.204.mp4 (0:04:10.750 -> 0:04:15.204)
[12:41:30]   [video 2412/24611] yt-dlp E4HrQg9JZgI (1 clip(s) needed) ...
[12:41:37]     [2496/25012] cutting E4HrQg9JZgI-0:05:32.231-0:05:56.923.mp4 (0:05:32.231 -> 0:05:56.923)
[12:41:38]   [video 2416/24611] yt-dlp VpLFDvoCKwc (1 clip(s) needed) ...
[12:42:27]     [2500/25012] cutting VpLFDvoCKwc-0:12:55.516-0:13:03.516.mp4 (0:12:55.516 -> 0:13:03.516)
[12:42:28]   [video 2426/24611] yt-dlp sl-hV1OWRjI (1 clip(s) needed) ...
[12:42:32]     FAILED: ERROR: [youtube] sl-hV1OWRjI: This video is not available
[12:42:32]   [video 2433/24611] yt-dlp 1vqJZfoZW_M (1 clip(s) needed) ...
[12:42:39]     [2518/25012] cutting 1vqJZfoZW_M-0:02:38.558-0:02:44.964.mp4 (0:02:38.558 -> 0:02:44.964)
[12:42:40]   [video 2440/24611] yt-dlp Dp5G2qMk1os (1 clip(s) needed) ...
[12:42:47]     FAILED: ERROR: unable to download video data: HTTP Error 403: Forbidden
[12:42:47]   [video 2445/24611] yt-dlp 4uomIOTP-Xg (1 clip(s) needed) ...
[12:42:56]     [2530/25012] cutting 4uomIOTP-Xg-0:02:35.155-0:02:39.826.mp4 (0:02:35.155 -> 0:02:39.826)
[12:42:56]   [video 2446/24611] yt-dlp xBb3hhiK4AM (1 clip(s) needed) ...
[12:43:00]     FAILED: ERROR: [youtube] xBb3hhiK4AM: This video is not available
[12:43:00]   [video 2452/24611] yt-dlp yRkFcw6Jnls (1 clip(s) needed) ...
[12:43:03]     FAILED: ERROR: [youtube] yRkFcw6Jnls: Private video
[12:43:04]   [video 2458/24611] yt-dlp DSigKoMtssw (1 clip(s) needed) ...
[12:43:08]     [2543/25012] cutting DSigKoMtssw-0:00:35.368-0:01:15.275.mp4 (0:00:35.368 -> 0:01:15.275)
[12:43:10]   [video 2459/24611] yt-dlp 2-uE2aBalT0 (1 clip(s) needed) ...
[12:43:16]     [2544/25012] cutting 2-uE2aBalT0-0:02:09.958-0:02:39.333.mp4 (0:02:09.958 -> 0:02:39.333)
[12:43:17]   [video 2462/24611] yt-dlp GlfwT5kKXXQ (1 clip(s) needed) ...
[12:43:23]     [2547/25012] cutting GlfwT5kKXXQ-0:02:28.022-0:02:35.488.mp4 (0:02:28.022 -> 0:02:35.488)
[12:43:24]   [video 2477/24611] yt-dlp Qh4KZqc2auA (1 clip(s) needed) ...
[12:44:03]     [2562/25012] cutting Qh4KZqc2auA-0:01:08.400-0:01:41.440.mp4 (0:01:08.400 -> 0:01:41.440)
[12:44:04]   [video 2480/24611] yt-dlp eqIZ9bSmzJA (1 clip(s) needed) ...
[12:44:14]     [2565/25012] cutting eqIZ9bSmzJA-0:01:26.503-0:01:34.511.mp4 (0:01:26.503 -> 0:01:34.511)
[12:44:15]   [video 2486/24611] yt-dlp mRrw6YjL920 (1 clip(s) needed) ...
[12:44:20]     FAILED: ERROR: [youtube] mRrw6YjL920: Private video
[12:44:20]   [video 2510/24611] yt-dlp Azvtn1QhUIg (1 clip(s) needed) ...
[12:44:31]     [2596/25012] cutting Azvtn1QhUIg-0:02:34.154-0:02:39.058.mp4 (0:02:34.154 -> 0:02:39.058)
[12:44:33]   [video 2512/24611] yt-dlp BMuNoUDWMeo (1 clip(s) needed) ...
[12:44:38]     FAILED: ERROR: [youtube] BMuNoUDWMeo: Private video
[12:44:38]   [video 2517/24611] yt-dlp A2U5DskEyqk (1 clip(s) needed) ...
[12:44:41]     FAILED: ERROR: [youtube] A2U5DskEyqk: This video is unavailable
[12:44:41]   [video 2522/24611] yt-dlp G071zBY2c6Q (1 clip(s) needed) ...
[12:44:47]     [2609/25012] cutting G071zBY2c6Q-0:08:09.405-0:08:14.410.mp4 (0:08:09.405 -> 0:08:14.410)
[12:44:48]   [video 2525/24611] yt-dlp zPLVl_dtzK8 (1 clip(s) needed) ...
[12:44:53]     [2612/25012] cutting zPLVl_dtzK8-0:01:53.313-0:02:06.960.mp4 (0:01:53.313 -> 0:02:06.960)
[12:44:54]   [video 2561/24611] yt-dlp kWhFEtM1Qms (1 clip(s) needed) ...
[12:45:03]     [2651/25012] cutting kWhFEtM1Qms-0:04:43.116-0:04:47.153.mp4 (0:04:43.116 -> 0:04:47.153)
[12:45:04]   [video 2574/24611] yt-dlp 8UvObggmnSE (1 clip(s) needed) ...
[12:45:09]     FAILED: ERROR: unable to download video data: HTTP Error 403: Forbidden
[12:45:09]   [video 2579/24611] yt-dlp 2SIPsNVDFpQ (1 clip(s) needed) ...
[12:45:12]     FAILED: ERROR: [youtube] 2SIPsNVDFpQ: Private video
[12:45:12]   [video 2634/24611] yt-dlp 4UtZDP8jPxQ (1 clip(s) needed) ...
[12:45:16]     FAILED: ERROR: [youtube] 4UtZDP8jPxQ: This video is not available
[12:45:16]   [video 2642/24611] yt-dlp _XPQo-naNmY (1 clip(s) needed) ...
[12:45:19]     FAILED: ERROR: [youtube] _XPQo-naNmY: This video is not available
[12:45:20]   [video 2668/24611] yt-dlp sLD8bU7VVOA (1 clip(s) needed) ...
[12:45:23]     FAILED: ERROR: [youtube] sLD8bU7VVOA: This video is not available
[12:45:24]   [video 2672/24611] yt-dlp TxMw08UPIyM (1 clip(s) needed) ...
[12:45:39]     FAILED: ERROR: [youtube] TxMw08UPIyM: This video is not available
[12:45:42]   [video 2690/24611] yt-dlp q8_Sqn2uPt4 (1 clip(s) needed) ...
[12:45:50]     FAILED: ERROR: [youtube] q8_Sqn2uPt4: Private video
[12:45:50]   [video 2693/24611] yt-dlp fcz_fDCYApU (1 clip(s) needed) ...
[12:45:54]     FAILED: ERROR: [youtube] fcz_fDCYApU: This video is not available
[12:45:59]   [video 2718/24611] yt-dlp QX-Rrz9-Zmw (1 clip(s) needed) ...
[12:46:05]     FAILED: ERROR: [youtube] QX-Rrz9-Zmw: Private video
[12:46:09]   [video 2749/24611] yt-dlp MTI-kyqMopE (1 clip(s) needed) ...
[12:46:20]     FAILED: ERROR: [youtube] MTI-kyqMopE: This video is not available
[12:46:21]   [video 2752/24611] yt-dlp VUThYkm2MrQ (2 clip(s) needed) ...
[12:46:27]     FAILED: ERROR: [youtube] VUThYkm2MrQ: This video is unavailable
[12:46:28]   [video 2770/24611] yt-dlp adCSmeEDpQo (1 clip(s) needed) ...
[12:46:32]     FAILED: ERROR: [youtube] adCSmeEDpQo: This video is not available
[12:46:35]   [video 2802/24611] yt-dlp oK5vvnfcbGo (1 clip(s) needed) ...
[12:46:40]     FAILED: ERROR: [youtube] oK5vvnfcbGo: Private video
[12:46:40]   [video 2803/24611] yt-dlp FtYUcJSReDI (1 clip(s) needed) ...
[12:46:43]     FAILED: ERROR: [youtube] FtYUcJSReDI: Private video
[12:46:45]   [video 2832/24611] yt-dlp yUI_Qy3wd4w (1 clip(s) needed) ...
[12:46:48]     FAILED: ERROR: [youtube] yUI_Qy3wd4w: Private video
[12:46:48]   [video 2834/24611] yt-dlp XoMPjivP7Cc (1 clip(s) needed) ...
[12:46:52]     FAILED: ERROR: [youtube] XoMPjivP7Cc: This video is unavailable
[12:46:53]   [video 2869/24611] yt-dlp a1VU3TRCLCo (1 clip(s) needed) ...
[12:46:57]     FAILED: ERROR: [youtube] a1VU3TRCLCo: Video unavailable
[12:46:57]   [video 2871/24611] yt-dlp ytK8VQgo9xw (1 clip(s) needed) ...
[12:47:00]     FAILED: ERROR: [youtube] ytK8VQgo9xw: Private video
[12:47:00]   [video 2876/24611] yt-dlp 8mO18nimlH8 (1 clip(s) needed) ...
[12:47:03]     FAILED: ERROR: [youtube] 8mO18nimlH8: This video is not available
[12:47:04]   [video 2890/24611] yt-dlp VjOneaURpbQ (1 clip(s) needed) ...
[12:47:07]     FAILED: ERROR: [youtube] VjOneaURpbQ: This video is unavailable
[12:47:09]   [video 3027/24611] yt-dlp Z-cFK2UKb_s (1 clip(s) needed) ...
[12:47:13]     FAILED: ERROR: [youtube] Z-cFK2UKb_s: This video is not available
[12:47:13]   [video 3052/24611] yt-dlp daq4AqAUjxo (1 clip(s) needed) ...
[12:47:18]     FAILED: ERROR: [youtube] daq4AqAUjxo: This video is not available
[12:47:18]   [video 3054/24611] yt-dlp lSwU0hPvJfE (1 clip(s) needed) ...
[12:47:21]     FAILED: ERROR: [youtube] lSwU0hPvJfE: Please sign in. Use --cookies-from-browser or --cookies for the authentication. See  https://github.com/yt-dlp/yt-dlp/wiki/FAQ#how-do-i-pass-cookies-to-yt-dlp  for how to manually pass cookies. Also see  https://github.com/yt-dlp/yt-dlp/wiki/Extractors#exporting-youtube-cookies  for tips on effectively exporting YouTube cookies
[12:47:21]   [video 3055/24611] yt-dlp s2jvjUjD7VA (1 clip(s) needed) ...
[12:47:24]     FAILED: ERROR: [youtube] s2jvjUjD7VA: This video is unavailable
[12:47:24]   [video 3073/24611] yt-dlp In7GmzjxMac (1 clip(s) needed) ...
[12:47:27]     FAILED: ERROR: [youtube] In7GmzjxMac: Private video
[12:47:27]   [video 3081/24611] yt-dlp sl8uPLRN4kw (1 clip(s) needed) ...
[12:47:31]     FAILED: ERROR: [youtube] sl8uPLRN4kw: This video is not available
[12:47:32]   [video 3133/24611] yt-dlp CJjq_heGdxg (1 clip(s) needed) ...
[12:47:35]     FAILED: ERROR: [youtube] CJjq_heGdxg: This video is unavailable
[12:47:35]   [video 3143/24611] yt-dlp Pbk_TukVTww (1 clip(s) needed) ...
[12:47:38]     FAILED: ERROR: [youtube] Pbk_TukVTww: This video is not available
[12:47:38]   [video 3146/24611] yt-dlp yfNUxgshDD4 (1 clip(s) needed) ...
[12:47:49]     FAILED: ERROR: [youtube] yfNUxgshDD4: Private video
[12:47:49]   [video 3152/24611] yt-dlp qiMYort7zMk (1 clip(s) needed) ...
[12:47:52]     FAILED: ERROR: [youtube] qiMYort7zMk: This video is unavailable
[12:47:52]   [video 3167/24611] yt-dlp qwraik51mBE (1 clip(s) needed) ...
[12:47:57]     FAILED: ERROR: [youtube] qwraik51mBE: This video is not available
[12:47:57]   [video 3193/24611] yt-dlp GXj6VH3emxk (1 clip(s) needed) ...
[12:48:02]     FAILED: ERROR: [youtube] GXj6VH3emxk: This video is not available
[12:48:02]   [video 3210/24611] yt-dlp ypria02TXe0 (1 clip(s) needed) ...
[12:48:06]     FAILED: ERROR: [youtube] ypria02TXe0: This video is unavailable
[12:48:08]   [video 3248/24611] yt-dlp QkqUbZjd7eo (1 clip(s) needed) ...
[12:48:11]     FAILED: ERROR: [youtube] QkqUbZjd7eo: This video is not available
[12:48:11]   [video 3268/24611] yt-dlp j8rl11LLRbs (1 clip(s) needed) ...
[12:48:15]     FAILED: ERROR: [youtube] j8rl11LLRbs: This video is unavailable
[12:48:15]   [video 3277/24611] yt-dlp o6mcMLI88sI (1 clip(s) needed) ...
[12:48:21]     FAILED: ERROR: [youtube] o6mcMLI88sI: This video is not available
[12:48:21]   [video 3286/24611] yt-dlp lOx9GX3xfz4 (1 clip(s) needed) ...
[12:48:25]     FAILED: ERROR: [youtube] lOx9GX3xfz4: This video is not available
[12:48:26]   [video 3293/24611] yt-dlp ZG_8x33muPM (1 clip(s) needed) ...
[12:48:29]     FAILED: ERROR: [youtube] ZG_8x33muPM: Private video
[12:48:29]   [video 3297/24611] yt-dlp 22QrbBglz8o (1 clip(s) needed) ...
[12:48:32]     FAILED: ERROR: [youtube] 22QrbBglz8o: Private video
[12:48:32]   [video 3304/24611] yt-dlp G_-XmTYZNfs (1 clip(s) needed) ...
[12:48:35]     FAILED: ERROR: [youtube] G_-XmTYZNfs: This video is unavailable
[12:48:37]   [video 3323/24611] yt-dlp aX0NlOpnMfk (1 clip(s) needed) ...
[12:48:40]     FAILED: ERROR: [youtube] aX0NlOpnMfk: This video is not available
[12:48:41]   [video 3334/24611] yt-dlp AQ0oLkwWV_A (1 clip(s) needed) ...
[12:48:45]     FAILED: ERROR: [youtube] AQ0oLkwWV_A: This video is not available
[12:48:45]   [video 3362/24611] yt-dlp aPEhKm2F6eY (1 clip(s) needed) ...
[12:48:49]     FAILED: ERROR: [youtube] aPEhKm2F6eY: Please sign in. Use --cookies-from-browser or --cookies for the authentication. See  https://github.com/yt-dlp/yt-dlp/wiki/FAQ#how-do-i-pass-cookies-to-yt-dlp  for how to manually pass cookies. Also see  https://github.com/yt-dlp/yt-dlp/wiki/Extractors#exporting-youtube-cookies  for tips on effectively exporting YouTube cookies
[12:48:49]   [video 3365/24611] yt-dlp vqpRwCggnSs (1 clip(s) needed) ...
[12:48:52]     FAILED: ERROR: [youtube] vqpRwCggnSs: Private video
[12:48:53]   [video 3378/24611] yt-dlp AiDlOXl74e4 (2 clip(s) needed) ...
[12:48:56]     FAILED: ERROR: [youtube] AiDlOXl74e4: This video is unavailable
[12:48:57]   [video 3396/24611] yt-dlp eWaaOdRCIVU (1 clip(s) needed) ...
[12:49:00]     FAILED: ERROR: [youtube] eWaaOdRCIVU: This video is not available
[12:49:01]   [video 3418/24611] yt-dlp F1MigpEiI9I (1 clip(s) needed) ...
[12:49:04]     FAILED: ERROR: [youtube] F1MigpEiI9I: Private video
[12:49:04]   [video 3445/24611] yt-dlp 2_4_xP-a_Rg (1 clip(s) needed) ...
[12:49:08]     FAILED: ERROR: [youtube] 2_4_xP-a_Rg: Video unavailable
[12:49:08]   [video 3459/24611] yt-dlp aeDyRirDGQw (1 clip(s) needed) ...
[12:49:11]     FAILED: ERROR: [youtube] aeDyRirDGQw: This video is not available
[12:49:11]   [video 3460/24611] yt-dlp EQrXYj3FeS4 (1 clip(s) needed) ...
[12:49:15]     FAILED: ERROR: [youtube] EQrXYj3FeS4: This video is not available
[12:49:16]   [video 3478/24611] yt-dlp OlJAPO18F6U (1 clip(s) needed) ...
[12:49:19]     FAILED: ERROR: [youtube] OlJAPO18F6U: This video is not available
[12:49:19]   [video 3481/24611] yt-dlp Xucltut4zGo (1 clip(s) needed) ...
[12:49:23]     FAILED: ERROR: [youtube] Xucltut4zGo: This video is not available
[12:49:23]   [video 3494/24611] yt-dlp NIH8-FlGRQs (1 clip(s) needed) ...
[12:49:26]     FAILED: ERROR: [youtube] NIH8-FlGRQs: Private video
[12:49:26]   [video 3512/24611] yt-dlp 24-HAJRU0rI (1 clip(s) needed) ...
[12:49:30]     FAILED: ERROR: [youtube] 24-HAJRU0rI: Private video
[12:49:31]   [video 3531/24611] yt-dlp i7PPx5Iperw (1 clip(s) needed) ...
[12:49:35]     FAILED: ERROR: [youtube] i7PPx5Iperw: This video is unavailable
[12:49:36]   [video 3549/24611] yt-dlp D0_Gt5LeIJE (2 clip(s) needed) ...
[12:49:39]     FAILED: ERROR: [youtube] D0_Gt5LeIJE: Please sign in. Use --cookies-from-browser or --cookies for the authentication. See  https://github.com/yt-dlp/yt-dlp/wiki/FAQ#how-do-i-pass-cookies-to-yt-dlp  for how to manually pass cookies. Also see  https://github.com/yt-dlp/yt-dlp/wiki/Extractors#exporting-youtube-cookies  for tips on effectively exporting YouTube cookies
[12:49:39]   [video 3555/24611] yt-dlp xbSHjlcydfg (1 clip(s) needed) ...
[12:49:42]     FAILED: ERROR: [youtube] xbSHjlcydfg: This video is unavailable
[12:49:42]   [video 3558/24611] yt-dlp GRRDWkpj1vY (1 clip(s) needed) ...
[12:49:45]     FAILED: ERROR: [youtube] GRRDWkpj1vY: This video is unavailable
[12:49:46]   [video 3583/24611] yt-dlp 7BZK1hNgj1o (1 clip(s) needed) ...
[12:49:49]     FAILED: ERROR: [youtube] 7BZK1hNgj1o: This video is unavailable
[12:49:49]   [video 3610/24611] yt-dlp cHkzWRABA3M (1 clip(s) needed) ...
[12:49:54]     FAILED: ERROR: [youtube] cHkzWRABA3M: Video unavailable
[12:49:54]   [video 3611/24611] yt-dlp F6HgO9WZk68 (1 clip(s) needed) ...
[12:49:57]     FAILED: ERROR: [youtube] F6HgO9WZk68: This video is not available
[12:49:58]   [video 3627/24611] yt-dlp sIN82dwuXyU (1 clip(s) needed) ...
[12:50:01]     FAILED: ERROR: [youtube] sIN82dwuXyU: This video is not available
[12:50:01]   [video 3639/24611] yt-dlp g6TuaYr8reU (1 clip(s) needed) ...
[12:50:05]     FAILED: ERROR: [youtube] g6TuaYr8reU: This video is not available
[12:50:06]   [video 3670/24611] yt-dlp PmTPpp7Y1_w (1 clip(s) needed) ...
[12:50:12]     FAILED: ERROR: [youtube] PmTPpp7Y1_w: Sign in to confirm your age. Use --cookies-from-browser or --cookies for the authentication. See  https://github.com/yt-dlp/yt-dlp/wiki/FAQ#how-do-i-pass-cookies-to-yt-dlp  for how to manually pass cookies. Also see  https://github.com/yt-dlp/yt-dlp/wiki/Extractors#exporting-youtube-cookies  for tips on effectively exporting YouTube cookies
[12:50:12]   [video 3673/24611] yt-dlp I9QlKflbzl4 (1 clip(s) needed) ...
[12:50:15]     FAILED: ERROR: [youtube] I9QlKflbzl4: Please sign in. Use --cookies-from-browser or --cookies for the authentication. See  https://github.com/yt-dlp/yt-dlp/wiki/FAQ#how-do-i-pass-cookies-to-yt-dlp  for how to manually pass cookies. Also see  https://github.com/yt-dlp/yt-dlp/wiki/Extractors#exporting-youtube-cookies  for tips on effectively exporting YouTube cookies
[12:50:16]   [video 3699/24611] yt-dlp hVtVVGrW0kI (1 clip(s) needed) ...
[12:50:19]     FAILED: ERROR: [youtube] hVtVVGrW0kI: This video is not available
[12:50:19]   [video 3710/24611] yt-dlp p6Gm5lydy4c (1 clip(s) needed) ...
[12:50:22]     FAILED: ERROR: [youtube] p6Gm5lydy4c: This video is unavailable
[12:50:23]   [video 3735/24611] yt-dlp uAyad3TL-bA (1 clip(s) needed) ...
[12:50:26]     FAILED: ERROR: [youtube] uAyad3TL-bA: This video is not available
[12:50:26]   [video 3751/24611] yt-dlp TGmnUZ7Q8B4 (1 clip(s) needed) ...
[12:50:29]     FAILED: ERROR: [youtube] TGmnUZ7Q8B4: Please sign in. Use --cookies-from-browser or --cookies for the authentication. See  https://github.com/yt-dlp/yt-dlp/wiki/FAQ#how-do-i-pass-cookies-to-yt-dlp  for how to manually pass cookies. Also see  https://github.com/yt-dlp/yt-dlp/wiki/Extractors#exporting-youtube-cookies  for tips on effectively exporting YouTube cookies
[12:50:30]   [video 3775/24611] yt-dlp l9AFZ-zRzgA (1 clip(s) needed) ...
[12:50:32]     FAILED: ERROR: [youtube] l9AFZ-zRzgA: Private video
[12:50:33]   [video 3777/24611] yt-dlp TuQ-b3KeDP8 (1 clip(s) needed) ...
[12:50:36]     FAILED: ERROR: [youtube] TuQ-b3KeDP8: This video is not available
[12:50:36]   [video 3794/24611] yt-dlp 5KRzhZoFBKo (1 clip(s) needed) ...
[12:50:39]     FAILED: ERROR: [youtube] 5KRzhZoFBKo: Please sign in. Use --cookies-from-browser or --cookies for the authentication. See  https://github.com/yt-dlp/yt-dlp/wiki/FAQ#how-do-i-pass-cookies-to-yt-dlp  for how to manually pass cookies. Also see  https://github.com/yt-dlp/yt-dlp/wiki/Extractors#exporting-youtube-cookies  for tips on effectively exporting YouTube cookies
[12:50:39]   [video 3801/24611] yt-dlp 64bABQ7hGwc (1 clip(s) needed) ...
[12:50:42]     FAILED: ERROR: [youtube] 64bABQ7hGwc: Private video
[12:50:43]   [video 3824/24611] yt-dlp cq0hMOJ5uWw (1 clip(s) needed) ...
[12:50:46]     FAILED: ERROR: [youtube] cq0hMOJ5uWw: Private video
[12:50:47]   [video 3837/24611] yt-dlp rrQZxo-hCbM (1 clip(s) needed) ...
[12:50:50]     FAILED: ERROR: [youtube] rrQZxo-hCbM: Private video
[12:50:50]   [video 3853/24611] yt-dlp rTH9lj1YJ7Y (1 clip(s) needed) ...
[12:50:53]     FAILED: ERROR: [youtube] rTH9lj1YJ7Y: Private video
[12:50:54]   [video 3925/24611] yt-dlp R_9APh_ZaiY (1 clip(s) needed) ...
[12:50:57]     FAILED: ERROR: [youtube] R_9APh_ZaiY: This video is not available
[12:50:58]   [video 3961/24611] yt-dlp op75HoRJ3tA (1 clip(s) needed) ...
[12:51:01]     FAILED: ERROR: [youtube] op75HoRJ3tA: Private video
[12:51:01]   [video 3962/24611] yt-dlp gqGbvEDjAe8 (1 clip(s) needed) ...
[12:51:04]     FAILED: ERROR: [youtube] gqGbvEDjAe8: This video is unavailable
[12:51:04]   [video 3977/24611] yt-dlp DOBatcWe08c (1 clip(s) needed) ...
[12:51:07]     FAILED: ERROR: [youtube] DOBatcWe08c: This video is not available
[12:51:07]   [video 3978/24611] yt-dlp CViT0nbQ1j4 (1 clip(s) needed) ...
[12:51:10]     FAILED: ERROR: [youtube] CViT0nbQ1j4: This video is not available
[12:51:11]   [video 3993/24611] yt-dlp Bm2pDvqivv8 (2 clip(s) needed) ...
[12:51:14]     FAILED: ERROR: [youtube] Bm2pDvqivv8: Please sign in. Use --cookies-from-browser or --cookies for the authentication. See  https://github.com/yt-dlp/yt-dlp/wiki/FAQ#how-do-i-pass-cookies-to-yt-dlp  for how to manually pass cookies. Also see  https://github.com/yt-dlp/yt-dlp/wiki/Extractors#exporting-youtube-cookies  for tips on effectively exporting YouTube cookies
[12:51:14]   [video 4029/24611] yt-dlp CDNStYeSOvo (1 clip(s) needed) ...
[12:51:18]     FAILED: ERROR: [youtube] CDNStYeSOvo: This video is not available
[12:51:18]   [video 4052/24611] yt-dlp 9diUv5z1gPo (1 clip(s) needed) ...
[12:51:22]     FAILED: ERROR: [youtube] 9diUv5z1gPo: This video is not available
[12:51:23]   [video 4094/24611] yt-dlp 9GS236Js0KU (1 clip(s) needed) ...
[12:51:32]     FAILED: ERROR: [youtube] 9GS236Js0KU: Private video
[12:51:32]   [video 4152/24611] yt-dlp OOXjWf_AD6g (1 clip(s) needed) ...
[12:51:35]     FAILED: ERROR: [youtube] OOXjWf_AD6g: Video unavailable
[12:51:35]   [video 4173/24611] yt-dlp FEj2EvgBYSw (1 clip(s) needed) ...
[12:51:38]     FAILED: ERROR: [youtube] FEj2EvgBYSw: Private video
[12:51:39]   [video 4180/24611] yt-dlp uPsppFgyY0U (1 clip(s) needed) ...
[12:51:42]     FAILED: ERROR: [youtube] uPsppFgyY0U: Private video
[12:51:42]   [video 4195/24611] yt-dlp 8zN3EGem1y4 (1 clip(s) needed) ...
[12:51:45]     FAILED: ERROR: [youtube] 8zN3EGem1y4: Please sign in. Use --cookies-from-browser or --cookies for the authentication. See  https://github.com/yt-dlp/yt-dlp/wiki/FAQ#how-do-i-pass-cookies-to-yt-dlp  for how to manually pass cookies. Also see  https://github.com/yt-dlp/yt-dlp/wiki/Extractors#exporting-youtube-cookies  for tips on effectively exporting YouTube cookies
[12:51:45]   [video 4196/24611] yt-dlp BW7KQz8Grtg (1 clip(s) needed) ...
[12:51:48]     FAILED: ERROR: [youtube] BW7KQz8Grtg: This video is unavailable
[12:51:48]   [video 4207/24611] yt-dlp CGPqI0e_r1k (1 clip(s) needed) ...
[12:51:51]     FAILED: ERROR: [youtube] CGPqI0e_r1k: This video is not available
[12:51:51]   [video 4208/24611] yt-dlp YyHHsWaVoJg (1 clip(s) needed) ...
[12:51:54]     FAILED: ERROR: [youtube] YyHHsWaVoJg: Video unavailable
[12:51:54]   [video 4209/24611] yt-dlp a330xOkOfQ8 (1 clip(s) needed) ...
[12:51:58]     FAILED: ERROR: [youtube] a330xOkOfQ8: This video is not available
[12:51:58]   [video 4212/24611] yt-dlp FoRbJ--u2Pc (1 clip(s) needed) ...
[12:52:02]     FAILED: ERROR: [youtube] FoRbJ--u2Pc: This video is not available
[12:52:02]   [video 4213/24611] yt-dlp YGxNZCJ2n54 (1 clip(s) needed) ...
[12:52:06]     FAILED: ERROR: [youtube] YGxNZCJ2n54: This video is not available
[12:52:06]   [video 4241/24611] yt-dlp dbVgt1BxigE (1 clip(s) needed) ...
[12:52:09]     FAILED: ERROR: [youtube] dbVgt1BxigE: This video is not available
[12:52:09]   [video 4268/24611] yt-dlp iGyiFOfP29U (1 clip(s) needed) ...
[12:52:12]     FAILED: ERROR: [youtube] iGyiFOfP29U: This video is not available
[12:52:13]   [video 4285/24611] yt-dlp P6zfFG2uud4 (1 clip(s) needed) ...
[12:52:16]     FAILED: ERROR: [youtube] P6zfFG2uud4: Private video
[12:52:16]   [video 4295/24611] yt-dlp AlupMaSfvWQ (1 clip(s) needed) ...
[12:52:19]     FAILED: ERROR: [youtube] AlupMaSfvWQ: This video is not available
[12:52:19]   [video 4298/24611] yt-dlp K-DfVC5P2Jw (1 clip(s) needed) ...
[12:52:22]     FAILED: ERROR: [youtube] K-DfVC5P2Jw: Private video
[12:52:22]   [video 4303/24611] yt-dlp 4DUmAWVB6Ic (1 clip(s) needed) ...
[12:52:25]     FAILED: ERROR: [youtube] 4DUmAWVB6Ic: Private video
[12:52:25]   [video 4335/24611] yt-dlp vzjzINhFuzE (2 clip(s) needed) ...
[12:52:28]     FAILED: ERROR: [youtube] vzjzINhFuzE: Private video
[12:52:28]   [video 4336/24611] yt-dlp Ci9iffa3YIk (1 clip(s) needed) ...
[12:52:32]     FAILED: ERROR: [youtube] Ci9iffa3YIk: This video is not available
[12:52:32]   [video 4343/24611] yt-dlp hr6c9jtQVf4 (1 clip(s) needed) ...
[12:52:36]     FAILED: ERROR: [youtube] hr6c9jtQVf4: This video is not available
[12:52:36]   [video 4353/24611] yt-dlp V0-iUNDdFL0 (1 clip(s) needed) ...
[12:52:39]     FAILED: ERROR: [youtube] V0-iUNDdFL0: This video is not available
[12:52:39]   [video 4363/24611] yt-dlp zbuPSbUIdyQ (1 clip(s) needed) ...
[12:52:42]     FAILED: ERROR: [youtube] zbuPSbUIdyQ: Private video
[12:52:42]   [video 4365/24611] yt-dlp uI6CUZ4PRDE (1 clip(s) needed) ...
[12:52:45]     FAILED: ERROR: [youtube] uI6CUZ4PRDE: Private video
[12:52:45]   [video 4369/24611] yt-dlp Z_Be798pGxg (1 clip(s) needed) ...
[12:52:48]     FAILED: ERROR: [youtube] Z_Be798pGxg: This video is not available
[12:52:48]   [video 4373/24611] yt-dlp VhUfEuIxQec (1 clip(s) needed) ...
[12:52:52]     FAILED: ERROR: [youtube] VhUfEuIxQec: Video unavailable
[12:52:52]   [video 4385/24611] yt-dlp SX2-2OVrbmk (1 clip(s) needed) ...
[12:52:55]     FAILED: ERROR: [youtube] SX2-2OVrbmk: This video is not available
[12:52:55]   [video 4388/24611] yt-dlp a8kDMWIV71E (1 clip(s) needed) ...
[12:52:59]     FAILED: ERROR: [youtube] a8kDMWIV71E: Private video
[12:52:59]   [video 4398/24611] yt-dlp 0PRaCSiG3Tw (1 clip(s) needed) ...
[12:53:02]     FAILED: ERROR: [youtube] 0PRaCSiG3Tw: This video is not available
[12:53:02]   [video 4406/24611] yt-dlp qJF8McKK970 (1 clip(s) needed) ...
[12:53:07]     FAILED: ERROR: [youtube] qJF8McKK970: This video is not available
[12:53:07]   [video 4426/24611] yt-dlp FbgofrL3UMs (1 clip(s) needed) ...
[12:53:10]     FAILED: ERROR: [youtube] FbgofrL3UMs: This video is not available
[12:53:11]   [video 4447/24611] yt-dlp 4YkccgYfUSM (1 clip(s) needed) ...
[12:53:14]     FAILED: ERROR: [youtube] 4YkccgYfUSM: This video is not available
[12:53:14]   [video 4486/24611] yt-dlp 90g1M7Jlxws (1 clip(s) needed) ...
[12:53:17]     FAILED: ERROR: [youtube] 90g1M7Jlxws: Video unavailable
[12:53:17]   [video 4504/24611] yt-dlp uBwkV3wHuWM (1 clip(s) needed) ...
[12:53:20]     FAILED: ERROR: [youtube] uBwkV3wHuWM: This video is not available
[12:53:20]   [video 4507/24611] yt-dlp bSoNHwZw5sU (1 clip(s) needed) ...
[12:53:24]     FAILED: ERROR: [youtube] bSoNHwZw5sU: This video is not available
[12:53:24]   [video 4508/24611] yt-dlp DQo1WQ3yiR0 (1 clip(s) needed) ...
[12:53:27]     FAILED: ERROR: [youtube] DQo1WQ3yiR0: Please sign in. Use --cookies-from-browser or --cookies for the authentication. See  https://github.com/yt-dlp/yt-dlp/wiki/FAQ#how-do-i-pass-cookies-to-yt-dlp  for how to manually pass cookies. Also see  https://github.com/yt-dlp/yt-dlp/wiki/Extractors#exporting-youtube-cookies  for tips on effectively exporting YouTube cookies
[12:53:28]   [video 4527/24611] yt-dlp eSWisplSgyU (1 clip(s) needed) ...
[12:53:31]     FAILED: ERROR: [youtube] eSWisplSgyU: This video is not available
[12:53:31]   [video 4535/24611] yt-dlp VI2zCL1A_00 (1 clip(s) needed) ...
[12:53:34]     FAILED: ERROR: [youtube] VI2zCL1A_00: This video is not available
[12:53:34]   [video 4550/24611] yt-dlp 7YxLL1qOElw (1 clip(s) needed) ...
[12:53:37]     FAILED: ERROR: [youtube] 7YxLL1qOElw: Video unavailable
[12:53:38]   [video 4572/24611] yt-dlp KmoMItIIacc (1 clip(s) needed) ...
[12:53:41]     FAILED: ERROR: [youtube] KmoMItIIacc: This video is not available
[12:53:41]   [video 4595/24611] yt-dlp qnJEluCh6uc (1 clip(s) needed) ...
[12:53:45]     FAILED: ERROR: [youtube] qnJEluCh6uc: Private video
[12:53:45]   [video 4605/24611] yt-dlp V6MWfepq-rM (1 clip(s) needed) ...
[12:53:48]     FAILED: ERROR: [youtube] V6MWfepq-rM: This video is not available
[12:53:48]   [video 4640/24611] yt-dlp VpEV7THOmzg (1 clip(s) needed) ...
[12:53:51]     FAILED: ERROR: [youtube] VpEV7THOmzg: This video is not available
[12:53:52]   [video 4666/24611] yt-dlp rKJS1n1ZIWI (1 clip(s) needed) ...
[12:53:55]     FAILED: ERROR: [youtube] rKJS1n1ZIWI: This video is not available
[12:53:55]   [video 4669/24611] yt-dlp UjRf3FWco4w (1 clip(s) needed) ...
[12:53:58]     FAILED: ERROR: [youtube] UjRf3FWco4w: Private video
[12:53:58]   [video 4671/24611] yt-dlp 2ojDTsxhRIw (1 clip(s) needed) ...
[12:54:02]     FAILED: ERROR: [youtube] 2ojDTsxhRIw: This video is not available
[12:54:02]   [video 4678/24611] yt-dlp MyqZf8LiWvM (1 clip(s) needed) ...
[12:54:06]     FAILED: ERROR: [youtube] MyqZf8LiWvM: This video is not available
[12:54:06]   [video 4688/24611] yt-dlp yBZZwnlxdOM (1 clip(s) needed) ...
[12:54:10]     FAILED: ERROR: [youtube] yBZZwnlxdOM: This video is not available
[12:54:10]   [video 4699/24611] yt-dlp y6nX86X9MWw (1 clip(s) needed) ...
[12:54:13]     FAILED: ERROR: [youtube] y6nX86X9MWw: Private video
[12:54:14]   [video 4712/24611] yt-dlp XnL9cXG1buI (1 clip(s) needed) ...
[12:54:18]     FAILED: ERROR: [youtube] XnL9cXG1buI: Please sign in. Use --cookies-from-browser or --cookies for the authentication. See  https://github.com/yt-dlp/yt-dlp/wiki/FAQ#how-do-i-pass-cookies-to-yt-dlp  for how to manually pass cookies. Also see  https://github.com/yt-dlp/yt-dlp/wiki/Extractors#exporting-youtube-cookies  for tips on effectively exporting YouTube cookies
[12:54:18]   [video 4716/24611] yt-dlp QqSdMeHANyA (1 clip(s) needed) ...
[12:54:21]     FAILED: ERROR: [youtube] QqSdMeHANyA: Private video
[12:54:21]   [video 4725/24611] yt-dlp cn8FS3gH8lU (1 clip(s) needed) ...
[12:54:25]     FAILED: ERROR: [youtube] cn8FS3gH8lU: Private video
[12:54:25]   [video 4736/24611] yt-dlp prdgnkU8mRE (1 clip(s) needed) ...
[12:54:28]     FAILED: ERROR: [youtube] prdgnkU8mRE: Video unavailable
[12:54:28]   [video 4750/24611] yt-dlp LJ-Ox4H5jXQ (1 clip(s) needed) ...
[12:54:33]     FAILED: ERROR: Postprocessing: Error opening input files: Invalid data found when processing input
[12:54:33]   [video 4754/24611] yt-dlp pL_7WoLXUBg (1 clip(s) needed) ...
[12:54:36]     FAILED: ERROR: [youtube] pL_7WoLXUBg: This video is not available
[12:54:36]   [video 4775/24611] yt-dlp AQUMWuNdAVw (1 clip(s) needed) ...
[12:54:41]     FAILED: ERROR: Postprocessing: Error opening input files: Invalid data found when processing input
[12:54:41]   [video 4783/24611] yt-dlp ENvEaS3XJXE (1 clip(s) needed) ...
[12:54:44]     FAILED: ERROR: [youtube] ENvEaS3XJXE: Please sign in. Use --cookies-from-browser or --cookies for the authentication. See  https://github.com/yt-dlp/yt-dlp/wiki/FAQ#how-do-i-pass-cookies-to-yt-dlp  for how to manually pass cookies. Also see  https://github.com/yt-dlp/yt-dlp/wiki/Extractors#exporting-youtube-cookies  for tips on effectively exporting YouTube cookies
[12:54:45]   [video 4859/24611] yt-dlp 2yo-ZcTACI8 (1 clip(s) needed) ...
[12:54:48]     FAILED: ERROR: [youtube] 2yo-ZcTACI8: This video is not available
[12:54:48]   [video 4890/24611] yt-dlp YUzNGDZvJB4 (1 clip(s) needed) ...
[12:54:55]     FAILED: ERROR: [youtube] YUzNGDZvJB4: Private video
[12:54:55]   [video 4906/24611] yt-dlp hCwih19Dsz8 (1 clip(s) needed) ...
[12:54:58]     FAILED: ERROR: [youtube] hCwih19Dsz8: This video is not available
[12:54:59]   [video 4938/24611] yt-dlp Ro0aCehWcvw (1 clip(s) needed) ...
[12:55:02]     FAILED: ERROR: [youtube] Ro0aCehWcvw: Private video
[12:55:02]   [video 4940/24611] yt-dlp WGEVR9ImOts (1 clip(s) needed) ...
[12:55:06]     FAILED: ERROR: [youtube] WGEVR9ImOts: Private video
[12:55:06]   [video 4958/24611] yt-dlp Xqiqfe3n7Fs (1 clip(s) needed) ...
[12:55:10]     FAILED: ERROR: [youtube] Xqiqfe3n7Fs: Please sign in. Use --cookies-from-browser or --cookies for the authentication. See  https://github.com/yt-dlp/yt-dlp/wiki/FAQ#how-do-i-pass-cookies-to-yt-dlp  for how to manually pass cookies. Also see  https://github.com/yt-dlp/yt-dlp/wiki/Extractors#exporting-youtube-cookies  for tips on effectively exporting YouTube cookies
[12:55:10]   [video 4972/24611] yt-dlp E1zD-KCdT2w (1 clip(s) needed) ...
[12:55:14]     FAILED: ERROR: [youtube] E1zD-KCdT2w: This video is not available
[12:55:15]   [video 5020/24611] yt-dlp yB9vThNAIjs (1 clip(s) needed) ...
[12:55:18]     FAILED: ERROR: [youtube] yB9vThNAIjs: This video is not available
[12:55:18]   [video 5062/24611] yt-dlp ac0UUefBQQI (1 clip(s) needed) ...
[12:55:22]     FAILED: ERROR: [youtube] ac0UUefBQQI: This video is not available
[12:55:22]   [video 5082/24611] yt-dlp ioNyn_ZCeTI (1 clip(s) needed) ...
[12:55:25]     FAILED: ERROR: [youtube] ioNyn_ZCeTI: This video is not available
[12:55:25]   [video 5089/24611] yt-dlp 9CICcf43rZA (1 clip(s) needed) ...
[12:55:33]     [5229/25012] cutting 9CICcf43rZA-0:04:48.080-0:04:56.720.mp4 (0:04:48.080 -> 0:04:56.720)
[12:55:34]   [video 5106/24611] yt-dlp UkPOSpq-N0Y (1 clip(s) needed) ...
[12:55:37]     FAILED: ERROR: [youtube] UkPOSpq-N0Y: This video is not available
[12:55:38]   [video 5126/24611] yt-dlp Sisjbu4fExE (1 clip(s) needed) ...
[12:55:41]     FAILED: ERROR: [youtube] Sisjbu4fExE: Private video
[12:55:41]   [video 5150/24611] yt-dlp n3M_3xqas84 (1 clip(s) needed) ...
[12:55:45]     FAILED: ERROR: [youtube] n3M_3xqas84: This video is not available
[12:55:45]   [video 5151/24611] yt-dlp -kXqyMeHyy0 (1 clip(s) needed) ...
[12:55:48]     FAILED: ERROR: [youtube] -kXqyMeHyy0: This video is not available
[12:55:48]   [video 5156/24611] yt-dlp NUcZuo0yylM (1 clip(s) needed) ...
[12:55:52]     FAILED: ERROR: [youtube] NUcZuo0yylM: Private video
[12:55:52]   [video 5164/24611] yt-dlp 475Hg3CtQiE (1 clip(s) needed) ...
[12:56:14]     FAILED: ERROR: [youtube] 475Hg3CtQiE: Please sign in. Use --cookies-from-browser or --cookies for the authentication. See  https://github.com/yt-dlp/yt-dlp/wiki/FAQ#how-do-i-pass-cookies-to-yt-dlp  for how to manually pass cookies. Also see  https://github.com/yt-dlp/yt-dlp/wiki/Extractors#exporting-youtube-cookies  for tips on effectively exporting YouTube cookies
[12:56:15]   [video 5177/24611] yt-dlp 4cJcyHDZg_g (1 clip(s) needed) ...
[12:56:18]     FAILED: ERROR: [youtube] 4cJcyHDZg_g: Video unavailable
[12:56:18]   [video 5183/24611] yt-dlp jZHMpmq1yiU (1 clip(s) needed) ...
[12:56:21]     FAILED: ERROR: [youtube] jZHMpmq1yiU: Please sign in. Use --cookies-from-browser or --cookies for the authentication. See  https://github.com/yt-dlp/yt-dlp/wiki/FAQ#how-do-i-pass-cookies-to-yt-dlp  for how to manually pass cookies. Also see  https://github.com/yt-dlp/yt-dlp/wiki/Extractors#exporting-youtube-cookies  for tips on effectively exporting YouTube cookies
[12:56:21]   [video 5186/24611] yt-dlp -ItQt45ayqY (1 clip(s) needed) ...
[12:56:23]     FAILED: ERROR: [youtube] -ItQt45ayqY: This video is unavailable
[12:56:24]   [video 5192/24611] yt-dlp Mlz8kY5KsJg (1 clip(s) needed) ...
[12:56:27]     FAILED: ERROR: [youtube] Mlz8kY5KsJg: This video is not available
[12:56:27]   [video 5217/24611] yt-dlp UQ3-59wajmU (1 clip(s) needed) ...
[12:56:30]     FAILED: ERROR: [youtube] UQ3-59wajmU: Please sign in. Use --cookies-from-browser or --cookies for the authentication. See  https://github.com/yt-dlp/yt-dlp/wiki/FAQ#how-do-i-pass-cookies-to-yt-dlp  for how to manually pass cookies. Also see  https://github.com/yt-dlp/yt-dlp/wiki/Extractors#exporting-youtube-cookies  for tips on effectively exporting YouTube cookies
[12:56:31]   [video 5230/24611] yt-dlp AqmWb-FNBi0 (1 clip(s) needed) ...
[12:56:33]     FAILED: ERROR: [youtube] AqmWb-FNBi0: Video unavailable
[12:56:34]   [video 5233/24611] yt-dlp 8lbxJanOq_0 (1 clip(s) needed) ...
[12:56:37]     FAILED: ERROR: [youtube] 8lbxJanOq_0: This video is not available
[12:56:37]   [video 5238/24611] yt-dlp u23yixSE96I (1 clip(s) needed) ...
[12:56:41]     FAILED: ERROR: [youtube] u23yixSE96I: This video is not available
[12:56:42]   [video 5244/24611] yt-dlp G6Au5GLDuH0 (1 clip(s) needed) ...
[12:56:45]     FAILED: ERROR: [youtube] G6Au5GLDuH0: Please sign in. Use --cookies-from-browser or --cookies for the authentication. See  https://github.com/yt-dlp/yt-dlp/wiki/FAQ#how-do-i-pass-cookies-to-yt-dlp  for how to manually pass cookies. Also see  https://github.com/yt-dlp/yt-dlp/wiki/Extractors#exporting-youtube-cookies  for tips on effectively exporting YouTube cookies
[12:56:46]   [video 5297/24611] yt-dlp BC4qXZwqizU (1 clip(s) needed) ...
[12:56:49]     FAILED: ERROR: [youtube] BC4qXZwqizU: Please sign in. Use --cookies-from-browser or --cookies for the authentication. See  https://github.com/yt-dlp/yt-dlp/wiki/FAQ#how-do-i-pass-cookies-to-yt-dlp  for how to manually pass cookies. Also see  https://github.com/yt-dlp/yt-dlp/wiki/Extractors#exporting-youtube-cookies  for tips on effectively exporting YouTube cookies
[12:56:50]   [video 5307/24611] yt-dlp EGeqZ6-pZ88 (1 clip(s) needed) ...
[12:56:54]     FAILED: ERROR: [youtube] EGeqZ6-pZ88: This video is not available
[12:56:54]   [video 5320/24611] yt-dlp 2xkMW6GUTWQ (1 clip(s) needed) ...
[12:57:25]     [5465/25012] cutting 2xkMW6GUTWQ-0:08:02.999-0:08:09.555.mp4 (0:08:02.999 -> 0:08:09.555)
[12:57:27]   [video 5331/24611] yt-dlp 86PzaYOFWXQ (1 clip(s) needed) ...
[12:57:31]     FAILED: ERROR: [youtube] 86PzaYOFWXQ: This video is not available
[12:57:31]   [video 5352/24611] yt-dlp ouPh-xfFvIc (1 clip(s) needed) ...
[12:57:34]     FAILED: ERROR: [youtube] ouPh-xfFvIc: This video is not available
[12:57:34]   [video 5359/24611] yt-dlp Irc9NQBlZ3g (1 clip(s) needed) ...
[12:57:37]     FAILED: ERROR: [youtube] Irc9NQBlZ3g: Please sign in. Use --cookies-from-browser or --cookies for the authentication. See  https://github.com/yt-dlp/yt-dlp/wiki/FAQ#how-do-i-pass-cookies-to-yt-dlp  for how to manually pass cookies. Also see  https://github.com/yt-dlp/yt-dlp/wiki/Extractors#exporting-youtube-cookies  for tips on effectively exporting YouTube cookies
[12:57:37]   [video 5364/24611] yt-dlp 2zCW8Q2UMb4 (1 clip(s) needed) ...
[12:57:41]     FAILED: ERROR: [youtube] 2zCW8Q2UMb4: This video is unavailable
[12:57:41]   [video 5367/24611] yt-dlp Fj2n8oBRgpU (1 clip(s) needed) ...
[12:57:44]     FAILED: ERROR: [youtube] Fj2n8oBRgpU: This video is unavailable
[12:57:44]   [video 5394/24611] yt-dlp bC5ehpnRuFo (1 clip(s) needed) ...
[12:57:47]     FAILED: ERROR: [youtube] bC5ehpnRuFo: This video is not available
[12:57:47]   [video 5401/24611] yt-dlp nqm1MTsAgaY (1 clip(s) needed) ...
[12:57:50]     FAILED: ERROR: [youtube] nqm1MTsAgaY: Private video
[12:57:50]   [video 5404/24611] yt-dlp n0L1Hkhd318 (1 clip(s) needed) ...
[12:57:53]     FAILED: ERROR: [youtube] n0L1Hkhd318: Private video
[12:57:53]   [video 5437/24611] yt-dlp CVT7j05IHN4 (1 clip(s) needed) ...
[12:57:56]     FAILED: ERROR: [youtube] CVT7j05IHN4: This video is not available
[12:57:56]   [video 5442/24611] yt-dlp 8ko5QkkKlFY (1 clip(s) needed) ...
[12:58:00]     FAILED: ERROR: [youtube] 8ko5QkkKlFY: This video is not available
[12:58:00]   [video 5484/24611] yt-dlp 7uIo3fEwJ0k (1 clip(s) needed) ...
[12:58:03]     FAILED: ERROR: [youtube] 7uIo3fEwJ0k: This video is not available
[12:58:03]   [video 5499/24611] yt-dlp yIgnNnrxQWg (1 clip(s) needed) ...
[12:58:06]     FAILED: ERROR: [youtube] yIgnNnrxQWg: Private video
[12:58:06]   [video 5573/24611] yt-dlp D4RRlu7ole0 (1 clip(s) needed) ...
[12:58:11]     FAILED: ERROR: [youtube] D4RRlu7ole0: Sign in to confirm your age. Use --cookies-from-browser or --cookies for the authentication. See  https://github.com/yt-dlp/yt-dlp/wiki/FAQ#how-do-i-pass-cookies-to-yt-dlp  for how to manually pass cookies. Also see  https://github.com/yt-dlp/yt-dlp/wiki/Extractors#exporting-youtube-cookies  for tips on effectively exporting YouTube cookies
[12:58:11]   [video 5579/24611] yt-dlp aFBSRvZnn1s (1 clip(s) needed) ...
[12:58:14]     FAILED: ERROR: [youtube] aFBSRvZnn1s: This video is not available
[12:58:14]   [video 5582/24611] yt-dlp DcV-WeMpLj8 (1 clip(s) needed) ...
[12:58:17]     FAILED: ERROR: [youtube] DcV-WeMpLj8: This video is unavailable
[12:58:17]   [video 5593/24611] yt-dlp lKCVi1wJsVM (1 clip(s) needed) ...
[12:58:20]     FAILED: ERROR: [youtube] lKCVi1wJsVM: Please sign in. Use --cookies-from-browser or --cookies for the authentication. See  https://github.com/yt-dlp/yt-dlp/wiki/FAQ#how-do-i-pass-cookies-to-yt-dlp  for how to manually pass cookies. Also see  https://github.com/yt-dlp/yt-dlp/wiki/Extractors#exporting-youtube-cookies  for tips on effectively exporting YouTube cookies
[12:58:20]   [video 5625/24611] yt-dlp DqDIv4ohTVI (1 clip(s) needed) ...
[12:58:24]     FAILED: ERROR: [youtube] DqDIv4ohTVI: This video is not available
[12:58:24]   [video 5661/24611] yt-dlp dfrlGX5hbC0 (1 clip(s) needed) ...
[12:58:27]     FAILED: ERROR: [youtube] dfrlGX5hbC0: This video is not available
[12:58:27]   [video 5662/24611] yt-dlp uG8tdpvcXwM (1 clip(s) needed) ...
[12:58:30]     FAILED: ERROR: [youtube] uG8tdpvcXwM: Private video
[12:58:30]   [video 5684/24611] yt-dlp aHTJ7F-j0Vo (1 clip(s) needed) ...
[12:58:33]     FAILED: ERROR: [youtube] aHTJ7F-j0Vo: This video is not available
[12:58:33]   [video 5693/24611] yt-dlp gthr4uZRbuE (1 clip(s) needed) ...
[12:58:36]     FAILED: ERROR: [youtube] gthr4uZRbuE: This video is not available
[12:58:36]   [video 5706/24611] yt-dlp -YzwUWuvUrA (1 clip(s) needed) ...
[12:58:40]     FAILED: ERROR: [youtube] -YzwUWuvUrA: Private video
[12:58:40]   [video 5717/24611] yt-dlp QpEbAXdm_3w (1 clip(s) needed) ...
[12:58:43]     FAILED: ERROR: [youtube] QpEbAXdm_3w: This video is not available
[12:58:43]   [video 5728/24611] yt-dlp 9_Tw71zKic4 (1 clip(s) needed) ...
[12:58:46]     FAILED: ERROR: [youtube] 9_Tw71zKic4: Private video
[12:58:46]   [video 5743/24611] yt-dlp kj6R7ViXQYs (1 clip(s) needed) ...
[12:58:49]     FAILED: ERROR: [youtube] kj6R7ViXQYs: This video is not available
[12:58:49]   [video 5749/24611] yt-dlp R7GciP0etXY (1 clip(s) needed) ...
[12:58:53]     FAILED: ERROR: [youtube] R7GciP0etXY: This video is not available
[12:58:53]   [video 5795/24611] yt-dlp e31gJhodvtw (1 clip(s) needed) ...
[12:58:56]     FAILED: ERROR: [youtube] e31gJhodvtw: Please sign in. Use --cookies-from-browser or --cookies for the authentication. See  https://github.com/yt-dlp/yt-dlp/wiki/FAQ#how-do-i-pass-cookies-to-yt-dlp  for how to manually pass cookies. Also see  https://github.com/yt-dlp/yt-dlp/wiki/Extractors#exporting-youtube-cookies  for tips on effectively exporting YouTube cookies
[12:58:56]   [video 5806/24611] yt-dlp heC6C8KWmNE (1 clip(s) needed) ...
[12:59:05]     [5963/25012] cutting heC6C8KWmNE-0:02:01.688-0:02:08.361.mp4 (0:02:01.688 -> 0:02:08.361)
[12:59:05]   [video 5816/24611] yt-dlp 2WqQGREDTYU (1 clip(s) needed) ...
[12:59:08]     FAILED: ERROR: [youtube] 2WqQGREDTYU: Video unavailable
[12:59:09]   [video 5851/24611] yt-dlp PptPSLIctWA (1 clip(s) needed) ...
[12:59:12]     FAILED: ERROR: [youtube] PptPSLIctWA: This video is not available
[12:59:13]   [video 5878/24611] yt-dlp S-v4MODY5vU (1 clip(s) needed) ...
[12:59:15]     FAILED: ERROR: [youtube] S-v4MODY5vU: Private video
[12:59:15]   [video 5887/24611] yt-dlp yPbtfWYanMg (1 clip(s) needed) ...
[12:59:18]     FAILED: ERROR: [youtube] yPbtfWYanMg: This video is not available
[12:59:19]   [video 5931/24611] yt-dlp Rhs0PKknlDw (1 clip(s) needed) ...
[12:59:22]     FAILED: ERROR: [youtube] Rhs0PKknlDw: This video is not available
[12:59:22]   [video 5953/24611] yt-dlp FVwRD4UlR5M (1 clip(s) needed) ...
[12:59:25]     FAILED: ERROR: [youtube] FVwRD4UlR5M: This video is not available
[12:59:25]   [video 5982/24611] yt-dlp eH9D7wr67Jk (1 clip(s) needed) ...
[12:59:30]     FAILED: ERROR: [youtube] eH9D7wr67Jk: Private video
[12:59:30]   [video 6059/24611] yt-dlp ekewkH07HbM (1 clip(s) needed) ...
[12:59:33]     FAILED: ERROR: [youtube] ekewkH07HbM: Private video
[12:59:33]   [video 6095/24611] yt-dlp qP7mgrfXnew (1 clip(s) needed) ...
[12:59:36]     FAILED: ERROR: [youtube] qP7mgrfXnew: This video is unavailable
[12:59:36]   [video 6100/24611] yt-dlp pHlzD2ACQuU (1 clip(s) needed) ...
[12:59:39]     FAILED: ERROR: [youtube] pHlzD2ACQuU: This video is unavailable
[12:59:39]   [video 6107/24611] yt-dlp AjDwvBNvfv4 (1 clip(s) needed) ...
[12:59:42]     FAILED: ERROR: [youtube] AjDwvBNvfv4: Video unavailable
[12:59:42]   [video 6135/24611] yt-dlp NsXRaQC2y0c (1 clip(s) needed) ...
[12:59:47]     FAILED: ERROR: [youtube] NsXRaQC2y0c: Sign in to confirm your age. Use --cookies-from-browser or --cookies for the authentication. See  https://github.com/yt-dlp/yt-dlp/wiki/FAQ#how-do-i-pass-cookies-to-yt-dlp  for how to manually pass cookies. Also see  https://github.com/yt-dlp/yt-dlp/wiki/Extractors#exporting-youtube-cookies  for tips on effectively exporting YouTube cookies
[12:59:47]   [video 6145/24611] yt-dlp 4F4t2ej5epI (1 clip(s) needed) ...
[12:59:49]     FAILED: ERROR: [youtube] 4F4t2ej5epI: This video is unavailable
[12:59:49]   [video 6151/24611] yt-dlp 6OJM14dGHjI (1 clip(s) needed) ...
[12:59:53]     FAILED: ERROR: [youtube] 6OJM14dGHjI: Video unavailable
[12:59:53]   [video 6177/24611] yt-dlp YKWRXXofk3A (1 clip(s) needed) ...
[12:59:56]     FAILED: ERROR: [youtube] YKWRXXofk3A: This video is not available
[12:59:56]   [video 6195/24611] yt-dlp ANnYP8AFDWg (1 clip(s) needed) ...
[12:59:59]     FAILED: ERROR: [youtube] ANnYP8AFDWg: Video unavailable
[12:59:59]   [video 6231/24611] yt-dlp bEBXQ8MkK_U (1 clip(s) needed) ...
[13:00:02]     FAILED: ERROR: [youtube] bEBXQ8MkK_U: This video is not available
[13:00:02]   [video 6233/24611] yt-dlp -MPx8jeF-Dw (1 clip(s) needed) ...
[13:00:07]     FAILED: ERROR: Postprocessing: Error opening input files: Invalid data found when processing input
[13:00:07]   [video 6235/24611] yt-dlp l4ZLxsRoJhg (1 clip(s) needed) ...
[13:00:10]     FAILED: ERROR: [youtube] l4ZLxsRoJhg: Private video
[13:00:10]   [video 6251/24611] yt-dlp DcSlp8HNttE (1 clip(s) needed) ...
[13:00:14]     FAILED: ERROR: [youtube] DcSlp8HNttE: Video unavailable
[13:00:14]   [video 6256/24611] yt-dlp jOT-A8u4_iQ (1 clip(s) needed) ...
[13:00:17]     FAILED: ERROR: [youtube] jOT-A8u4_iQ: Private video
[13:00:17]   [video 6269/24611] yt-dlp qxZLQitLna8 (1 clip(s) needed) ...
[13:00:19]     FAILED: ERROR: [youtube] qxZLQitLna8: Video unavailable
[13:00:20]   [video 6297/24611] yt-dlp taF8iaVyLp8 (1 clip(s) needed) ...
[13:00:23]     FAILED: ERROR: [youtube] taF8iaVyLp8: This video is not available
[13:00:23]   [video 6340/24611] yt-dlp nL5a6MKP9Jw (1 clip(s) needed) ...
[13:00:29]     FAILED: ERROR: Postprocessing: Error opening input files: Invalid data found when processing input
[13:00:29]   [video 6347/24611] yt-dlp OtQFjm0Ift0 (1 clip(s) needed) ...
[13:00:35]     [6518/25012] cutting OtQFjm0Ift0-0:02:03.623-0:02:11.256.mp4 (0:02:03.623 -> 0:02:11.256)
[13:00:35]   [video 6350/24611] yt-dlp drnxZlS9gyw (1 clip(s) needed) ...
[13:00:42]     [6521/25012] cutting drnxZlS9gyw-0:05:54.000-0:06:42.000.mp4 (0:05:54.000 -> 0:06:42.000)
[13:00:43]   [video 6358/24611] yt-dlp eiW2SC3DoXk (1 clip(s) needed) ...
[13:00:46]     FAILED: ERROR: [youtube] eiW2SC3DoXk: Private video
[13:00:46]   [video 6369/24611] yt-dlp faQJW5u-UfQ (1 clip(s) needed) ...
[13:00:49]     FAILED: ERROR: [youtube] faQJW5u-UfQ: Private video
[13:00:49]   [video 6378/24611] yt-dlp zzB73wSpS9Y (1 clip(s) needed) ...
[13:00:52]     FAILED: ERROR: [youtube] zzB73wSpS9Y: This video is not available
[13:00:52]   [video 6409/24611] yt-dlp uMZFxmpVK-c (1 clip(s) needed) ...
[13:00:56]     FAILED: ERROR: [youtube] uMZFxmpVK-c: This video is not available
[13:00:56]   [video 6418/24611] yt-dlp 8fHy9np1mAo (1 clip(s) needed) ...
[13:00:59]     FAILED: ERROR: [youtube] 8fHy9np1mAo: This video is not available
[13:00:59]   [video 6419/24611] yt-dlp 9BIsFT4CW60 (1 clip(s) needed) ...
[13:01:02]     FAILED: ERROR: [youtube] 9BIsFT4CW60: Private video
[13:01:02]   [video 6422/24611] yt-dlp ey-D80rxNcI (1 clip(s) needed) ...
[13:01:11]     [6594/25012] cutting ey-D80rxNcI-0:01:51.444-0:02:15.618.mp4 (0:01:51.444 -> 0:02:15.618)
[13:01:12]   [video 6424/24611] yt-dlp 1yd9KJPeXgg (1 clip(s) needed) ...
[13:01:16]     FAILED: ERROR: [youtube] 1yd9KJPeXgg: Video unavailable
[13:01:16]   [video 6430/24611] yt-dlp Hih8JJAw7Cc (1 clip(s) needed) ...
[13:01:21]     [6602/25012] cutting Hih8JJAw7Cc-0:02:14.416-0:02:33.083.mp4 (0:02:14.416 -> 0:02:33.083)
[13:01:22]   [video 6434/24611] yt-dlp 46hc69Xc78Q (1 clip(s) needed) ...
[13:01:25]     FAILED: ERROR: [youtube] 46hc69Xc78Q: This video is not available
[13:01:25]   [video 6435/24611] yt-dlp wDHAG-emDp8 (1 clip(s) needed) ...
[13:01:32]     [6607/25012] cutting wDHAG-emDp8-0:04:25.933-0:04:37.933.mp4 (0:04:25.933 -> 0:04:37.933)
[13:01:32]   [video 6441/24611] yt-dlp 2nEhPuG172Q (1 clip(s) needed) ...
[13:01:35]     FAILED: ERROR: [youtube] 2nEhPuG172Q: Private video
[13:01:35]   [video 6443/24611] yt-dlp uFTqmb3HtZ8 (1 clip(s) needed) ...
[13:01:43]     [6615/25012] cutting uFTqmb3HtZ8-0:04:38.120-0:05:26.120.mp4 (0:04:38.120 -> 0:05:26.120)
[13:01:44]   [video 6458/24611] yt-dlp GuOqIiGG6vU (1 clip(s) needed) ...
[13:01:47]     FAILED: ERROR: [youtube] GuOqIiGG6vU: This video is not available
[13:01:47]   [video 6463/24611] yt-dlp XxG-l66XHpg (1 clip(s) needed) ...
[13:01:54]     [6635/25012] cutting XxG-l66XHpg-0:03:25.338-0:03:47.527.mp4 (0:03:25.338 -> 0:03:47.527)
[13:01:54]   [video 6466/24611] yt-dlp XG4TMadTCVk (1 clip(s) needed) ...
[13:01:58]     FAILED: ERROR: [youtube] XG4TMadTCVk: This video is not available
[13:01:58]   [video 6488/24611] yt-dlp 6f5pAi82FSE (1 clip(s) needed) ...
[13:02:04]     [6661/25012] cutting 6f5pAi82FSE-0:01:19.200-0:01:52.840.mp4 (0:01:19.200 -> 0:01:52.840)
[13:02:05]   [video 6490/24611] yt-dlp gG8U2A2dhjU (1 clip(s) needed) ...
[13:02:14]     [6663/25012] cutting gG8U2A2dhjU-0:03:35.640-0:03:40.040.mp4 (0:03:35.640 -> 0:03:40.040)
[13:02:15]   [video 6511/24611] yt-dlp FJ-GRo8A2Ng (1 clip(s) needed) ...
[13:02:19]     FAILED: ERROR: [youtube] FJ-GRo8A2Ng: Please sign in. Use --cookies-from-browser or --cookies for the authentication. See  https://github.com/yt-dlp/yt-dlp/wiki/FAQ#how-do-i-pass-cookies-to-yt-dlp  for how to manually pass cookies. Also see  https://github.com/yt-dlp/yt-dlp/wiki/Extractors#exporting-youtube-cookies  for tips on effectively exporting YouTube cookies
[13:02:19]   [video 6519/24611] yt-dlp KwnefmoX2wY (1 clip(s) needed) ...
[13:02:32]     [6693/25012] cutting KwnefmoX2wY-0:00:56.866-0:01:38.033.mp4 (0:00:56.866 -> 0:01:38.033)
[13:02:33]   [video 6520/24611] yt-dlp x7BXXBEFXXo (1 clip(s) needed) ...
[13:02:42]     [6694/25012] cutting x7BXXBEFXXo-0:01:45.040-0:01:59.240.mp4 (0:01:45.040 -> 0:01:59.240)
[13:02:43]   [video 6523/24611] yt-dlp PPd4vap_lZ4 (1 clip(s) needed) ...
[13:02:49]     [6697/25012] cutting PPd4vap_lZ4-0:06:01.160-0:06:39.760.mp4 (0:06:01.160 -> 0:06:39.760)
[13:02:51]   [video 6545/24611] yt-dlp iySiUyjksoc (1 clip(s) needed) ...
[13:02:54]     FAILED: ERROR: [youtube] iySiUyjksoc: This video is not available
[13:02:54]   [video 6562/24611] yt-dlp lT6Id9rmD5A (1 clip(s) needed) ...
[13:03:01]     [6736/25012] cutting lT6Id9rmD5A-0:00:51.084-0:01:21.781.mp4 (0:00:51.084 -> 0:01:21.781)
[13:03:02]   [video 6582/24611] yt-dlp 53yBLrjKWHY (1 clip(s) needed) ...
[13:03:05]     FAILED: ERROR: [youtube] 53yBLrjKWHY: This video is not available
[13:03:05]   [video 6598/24611] yt-dlp gi81f5Nbgt4 (1 clip(s) needed) ...
[13:03:08]     FAILED: ERROR: [youtube] gi81f5Nbgt4: This video is not available
[13:03:08]   [video 6601/24611] yt-dlp CBzCaadqioI (1 clip(s) needed) ...
[13:03:16]     [6777/25012] cutting CBzCaadqioI-0:01:08.401-0:01:26.419.mp4 (0:01:08.401 -> 0:01:26.419)
[13:03:17]   [video 6606/24611] yt-dlp FjpwiPS6NwE (1 clip(s) needed) ...
[13:03:20]     FAILED: ERROR: [youtube] FjpwiPS6NwE: This video is not available
[13:03:20]   [video 6612/24611] yt-dlp ZiwSQf5eyI0 (1 clip(s) needed) ...
[13:03:26]     [6788/25012] cutting ZiwSQf5eyI0-0:00:01.459-0:00:13.221.mp4 (0:00:01.459 -> 0:00:13.221)
[13:03:26]   [video 6616/24611] yt-dlp Ioe21EGSiJc (1 clip(s) needed) ...
[13:03:44]     [6792/25012] cutting Ioe21EGSiJc-0:00:54.137-0:01:01.019.mp4 (0:00:54.137 -> 0:01:01.019)
[13:03:44]   [video 6620/24611] yt-dlp C8mIN2_N2Mo (1 clip(s) needed) ...
[13:03:51]     [6796/25012] cutting C8mIN2_N2Mo-0:02:06.359-0:02:26.146.mp4 (0:02:06.359 -> 0:02:26.146)
[13:03:51]   [video 6623/24611] yt-dlp 7QSSOa_DjVw (1 clip(s) needed) ...
[13:03:54]     FAILED: ERROR: [youtube] 7QSSOa_DjVw: This video is not available
[13:03:54]   [video 6634/24611] yt-dlp s3xPJKZlmEs (1 clip(s) needed) ...
[13:04:01]     [6811/25012] cutting s3xPJKZlmEs-0:01:23.600-0:02:11.600.mp4 (0:01:23.600 -> 0:02:11.600)
[13:04:03]   [video 6635/24611] yt-dlp f_Pdvmu1i3E (2 clip(s) needed) ...
[13:04:11]     FAILED: ERROR: [youtube] f_Pdvmu1i3E: This video is unavailable
[13:04:11]   [video 6651/24611] yt-dlp hd-c93empc4 (1 clip(s) needed) ...
[13:04:14]     FAILED: ERROR: [youtube] hd-c93empc4: This video is not available
[13:04:14]   [video 6654/24611] yt-dlp hI4MRYjqSks (1 clip(s) needed) ...
[13:04:20]     [6832/25012] cutting hI4MRYjqSks-0:01:00.693-0:01:06.332.mp4 (0:01:00.693 -> 0:01:06.332)
[13:04:20]   [video 6657/24611] yt-dlp BH7HhHZZxUE (1 clip(s) needed) ...
[13:04:23]     FAILED: ERROR: [youtube] BH7HhHZZxUE: This video is unavailable
[13:04:23]   [video 6672/24611] yt-dlp 0ptWBVWqZCU (1 clip(s) needed) ...
[13:04:26]     FAILED: ERROR: [youtube] 0ptWBVWqZCU: Video unavailable
[13:04:26]   [video 6677/24611] yt-dlp h9Bt4eyIBPw (1 clip(s) needed) ...
[13:04:29]     FAILED: ERROR: [youtube] h9Bt4eyIBPw: This video is unavailable
[13:04:29]   [video 6707/24611] yt-dlp OxqNkGzRZNA (1 clip(s) needed) ...
[13:04:33]     FAILED: ERROR: [youtube] OxqNkGzRZNA: This video is not available
[13:04:33]   [video 6720/24611] yt-dlp cccv-dqRFmc (1 clip(s) needed) ...
[13:04:36]     FAILED: ERROR: [youtube] cccv-dqRFmc: This video is not available
[13:04:36]   [video 6723/24611] yt-dlp U_6ECUPLAhs (1 clip(s) needed) ...
[13:04:38]     FAILED: ERROR: [youtube] U_6ECUPLAhs: Private video
[13:04:39]   [video 6763/24611] yt-dlp 1nUyQ5cmW2A (1 clip(s) needed) ...
[13:04:42]     FAILED: ERROR: [youtube] 1nUyQ5cmW2A: This video is not available
[13:04:42]   [video 6765/24611] yt-dlp n1TyGNTP5c8 (1 clip(s) needed) ...
[13:04:45]     FAILED: ERROR: [youtube] n1TyGNTP5c8: Video unavailable
[13:04:45]   [video 6788/24611] yt-dlp HLLA78Mu-Wo (1 clip(s) needed) ...
[13:04:48]     FAILED: ERROR: [youtube] HLLA78Mu-Wo: This video is not available
[13:04:48]   [video 6799/24611] yt-dlp TXUMKLBalz0 (1 clip(s) needed) ...
[13:04:51]     FAILED: ERROR: [youtube] TXUMKLBalz0: Private video
[13:04:51]   [video 6803/24611] yt-dlp m4Yjky_71Ic (1 clip(s) needed) ...
[13:04:54]     FAILED: ERROR: [youtube] m4Yjky_71Ic: This video is not available
[13:04:54]   [video 6806/24611] yt-dlp 3Hl42tRLxbo (1 clip(s) needed) ...
[13:04:57]     FAILED: ERROR: [youtube] 3Hl42tRLxbo: Please sign in. Use --cookies-from-browser or --cookies for the authentication. See  https://github.com/yt-dlp/yt-dlp/wiki/FAQ#how-do-i-pass-cookies-to-yt-dlp  for how to manually pass cookies. Also see  https://github.com/yt-dlp/yt-dlp/wiki/Extractors#exporting-youtube-cookies  for tips on effectively exporting YouTube cookies
[13:04:57]   [video 6811/24611] yt-dlp Xum02ZQ6wk4 (1 clip(s) needed) ...
[13:05:00]     FAILED: ERROR: [youtube] Xum02ZQ6wk4: This video is unavailable
[13:05:00]   [video 6828/24611] yt-dlp 5bK_EK2c558 (1 clip(s) needed) ...
[13:05:03]     FAILED: ERROR: [youtube] 5bK_EK2c558: This video is not available
[13:05:03]   [video 6842/24611] yt-dlp 6d7YgIpGp_g (1 clip(s) needed) ...
[13:05:10]     [7025/25012] cutting 6d7YgIpGp_g-0:04:10.458-0:04:18.258.mp4 (0:04:10.458 -> 0:04:18.258)
[13:05:11]   [video 6868/24611] yt-dlp mkEwEOvhCL8 (1 clip(s) needed) ...
[13:05:13]     FAILED: ERROR: [youtube] mkEwEOvhCL8: This video is unavailable
[13:05:14]   [video 6955/24611] yt-dlp 3tmcPk365rs (1 clip(s) needed) ...
[13:05:17]     FAILED: ERROR: [youtube] 3tmcPk365rs: This video is not available
[13:05:18]   [video 6981/24611] yt-dlp LXO3bz2tKK8 (1 clip(s) needed) ...
[13:05:21]     FAILED: ERROR: [youtube] LXO3bz2tKK8: Private video
[13:05:21]   [video 6987/24611] yt-dlp unYhtFGlBVM (1 clip(s) needed) ...
[13:05:24]     FAILED: ERROR: [youtube] unYhtFGlBVM: Video unavailable
[13:05:24]   [video 6988/24611] yt-dlp iGWGlOX8NC0 (1 clip(s) needed) ...
[13:05:27]     FAILED: ERROR: [youtube] iGWGlOX8NC0: This video is not available
[13:05:27]   [video 7014/24611] yt-dlp Ty_K37yvPts (1 clip(s) needed) ...
[13:05:30]     FAILED: ERROR: [youtube] Ty_K37yvPts: Private video
[13:05:30]   [video 7039/24611] yt-dlp 4q1fMMFdqXA (1 clip(s) needed) ...
[13:05:34]     FAILED: ERROR: [youtube] 4q1fMMFdqXA: Please sign in. Use --cookies-from-browser or --cookies for the authentication. See  https://github.com/yt-dlp/yt-dlp/wiki/FAQ#how-do-i-pass-cookies-to-yt-dlp  for how to manually pass cookies. Also see  https://github.com/yt-dlp/yt-dlp/wiki/Extractors#exporting-youtube-cookies  for tips on effectively exporting YouTube cookies
[13:05:34]   [video 7058/24611] yt-dlp CxDhopetbn4 (1 clip(s) needed) ...
[13:05:37]     FAILED: ERROR: [youtube] CxDhopetbn4: This video is unavailable
[13:05:37]   [video 7071/24611] yt-dlp SQDz-CX5QSs (1 clip(s) needed) ...
[13:05:40]     FAILED: ERROR: [youtube] SQDz-CX5QSs: Video unavailable
[13:05:40]   [video 7083/24611] yt-dlp sbsnFUHMJ9c (2 clip(s) needed) ...
[13:05:43]     FAILED: ERROR: [youtube] sbsnFUHMJ9c: This video is unavailable
[13:05:43]   [video 7086/24611] yt-dlp 9E2mbiUVaLs (1 clip(s) needed) ...
[13:05:46]     FAILED: ERROR: [youtube] 9E2mbiUVaLs: This video is not available
[13:05:47]   [video 7088/24611] yt-dlp R9RtA1UZJDo (1 clip(s) needed) ...
[13:05:50]     FAILED: ERROR: [youtube] R9RtA1UZJDo: This video is not available
[13:05:50]   [video 7089/24611] yt-dlp wr_APhZyP5s (1 clip(s) needed) ...
[13:05:54]     FAILED: ERROR: [youtube] wr_APhZyP5s: This video is not available
[13:05:54]   [video 7112/24611] yt-dlp 9MtbEqmj3hA (1 clip(s) needed) ...
[13:05:56]     FAILED: ERROR: [youtube] 9MtbEqmj3hA: Private video
[13:05:57]   [video 7128/24611] yt-dlp XxH43QWYWYY (1 clip(s) needed) ...
[13:06:04]     [7316/25012] cutting XxH43QWYWYY-0:06:22.340-0:06:27.178.mp4 (0:06:22.340 -> 0:06:27.178)
[13:06:05]   [video 7176/24611] yt-dlp ZvKljTVcwXE (1 clip(s) needed) ...
[13:06:07]     FAILED: ERROR: [youtube] ZvKljTVcwXE: This video is unavailable
[13:06:08]   [video 7180/24611] yt-dlp vw9bGhxMV0g (1 clip(s) needed) ...
[13:06:11]     FAILED: ERROR: [youtube] vw9bGhxMV0g: This video is not available
[13:06:11]   [video 7197/24611] yt-dlp q-DWcf1WLDA (1 clip(s) needed) ...
[13:06:14]     FAILED: ERROR: [youtube] q-DWcf1WLDA: This video is not available
[13:06:14]   [video 7198/24611] yt-dlp 2RiWfjfXV3s (1 clip(s) needed) ...
[13:06:17]     FAILED: ERROR: [youtube] 2RiWfjfXV3s: This video is unavailable
[13:06:17]   [video 7206/24611] yt-dlp cxSqeyZGf6M (1 clip(s) needed) ...
[13:06:20]     FAILED: ERROR: [youtube] cxSqeyZGf6M: This video is not available
[13:06:21]   [video 7258/24611] yt-dlp 2zv_ymT0cTE (1 clip(s) needed) ...
[13:06:23]     FAILED: ERROR: [youtube] 2zv_ymT0cTE: Private video
[13:06:23]   [video 7260/24611] yt-dlp PmIpWcMUMgM (1 clip(s) needed) ...
[13:06:27]     FAILED: ERROR: [youtube] PmIpWcMUMgM: This video is not available
[13:06:27]   [video 7286/24611] yt-dlp B_3tF5wwE2s (1 clip(s) needed) ...
[13:06:30]     FAILED: ERROR: [youtube] B_3tF5wwE2s: This video is not available
[13:06:30]   [video 7318/24611] yt-dlp b-3vxfOTFvU (1 clip(s) needed) ...
[13:06:33]     FAILED: ERROR: [youtube] b-3vxfOTFvU: This video is not available
[13:06:34]   [video 7325/24611] yt-dlp hM3jIavM9jY (1 clip(s) needed) ...
[13:06:37]     FAILED: ERROR: [youtube] hM3jIavM9jY: This video is not available
[13:06:37]   [video 7371/24611] yt-dlp qvUsfljq9F8 (1 clip(s) needed) ...
[13:06:41]     FAILED: ERROR: [youtube] qvUsfljq9F8: This video is not available
[13:06:41]   [video 7385/24611] yt-dlp oIHnFEI8768 (1 clip(s) needed) ...
[13:06:51]     [7581/25012] cutting oIHnFEI8768-0:06:16.600-0:06:22.080.mp4 (0:06:16.600 -> 0:06:22.080)
[13:06:51]   [video 7404/24611] yt-dlp Lj-5ggtNZ1c (1 clip(s) needed) ...
[13:06:54]     FAILED: ERROR: [youtube] Lj-5ggtNZ1c: Video unavailable
[13:06:54]   [video 7406/24611] yt-dlp b8OyQw_xwPQ (1 clip(s) needed) ...
[13:06:58]     FAILED: ERROR: [youtube] b8OyQw_xwPQ: This video is unavailable
[13:06:58]   [video 7430/24611] yt-dlp GvNcyggIx6k (1 clip(s) needed) ...
[13:07:01]     FAILED: ERROR: [youtube] GvNcyggIx6k: Private video
[13:07:01]   [video 7494/24611] yt-dlp MIjilBt1UO0 (1 clip(s) needed) ...
[13:07:04]     FAILED: ERROR: [youtube] MIjilBt1UO0: Private video
[13:07:04]   [video 7496/24611] yt-dlp pPpJLWKExpQ (1 clip(s) needed) ...
[13:07:07]     FAILED: ERROR: [youtube] pPpJLWKExpQ: This video is not available
[13:07:07]   [video 7503/24611] yt-dlp TxoMET_bLLM (1 clip(s) needed) ...
[13:07:10]     FAILED: ERROR: [youtube] TxoMET_bLLM: This video is not available
[13:07:11]   [video 7550/24611] yt-dlp CeIv2wwiArE (1 clip(s) needed) ...
[13:07:13]     FAILED: ERROR: [youtube] CeIv2wwiArE: Please sign in. Use --cookies-from-browser or --cookies for the authentication. See  https://github.com/yt-dlp/yt-dlp/wiki/FAQ#how-do-i-pass-cookies-to-yt-dlp  for how to manually pass cookies. Also see  https://github.com/yt-dlp/yt-dlp/wiki/Extractors#exporting-youtube-cookies  for tips on effectively exporting YouTube cookies
[13:07:14]   [video 7573/24611] yt-dlp 8rROQLx7XGo (1 clip(s) needed) ...
[13:07:17]     FAILED: ERROR: [youtube] 8rROQLx7XGo: This video is not available
[13:07:17]   [video 7577/24611] yt-dlp x2XIWfQCbcM (1 clip(s) needed) ...
[13:07:20]     FAILED: ERROR: [youtube] x2XIWfQCbcM: This video is unavailable
[13:07:20]   [video 7586/24611] yt-dlp NSAecA8qzAs (1 clip(s) needed) ...
[13:07:24]     FAILED: ERROR: [youtube] NSAecA8qzAs: This video is not available
[13:07:24]   [video 7603/24611] yt-dlp kLGhLEJ-8dk (1 clip(s) needed) ...
[13:07:27]     FAILED: ERROR: [youtube] kLGhLEJ-8dk: Private video
[13:07:27]   [video 7629/24611] yt-dlp tw9ZCONCkAA (1 clip(s) needed) ...
[13:07:30]     FAILED: ERROR: [youtube] tw9ZCONCkAA: Private video
[13:07:30]   [video 7637/24611] yt-dlp AVGmSGbUbXA (1 clip(s) needed) ...
[13:07:33]     FAILED: ERROR: [youtube] AVGmSGbUbXA: This video is unavailable
[13:07:33]   [video 7646/24611] yt-dlp 33KLFc9cPxs (1 clip(s) needed) ...
[13:07:36]     FAILED: ERROR: [youtube] 33KLFc9cPxs: This video is not available
[13:07:36]   [video 7648/24611] yt-dlp s6rQmQj4dhU (1 clip(s) needed) ...
[13:07:39]     FAILED: ERROR: [youtube] s6rQmQj4dhU: This video is unavailable
[13:07:39]   [video 7667/24611] yt-dlp 9df547ZC0oM (1 clip(s) needed) ...
[13:07:42]     FAILED: ERROR: [youtube] 9df547ZC0oM: This video is not available
[13:07:42]   [video 7672/24611] yt-dlp Acpd2CrR9G8 (1 clip(s) needed) ...
[13:07:45]     FAILED: ERROR: [youtube] Acpd2CrR9G8: This video is not available
[13:07:45]   [video 7676/24611] yt-dlp cCqe2_DVmb4 (1 clip(s) needed) ...
[13:07:48]     FAILED: ERROR: [youtube] cCqe2_DVmb4: Private video
[13:07:48]   [video 7678/24611] yt-dlp NfdYmxr3aDs (1 clip(s) needed) ...
[13:07:51]     FAILED: ERROR: [youtube] NfdYmxr3aDs: Private video
[13:07:51]   [video 7686/24611] yt-dlp P1qqxWUSjVY (1 clip(s) needed) ...
[13:07:54]     FAILED: ERROR: [youtube] P1qqxWUSjVY: This video is not available
[13:07:54]   [video 7716/24611] yt-dlp DrDMxAvGPts (1 clip(s) needed) ...
[13:07:57]     FAILED: ERROR: [youtube] DrDMxAvGPts: Private video
[13:07:58]   [video 7782/24611] yt-dlp 8vw6HcRrqBI (1 clip(s) needed) ...
[13:08:01]     FAILED: ERROR: [youtube] 8vw6HcRrqBI: This video is not available
[13:08:01]   [video 7787/24611] yt-dlp oBugHgliiBo (1 clip(s) needed) ...
[13:08:05]     FAILED: ERROR: [youtube] oBugHgliiBo: This video is not available
[13:08:05]   [video 7798/24611] yt-dlp xdNK6py0YI0 (1 clip(s) needed) ...
[13:08:08]     FAILED: ERROR: [youtube] xdNK6py0YI0: This video is not available
[13:08:08]   [video 7802/24611] yt-dlp aipDdmVY3VM (1 clip(s) needed) ...
[13:08:11]     FAILED: ERROR: [youtube] aipDdmVY3VM: This video is not available
[13:08:11]   [video 7808/24611] yt-dlp u_8fM660tSY (1 clip(s) needed) ...
[13:08:14]     FAILED: ERROR: [youtube] u_8fM660tSY: Private video
[13:08:14]   [video 7828/24611] yt-dlp cUnC6BXUTHo (1 clip(s) needed) ...
[13:08:17]     FAILED: ERROR: [youtube] cUnC6BXUTHo: This video is not available
[13:08:18]   [video 7885/24611] yt-dlp xeO0tdKBAag (1 clip(s) needed) ...
[13:08:20]     FAILED: ERROR: [youtube] xeO0tdKBAag: Private video
[13:08:20]   [video 7887/24611] yt-dlp u5D_eG_2ojU (1 clip(s) needed) ...
[13:08:23]     FAILED: ERROR: [youtube] u5D_eG_2ojU: This video is not available
[13:08:23]   [video 7888/24611] yt-dlp vhQr4ck-ni8 (1 clip(s) needed) ...
[13:08:26]     FAILED: ERROR: [youtube] vhQr4ck-ni8: This video is not available
[13:08:27]   [video 7907/24611] yt-dlp 9NDNbwOLL_s (1 clip(s) needed) ...
[13:08:30]     FAILED: ERROR: [youtube] 9NDNbwOLL_s: This video is not available
[13:08:31]   [video 7937/24611] yt-dlp OKONw5XxCRs (1 clip(s) needed) ...
[13:08:34]     FAILED: ERROR: [youtube] OKONw5XxCRs: This video is not available
[13:08:34]   [video 7988/24611] yt-dlp 1JeU5zFHFT8 (1 clip(s) needed) ...
[13:08:37]     FAILED: ERROR: [youtube] 1JeU5zFHFT8: This video is not available
[13:08:37]   [video 8001/24611] yt-dlp M4fwufugbKU (1 clip(s) needed) ...
[13:08:40]     FAILED: ERROR: [youtube] M4fwufugbKU: Private video
[13:08:40]   [video 8022/24611] yt-dlp 9hmzCHlnKlY (1 clip(s) needed) ...
[13:08:44]     FAILED: ERROR: [youtube] 9hmzCHlnKlY: This video is not available
[13:08:44]   [video 8028/24611] yt-dlp -w0kzungdIQ (1 clip(s) needed) ...
[13:08:47]     FAILED: ERROR: [youtube] -w0kzungdIQ: This video is not available
[13:08:47]   [video 8034/24611] yt-dlp 264Yc_Lc0RI (1 clip(s) needed) ...
[13:08:51]     FAILED: ERROR: [youtube] 264Yc_Lc0RI: This video is unavailable
[13:08:51]   [video 8044/24611] yt-dlp Rt9nNTCMB7g (1 clip(s) needed) ...
[13:08:54]     FAILED: ERROR: [youtube] Rt9nNTCMB7g: Private video
[13:08:55]   [video 8083/24611] yt-dlp AgXfboq0CDI (1 clip(s) needed) ...
[13:08:58]     FAILED: ERROR: [youtube] AgXfboq0CDI: Please sign in. Use --cookies-from-browser or --cookies for the authentication. See  https://github.com/yt-dlp/yt-dlp/wiki/FAQ#how-do-i-pass-cookies-to-yt-dlp  for how to manually pass cookies. Also see  https://github.com/yt-dlp/yt-dlp/wiki/Extractors#exporting-youtube-cookies  for tips on effectively exporting YouTube cookies
[13:08:59]   [video 8114/24611] yt-dlp 06tKZACq4w4 (1 clip(s) needed) ...
[13:09:02]     FAILED: ERROR: [youtube] 06tKZACq4w4: This video is not available
[13:09:02]   [video 8115/24611] yt-dlp rN8xjMYQsjI (1 clip(s) needed) ...
[13:09:07]     FAILED: ERROR: [youtube] rN8xjMYQsjI: Private video
[13:09:07]   [video 8122/24611] yt-dlp LagIjwVFxTs (1 clip(s) needed) ...
[13:09:10]     FAILED: ERROR: [youtube] LagIjwVFxTs: This video is not available
[13:09:10]   [video 8133/24611] yt-dlp 1FWeSlOCnEY (1 clip(s) needed) ...
[13:09:25]     [8345/25012] cutting 1FWeSlOCnEY-0:04:30.770-0:04:41.481.mp4 (0:04:30.770 -> 0:04:41.481)
[13:09:26]   [video 8134/24611] yt-dlp RvNDTf13Mrk (1 clip(s) needed) ...
[13:09:29]     FAILED: ERROR: [youtube] RvNDTf13Mrk: This video is not available
[13:09:29]   [video 8140/24611] yt-dlp Baa8Izobpss (1 clip(s) needed) ...
[13:09:33]     FAILED: ERROR: [youtube] Baa8Izobpss: This video is not available
[13:09:33]   [video 8150/24611] yt-dlp Cklu98OMuuA (1 clip(s) needed) ...
[13:09:36]     FAILED: ERROR: [youtube] Cklu98OMuuA: Private video
[13:09:36]   [video 8171/24611] yt-dlp 9lCZMBZSedo (1 clip(s) needed) ...
[13:09:39]     FAILED: ERROR: [youtube] 9lCZMBZSedo: This video is not available
[13:09:40]   [video 8209/24611] yt-dlp HYuAQ6fx2CA (1 clip(s) needed) ...
[13:09:43]     FAILED: ERROR: [youtube] HYuAQ6fx2CA: Private video
[13:09:43]   [video 8215/24611] yt-dlp TvAc5qnyIF0 (1 clip(s) needed) ...
[13:09:46]     FAILED: ERROR: [youtube] TvAc5qnyIF0: This video is not available
[13:09:46]   [video 8219/24611] yt-dlp 0kRbZMBTnCI (1 clip(s) needed) ...
[13:09:50]     FAILED: ERROR: [youtube] 0kRbZMBTnCI: Sign in to confirm your age. Use --cookies-from-browser or --cookies for the authentication. See  https://github.com/yt-dlp/yt-dlp/wiki/FAQ#how-do-i-pass-cookies-to-yt-dlp  for how to manually pass cookies. Also see  https://github.com/yt-dlp/yt-dlp/wiki/Extractors#exporting-youtube-cookies  for tips on effectively exporting YouTube cookies
[13:09:50]   [video 8233/24611] yt-dlp 2VSgM27Cpq8 (1 clip(s) needed) ...
[13:09:54]     FAILED: ERROR: [youtube] 2VSgM27Cpq8: This video is not available
[13:09:54]   [video 8240/24611] yt-dlp t1O6VuDraQE (1 clip(s) needed) ...
[13:09:57]     FAILED: ERROR: [youtube] t1O6VuDraQE: This video is not available
[13:09:57]   [video 8245/24611] yt-dlp QZRGKqiLbGM (1 clip(s) needed) ...
[13:10:00]     FAILED: ERROR: [youtube] QZRGKqiLbGM: This video is not available
[13:10:01]   [video 8283/24611] yt-dlp FdAznMsX-qI (1 clip(s) needed) ...
[13:10:03]     FAILED: ERROR: [youtube] FdAznMsX-qI: Private video
[13:10:04]   [video 8290/24611] yt-dlp 9SWFiDfaR4c (1 clip(s) needed) ...
[13:10:07]     FAILED: ERROR: [youtube] 9SWFiDfaR4c: Video unavailable
[13:10:07]   [video 8303/24611] yt-dlp a7YQzr0eSoI (1 clip(s) needed) ...
[13:10:11]     FAILED: ERROR: [youtube] a7YQzr0eSoI: This video is not available
[13:10:11]   [video 8307/24611] yt-dlp RMPXU908ELA (1 clip(s) needed) ...
[13:10:14]     FAILED: ERROR: [youtube] RMPXU908ELA: This video is not available
[13:10:15]   [video 8316/24611] yt-dlp 6IDNnuz05fQ (1 clip(s) needed) ...
[13:10:17]     FAILED: ERROR: [youtube] 6IDNnuz05fQ: Private video
[13:10:17]   [video 8343/24611] yt-dlp W5p0prRNF3A (1 clip(s) needed) ...
[13:10:20]     FAILED: ERROR: [youtube] W5p0prRNF3A: This video is not available
[13:10:21]   [video 8355/24611] yt-dlp bB-60dLpFCc (1 clip(s) needed) ...
[13:10:24]     FAILED: ERROR: [youtube] bB-60dLpFCc: This video is not available
[13:10:25]   [video 8372/24611] yt-dlp YzQa1vJYPt4 (1 clip(s) needed) ...
[13:10:28]     FAILED: ERROR: [youtube] YzQa1vJYPt4: This video is unavailable
[13:10:29]   [video 8384/24611] yt-dlp OavGuZe9QHc (1 clip(s) needed) ...
[13:10:32]     FAILED: ERROR: [youtube] OavGuZe9QHc: This video is not available
[13:10:33]   [video 8441/24611] yt-dlp eINQdeux2yg (1 clip(s) needed) ...
[13:10:36]     FAILED: ERROR: [youtube] eINQdeux2yg: This video is not available
[13:10:37]   [video 8470/24611] yt-dlp bYbj790SP7E (1 clip(s) needed) ...
[13:10:45]     FAILED: ERROR: [youtube] bYbj790SP7E: This video is not available
[13:10:45]   [video 8482/24611] yt-dlp UXJaEO3Nl9A (1 clip(s) needed) ...
[13:10:49]     FAILED: ERROR: [youtube] UXJaEO3Nl9A: This video is not available
[13:10:49]   [video 8527/24611] yt-dlp 8RaF22clJhU (1 clip(s) needed) ...
[13:10:52]     FAILED: ERROR: [youtube] 8RaF22clJhU: This video is not available
[13:10:52]   [video 8530/24611] yt-dlp mi40rcQkY2M (1 clip(s) needed) ...
[13:10:55]     FAILED: ERROR: [youtube] mi40rcQkY2M: This video is not available
[13:10:55]   [video 8549/24611] yt-dlp 2S_74nhkLoA (1 clip(s) needed) ...
[13:10:59]     FAILED: ERROR: [youtube] 2S_74nhkLoA: Video unavailable
[13:10:59]   [video 8582/24611] yt-dlp FVBuGqjVm2w (1 clip(s) needed) ...
[13:11:02]     FAILED: ERROR: [youtube] FVBuGqjVm2w: Please sign in. Use --cookies-from-browser or --cookies for the authentication. See  https://github.com/yt-dlp/yt-dlp/wiki/FAQ#how-do-i-pass-cookies-to-yt-dlp  for how to manually pass cookies. Also see  https://github.com/yt-dlp/yt-dlp/wiki/Extractors#exporting-youtube-cookies  for tips on effectively exporting YouTube cookies
[13:11:02]   [video 8614/24611] yt-dlp 6LQNfT9qcyI (1 clip(s) needed) ...
[13:11:05]     FAILED: ERROR: [youtube] 6LQNfT9qcyI: Please sign in. Use --cookies-from-browser or --cookies for the authentication. See  https://github.com/yt-dlp/yt-dlp/wiki/FAQ#how-do-i-pass-cookies-to-yt-dlp  for how to manually pass cookies. Also see  https://github.com/yt-dlp/yt-dlp/wiki/Extractors#exporting-youtube-cookies  for tips on effectively exporting YouTube cookies
[13:11:06]   [video 8620/24611] yt-dlp mHE1QOgPJ-Y (1 clip(s) needed) ...
[13:11:08]     FAILED: ERROR: [youtube] mHE1QOgPJ-Y: Private video
[13:11:09]   [video 8623/24611] yt-dlp 4FoYD6-GZzg (1 clip(s) needed) ...
[13:11:12]     FAILED: ERROR: [youtube] 4FoYD6-GZzg: This video is unavailable
[13:11:12]   [video 8682/24611] yt-dlp 4eQgwXkdAIw (1 clip(s) needed) ...
[13:11:16]     FAILED: ERROR: [youtube] 4eQgwXkdAIw: Sign in to confirm your age. Use --cookies-from-browser or --cookies for the authentication. See  https://github.com/yt-dlp/yt-dlp/wiki/FAQ#how-do-i-pass-cookies-to-yt-dlp  for how to manually pass cookies. Also see  https://github.com/yt-dlp/yt-dlp/wiki/Extractors#exporting-youtube-cookies  for tips on effectively exporting YouTube cookies
[13:11:16]   [video 8702/24611] yt-dlp N0g_uWgcRIw (1 clip(s) needed) ...
[13:11:20]     FAILED: ERROR: [youtube] N0g_uWgcRIw: This video is not available
[13:11:21]   [video 8739/24611] yt-dlp EG_qbXsnzJY (1 clip(s) needed) ...
[13:11:23]     FAILED: ERROR: [youtube] EG_qbXsnzJY: This video is unavailable
[13:11:24]   [video 8761/24611] yt-dlp 3wctGozRrWU (1 clip(s) needed) ...
[13:11:28]     FAILED: ERROR: [youtube] 3wctGozRrWU: Please sign in. Use --cookies-from-browser or --cookies for the authentication. See  https://github.com/yt-dlp/yt-dlp/wiki/FAQ#how-do-i-pass-cookies-to-yt-dlp  for how to manually pass cookies. Also see  https://github.com/yt-dlp/yt-dlp/wiki/Extractors#exporting-youtube-cookies  for tips on effectively exporting YouTube cookies
[13:11:28]   [video 8789/24611] yt-dlp UUuVEKYB78Y (1 clip(s) needed) ...
[13:11:30]     FAILED: ERROR: [youtube] UUuVEKYB78Y: Private video
[13:11:31]   [video 8814/24611] yt-dlp _hktZa4k4f0 (1 clip(s) needed) ...
[13:11:33]     FAILED: ERROR: [youtube] _hktZa4k4f0: Private video
[13:11:33]   [video 8823/24611] yt-dlp yqZd5H94lOc (1 clip(s) needed) ...
[13:11:40]     [9050/25012] cutting yqZd5H94lOc-0:00:57.991-0:01:17.477.mp4 (0:00:57.991 -> 0:01:17.477)
[13:11:41]   [video 8831/24611] yt-dlp 5yQTQhCX4cY (1 clip(s) needed) ...
[13:11:46]     [9059/25012] cutting 5yQTQhCX4cY-0:00:26.192-0:00:30.230.mp4 (0:00:26.192 -> 0:00:30.230)
[13:11:47]   [video 8832/24611] yt-dlp IclGzgobdrQ (1 clip(s) needed) ...
[13:11:50]     FAILED: ERROR: [youtube] IclGzgobdrQ: Private video
[13:11:50]   [video 8836/24611] yt-dlp 9V8Vp52sSr8 (1 clip(s) needed) ...
[13:11:55]     [9065/25012] cutting 9V8Vp52sSr8-0:02:20.348-0:02:28.940.mp4 (0:02:20.348 -> 0:02:28.940)
[13:11:55]   [video 8869/24611] yt-dlp 4ZFUVe4QaxM (1 clip(s) needed) ...
[13:11:59]     FAILED: ERROR: [youtube] 4ZFUVe4QaxM: This video is not available
[13:11:59]   [video 8877/24611] yt-dlp Z-9qgHd0P6g (1 clip(s) needed) ...
[13:12:08]     FAILED: ERROR: unable to download video data: HTTP Error 403: Forbidden
[13:12:08]   [video 8882/24611] yt-dlp fMntAHWQG4w (1 clip(s) needed) ...
[13:12:11]     FAILED: ERROR: [youtube] fMntAHWQG4w: Please sign in. Use --cookies-from-browser or --cookies for the authentication. See  https://github.com/yt-dlp/yt-dlp/wiki/FAQ#how-do-i-pass-cookies-to-yt-dlp  for how to manually pass cookies. Also see  https://github.com/yt-dlp/yt-dlp/wiki/Extractors#exporting-youtube-cookies  for tips on effectively exporting YouTube cookies
[13:12:11]   [video 8885/24611] yt-dlp Q_oNW4qxZNM (1 clip(s) needed) ...
[13:12:18]     [9114/25012] cutting Q_oNW4qxZNM-0:05:24.824-0:05:37.937.mp4 (0:05:24.824 -> 0:05:37.937)
[13:12:18]   [video 8888/24611] yt-dlp KPIpjfxIV_U (1 clip(s) needed) ...
[13:12:22]     FAILED: ERROR: [youtube] KPIpjfxIV_U: This video is not available
[13:12:22]   [video 8895/24611] yt-dlp K-HOVu_OUwk (1 clip(s) needed) ...
[13:12:28]     [9124/25012] cutting K-HOVu_OUwk-0:00:59.680-0:01:06.880.mp4 (0:00:59.680 -> 0:01:06.880)
[13:12:28]   [video 8901/24611] yt-dlp 52AKGuj1lwc (1 clip(s) needed) ...
[13:12:35]     [9130/25012] cutting 52AKGuj1lwc-0:02:23.059-0:02:33.361.mp4 (0:02:23.059 -> 0:02:33.361)
[13:12:35]   [video 8916/24611] yt-dlp gMm2qCHY-EA (1 clip(s) needed) ...
[13:12:41]     [9146/25012] cutting gMm2qCHY-EA-0:07:23.000-0:07:31.000.mp4 (0:07:23.000 -> 0:07:31.000)
[13:12:42]   [video 8917/24611] yt-dlp _nagvF3Ewa0 (1 clip(s) needed) ...
[13:12:48]     [9147/25012] cutting _nagvF3Ewa0-0:02:37.782-0:02:44.164.mp4 (0:02:37.782 -> 0:02:44.164)
[13:12:50]   [video 8939/24611] yt-dlp gp_7M9Hj0X4 (1 clip(s) needed) ...
[13:12:55]     [9169/25012] cutting gp_7M9Hj0X4-0:01:40.666-0:02:02.100.mp4 (0:01:40.666 -> 0:02:02.100)
[13:12:56]   [video 8946/24611] yt-dlp hVxzDBSuBhA (1 clip(s) needed) ...
[13:12:59]     FAILED: ERROR: [youtube] hVxzDBSuBhA: This video is not available
[13:12:59]   [video 8947/24611] yt-dlp PC6KpudZMEA (1 clip(s) needed) ...
[13:13:02]     FAILED: ERROR: [youtube] PC6KpudZMEA: This video is not available
[13:13:02]   [video 8948/24611] yt-dlp 7gtcagCK3jM (1 clip(s) needed) ...
[13:13:05]     FAILED: ERROR: [youtube] 7gtcagCK3jM: Please sign in. Use --cookies-from-browser or --cookies for the authentication. See  https://github.com/yt-dlp/yt-dlp/wiki/FAQ#how-do-i-pass-cookies-to-yt-dlp  for how to manually pass cookies. Also see  https://github.com/yt-dlp/yt-dlp/wiki/Extractors#exporting-youtube-cookies  for tips on effectively exporting YouTube cookies
[13:13:05]   [video 8954/24611] yt-dlp ripwAqc2GIg (1 clip(s) needed) ...
[13:13:08]     FAILED: ERROR: [youtube] ripwAqc2GIg: Private video
[13:13:08]   [video 8960/24611] yt-dlp xoCUd3fnDk0 (1 clip(s) needed) ...
[13:13:11]     FAILED: ERROR: [youtube] xoCUd3fnDk0: This video is not available
[13:13:11]   [video 8965/24611] yt-dlp YnW779dHDcc (1 clip(s) needed) ...
[13:13:17]     [9195/25012] cutting YnW779dHDcc-0:00:32.432-0:00:37.437.mp4 (0:00:32.432 -> 0:00:37.437)
[13:13:17]   [video 8970/24611] yt-dlp 6VNKCY_u0N0 (1 clip(s) needed) ...
[13:13:40]     [9200/25012] cutting 6VNKCY_u0N0-0:01:08.651-0:01:20.747.mp4 (0:01:08.651 -> 0:01:20.747)
[13:13:41]   [video 8973/24611] yt-dlp 4LGaYDCL7kg (1 clip(s) needed) ...
[13:13:48]     [9203/25012] cutting 4LGaYDCL7kg-0:00:49.233-0:00:53.533.mp4 (0:00:49.233 -> 0:00:53.533)
[13:13:48]   [video 8980/24611] yt-dlp sLsXPGD7qAc (1 clip(s) needed) ...
[13:13:52]     [9210/25012] cutting sLsXPGD7qAc-0:11:24.080-0:11:49.400.mp4 (0:11:24.080 -> 0:11:49.400)
[13:13:53]   [video 9012/24611] yt-dlp -s3CEnu9uzg (1 clip(s) needed) ...
[13:14:00]     [9242/25012] cutting -s3CEnu9uzg-0:03:01.414-0:03:07.086.mp4 (0:03:01.414 -> 0:03:07.086)
[13:14:00]   [video 9025/24611] yt-dlp tBGHvIZxz8Y (1 clip(s) needed) ...
[13:14:04]     FAILED: ERROR: [youtube] tBGHvIZxz8Y: This video is not available
[13:14:04]   [video 9037/24611] yt-dlp ieHn2Kf7YuA (1 clip(s) needed) ...
[13:14:08]     FAILED: ERROR: [youtube] ieHn2Kf7YuA: This video is not available
[13:14:09]   [video 9058/24611] yt-dlp 4a52lB9skAY (1 clip(s) needed) ...
[13:14:11]     FAILED: ERROR: [youtube] 4a52lB9skAY: Private video
[13:14:11]   [video 9061/24611] yt-dlp -PWq4GUsI5U (1 clip(s) needed) ...
[13:14:18]     [9291/25012] cutting -PWq4GUsI5U-0:00:11.000-0:00:19.000.mp4 (0:00:11.000 -> 0:00:19.000)
[13:14:19]   [video 9066/24611] yt-dlp QiJ1K5mQDf8 (1 clip(s) needed) ...
[13:14:22]     FAILED: ERROR: [youtube] QiJ1K5mQDf8: This video is not available
[13:14:23]   [video 9075/24611] yt-dlp mH7H5v3JBi8 (1 clip(s) needed) ...
[13:14:25]     FAILED: ERROR: [youtube] mH7H5v3JBi8: This video is unavailable
[13:14:25]   [video 9086/24611] yt-dlp DIUqh5c3RmE (1 clip(s) needed) ...
[13:14:29]     FAILED: ERROR: [youtube] DIUqh5c3RmE: This video is not available
[13:14:29]   [video 9089/24611] yt-dlp Zu7c_5UiFZI (1 clip(s) needed) ...
[13:14:34]     [9320/25012] cutting Zu7c_5UiFZI-0:00:45.745-0:01:33.793.mp4 (0:00:45.745 -> 0:01:33.793)
[13:14:36]   [video 9097/24611] yt-dlp wH6ftawSRz8 (1 clip(s) needed) ...
[13:14:43]     [9328/25012] cutting wH6ftawSRz8-0:00:20.820-0:00:28.561.mp4 (0:00:20.820 -> 0:00:28.561)
[13:14:44]   [video 9102/24611] yt-dlp fdIWjmG_GL8 (1 clip(s) needed) ...
[13:14:47]     FAILED: ERROR: [youtube] fdIWjmG_GL8: This video is not available
[13:14:47]   [video 9104/24611] yt-dlp L-gpPnQVMIk (1 clip(s) needed) ...
[13:14:52]     [9335/25012] cutting L-gpPnQVMIk-0:00:25.166-0:00:55.866.mp4 (0:00:25.166 -> 0:00:55.866)
[13:14:53]   [video 9105/24611] yt-dlp y7r-dD5u74Y (1 clip(s) needed) ...
[13:14:57]     FAILED: ERROR: [youtube] y7r-dD5u74Y: This video is unavailable
[13:14:57]   [video 9107/24611] yt-dlp 7aQnSNNGghE (1 clip(s) needed) ...
[13:15:20]     [9338/25012] cutting 7aQnSNNGghE-0:13:59.205-0:14:03.442.mp4 (0:13:59.205 -> 0:14:03.442)
[13:15:21]   [video 9110/24611] yt-dlp HSzzZZNP7hU (1 clip(s) needed) ...
[13:15:28]     [9341/25012] cutting HSzzZZNP7hU-0:03:06.286-0:03:25.405.mp4 (0:03:06.286 -> 0:03:25.405)
[13:15:29]   [video 9112/24611] yt-dlp ll5d_t8nauI (1 clip(s) needed) ...
[13:15:37]     [9343/25012] cutting ll5d_t8nauI-0:05:38.838-0:05:45.303.mp4 (0:05:38.838 -> 0:05:45.303)
[13:15:38]   [video 9118/24611] yt-dlp BqvXijJTpso (1 clip(s) needed) ...
[13:15:41]     FAILED: ERROR: [youtube] BqvXijJTpso: This video is not available
[13:15:42]   [video 9138/24611] yt-dlp F4nGu45BSNA (1 clip(s) needed) ...
[13:15:51]     [9369/25012] cutting F4nGu45BSNA-0:02:00.887-0:02:48.668.mp4 (0:02:00.887 -> 0:02:48.668)
[13:15:53]   [video 9149/24611] yt-dlp D-AoogzjKpA (1 clip(s) needed) ...
[13:15:56]     FAILED: ERROR: [youtube] D-AoogzjKpA: This video is not available
[13:15:57]   [video 9166/24611] yt-dlp xsDvOcEtdzU (1 clip(s) needed) ...
[13:16:04]     [9399/25012] cutting xsDvOcEtdzU-0:03:05.400-0:03:53.400.mp4 (0:03:05.400 -> 0:03:53.400)
[13:16:05]   [video 9170/24611] yt-dlp 4BJPQMyVl50 (1 clip(s) needed) ...
[13:16:12]     [9403/25012] cutting 4BJPQMyVl50-0:03:17.630-0:04:05.678.mp4 (0:03:17.630 -> 0:04:05.678)
[13:16:14]   [video 9178/24611] yt-dlp vL6hmpnKCl8 (1 clip(s) needed) ...
[13:16:20]     [9411/25012] cutting vL6hmpnKCl8-0:00:58.358-0:01:02.395.mp4 (0:00:58.358 -> 0:01:02.395)
[13:16:21]   [video 9192/24611] yt-dlp V1yjRxfkCLI (1 clip(s) needed) ...
[13:16:28]     [9425/25012] cutting V1yjRxfkCLI-0:00:06.000-0:00:54.000.mp4 (0:00:06.000 -> 0:00:54.000)
[13:16:30]   [video 9203/24611] yt-dlp CRvQfKz3EYU (1 clip(s) needed) ...
[13:16:42]     [9436/25012] cutting CRvQfKz3EYU-0:00:22.655-0:00:45.078.mp4 (0:00:22.655 -> 0:00:45.078)
[13:16:43]   [video 9209/24611] yt-dlp ttPADcoPkY8 (1 clip(s) needed) ...
[13:16:46]     FAILED: ERROR: [youtube] ttPADcoPkY8: This video is unavailable
[13:16:46]   [video 9220/24611] yt-dlp J5-2WUs82pA (1 clip(s) needed) ...
[13:16:50]     FAILED: ERROR: [youtube] J5-2WUs82pA: This video is not available
[13:16:50]   [video 9227/24611] yt-dlp SWnokf50Tc0 (1 clip(s) needed) ...
[13:16:54]     FAILED: ERROR: [youtube] SWnokf50Tc0: Private video
[13:16:54]   [video 9234/24611] yt-dlp s92VKWOGBH8 (1 clip(s) needed) ...
[13:16:57]     FAILED: ERROR: [youtube] s92VKWOGBH8: This video is not available
[13:16:58]   [video 9237/24611] yt-dlp We_HjJZp0Mk (1 clip(s) needed) ...
[13:17:01]     FAILED: ERROR: [youtube] We_HjJZp0Mk: This video is not available
[13:17:01]   [video 9243/24611] yt-dlp lrU7SmOWgL8 (1 clip(s) needed) ...
[13:17:05]     FAILED: ERROR: [youtube] lrU7SmOWgL8: Private video
[13:17:05]   [video 9278/24611] yt-dlp Kex0ANIlIjo (1 clip(s) needed) ...
[13:17:12]     [9511/25012] cutting Kex0ANIlIjo-0:00:59.025-0:01:04.631.mp4 (0:00:59.025 -> 0:01:04.631)
[13:17:13]   [video 9283/24611] yt-dlp oLWvN9mH94w (1 clip(s) needed) ...
[13:17:18]     [9516/25012] cutting oLWvN9mH94w-0:01:20.800-0:01:30.120.mp4 (0:01:20.800 -> 0:01:30.120)
[13:17:18]   [video 9286/24611] yt-dlp 0GKFHxJ5mus (1 clip(s) needed) ...
[13:17:26]     [9519/25012] cutting 0GKFHxJ5mus-0:11:37.000-0:11:41.040.mp4 (0:11:37.000 -> 0:11:41.040)
[13:17:27]   [video 9298/24611] yt-dlp Lu-8dyiaXdM (1 clip(s) needed) ...
[13:17:29]     FAILED: ERROR: [youtube] Lu-8dyiaXdM: Private video
[13:17:29]   [video 9299/24611] yt-dlp wtXxQjQfN4Q (1 clip(s) needed) ...
[13:17:33]     FAILED: ERROR: [youtube] wtXxQjQfN4Q: This video is not available
[13:17:33]   [video 9310/24611] yt-dlp NiU2v4C_M9o (1 clip(s) needed) ...
[13:18:05]     [9543/25012] cutting NiU2v4C_M9o-0:00:13.279-0:00:25.275.mp4 (0:00:13.279 -> 0:00:25.275)
[13:18:05]   [video 9311/24611] yt-dlp AHfWhUuPzbo (1 clip(s) needed) ...
[13:18:17]     [9544/25012] cutting AHfWhUuPzbo-0:01:16.976-0:02:01.020.mp4 (0:01:16.976 -> 0:02:01.020)
[13:18:18]   [video 9312/24611] yt-dlp EFQFKVFLuOA (1 clip(s) needed) ...
[13:18:29]     [9545/25012] cutting EFQFKVFLuOA-0:09:23.250-0:09:27.166.mp4 (0:09:23.250 -> 0:09:27.166)
[13:18:30]   [video 9313/24611] yt-dlp ybDjarLT9iw (1 clip(s) needed) ...
[13:18:38]     FAILED: ERROR: unable to download video data: HTTP Error 403: Forbidden
[13:18:38]   [video 9314/24611] yt-dlp 9NasZiWNB0A (1 clip(s) needed) ...
[13:18:46]     [9547/25012] cutting 9NasZiWNB0A-0:00:45.360-0:00:51.160.mp4 (0:00:45.360 -> 0:00:51.160)
[13:18:47]   [video 9315/24611] yt-dlp m4sAEc-3yg0 (1 clip(s) needed) ...
[13:18:58]     [9548/25012] cutting m4sAEc-3yg0-0:03:09.055-0:03:13.693.mp4 (0:03:09.055 -> 0:03:13.693)
[13:18:58]   [video 9316/24611] yt-dlp r8JkRf2Gaws (1 clip(s) needed) ...
[13:21:52]     [9549/25012] cutting r8JkRf2Gaws-0:03:40.633-0:03:48.433.mp4 (0:03:40.633 -> 0:03:48.433)
[13:21:53]   [video 9317/24611] yt-dlp bBWoZbSQvK8 (1 clip(s) needed) ...
[13:22:01]     FAILED: ERROR: unable to download video data: HTTP Error 403: Forbidden
[13:22:01]   [video 9318/24611] yt-dlp nWrdKf2LW5M (1 clip(s) needed) ...
[13:22:16]     [9551/25012] cutting nWrdKf2LW5M-0:00:59.476-0:01:34.427.mp4 (0:00:59.476 -> 0:01:34.427)
[13:22:16]   [video 9319/24611] yt-dlp dHc0J5mif4o (1 clip(s) needed) ...
[13:22:39]     [9552/25012] cutting dHc0J5mif4o-0:00:11.127-0:00:15.148.mp4 (0:00:11.127 -> 0:00:15.148)
[13:22:39]   [video 9320/24611] yt-dlp WWjLiojKxcs (1 clip(s) needed) ...
[13:23:14]     [9553/25012] cutting WWjLiojKxcs-0:04:17.423-0:04:33.706.mp4 (0:04:17.423 -> 0:04:33.706)
[13:23:15]   [video 9321/24611] yt-dlp dZJNQ6FZKFo (1 clip(s) needed) ...
[13:23:37]     [9554/25012] cutting dZJNQ6FZKFo-0:03:07.700-0:03:55.700.mp4 (0:03:07.700 -> 0:03:55.700)
[13:23:39]   [video 9322/24611] yt-dlp w7AnnaMdIvo (1 clip(s) needed) ...
[13:23:41]     FAILED: ERROR: [youtube] w7AnnaMdIvo: Video unavailable
[13:23:41]   [video 9323/24611] yt-dlp D5HWa4WMMfk (1 clip(s) needed) ...
[13:23:52]     [9556/25012] cutting D5HWa4WMMfk-0:03:13.393-0:03:17.330.mp4 (0:03:13.393 -> 0:03:17.330)
[13:23:53]   [video 9324/24611] yt-dlp qomH3hK5e5k (1 clip(s) needed) ...
[13:24:03]     [9557/25012] cutting qomH3hK5e5k-0:00:39.040-0:00:43.200.mp4 (0:00:39.040 -> 0:00:43.200)
[13:24:03]   [video 9325/24611] yt-dlp TgvmEPlSbh4 (1 clip(s) needed) ...
[13:24:26]     [9558/25012] cutting TgvmEPlSbh4-0:08:03.000-0:08:31.016.mp4 (0:08:03.000 -> 0:08:31.016)
[13:24:27]   [video 9326/24611] yt-dlp 99xNiW5USEg (1 clip(s) needed) ...
[13:24:42]     [9559/25012] cutting 99xNiW5USEg-0:01:03.296-0:01:21.748.mp4 (0:01:03.296 -> 0:01:21.748)
[13:24:42]   [video 9327/24611] yt-dlp UWPcUP-F7aM (1 clip(s) needed) ...
[13:24:48]     [9560/25012] cutting UWPcUP-F7aM-0:00:18.351-0:00:49.215.mp4 (0:00:18.351 -> 0:00:49.215)
[13:24:49]   [video 9328/24611] yt-dlp FXf24qi_LfU (1 clip(s) needed) ...
[13:24:59]     [9561/25012] cutting FXf24qi_LfU-0:00:01.440-0:00:13.320.mp4 (0:00:01.440 -> 0:00:13.320)
[13:24:59]   [video 9329/24611] yt-dlp NIqT1pApt2E (1 clip(s) needed) ...
[13:25:12]     [9562/25012] cutting NIqT1pApt2E-0:01:50.233-0:01:55.466.mp4 (0:01:50.233 -> 0:01:55.466)
[13:25:13]   [video 9330/24611] yt-dlp ucZf8FJIWm0 (1 clip(s) needed) ...
[13:25:21]     [9563/25012] cutting ucZf8FJIWm0-0:00:22.989-0:00:29.929.mp4 (0:00:22.989 -> 0:00:29.929)
[13:25:21]   [video 9331/24611] yt-dlp w8AiKtQBRAQ (1 clip(s) needed) ...
[13:26:10]     [9564/25012] cutting w8AiKtQBRAQ-0:09:32.104-0:10:03.636.mp4 (0:09:32.104 -> 0:10:03.636)
[13:26:11]   [video 9332/24611] yt-dlp b6JbAHAOc9s (1 clip(s) needed) ...
[13:26:23]     [9565/25012] cutting b6JbAHAOc9s-0:00:55.520-0:01:03.960.mp4 (0:00:55.520 -> 0:01:03.960)
[13:26:24]   [video 9333/24611] yt-dlp PSzPtEC1WVc (1 clip(s) needed) ...
[13:26:36]     [9566/25012] cutting PSzPtEC1WVc-0:00:01.334-0:00:12.245.mp4 (0:00:01.334 -> 0:00:12.245)
[13:26:37]   [video 9334/24611] yt-dlp csLbcaaT8sE (1 clip(s) needed) ...
[13:26:46]     [9567/25012] cutting csLbcaaT8sE-0:00:53.845-0:00:58.266.mp4 (0:00:53.845 -> 0:00:58.266)
[13:26:47]   [video 9335/24611] yt-dlp mGHrnFpklRE (1 clip(s) needed) ...
[13:26:54]     [9568/25012] cutting mGHrnFpklRE-0:00:02.168-0:00:19.519.mp4 (0:00:02.168 -> 0:00:19.519)
[13:26:55]   [video 9336/24611] yt-dlp yN0H8t5Bbgw (1 clip(s) needed) ...
[13:27:13]     [9569/25012] cutting yN0H8t5Bbgw-0:01:36.262-0:01:42.268.mp4 (0:01:36.262 -> 0:01:42.268)
[13:27:13]   [video 9337/24611] yt-dlp hPeO-PO94UU (1 clip(s) needed) ...
[13:27:27]     [9570/25012] cutting hPeO-PO94UU-0:00:20.275-0:01:08.275.mp4 (0:00:20.275 -> 0:01:08.275)
[13:27:29]   [video 9338/24611] yt-dlp 1JIxpyMR8RI (1 clip(s) needed) ...
[13:27:55]     [9571/25012] cutting 1JIxpyMR8RI-0:02:57.600-0:03:08.360.mp4 (0:02:57.600 -> 0:03:08.360)
[13:27:56]   [video 9339/24611] yt-dlp iKxjUAMYEts (1 clip(s) needed) ...
[13:28:09]     [9572/25012] cutting iKxjUAMYEts-0:00:49.682-0:00:58.258.mp4 (0:00:49.682 -> 0:00:58.258)
[13:28:10]   [video 9340/24611] yt-dlp yXTspSOWuQg (1 clip(s) needed) ...
[13:28:23]     [9573/25012] cutting yXTspSOWuQg-0:00:25.325-0:00:29.362.mp4 (0:00:25.325 -> 0:00:29.362)
[13:28:24]   [video 9341/24611] yt-dlp Nfv4eMfiscc (1 clip(s) needed) ...
[13:28:33]     [9574/25012] cutting Nfv4eMfiscc-0:01:48.900-0:01:53.571.mp4 (0:01:48.900 -> 0:01:53.571)
[13:28:33]   [video 9342/24611] yt-dlp Qgzjpz3dn6E (1 clip(s) needed) ...
[13:28:48]     [9575/25012] cutting Qgzjpz3dn6E-0:10:08.574-0:10:22.588.mp4 (0:10:08.574 -> 0:10:22.588)
[13:28:49]   [video 9343/24611] yt-dlp 51ZVL9vnwl4 (1 clip(s) needed) ...
[13:29:18]     [9576/25012] cutting 51ZVL9vnwl4-0:00:06.000-0:00:54.000.mp4 (0:00:06.000 -> 0:00:54.000)
[13:29:19]   [video 9344/24611] yt-dlp kZWzvx5LO98 (1 clip(s) needed) ...
[13:29:45]     [9577/25012] cutting kZWzvx5LO98-0:00:44.077-0:01:32.125.mp4 (0:00:44.077 -> 0:01:32.125)
[13:29:47]   [video 9345/24611] yt-dlp GZjPGUmgajc (1 clip(s) needed) ...
[13:29:58]     [9578/25012] cutting GZjPGUmgajc-0:00:24.760-0:00:31.800.mp4 (0:00:24.760 -> 0:00:31.800)
[13:29:58]   [video 9346/24611] yt-dlp _5o06GNcC94 (1 clip(s) needed) ...
[13:30:30]     [9579/25012] cutting _5o06GNcC94-0:05:33.666-0:05:39.122.mp4 (0:05:33.666 -> 0:05:39.122)
[13:30:32]   [video 9347/24611] yt-dlp 2JDSlM9d2jg (1 clip(s) needed) ...
[13:30:57]     [9580/25012] cutting 2JDSlM9d2jg-0:05:25.800-0:05:30.500.mp4 (0:05:25.800 -> 0:05:30.500)
[13:30:58]   [video 9348/24611] yt-dlp 9JLKTvHg5-I (1 clip(s) needed) ...
[13:31:22]     [9581/25012] cutting 9JLKTvHg5-I-0:00:56.080-0:01:38.600.mp4 (0:00:56.080 -> 0:01:38.600)
[13:31:23]   [video 9349/24611] yt-dlp ueHL1og_yb4 (1 clip(s) needed) ...
[13:31:59]     [9582/25012] cutting ueHL1og_yb4-0:13:36.833-0:13:43.733.mp4 (0:13:36.833 -> 0:13:43.733)
[13:32:00]   [video 9350/24611] yt-dlp uR6EPPVqhhk (1 clip(s) needed) ...
[13:32:23]     [9583/25012] cutting uR6EPPVqhhk-0:08:54.333-0:09:42.333.mp4 (0:08:54.333 -> 0:09:42.333)
[13:32:24]   [video 9351/24611] yt-dlp eVpAJT1k9GQ (1 clip(s) needed) ...
[13:32:33]     [9584/25012] cutting eVpAJT1k9GQ-0:00:38.880-0:00:42.920.mp4 (0:00:38.880 -> 0:00:42.920)
[13:32:33]   [video 9352/24611] yt-dlp ko6IIt14qXU (1 clip(s) needed) ...
[13:33:40]     [9585/25012] cutting ko6IIt14qXU-0:04:25.898-0:04:43.716.mp4 (0:04:25.898 -> 0:04:43.716)
[13:33:41]   [video 9353/24611] yt-dlp PLfii4yoSyU (1 clip(s) needed) ...
[13:34:00]     [9586/25012] cutting PLfii4yoSyU-0:01:57.617-0:02:16.803.mp4 (0:01:57.617 -> 0:02:16.803)
[13:34:01]   [video 9354/24611] yt-dlp V5XqsP7s1aE (1 clip(s) needed) ...
[13:34:35]     [9587/25012] cutting V5XqsP7s1aE-0:07:02.622-0:07:09.896.mp4 (0:07:02.622 -> 0:07:09.896)
[13:34:35]   [video 9355/24611] yt-dlp C6H0YwZEXds (1 clip(s) needed) ...
[13:34:54]     [9588/25012] cutting C6H0YwZEXds-0:01:24.733-0:02:12.733.mp4 (0:01:24.733 -> 0:02:12.733)
[13:34:56]   [video 9356/24611] yt-dlp BPNK6L7AzbY (1 clip(s) needed) ...
[13:35:39]     [9589/25012] cutting BPNK6L7AzbY-0:00:31.114-0:00:38.413.mp4 (0:00:31.114 -> 0:00:38.413)
[13:35:39]   [video 9357/24611] yt-dlp pGMTBg-7xBc (1 clip(s) needed) ...
[13:35:49]     [9590/25012] cutting pGMTBg-7xBc-0:01:22.882-0:01:29.589.mp4 (0:01:22.882 -> 0:01:29.589)
[13:35:49]   [video 9358/24611] yt-dlp 4LtF8vuXd0o (1 clip(s) needed) ...
[13:35:58]     FAILED: ERROR: unable to download video data: HTTP Error 403: Forbidden
[13:35:58]   [video 9359/24611] yt-dlp PinHQ9SS-ng (1 clip(s) needed) ...
[13:36:12]     [9592/25012] cutting PinHQ9SS-ng-0:02:15.702-0:02:20.673.mp4 (0:02:15.702 -> 0:02:20.673)
[13:36:13]   [video 9360/24611] yt-dlp NX8sQY2yaF0 (1 clip(s) needed) ...
[13:36:35]     [9593/25012] cutting NX8sQY2yaF0-0:05:45.278-0:06:04.530.mp4 (0:05:45.278 -> 0:06:04.530)
[13:36:36]   [video 9361/24611] yt-dlp xQSC0r8pXMU (1 clip(s) needed) ...
[13:36:53]     [9594/25012] cutting xQSC0r8pXMU-0:00:25.859-0:01:13.907.mp4 (0:00:25.859 -> 0:01:13.907)
[13:36:54]   [video 9362/24611] yt-dlp DJfxmJCzunw (1 clip(s) needed) ...
[13:37:11]     [9595/25012] cutting DJfxmJCzunw-0:04:29.900-0:04:34.966.mp4 (0:04:29.900 -> 0:04:34.966)
[13:37:12]   [video 9363/24611] yt-dlp 3fzNrZnNysI (1 clip(s) needed) ...
[13:37:22]     [9596/25012] cutting 3fzNrZnNysI-0:00:10.944-0:00:58.992.mp4 (0:00:10.944 -> 0:00:58.992)
[13:37:23]   [video 9364/24611] yt-dlp t95-vzQSvmE (1 clip(s) needed) ...
[13:37:49]     [9597/25012] cutting t95-vzQSvmE-0:06:59.786-0:07:31.617.mp4 (0:06:59.786 -> 0:07:31.617)
[13:37:52]   [video 9365/24611] yt-dlp noGqyfAJS7k (1 clip(s) needed) ...
[13:38:03]     [9598/25012] cutting noGqyfAJS7k-0:00:56.256-0:01:01.394.mp4 (0:00:56.256 -> 0:01:01.394)
[13:38:04]   [video 9366/24611] yt-dlp UIxkuQ6RGP4 (1 clip(s) needed) ...
[13:38:33]     [9599/25012] cutting UIxkuQ6RGP4-0:08:19.899-0:08:32.478.mp4 (0:08:19.899 -> 0:08:32.478)
[13:38:33]   [video 9367/24611] yt-dlp m-ZGe86n9vY (1 clip(s) needed) ...
[13:38:54]     [9600/25012] cutting m-ZGe86n9vY-0:03:02.533-0:03:50.533.mp4 (0:03:02.533 -> 0:03:50.533)
[13:38:55]   [video 9368/24611] yt-dlp Rex47yOpdgw (1 clip(s) needed) ...
[13:39:09]     [9601/25012] cutting Rex47yOpdgw-0:03:23.002-0:03:42.889.mp4 (0:03:23.002 -> 0:03:42.889)
[13:39:10]   [video 9369/24611] yt-dlp PxMCOl5zozA (1 clip(s) needed) ...
[13:39:23]     [9602/25012] cutting PxMCOl5zozA-0:01:50.360-0:02:00.840.mp4 (0:01:50.360 -> 0:02:00.840)
[13:39:23]   [video 9370/24611] yt-dlp weC5RPuWKRc (1 clip(s) needed) ...
[13:39:51]     [9603/25012] cutting weC5RPuWKRc-0:02:41.000-0:03:29.000.mp4 (0:02:41.000 -> 0:03:29.000)
[13:39:53]   [video 9371/24611] yt-dlp lngVWxltfT4 (1 clip(s) needed) ...
[13:40:03]     [9604/25012] cutting lngVWxltfT4-0:01:02.812-0:01:05.940.mp4 (0:01:02.812 -> 0:01:05.940)
[13:40:04]   [video 9372/24611] yt-dlp 3i_pUcCUy1o (1 clip(s) needed) ...
[13:40:15]     [9605/25012] cutting 3i_pUcCUy1o-0:01:00.660-0:01:48.708.mp4 (0:01:00.660 -> 0:01:48.708)
[13:40:16]   [video 9373/24611] yt-dlp 9xEONkr76MA (1 clip(s) needed) ...
[13:40:30]     [9606/25012] cutting 9xEONkr76MA-0:00:28.762-0:01:00.126.mp4 (0:00:28.762 -> 0:01:00.126)
[13:40:31]   [video 9374/24611] yt-dlp 8_tVOFz4dXQ (1 clip(s) needed) ...
[13:40:46]     [9607/25012] cutting 8_tVOFz4dXQ-0:01:17.644-0:01:57.417.mp4 (0:01:17.644 -> 0:01:57.417)
[13:40:47]   [video 9375/24611] yt-dlp qv48C9OpUaI (1 clip(s) needed) ...
[13:41:07]     [9608/25012] cutting qv48C9OpUaI-0:02:49.969-0:03:38.017.mp4 (0:02:49.969 -> 0:03:38.017)
[13:41:08]   [video 9376/24611] yt-dlp IhEwSkAGApg (1 clip(s) needed) ...
[13:41:28]     FAILED: ERROR: unable to download video data: HTTP Error 403: Forbidden
[13:41:29]   [video 9377/24611] yt-dlp Bt-odOT49h0 (1 clip(s) needed) ...
[13:42:13]     [9610/25012] cutting Bt-odOT49h0-0:04:17.607-0:04:31.988.mp4 (0:04:17.607 -> 0:04:31.988)
[13:42:14]   [video 9378/24611] yt-dlp keRLFuo_Ov4 (1 clip(s) needed) ...
[13:42:37]     [9611/25012] cutting keRLFuo_Ov4-0:00:02.000-0:00:18.000.mp4 (0:00:02.000 -> 0:00:18.000)
[13:42:38]   [video 9379/24611] yt-dlp dsy06GjFgU4 (1 clip(s) needed) ...
[13:42:54]     [9612/25012] cutting dsy06GjFgU4-0:01:48.608-0:01:55.515.mp4 (0:01:48.608 -> 0:01:55.515)
[13:42:55]   [video 9380/24611] yt-dlp NfHYdf_IpKY (1 clip(s) needed) ...
[13:42:58]     FAILED: ERROR: [youtube] NfHYdf_IpKY: Private video
[13:42:58]   [video 9381/24611] yt-dlp ROC_EdbwemM (1 clip(s) needed) ...
[13:43:16]     [9614/25012] cutting ROC_EdbwemM-0:03:55.151-0:04:10.583.mp4 (0:03:55.151 -> 0:04:10.583)
[13:43:17]   [video 9382/24611] yt-dlp RoyM-FkIdvw (1 clip(s) needed) ...
[13:43:32]     [9615/25012] cutting RoyM-FkIdvw-0:01:48.308-0:01:59.052.mp4 (0:01:48.308 -> 0:01:59.052)
[13:43:33]   [video 9383/24611] yt-dlp xI21gafynG8 (1 clip(s) needed) ...
[13:43:47]     [9616/25012] cutting xI21gafynG8-0:00:05.964-0:00:54.012.mp4 (0:00:05.964 -> 0:00:54.012)
[13:43:48]   [video 9384/24611] yt-dlp t0OQxxVjPaA (1 clip(s) needed) ...
[13:44:01]     [9617/25012] cutting t0OQxxVjPaA-0:01:41.400-0:02:01.440.mp4 (0:01:41.400 -> 0:02:01.440)
[13:44:02]   [video 9385/24611] yt-dlp VW_6ug1kMHI (1 clip(s) needed) ...
[13:44:34]     [9618/25012] cutting VW_6ug1kMHI-0:01:49.766-0:02:37.766.mp4 (0:01:49.766 -> 0:02:37.766)
[13:44:36]   [video 9386/24611] yt-dlp 0_kon-gYheQ (1 clip(s) needed) ...
[13:44:56]     [9619/25012] cutting 0_kon-gYheQ-0:01:10.837-0:01:30.023.mp4 (0:01:10.837 -> 0:01:30.023)
[13:44:57]   [video 9387/24611] yt-dlp ln_rFzAf3pI (1 clip(s) needed) ...
[13:46:38]     [9620/25012] cutting ln_rFzAf3pI-0:07:07.860-0:07:15.868.mp4 (0:07:07.860 -> 0:07:15.868)
[13:46:38]   [video 9388/24611] yt-dlp RW11dy6p30E (1 clip(s) needed) ...
[13:47:21]     [9621/25012] cutting RW11dy6p30E-0:03:56.200-0:04:10.533.mp4 (0:03:56.200 -> 0:04:10.533)
[13:47:22]   [video 9389/24611] yt-dlp UvAc6sohqgA (1 clip(s) needed) ...
[13:47:43]     [9622/25012] cutting UvAc6sohqgA-0:06:20.588-0:07:08.636.mp4 (0:06:20.588 -> 0:07:08.636)
[13:47:45]   [video 9390/24611] yt-dlp PE_TvTzIVfc (1 clip(s) needed) ...
[13:47:56]     [9623/25012] cutting PE_TvTzIVfc-0:01:53.760-0:02:00.040.mp4 (0:01:53.760 -> 0:02:00.040)
[13:47:56]   [video 9391/24611] yt-dlp AoPmIZT6H2k (1 clip(s) needed) ...
[13:48:04]     [9624/25012] cutting AoPmIZT6H2k-0:00:41.508-0:00:48.982.mp4 (0:00:41.508 -> 0:00:48.982)
[13:48:04]   [video 9392/24611] yt-dlp lVVH0FhAqf0 (1 clip(s) needed) ...
[13:48:23]     [9625/25012] cutting lVVH0FhAqf0-0:01:08.368-0:01:30.323.mp4 (0:01:08.368 -> 0:01:30.323)
[13:48:24]   [video 9393/24611] yt-dlp Ra2B4xuryIk (1 clip(s) needed) ...
[13:48:52]     [9626/25012] cutting Ra2B4xuryIk-0:07:29.749-0:07:53.339.mp4 (0:07:29.749 -> 0:07:53.339)
[13:48:53]   [video 9394/24611] yt-dlp EJxqqjrIipo (1 clip(s) needed) ...
[13:49:09]     [9627/25012] cutting EJxqqjrIipo-0:03:29.720-0:03:45.280.mp4 (0:03:29.720 -> 0:03:45.280)
[13:49:10]   [video 9395/24611] yt-dlp -pNk3xzkvKc (1 clip(s) needed) ...
[13:49:24]     FAILED: ERROR: unable to download video data: HTTP Error 403: Forbidden
[13:49:24]   [video 9396/24611] yt-dlp 3LhKopLZGsU (1 clip(s) needed) ...
[13:49:32]     [9629/25012] cutting 3LhKopLZGsU-0:01:12.280-0:01:18.280.mp4 (0:01:12.280 -> 0:01:18.280)
[13:49:32]   [video 9397/24611] yt-dlp JdeGQglMqLM (1 clip(s) needed) ...
[13:49:45]     [9630/25012] cutting JdeGQglMqLM-0:02:18.404-0:02:24.010.mp4 (0:02:18.404 -> 0:02:24.010)
[13:49:46]   [video 9398/24611] yt-dlp xSmz4twzdVc (1 clip(s) needed) ...
[13:49:52]     [9631/25012] cutting xSmz4twzdVc-0:00:22.322-0:00:34.601.mp4 (0:00:22.322 -> 0:00:34.601)
[13:49:53]   [video 9399/24611] yt-dlp 0F4fQFxEVpo (1 clip(s) needed) ...
[13:50:02]     [9632/25012] cutting 0F4fQFxEVpo-0:01:25.085-0:01:29.122.mp4 (0:01:25.085 -> 0:01:29.122)
[13:50:03]   [video 9400/24611] yt-dlp DzjUJaj2NNc (1 clip(s) needed) ...
[13:50:16]     [9633/25012] cutting DzjUJaj2NNc-0:01:53.133-0:02:11.833.mp4 (0:01:53.133 -> 0:02:11.833)
[13:50:18]   [video 9401/24611] yt-dlp a957G1cIHgI (1 clip(s) needed) ...
[13:51:04]     [9634/25012] cutting a957G1cIHgI-0:00:16.000-0:01:04.000.mp4 (0:00:16.000 -> 0:01:04.000)
[13:51:06]   [video 9402/24611] yt-dlp Qs9duj2yknA (1 clip(s) needed) ...
[13:51:24]     [9635/25012] cutting Qs9duj2yknA-0:03:23.970-0:03:39.919.mp4 (0:03:23.970 -> 0:03:39.919)
[13:51:25]   [video 9403/24611] yt-dlp 1oKcxlFutsY (1 clip(s) needed) ...
[13:51:47]     [9636/25012] cutting 1oKcxlFutsY-0:15:46.403-0:15:50.449.mp4 (0:15:46.403 -> 0:15:50.449)
[13:51:48]   [video 9404/24611] yt-dlp 9wAqUryasPA (1 clip(s) needed) ...
[13:52:28]     [9637/25012] cutting 9wAqUryasPA-0:06:06.199-0:06:11.571.mp4 (0:06:06.199 -> 0:06:11.571)
[13:52:29]   [video 9405/24611] yt-dlp uxtrOsFnvq0 (1 clip(s) needed) ...
[13:52:50]     [9638/25012] cutting uxtrOsFnvq0-0:01:21.520-0:01:26.640.mp4 (0:01:21.520 -> 0:01:26.640)
[13:52:50]   [video 9406/24611] yt-dlp em5ZCnmIym8 (1 clip(s) needed) ...
[13:52:53]     FAILED: ERROR: [youtube] em5ZCnmIym8: Private video
[13:52:53]   [video 9407/24611] yt-dlp fttVQGiZLO0 (1 clip(s) needed) ...
[13:53:12]     [9640/25012] cutting fttVQGiZLO0-0:05:02.000-0:05:33.320.mp4 (0:05:02.000 -> 0:05:33.320)
[13:53:13]   [video 9408/24611] yt-dlp 5NMZ-68EtKk (1 clip(s) needed) ...
[13:53:22]     FAILED: ERROR: unable to download video data: HTTP Error 403: Forbidden
[13:53:22]   [video 9409/24611] yt-dlp CcZNB5JHHrk (1 clip(s) needed) ...
[13:53:36]     [9642/25012] cutting CcZNB5JHHrk-0:00:20.458-0:01:08.458.mp4 (0:00:20.458 -> 0:01:08.458)
[13:53:37]   [video 9410/24611] yt-dlp p1Lfoku1e88 (1 clip(s) needed) ...
[13:54:08]     [9643/25012] cutting p1Lfoku1e88-0:02:32.760-0:03:01.000.mp4 (0:02:32.760 -> 0:03:01.000)
[13:54:09]   [video 9411/24611] yt-dlp zyRnGfw5O4k (1 clip(s) needed) ...
[13:54:22]     [9644/25012] cutting zyRnGfw5O4k-0:01:15.500-0:01:26.433.mp4 (0:01:15.500 -> 0:01:26.433)
[13:54:22]   [video 9412/24611] yt-dlp BaaWIrJbJFw (1 clip(s) needed) ...
[13:54:42]     [9645/25012] cutting BaaWIrJbJFw-0:00:34.300-0:00:52.152.mp4 (0:00:34.300 -> 0:00:52.152)
[13:54:43]   [video 9413/24611] yt-dlp P8t9_uh4uKU (1 clip(s) needed) ...
[13:55:23]     [9646/25012] cutting P8t9_uh4uKU-0:01:03.580-0:01:23.550.mp4 (0:01:03.580 -> 0:01:23.550)
[13:55:24]   [video 9414/24611] yt-dlp i_uY5a2eA6g (1 clip(s) needed) ...
[13:55:43]     [9647/25012] cutting i_uY5a2eA6g-0:07:39.358-0:07:45.631.mp4 (0:07:39.358 -> 0:07:45.631)
[13:55:44]   [video 9415/24611] yt-dlp 2I_57Wq38bg (1 clip(s) needed) ...
[13:56:03]     [9648/25012] cutting 2I_57Wq38bg-0:08:13.618-0:08:18.539.mp4 (0:08:13.618 -> 0:08:18.539)
[13:56:04]   [video 9416/24611] yt-dlp 5MAiK6-pNEw (1 clip(s) needed) ...
[13:56:12]     [9649/25012] cutting 5MAiK6-pNEw-0:01:38.306-0:01:41.559.mp4 (0:01:38.306 -> 0:01:41.559)
[13:56:13]   [video 9417/24611] yt-dlp d6pZ4t-ohsY (1 clip(s) needed) ...
[13:56:16]     FAILED: ERROR: [youtube] d6pZ4t-ohsY: This video is not available
[13:56:16]   [video 9418/24611] yt-dlp ywLXYKrYVgU (2 clip(s) needed) ...
[13:56:33]     [9651/25012] cutting ywLXYKrYVgU-0:01:31.000-0:01:41.900.mp4 (0:01:31.000 -> 0:01:41.900)
[13:56:34]     [9652/25012] cutting ywLXYKrYVgU-0:04:16.833-0:04:24.866.mp4 (0:04:16.833 -> 0:04:24.866)
[13:56:35]   [video 9419/24611] yt-dlp BsQQZn5yDUI (1 clip(s) needed) ...
[13:56:47]     [9653/25012] cutting BsQQZn5yDUI-0:00:20.708-0:01:08.708.mp4 (0:00:20.708 -> 0:01:08.708)
[13:56:49]   [video 9420/24611] yt-dlp SvuNH80zUHc (1 clip(s) needed) ...
[13:57:06]     [9654/25012] cutting SvuNH80zUHc-0:05:40.240-0:05:54.440.mp4 (0:05:40.240 -> 0:05:54.440)
[13:57:07]   [video 9421/24611] yt-dlp gdQ3I8jWLHo (1 clip(s) needed) ...
[13:57:33]     [9655/25012] cutting gdQ3I8jWLHo-0:01:10.440-0:01:27.920.mp4 (0:01:10.440 -> 0:01:27.920)
[13:57:34]   [video 9422/24611] yt-dlp 2_IKnf4wJAE (1 clip(s) needed) ...
[13:57:48]     [9656/25012] cutting 2_IKnf4wJAE-0:01:51.211-0:02:04.657.mp4 (0:01:51.211 -> 0:02:04.657)
[13:57:49]   [video 9423/24611] yt-dlp mRwhch2hjcQ (1 clip(s) needed) ...
[13:57:58]     [9657/25012] cutting mRwhch2hjcQ-0:00:57.757-0:01:09.135.mp4 (0:00:57.757 -> 0:01:09.135)
[13:57:59]   [video 9424/24611] yt-dlp JAme33kckxk (1 clip(s) needed) ...
[13:58:05]     [9658/25012] cutting JAme33kckxk-0:00:16.599-0:00:25.108.mp4 (0:00:16.599 -> 0:00:25.108)
[13:58:06]   [video 9425/24611] yt-dlp HrzHDXkAMd0 (1 clip(s) needed) ...
[13:58:18]     [9659/25012] cutting HrzHDXkAMd0-0:01:27.353-0:02:15.401.mp4 (0:01:27.353 -> 0:02:15.401)
[13:58:21]   [video 9426/24611] yt-dlp rbLKioNN6b4 (1 clip(s) needed) ...
[13:58:33]     [9660/25012] cutting rbLKioNN6b4-0:01:18.111-0:01:25.385.mp4 (0:01:18.111 -> 0:01:25.385)
[13:58:34]   [video 9427/24611] yt-dlp BAFo_msLEgU (1 clip(s) needed) ...
[13:58:36]     FAILED: ERROR: [youtube] BAFo_msLEgU: Private video
[13:58:36]   [video 9428/24611] yt-dlp 9n3qD5x9k14 (1 clip(s) needed) ...
[13:58:47]     [9662/25012] cutting 9n3qD5x9k14-0:00:19.419-0:00:32.599.mp4 (0:00:19.419 -> 0:00:32.599)
[13:58:48]   [video 9429/24611] yt-dlp B43zF_1qpsg (1 clip(s) needed) ...
[13:59:12]     [9663/25012] cutting B43zF_1qpsg-0:02:44.920-0:03:13.400.mp4 (0:02:44.920 -> 0:03:13.400)
[13:59:12]   [video 9430/24611] yt-dlp _TCgv_jvve4 (1 clip(s) needed) ...
[13:59:33]     [9664/25012] cutting _TCgv_jvve4-0:00:08.508-0:00:56.556.mp4 (0:00:08.508 -> 0:00:56.556)
[13:59:35]   [video 9431/24611] yt-dlp AJw3qFeXAHw (1 clip(s) needed) ...
[14:00:29]     FAILED: ERROR: unable to download video data: HTTP Error 403: Forbidden
[14:00:29]   [video 9432/24611] yt-dlp uAqKrwMMNls (2 clip(s) needed) ...
[14:01:22]     [9666/25012] cutting uAqKrwMMNls-0:00:41.007-0:00:55.822.mp4 (0:00:41.007 -> 0:00:55.822)
[14:01:22]     [9667/25012] cutting uAqKrwMMNls-0:01:08.184-0:01:56.199.mp4 (0:01:08.184 -> 0:01:56.199)
[14:01:24]     stream-copy cut failed, produced a too-small file, or didn't decode cleanly -- re-encoding instead
[14:01:31]   [video 9433/24611] yt-dlp qYipoRGqutU (1 clip(s) needed) ...
[14:02:23]     [9668/25012] cutting qYipoRGqutU-0:07:41.594-0:07:46.966.mp4 (0:07:41.594 -> 0:07:46.966)
[14:02:23]   [video 9434/24611] yt-dlp mVNzIOO3Sgo (1 clip(s) needed) ...
[14:02:55]     [9669/25012] cutting mVNzIOO3Sgo-0:00:42.280-0:00:48.040.mp4 (0:00:42.280 -> 0:00:48.040)
[14:02:55]   [video 9435/24611] yt-dlp _xk-V2fCGY8 (1 clip(s) needed) ...
[14:03:18]     [9670/25012] cutting _xk-V2fCGY8-0:06:08.334-0:06:21.147.mp4 (0:06:08.334 -> 0:06:21.147)
[14:03:19]   [video 9436/24611] yt-dlp 2swmx-f15dY (1 clip(s) needed) ...
[14:03:36]     [9671/25012] cutting 2swmx-f15dY-0:04:37.700-0:05:25.700.mp4 (0:04:37.700 -> 0:05:25.700)
[14:03:38]   [video 9437/24611] yt-dlp shDYYzyJxQI (1 clip(s) needed) ...
[14:03:56]     [9672/25012] cutting shDYYzyJxQI-0:00:09.976-0:00:58.024.mp4 (0:00:09.976 -> 0:00:58.024)
[14:03:58]   [video 9438/24611] yt-dlp 3WvmPtS7Qjk (1 clip(s) needed) ...
[14:04:16]     [9673/25012] cutting 3WvmPtS7Qjk-0:02:51.800-0:02:56.133.mp4 (0:02:51.800 -> 0:02:56.133)
[14:04:16]   [video 9439/24611] yt-dlp hv6_SFKboHI (1 clip(s) needed) ...
[14:04:24]     [9674/25012] cutting hv6_SFKboHI-0:00:50.060-0:00:56.940.mp4 (0:00:50.060 -> 0:00:56.940)
[14:04:25]   [video 9440/24611] yt-dlp trwVST0ywK0 (1 clip(s) needed) ...
[14:04:52]     [9675/25012] cutting trwVST0ywK0-0:09:11.984-0:09:26.666.mp4 (0:09:11.984 -> 0:09:26.666)
[14:04:53]   [video 9441/24611] yt-dlp ljYre_D8NYM (1 clip(s) needed) ...
[14:05:21]     [9676/25012] cutting ljYre_D8NYM-0:10:08.482-0:10:56.530.mp4 (0:10:08.482 -> 0:10:56.530)
[14:05:23]   [video 9442/24611] yt-dlp WyBtg_uqj_4 (1 clip(s) needed) ...
[14:05:40]     [9677/25012] cutting WyBtg_uqj_4-0:01:36.129-0:02:05.692.mp4 (0:01:36.129 -> 0:02:05.692)
[14:05:42]   [video 9443/24611] yt-dlp b333dB_cOvg (1 clip(s) needed) ...
[14:05:53]     [9678/25012] cutting b333dB_cOvg-0:00:12.887-0:00:36.745.mp4 (0:00:12.887 -> 0:00:36.745)
[14:05:54]   [video 9444/24611] yt-dlp Dcn5byODUZY (1 clip(s) needed) ...
[14:06:20]     [9679/25012] cutting Dcn5byODUZY-0:04:36.442-0:04:42.682.mp4 (0:04:36.442 -> 0:04:42.682)
[14:06:20]   [video 9445/24611] yt-dlp fBC-YpNEVEQ (1 clip(s) needed) ...
[14:06:29]     [9680/25012] cutting fBC-YpNEVEQ-0:02:04.720-0:02:11.400.mp4 (0:02:04.720 -> 0:02:11.400)
[14:06:30]   [video 9446/24611] yt-dlp LoDIu0Ums8g (1 clip(s) needed) ...
[14:06:52]     [9681/25012] cutting LoDIu0Ums8g-0:01:53.913-0:02:05.892.mp4 (0:01:53.913 -> 0:02:05.892)
[14:06:53]   [video 9447/24611] yt-dlp VVQ0D-2uZ6Q (1 clip(s) needed) ...
[14:06:58]     FAILED: ERROR: [youtube] VVQ0D-2uZ6Q: Please sign in. Use --cookies-from-browser or --cookies for the authentication. See  https://github.com/yt-dlp/yt-dlp/wiki/FAQ#how-do-i-pass-cookies-to-yt-dlp  for how to manually pass cookies. Also see  https://github.com/yt-dlp/yt-dlp/wiki/Extractors#exporting-youtube-cookies  for tips on effectively exporting YouTube cookies
[14:06:58]   [video 9448/24611] yt-dlp juavNTvJXX8 (1 clip(s) needed) ...
[14:07:14]     [9683/25012] cutting juavNTvJXX8-0:02:00.487-0:02:48.535.mp4 (0:02:00.487 -> 0:02:48.535)
[14:07:16]   [video 9449/24611] yt-dlp 7QJr0KCW3nI (1 clip(s) needed) ...
[14:07:27]     [9684/25012] cutting 7QJr0KCW3nI-0:00:10.944-0:00:58.992.mp4 (0:00:10.944 -> 0:00:58.992)
[14:07:28]   [video 9450/24611] yt-dlp 8RHoID00M_8 (1 clip(s) needed) ...
[14:07:43]     [9685/25012] cutting 8RHoID00M_8-0:01:16.810-0:01:27.804.mp4 (0:01:16.810 -> 0:01:27.804)
[14:07:44]   [video 9451/24611] yt-dlp pDJsb4-u5mQ (1 clip(s) needed) ...
[14:08:16]     [9686/25012] cutting pDJsb4-u5mQ-0:01:56.600-0:02:02.033.mp4 (0:01:56.600 -> 0:02:02.033)
[14:08:17]   [video 9452/24611] yt-dlp L4nzpDWXPZ0 (1 clip(s) needed) ...
[14:08:40]     [9687/25012] cutting L4nzpDWXPZ0-0:02:58.645-0:03:37.350.mp4 (0:02:58.645 -> 0:03:37.350)
[14:08:42]   [video 9453/24611] yt-dlp uC10VmwVNks (1 clip(s) needed) ...
[14:09:04]     [9688/25012] cutting uC10VmwVNks-0:03:06.720-0:03:13.320.mp4 (0:03:06.720 -> 0:03:13.320)
[14:09:04]   [video 9454/24611] yt-dlp FW5h1m3-6NQ (1 clip(s) needed) ...
[14:09:36]     [9689/25012] cutting FW5h1m3-6NQ-0:12:35.054-0:13:23.102.mp4 (0:12:35.054 -> 0:13:23.102)
[14:09:38]   [video 9455/24611] yt-dlp 4wVlsraTdHE (1 clip(s) needed) ...
[14:09:46]     [9690/25012] cutting 4wVlsraTdHE-0:00:01.735-0:00:15.882.mp4 (0:00:01.735 -> 0:00:15.882)
[14:09:47]   [video 9456/24611] yt-dlp SEtUgVaeDf8 (1 clip(s) needed) ...
[14:10:03]     [9691/25012] cutting SEtUgVaeDf8-0:00:36.736-0:00:51.551.mp4 (0:00:36.736 -> 0:00:51.551)
[14:10:04]   [video 9457/24611] yt-dlp bkVn9LX12No (1 clip(s) needed) ...
[14:10:13]     [9692/25012] cutting bkVn9LX12No-0:00:12.440-0:00:48.840.mp4 (0:00:12.440 -> 0:00:48.840)
[14:10:15]   [video 9458/24611] yt-dlp HuXZm2PWLNA (1 clip(s) needed) ...
[14:10:43]     [9693/25012] cutting HuXZm2PWLNA-0:17:58.477-0:18:22.434.mp4 (0:17:58.477 -> 0:18:22.434)
[14:10:44]   [video 9459/24611] yt-dlp Mj7TdSLFhUo (1 clip(s) needed) ...
[14:10:54]     [9694/25012] cutting Mj7TdSLFhUo-0:00:00.734-0:00:06.873.mp4 (0:00:00.734 -> 0:00:06.873)
[14:10:54]   [video 9460/24611] yt-dlp g3rZJrZkkbU (1 clip(s) needed) ...
[14:11:10]     [9695/25012] cutting g3rZJrZkkbU-0:03:21.301-0:04:05.612.mp4 (0:03:21.301 -> 0:04:05.612)
[14:11:11]   [video 9461/24611] yt-dlp EfrGHLayieg (2 clip(s) needed) ...
[14:11:19]     [9696/25012] cutting EfrGHLayieg-0:00:02.535-0:00:23.056.mp4 (0:00:02.535 -> 0:00:23.056)
[14:11:20]     [9697/25012] cutting EfrGHLayieg-0:01:03.696-0:01:38.731.mp4 (0:01:03.696 -> 0:01:38.731)
[14:11:22]   [video 9462/24611] yt-dlp 7tN7dN8f4oI (1 clip(s) needed) ...
[14:12:37]     [9698/25012] cutting 7tN7dN8f4oI-0:10:29.278-0:10:36.085.mp4 (0:10:29.278 -> 0:10:36.085)
[14:12:37]   [video 9463/24611] yt-dlp iHpp0_itD40 (1 clip(s) needed) ...
[14:12:53]     [9699/25012] cutting iHpp0_itD40-0:00:28.528-0:01:04.931.mp4 (0:00:28.528 -> 0:01:04.931)
[14:12:54]   [video 9464/24611] yt-dlp 7vLSnt7Pj1s (2 clip(s) needed) ...
[14:13:30]     [9700/25012] cutting 7vLSnt7Pj1s-0:00:41.107-0:01:04.998.mp4 (0:00:41.107 -> 0:01:04.998)
[14:13:31]     [9701/25012] cutting 7vLSnt7Pj1s-0:01:15.041-0:01:19.345.mp4 (0:01:15.041 -> 0:01:19.345)
[14:13:32]   [video 9467/24611] yt-dlp rZEvitw2Q3k (1 clip(s) needed) ...
[14:14:59]     [9704/25012] cutting rZEvitw2Q3k-0:05:29.733-0:06:17.733.mp4 (0:05:29.733 -> 0:06:17.733)
[14:15:01]   [video 9468/24611] yt-dlp ppSj9-TAX2I (1 clip(s) needed) ...
[14:15:11]     [9705/25012] cutting ppSj9-TAX2I-0:01:03.630-0:01:10.603.mp4 (0:01:03.630 -> 0:01:10.603)
[14:15:11]   [video 9469/24611] yt-dlp 7-LgRm-4B6Y (1 clip(s) needed) ...
[14:16:08]     [9706/25012] cutting 7-LgRm-4B6Y-0:02:19.739-0:02:27.747.mp4 (0:02:19.739 -> 0:02:27.747)
[14:16:08]   [video 9470/24611] yt-dlp KEfMgYD0wwQ (1 clip(s) needed) ...
[14:16:29]     [9707/25012] cutting KEfMgYD0wwQ-0:00:15.048-0:00:47.213.mp4 (0:00:15.048 -> 0:00:47.213)
[14:16:31]   [video 9471/24611] yt-dlp sM-n7ToNeec (1 clip(s) needed) ...
[14:16:56]     FAILED: ERROR: unable to download video data: HTTP Error 403: Forbidden
[14:16:56]   [video 9472/24611] yt-dlp zMyJE8EIvlo (1 clip(s) needed) ...
[14:16:59]     FAILED: ERROR: [youtube] zMyJE8EIvlo: This video is not available
[14:16:59]   [video 9473/24611] yt-dlp lE0sM8MCO3w (1 clip(s) needed) ...
[14:17:08]     [9710/25012] cutting lE0sM8MCO3w-0:00:46.240-0:00:59.440.mp4 (0:00:46.240 -> 0:00:59.440)
[14:17:08]   [video 9474/24611] yt-dlp h4nVUJwqZFA (1 clip(s) needed) ...
[14:17:19]     [9711/25012] cutting h4nVUJwqZFA-0:00:04.304-0:00:38.738.mp4 (0:00:04.304 -> 0:00:38.738)
[14:17:21]   [video 9475/24611] yt-dlp w3hn2BCPgdA (1 clip(s) needed) ...
[14:17:33]     [9712/25012] cutting w3hn2BCPgdA-0:00:39.139-0:00:44.077.mp4 (0:00:39.139 -> 0:00:44.077)
[14:17:34]   [video 9476/24611] yt-dlp Nh8_tqtzs3k (1 clip(s) needed) ...
[14:17:50]     [9713/25012] cutting Nh8_tqtzs3k-0:01:45.038-0:02:33.086.mp4 (0:01:45.038 -> 0:02:33.086)
[14:17:52]   [video 9477/24611] yt-dlp GgNjLbcCggE (1 clip(s) needed) ...
[14:18:02]     [9714/25012] cutting GgNjLbcCggE-0:00:06.000-0:00:54.000.mp4 (0:00:06.000 -> 0:00:54.000)
[14:18:04]   [video 9478/24611] yt-dlp ulXbj5XbUY4 (1 clip(s) needed) ...
[14:18:32]     [9715/25012] cutting ulXbj5XbUY4-0:08:07.053-0:08:11.090.mp4 (0:08:07.053 -> 0:08:11.090)
[14:18:32]   [video 9479/24611] yt-dlp 6XbcVX08mOc (2 clip(s) needed) ...
[14:18:46]     FAILED: ERROR: unable to download video data: HTTP Error 403: Forbidden
[14:18:46]   [video 9480/24611] yt-dlp HTPNbPhTeOg (1 clip(s) needed) ...
[14:18:56]     [9718/25012] cutting HTPNbPhTeOg-0:01:08.435-0:01:56.483.mp4 (0:01:08.435 -> 0:01:56.483)
[14:18:58]   [video 9481/24611] yt-dlp U_Vg5BJb3SA (1 clip(s) needed) ...
[14:19:08]     [9719/25012] cutting U_Vg5BJb3SA-0:04:16.055-0:04:36.075.mp4 (0:04:16.055 -> 0:04:36.075)
[14:19:10]   [video 9482/24611] yt-dlp QrmvqjELIfc (1 clip(s) needed) ...
[14:19:28]     [9720/25012] cutting QrmvqjELIfc-0:00:18.900-0:01:06.900.mp4 (0:00:18.900 -> 0:01:06.900)
[14:19:30]   [video 9483/24611] yt-dlp MPOwg8xkpi0 (1 clip(s) needed) ...
[14:19:40]     [9721/25012] cutting MPOwg8xkpi0-0:00:45.545-0:01:01.478.mp4 (0:00:45.545 -> 0:01:01.478)
[14:19:40]   [video 9484/24611] yt-dlp lGMKstPApn0 (1 clip(s) needed) ...
[14:19:59]     [9722/25012] cutting lGMKstPApn0-0:01:45.071-0:01:48.308.mp4 (0:01:45.071 -> 0:01:48.308)
[14:19:59]   [video 9485/24611] yt-dlp ge6PGSus5SQ (1 clip(s) needed) ...
[14:20:24]     [9723/25012] cutting ge6PGSus5SQ-0:00:36.327-0:00:49.007.mp4 (0:00:36.327 -> 0:00:49.007)
[14:20:25]   [video 9486/24611] yt-dlp QGbyoMoHiNM (1 clip(s) needed) ...
[14:20:28]     FAILED: ERROR: [youtube] QGbyoMoHiNM: This video is not available
[14:20:28]   [video 9487/24611] yt-dlp bJnzpmSoh1w (1 clip(s) needed) ...
[14:20:40]     [9725/25012] cutting bJnzpmSoh1w-0:01:45.472-0:01:50.677.mp4 (0:01:45.472 -> 0:01:50.677)
[14:20:41]   [video 9488/24611] yt-dlp nd3CDySP0cs (1 clip(s) needed) ...
[14:21:05]     [9726/25012] cutting nd3CDySP0cs-0:05:58.791-0:06:46.839.mp4 (0:05:58.791 -> 0:06:46.839)
[14:21:08]   [video 9489/24611] yt-dlp D0VBWWTUX2Q (1 clip(s) needed) ...
[14:21:29]     [9727/25012] cutting D0VBWWTUX2Q-0:00:12.212-0:00:29.729.mp4 (0:00:12.212 -> 0:00:29.729)
[14:21:30]   [video 9490/24611] yt-dlp oA5PWJ8f1Ro (1 clip(s) needed) ...
[14:21:56]     [9728/25012] cutting oA5PWJ8f1Ro-0:04:31.160-0:04:40.800.mp4 (0:04:31.160 -> 0:04:40.800)
[14:21:57]   [video 9491/24611] yt-dlp 6nm1b__nf6A (1 clip(s) needed) ...
[14:22:34]     [9729/25012] cutting 6nm1b__nf6A-0:10:56.689-0:11:19.945.mp4 (0:10:56.689 -> 0:11:19.945)
