===== Download Panda-70M Clips (full dataset) =====
Job ID: 58492
Node: cn4.cds.iisc.in
Start: Sat Sep 12 09:25:02 PM IST 2026
METADATA_DIR=/scratch/users/anirban/tamaghnam/latentvans/data/twiff_metadata_val
OUTPUT_DIR=/scratch/users/anirban/tamaghnam/latentvans/data/panda70m_clips_val
Requirement already satisfied: yt-dlp in /scratch/users/anirban/tamaghnam/envs/latentvans/lib/python3.11/site-packages (2026.8.19)
Requirement already satisfied: datasets in /scratch/users/anirban/tamaghnam/envs/latentvans/lib/python3.11/site-packages (5.0.1)
Requirement already satisfied: filelock in /scratch/users/anirban/tamaghnam/envs/latentvans/lib/python3.11/site-packages (from datasets) (3.32.5)
Requirement already satisfied: numpy>=1.17 in /scratch/users/anirban/tamaghnam/envs/latentvans/lib/python3.11/site-packages (from datasets) (2.4.6)
Requirement already satisfied: pyarrow>=21.0.0 in /scratch/users/anirban/tamaghnam/envs/latentvans/lib/python3.11/site-packages (from datasets) (25.0.1)
Requirement already satisfied: dill<0.4.2,>=0.3.0 in /scratch/users/anirban/tamaghnam/envs/latentvans/lib/python3.11/site-packages (from datasets) (0.4.1)
Requirement already satisfied: pandas in /scratch/users/anirban/tamaghnam/envs/latentvans/lib/python3.11/site-packages (from datasets) (3.0.5)
Requirement already satisfied: requests>=2.32.2 in /scratch/users/anirban/tamaghnam/envs/latentvans/lib/python3.11/site-packages (from datasets) (2.34.2)
Requirement already satisfied: httpx<1.0.0 in /scratch/users/anirban/tamaghnam/envs/latentvans/lib/python3.11/site-packages (from datasets) (0.28.1)
Requirement already satisfied: tqdm>=4.66.3 in /scratch/users/anirban/tamaghnam/envs/latentvans/lib/python3.11/site-packages (from datasets) (4.70.0)
Requirement already satisfied: xxhash in /scratch/users/anirban/tamaghnam/envs/latentvans/lib/python3.11/site-packages (from datasets) (4.0.1)
Requirement already satisfied: multiprocess<0.70.20 in /scratch/users/anirban/tamaghnam/envs/latentvans/lib/python3.11/site-packages (from datasets) (0.70.19)
Requirement already satisfied: fsspec<=2026.6.0,>=2023.1.0 in /scratch/users/anirban/tamaghnam/envs/latentvans/lib/python3.11/site-packages (from fsspec[http]<=2026.6.0,>=2023.1.0->datasets) (2026.6.0)
Requirement already satisfied: huggingface-hub<2.0,>=0.25.0 in /scratch/users/anirban/tamaghnam/envs/latentvans/lib/python3.11/site-packages (from datasets) (1.31.0)
Requirement already satisfied: packaging in /scratch/users/anirban/tamaghnam/envs/latentvans/lib/python3.11/site-packages (from datasets) (26.3)
Requirement already satisfied: pyyaml>=5.1 in /scratch/users/anirban/tamaghnam/envs/latentvans/lib/python3.11/site-packages (from datasets) (6.0.3)
Requirement already satisfied: aiohttp!=4.0.0a0,!=4.0.0a1 in /scratch/users/anirban/tamaghnam/envs/latentvans/lib/python3.11/site-packages (from fsspec[http]<=2026.6.0,>=2023.1.0->datasets) (3.14.3)
Requirement already satisfied: anyio in /scratch/users/anirban/tamaghnam/envs/latentvans/lib/python3.11/site-packages (from httpx<1.0.0->datasets) (4.15.1)
Requirement already satisfied: certifi in /scratch/users/anirban/tamaghnam/envs/latentvans/lib/python3.11/site-packages (from httpx<1.0.0->datasets) (2026.7.22)
Requirement already satisfied: httpcore==1.* in /scratch/users/anirban/tamaghnam/envs/latentvans/lib/python3.11/site-packages (from httpx<1.0.0->datasets) (1.0.9)
Requirement already satisfied: idna in /scratch/users/anirban/tamaghnam/envs/latentvans/lib/python3.11/site-packages (from httpx<1.0.0->datasets) (3.19)
Requirement already satisfied: h11>=0.16 in /scratch/users/anirban/tamaghnam/envs/latentvans/lib/python3.11/site-packages (from httpcore==1.*->httpx<1.0.0->datasets) (0.16.0)
Requirement already satisfied: click<9.0.0,>=8.4.2 in /scratch/users/anirban/tamaghnam/envs/latentvans/lib/python3.11/site-packages (from huggingface-hub<2.0,>=0.25.0->datasets) (8.5.0)
Requirement already satisfied: hf-xet<2.0.0,>=1.5.2 in /scratch/users/anirban/tamaghnam/envs/latentvans/lib/python3.11/site-packages (from huggingface-hub<2.0,>=0.25.0->datasets) (1.6.0)
Requirement already satisfied: typing-extensions>=4.1.0 in /scratch/users/anirban/tamaghnam/envs/latentvans/lib/python3.11/site-packages (from huggingface-hub<2.0,>=0.25.0->datasets) (4.16.0)
Requirement already satisfied: aiohappyeyeballs>=2.5.0 in /scratch/users/anirban/tamaghnam/envs/latentvans/lib/python3.11/site-packages (from aiohttp!=4.0.0a0,!=4.0.0a1->fsspec[http]<=2026.6.0,>=2023.1.0->datasets) (2.7.1)
Requirement already satisfied: aiosignal>=1.4.0 in /scratch/users/anirban/tamaghnam/envs/latentvans/lib/python3.11/site-packages (from aiohttp!=4.0.0a0,!=4.0.0a1->fsspec[http]<=2026.6.0,>=2023.1.0->datasets) (1.4.0)
Requirement already satisfied: attrs>=17.3.0 in /scratch/users/anirban/tamaghnam/envs/latentvans/lib/python3.11/site-packages (from aiohttp!=4.0.0a0,!=4.0.0a1->fsspec[http]<=2026.6.0,>=2023.1.0->datasets) (26.1.0)
Requirement already satisfied: frozenlist>=1.1.1 in /scratch/users/anirban/tamaghnam/envs/latentvans/lib/python3.11/site-packages (from aiohttp!=4.0.0a0,!=4.0.0a1->fsspec[http]<=2026.6.0,>=2023.1.0->datasets) (1.8.0)
Requirement already satisfied: multidict<7.0,>=4.5 in /scratch/users/anirban/tamaghnam/envs/latentvans/lib/python3.11/site-packages (from aiohttp!=4.0.0a0,!=4.0.0a1->fsspec[http]<=2026.6.0,>=2023.1.0->datasets) (6.7.1)
Requirement already satisfied: propcache>=0.2.0 in /scratch/users/anirban/tamaghnam/envs/latentvans/lib/python3.11/site-packages (from aiohttp!=4.0.0a0,!=4.0.0a1->fsspec[http]<=2026.6.0,>=2023.1.0->datasets) (0.5.2)
Requirement already satisfied: yarl<2.0,>=1.17.0 in /scratch/users/anirban/tamaghnam/envs/latentvans/lib/python3.11/site-packages (from aiohttp!=4.0.0a0,!=4.0.0a1->fsspec[http]<=2026.6.0,>=2023.1.0->datasets) (1.24.5)
Requirement already satisfied: charset_normalizer<4,>=2 in /scratch/users/anirban/tamaghnam/envs/latentvans/lib/python3.11/site-packages (from requests>=2.32.2->datasets) (3.5.1)
Requirement already satisfied: urllib3<3,>=1.26 in /scratch/users/anirban/tamaghnam/envs/latentvans/lib/python3.11/site-packages (from requests>=2.32.2->datasets) (2.7.0)
Requirement already satisfied: python-dateutil>=2.8.2 in /scratch/users/anirban/tamaghnam/envs/latentvans/lib/python3.11/site-packages (from pandas->datasets) (2.9.0.post0)
Requirement already satisfied: six>=1.5 in /scratch/users/anirban/tamaghnam/envs/latentvans/lib/python3.11/site-packages (from python-dateutil>=2.8.2->pandas->datasets) (1.17.0)
[21:25:14] ======================================================================
[21:25:14] Loading all TwiFF targets from /scratch/users/anirban/tamaghnam/latentvans/data/twiff_metadata_val
[21:25:14] ======================================================================
[21:25:24] 1447 distinct clip files targeted for this run (start/end taken directly from each row's own meta_data)
[21:25:24] 1447 distinct source YouTube videos among those targets
[21:25:24] ======================================================================
[21:25:24] Downloading + cutting clips (grouped by source video)
[21:25:24] ======================================================================
[21:25:24]   [video 14/1447] yt-dlp mWY35fsCUgo (1 clip(s) needed) ...
[21:25:41]     [14/1447] cutting mWY35fsCUgo_6.mp4 (0:03:01.233 -> 0:03:49.233)
[21:25:44]   [video 35/1447] yt-dlp fapIwPCp3o0 (1 clip(s) needed) ...
[21:25:47]     FAILED: ERROR: [youtube] fapIwPCp3o0: This video is unavailable
[21:25:47]   [video 36/1447] yt-dlp KhaqO_OwMTM (1 clip(s) needed) ...
[21:25:49]     FAILED: ERROR: [youtube] KhaqO_OwMTM: Private video
[21:25:49]   [video 46/1447] yt-dlp Mx5uVnkhgAc (1 clip(s) needed) ...
[21:25:52]     FAILED: ERROR: [youtube] Mx5uVnkhgAc: This video is not available
[21:25:52]   [video 48/1447] yt-dlp B8S7IIld_LY (1 clip(s) needed) ...
[21:25:56]     FAILED: ERROR: [youtube] B8S7IIld_LY: This video is not available
[21:25:56]   [video 59/1447] yt-dlp RC_H5zWcWyU (1 clip(s) needed) ...
[21:25:59]     FAILED: ERROR: [youtube] RC_H5zWcWyU: This video is not available
[21:25:59]   [video 66/1447] yt-dlp siEPcXG1x6w (1 clip(s) needed) ...
[21:26:03]     FAILED: ERROR: [youtube] siEPcXG1x6w: Video unavailable
[21:26:03]   [video 72/1447] yt-dlp s0lCx-poYe0 (1 clip(s) needed) ...
[21:26:11]     [72/1447] cutting s0lCx-poYe0_18.mp4 (0:03:26.973 -> 0:03:29.976)
[21:26:12]   [video 73/1447] yt-dlp DNS7IzuauS0 (1 clip(s) needed) ...
[21:26:20]     [73/1447] cutting DNS7IzuauS0_4.mp4 (0:00:39.339 -> 0:00:45.912)
[21:26:20]   [video 74/1447] yt-dlp UkiVdKdxTT4 (1 clip(s) needed) ...
[21:26:29]     [74/1447] cutting UkiVdKdxTT4_1.mp4 (0:00:19.919 -> 0:00:23.923)
[21:26:30]   [video 75/1447] yt-dlp EIAfQhWOLNk (1 clip(s) needed) ...
[21:26:43]     [75/1447] cutting EIAfQhWOLNk_11.mp4 (0:03:04.417 -> 0:03:21.401)
[21:26:43]   [video 76/1447] yt-dlp 8pwRyKcqqhk (1 clip(s) needed) ...
[21:27:01]     [76/1447] cutting 8pwRyKcqqhk_2.mp4 (0:00:36.700 -> 0:00:40.800)
[21:27:02]   [video 77/1447] yt-dlp dvQ0sBZ1-nI (1 clip(s) needed) ...
[21:27:17]     [77/1447] cutting dvQ0sBZ1-nI_3.mp4 (0:02:21.833 -> 0:02:27.566)
[21:27:17]   [video 78/1447] yt-dlp SuphEZDxSI8 (1 clip(s) needed) ...
[21:27:55]     [78/1447] cutting SuphEZDxSI8_18.mp4 (0:06:42.635 -> 0:06:56.649)
[21:27:56]   [video 79/1447] yt-dlp 4jWfUT9TgB0 (1 clip(s) needed) ...
[21:27:59]     FAILED: ERROR: [youtube] 4jWfUT9TgB0: This video is unavailable
[21:27:59]   [video 80/1447] yt-dlp ksU6Ii668Qk (1 clip(s) needed) ...
[21:28:11]     [80/1447] cutting ksU6Ii668Qk_2.mp4 (0:00:47.208 -> 0:00:55.208)
[21:28:11]   [video 81/1447] yt-dlp OAd1Y7UbxTg (1 clip(s) needed) ...
[21:28:21]     [81/1447] cutting OAd1Y7UbxTg_1.mp4 (0:00:05.939 -> 0:00:13.947)
[21:28:21]   [video 82/1447] yt-dlp nj_fwgTF-hA (1 clip(s) needed) ...
[21:33:20]     [82/1447] cutting nj_fwgTF-hA_4.mp4 (0:08:59.866 -> 0:09:47.866)
[21:33:22]   [video 83/1447] yt-dlp ZbhMqt2pDnw (1 clip(s) needed) ...
[21:33:27]     FAILED: ERROR: [youtube] ZbhMqt2pDnw: This video is not available
[21:33:27]   [video 84/1447] yt-dlp j_Wj5tTfnh8 (1 clip(s) needed) ...
[21:33:59]     [84/1447] cutting j_Wj5tTfnh8_8.mp4 (0:01:48.508 -> 0:02:21.274)
[21:34:01]   [video 85/1447] yt-dlp V_cm8QwhtB8 (1 clip(s) needed) ...
[21:34:25]     [85/1447] cutting V_cm8QwhtB8_2.mp4 (0:00:22.500 -> 0:00:58.500)
[21:34:26]   [video 86/1447] yt-dlp OnvzKVVSgyA (1 clip(s) needed) ...
[21:34:48]     [86/1447] cutting OnvzKVVSgyA_15.mp4 (0:02:22.166 -> 0:02:26.416)
[21:34:48]   [video 87/1447] yt-dlp sUATi_a7FGg (1 clip(s) needed) ...
[21:35:29]     [87/1447] cutting sUATi_a7FGg_12.mp4 (0:04:10.783 -> 0:04:25.999)
[21:35:30]   [video 88/1447] yt-dlp S5djD_XXoP8 (1 clip(s) needed) ...
[21:35:44]     [88/1447] cutting S5djD_XXoP8_3.mp4 (0:00:42.959 -> 0:00:46.963)
[21:35:44]   [video 89/1447] yt-dlp S9V-vDxddgM (1 clip(s) needed) ...
[21:36:05]     [89/1447] cutting S9V-vDxddgM_8.mp4 (0:07:55.641 -> 0:08:23.669)
[21:36:06]   [video 90/1447] yt-dlp Nroha6OMV_k (1 clip(s) needed) ...
[21:36:09]     FAILED: ERROR: [youtube] Nroha6OMV_k: This video is unavailable
[21:36:09]   [video 91/1447] yt-dlp thMwuYKryv4 (1 clip(s) needed) ...
[21:36:37]     [91/1447] cutting thMwuYKryv4_75.mp4 (0:11:02.011 -> 0:11:06.032)
[21:36:38]   [video 92/1447] yt-dlp kq6BFNq4eK0 (1 clip(s) needed) ...
[21:36:58]     [92/1447] cutting kq6BFNq4eK0_1.mp4 (0:00:40.957 -> 0:00:55.688)
[21:36:59]   [video 93/1447] yt-dlp X_b-Ar9SxI0 (1 clip(s) needed) ...
[21:37:29]     [93/1447] cutting X_b-Ar9SxI0_11.mp4 (0:03:37.550 -> 0:03:47.393)
[21:37:30]   [video 94/1447] yt-dlp ZymSrDfLhW8 (1 clip(s) needed) ...
[21:37:50]     [94/1447] cutting ZymSrDfLhW8_43.mp4 (0:08:45.191 -> 0:09:29.669)
[21:37:53]   [video 95/1447] yt-dlp yU8-TOldiyE (1 clip(s) needed) ...
[21:38:32]     [95/1447] cutting yU8-TOldiyE_62.mp4 (0:10:46.078 -> 0:10:49.548)
[21:38:33]   [video 96/1447] yt-dlp G2tMm4wuGwI (1 clip(s) needed) ...
[21:39:50]     FAILED: ERROR: unable to download video data: HTTP Error 403: Forbidden
[21:39:50]   [video 97/1447] yt-dlp ojSdG7ZFXYQ (1 clip(s) needed) ...
[21:39:55]     FAILED: ERROR: [youtube] ojSdG7ZFXYQ: This video is not available
[21:39:55]   [video 98/1447] yt-dlp -EJGoiK1QMc (1 clip(s) needed) ...
[21:40:23]     [98/1447] cutting -EJGoiK1QMc_26.mp4 (0:07:09.262 -> 0:07:23.676)
[21:40:23]   [video 99/1447] yt-dlp qFP9uasGpFo (1 clip(s) needed) ...
[21:40:50]     [99/1447] cutting qFP9uasGpFo_16.mp4 (0:03:58.450 -> 0:04:11.666)
[21:40:51]   [video 100/1447] yt-dlp hZ1mAXpd1cY (1 clip(s) needed) ...
[21:41:17]     [100/1447] cutting hZ1mAXpd1cY_71.mp4 (0:15:47.360 -> 0:15:56.240)
[21:41:18]   [video 101/1447] yt-dlp 6ycL4WQHTV0 (1 clip(s) needed) ...
[21:41:53]     [101/1447] cutting 6ycL4WQHTV0_3.mp4 (0:03:29.275 -> 0:04:17.323)
[21:41:54]   [video 102/1447] yt-dlp rm0Av-Z6vmk (1 clip(s) needed) ...
[21:42:31]     [102/1447] cutting rm0Av-Z6vmk_2.mp4 (0:00:15.315 -> 0:00:23.390)
[21:42:31]   [video 103/1447] yt-dlp vAYb7klhj8k (1 clip(s) needed) ...
[21:43:09]     [103/1447] cutting vAYb7klhj8k_8.mp4 (0:06:13.539 -> 0:06:45.405)
[21:43:10]   [video 104/1447] yt-dlp Rs4Hg69vhqQ (1 clip(s) needed) ...
[21:43:24]     [104/1447] cutting Rs4Hg69vhqQ_4.mp4 (0:01:36.600 -> 0:02:02.840)
[21:43:25]   [video 105/1447] yt-dlp AZon22jsW5I (1 clip(s) needed) ...
[21:43:29]     FAILED: ERROR: [youtube] AZon22jsW5I: This video is not available
[21:43:29]   [video 106/1447] yt-dlp lWkhTxE7Bkk (1 clip(s) needed) ...
[21:43:47]     [106/1447] cutting lWkhTxE7Bkk_9.mp4 (0:02:47.876 -> 0:02:53.256)
[21:43:48]   [video 107/1447] yt-dlp XKRXTBWDxyo (1 clip(s) needed) ...
[21:44:12]     [107/1447] cutting XKRXTBWDxyo_7.mp4 (0:02:21.300 -> 0:02:33.300)
[21:44:13]   [video 108/1447] yt-dlp GudrOUy8zuA (1 clip(s) needed) ...
[21:44:25]     [108/1447] cutting GudrOUy8zuA_3.mp4 (0:00:18.240 -> 0:00:23.120)
[21:44:26]   [video 109/1447] yt-dlp KgWFS33oH1Y (1 clip(s) needed) ...
[21:44:39]     [109/1447] cutting KgWFS33oH1Y_31.mp4 (0:02:58.178 -> 0:03:02.849)
[21:44:39]   [video 110/1447] yt-dlp X_cItpBBO6M (1 clip(s) needed) ...
[21:44:58]     [110/1447] cutting X_cItpBBO6M_5.mp4 (0:01:15.942 -> 0:02:03.990)
[21:44:59]   [video 111/1447] yt-dlp F_YISPHXJ30 (1 clip(s) needed) ...
[21:45:07]     [111/1447] cutting F_YISPHXJ30_0.mp4 (0:00:10.944 -> 0:00:58.992)
[21:45:08]   [video 112/1447] yt-dlp 8UNYXycC1yM (1 clip(s) needed) ...
[21:45:26]     [112/1447] cutting 8UNYXycC1yM_12.mp4 (0:00:56.640 -> 0:01:00.160)
[21:45:26]   [video 113/1447] yt-dlp Cg-YaaG3WCc (1 clip(s) needed) ...
[21:46:34]     [113/1447] cutting Cg-YaaG3WCc_29.mp4 (0:11:04.240 -> 0:11:52.240)
[21:46:36]   [video 114/1447] yt-dlp m5S_asbISyQ (1 clip(s) needed) ...
[21:47:07]     [114/1447] cutting m5S_asbISyQ_16.mp4 (0:03:34.923 -> 0:04:22.971)
[21:47:10]   [video 115/1447] yt-dlp UJmYEDDxDmE (1 clip(s) needed) ...
[21:47:46]     [115/1447] cutting UJmYEDDxDmE_4.mp4 (0:02:47.467 -> 0:03:35.515)
[21:47:48]   [video 116/1447] yt-dlp 8DjbxRwGGPM (1 clip(s) needed) ...
[21:48:23]     [116/1447] cutting 8DjbxRwGGPM_60.mp4 (0:11:54.380 -> 0:11:59.719)
[21:48:23]   [video 117/1447] yt-dlp EwDJS65T2AM (1 clip(s) needed) ...
[21:49:01]     [117/1447] cutting EwDJS65T2AM_16.mp4 (0:04:32.800 -> 0:04:37.000)
[21:49:01]   [video 118/1447] yt-dlp frGBfC1UUYs (1 clip(s) needed) ...
[21:49:25]     [118/1447] cutting frGBfC1UUYs_1.mp4 (0:00:14.466 -> 0:00:34.466)
[21:49:25]   [video 119/1447] yt-dlp 10ZYo8CS7JI (1 clip(s) needed) ...
[21:49:42]     [119/1447] cutting 10ZYo8CS7JI_1.mp4 (0:00:18.284 -> 0:00:38.538)
[21:49:43]   [video 120/1447] yt-dlp DvRg7Oh6pes (1 clip(s) needed) ...
[21:49:45]     FAILED: ERROR: [youtube] DvRg7Oh6pes: Private video
[21:49:45]   [video 121/1447] yt-dlp Y22MT3etzwM (1 clip(s) needed) ...
[21:49:59]     [121/1447] cutting Y22MT3etzwM_1.mp4 (0:01:55.920 -> 0:02:43.920)
[21:50:01]   [video 122/1447] yt-dlp K0cuQMyNBUo (1 clip(s) needed) ...
[21:50:32]     [122/1447] cutting K0cuQMyNBUo_4.mp4 (0:07:28.781 -> 0:08:16.829)
[21:50:34]   [video 123/1447] yt-dlp a4Jg67rtkJ0 (1 clip(s) needed) ...
[21:50:44]     [123/1447] cutting a4Jg67rtkJ0_0.mp4 (0:00:06.000 -> 0:00:54.000)
[21:50:45]   [video 124/1447] yt-dlp JiGUAZJcyIk (1 clip(s) needed) ...
[21:50:53]     [124/1447] cutting JiGUAZJcyIk_0.mp4 (0:00:06.406 -> 0:00:17.984)
[21:50:54]   [video 125/1447] yt-dlp PXvaqjlFvHQ (1 clip(s) needed) ...
[21:51:41]     [125/1447] cutting PXvaqjlFvHQ_1.mp4 (0:00:48.720 -> 0:01:36.720)
[21:51:43]   [video 126/1447] yt-dlp _Vbg5b-6jx8 (1 clip(s) needed) ...
[21:52:11]     [126/1447] cutting _Vbg5b-6jx8_4.mp4 (0:03:19.680 -> 0:04:07.680)
[21:52:13]   [video 127/1447] yt-dlp ORnZdF0hgnA (1 clip(s) needed) ...
[21:52:21]     [127/1447] cutting ORnZdF0hgnA_4.mp4 (0:00:57.233 -> 0:01:01.733)
[21:52:21]   [video 128/1447] yt-dlp 7aXKc873HyA (1 clip(s) needed) ...
[21:54:31]     [128/1447] cutting 7aXKc873HyA_33.mp4 (0:09:17.089 -> 0:09:37.009)
[21:54:32]   [video 129/1447] yt-dlp vYu_3GVAZEI (1 clip(s) needed) ...
[21:54:50]     [129/1447] cutting vYu_3GVAZEI_2.mp4 (0:00:49.716 -> 0:00:57.724)
[21:54:51]   [video 130/1447] yt-dlp bERjl3VRKQo (1 clip(s) needed) ...
[21:55:11]     [130/1447] cutting bERjl3VRKQo_5.mp4 (0:01:21.400 -> 0:01:28.466)
[21:55:12]   [video 131/1447] yt-dlp Vj4f0Jjyy0w (1 clip(s) needed) ...
[21:55:45]     [131/1447] cutting Vj4f0Jjyy0w_35.mp4 (0:03:22.001 -> 0:03:26.039)
[21:55:45]   [video 132/1447] yt-dlp gSngTulH9aI (1 clip(s) needed) ...
[21:55:57]     [132/1447] cutting gSngTulH9aI_13.mp4 (0:01:23.516 -> 0:01:36.496)
[21:55:58]   [video 133/1447] yt-dlp daYmVkHtkeU (1 clip(s) needed) ...
[21:56:07]     [133/1447] cutting daYmVkHtkeU_5.mp4 (0:01:28.266 -> 0:01:32.200)
[21:56:08]   [video 134/1447] yt-dlp a6Yltl1nVPk (1 clip(s) needed) ...
[21:56:15]     [134/1447] cutting a6Yltl1nVPk_18.mp4 (0:02:10.880 -> 0:02:18.012)
[21:56:16]   [video 135/1447] yt-dlp Ce0iZDBn_Ys (1 clip(s) needed) ...
[21:56:31]     [135/1447] cutting Ce0iZDBn_Ys_10.mp4 (0:01:15.200 -> 0:01:19.913)
[21:56:32]   [video 136/1447] yt-dlp sq2ujStSj1M (1 clip(s) needed) ...
[21:56:41]     [136/1447] cutting sq2ujStSj1M_0.mp4 (0:00:02.380 -> 0:00:13.140)
[21:56:42]   [video 137/1447] yt-dlp si6PhJBsQM4 (1 clip(s) needed) ...
[21:57:16]     [137/1447] cutting si6PhJBsQM4_6.mp4 (0:04:49.466 -> 0:04:54.333)
[21:57:17]   [video 138/1447] yt-dlp xcnsOzeE0nQ (1 clip(s) needed) ...
[21:57:31]     [138/1447] cutting xcnsOzeE0nQ_3.mp4 (0:00:31.731 -> 0:00:48.615)
[21:57:32]   [video 139/1447] yt-dlp Ee_4riffjAQ (1 clip(s) needed) ...
[21:58:05]     [139/1447] cutting Ee_4riffjAQ_37.mp4 (0:07:54.916 -> 0:08:02.583)
[21:58:05]   [video 140/1447] yt-dlp bmOwNnljGgc (1 clip(s) needed) ...
[21:59:02]     [140/1447] cutting bmOwNnljGgc_34.mp4 (0:05:25.450 -> 0:05:31.583)
[21:59:03]   [video 141/1447] yt-dlp Vn6dEcyr_WE (1 clip(s) needed) ...
[21:59:13]     [141/1447] cutting Vn6dEcyr_WE_0.mp4 (0:00:20.353 -> 0:00:40.273)
[21:59:14]   [video 142/1447] yt-dlp OuNi64z61LA (1 clip(s) needed) ...
[21:59:27]     [142/1447] cutting OuNi64z61LA_9.mp4 (0:03:55.860 -> 0:03:59.906)
[21:59:27]   [video 143/1447] yt-dlp m1GZfU76qOQ (1 clip(s) needed) ...
[21:59:51]     [143/1447] cutting m1GZfU76qOQ_2.mp4 (0:00:43.076 -> 0:01:31.124)
[21:59:53]   [video 144/1447] yt-dlp 5oEGhFvW8vk (1 clip(s) needed) ...
[22:00:02]     [144/1447] cutting 5oEGhFvW8vk_80.mp4 (0:09:19.809 -> 0:09:26.023)
[22:00:03]   [video 145/1447] yt-dlp WCoHcBcYkEA (1 clip(s) needed) ...
[22:00:16]     [145/1447] cutting WCoHcBcYkEA_1.mp4 (0:01:25.700 -> 0:02:11.460)
[22:00:18]   [video 146/1447] yt-dlp drNaWNs7piM (1 clip(s) needed) ...
[22:00:45]     [146/1447] cutting drNaWNs7piM_4.mp4 (0:00:57.557 -> 0:01:11.971)
[22:00:46]   [video 147/1447] yt-dlp Rt3s0q8-YTA (1 clip(s) needed) ...
[22:01:26]     [147/1447] cutting Rt3s0q8-YTA_0.mp4 (0:00:12.387 -> 0:00:32.282)
[22:01:27]   [video 148/1447] yt-dlp 3PyQn5G33Fk (1 clip(s) needed) ...
[22:01:39]     [148/1447] cutting 3PyQn5G33Fk_1.mp4 (0:00:18.385 -> 0:00:21.988)
[22:01:39]   [video 149/1447] yt-dlp HO1o9JVJEnQ (1 clip(s) needed) ...
[22:01:48]     [149/1447] cutting HO1o9JVJEnQ_5.mp4 (0:00:53.153 -> 0:01:02.128)
[22:01:49]   [video 150/1447] yt-dlp zrjiSnV-m40 (1 clip(s) needed) ...
[22:02:41]     [150/1447] cutting zrjiSnV-m40_23.mp4 (0:03:59.689 -> 0:04:03.993)
[22:02:42]   [video 151/1447] yt-dlp gqqmkF3cQr0 (1 clip(s) needed) ...
[22:02:54]     [151/1447] cutting gqqmkF3cQr0_7.mp4 (0:02:13.666 -> 0:03:01.666)
[22:02:55]   [video 152/1447] yt-dlp FGY6enWpSTU (1 clip(s) needed) ...
[22:03:36]     [152/1447] cutting FGY6enWpSTU_76.mp4 (0:18:38.784 -> 0:18:46.725)
[22:03:36]   [video 153/1447] yt-dlp F2QAMwDkHZw (1 clip(s) needed) ...
[22:05:15]     [153/1447] cutting F2QAMwDkHZw_629.mp4 (2:08:05.960 -> 2:08:12.000)
[22:05:16]   [video 154/1447] yt-dlp LZ4Q2W5XaL0 (1 clip(s) needed) ...
[22:05:27]     [154/1447] cutting LZ4Q2W5XaL0_0.mp4 (0:00:04.170 -> 0:00:21.730)
[22:05:28]   [video 155/1447] yt-dlp 3lPFTCQTctc (1 clip(s) needed) ...
[22:05:48]     [155/1447] cutting 3lPFTCQTctc_5.mp4 (0:02:06.893 -> 0:02:53.540)
[22:05:50]   [video 156/1447] yt-dlp vUGbn4w9DJo (1 clip(s) needed) ...
[22:06:12]     [156/1447] cutting vUGbn4w9DJo_28.mp4 (0:04:10.750 -> 0:04:17.257)
[22:06:13]   [video 157/1447] yt-dlp OMGO51u4ou4 (1 clip(s) needed) ...
[22:06:21]     [157/1447] cutting OMGO51u4ou4_4.mp4 (0:01:12.439 -> 0:01:18.945)
[22:06:21]   [video 158/1447] yt-dlp AkYsahSf51k (1 clip(s) needed) ...
[22:06:45]     [158/1447] cutting AkYsahSf51k_5.mp4 (0:04:13.137 -> 0:04:17.172)
[22:06:45]   [video 159/1447] yt-dlp cqCih4eZFuQ (1 clip(s) needed) ...
[22:07:17]     [159/1447] cutting cqCih4eZFuQ_11.mp4 (0:02:30.783 -> 0:02:35.855)
[22:07:17]   [video 160/1447] yt-dlp FuHJQatc-PE (1 clip(s) needed) ...
[22:07:31]     [160/1447] cutting FuHJQatc-PE_2.mp4 (0:00:56.956 -> 0:01:12.906)
[22:07:31]   [video 161/1447] yt-dlp 99FntKu-kN0 (1 clip(s) needed) ...
[22:08:01]     [161/1447] cutting 99FntKu-kN0_7.mp4 (0:04:12.685 -> 0:05:00.733)
[22:08:02]   [video 162/1447] yt-dlp Ltd1bZXsDRY (1 clip(s) needed) ...
[22:08:23]     [162/1447] cutting Ltd1bZXsDRY_4.mp4 (0:01:18.320 -> 0:01:22.600)
[22:08:24]   [video 163/1447] yt-dlp M-bP_3lxhUw (1 clip(s) needed) ...
[22:09:13]     [163/1447] cutting M-bP_3lxhUw_15.mp4 (0:03:45.909 -> 0:03:55.401)
[22:09:13]   [video 164/1447] yt-dlp 5DrXzyM7akc (1 clip(s) needed) ...
[22:09:41]     [164/1447] cutting 5DrXzyM7akc_54.mp4 (0:06:07.480 -> 0:06:13.400)
[22:09:42]   [video 165/1447] yt-dlp KB7doYrBdBk (1 clip(s) needed) ...
[22:09:59]     [165/1447] cutting KB7doYrBdBk_2.mp4 (0:00:34.567 -> 0:01:22.615)
[22:10:00]   [video 166/1447] yt-dlp myfoGCgzaTA (1 clip(s) needed) ...
[22:10:18]     [166/1447] cutting myfoGCgzaTA_11.mp4 (0:02:01.421 -> 0:02:08.428)
[22:10:19]   [video 167/1447] yt-dlp QCUuBDTV8YY (1 clip(s) needed) ...
[22:10:38]     [167/1447] cutting QCUuBDTV8YY_24.mp4 (0:03:30.720 -> 0:03:34.760)
[22:10:39]   [video 168/1447] yt-dlp -nahoWMJM1E (1 clip(s) needed) ...
[22:10:56]     [168/1447] cutting -nahoWMJM1E_3.mp4 (0:01:24.617 -> 0:02:12.632)
[22:10:57]   [video 169/1447] yt-dlp 8XWPQX9LVoU (1 clip(s) needed) ...
[22:11:18]     [169/1447] cutting 8XWPQX9LVoU_22.mp4 (0:06:18.244 -> 0:06:41.501)
[22:11:19]   [video 170/1447] yt-dlp -UD8Gtz96s0 (1 clip(s) needed) ...
[22:11:22]     FAILED: ERROR: [youtube] -UD8Gtz96s0: This video is not available
[22:11:22]   [video 171/1447] yt-dlp pj1bcpFFCd8 (1 clip(s) needed) ...
[22:11:50]     [171/1447] cutting pj1bcpFFCd8_49.mp4 (0:07:53.400 -> 0:08:02.680)
[22:11:51]   [video 172/1447] yt-dlp 4btnt3gbtuw (1 clip(s) needed) ...
[22:12:05]     [172/1447] cutting 4btnt3gbtuw_0.mp4 (0:00:01.001 -> 0:00:09.209)
[22:12:05]   [video 173/1447] yt-dlp KozSjyNnAH4 (1 clip(s) needed) ...
[22:12:24]     [173/1447] cutting KozSjyNnAH4_33.mp4 (0:11:46.539 -> 0:11:51.811)
[22:12:24]   [video 174/1447] yt-dlp ooZRK8q-27Y (1 clip(s) needed) ...
[22:12:38]     [174/1447] cutting ooZRK8q-27Y_2.mp4 (0:00:12.887 -> 0:00:45.295)
[22:12:39]   [video 175/1447] yt-dlp t_fXRl8QMZ8 (1 clip(s) needed) ...
[22:12:42]     FAILED: ERROR: [youtube] t_fXRl8QMZ8: This video is unavailable
[22:12:42]   [video 176/1447] yt-dlp ohj_7_wwK5g (1 clip(s) needed) ...
[22:13:20]     [176/1447] cutting ohj_7_wwK5g_8.mp4 (0:01:18.316 -> 0:01:25.416)
[22:13:20]   [video 177/1447] yt-dlp eNKaWjbyO9Y (1 clip(s) needed) ...
[22:13:49]     [177/1447] cutting eNKaWjbyO9Y_0.mp4 (0:00:04.137 -> 0:00:37.337)
[22:13:51]   [video 178/1447] yt-dlp ICrpW8_IkBY (1 clip(s) needed) ...
[22:13:55]     FAILED: ERROR: [youtube] ICrpW8_IkBY: This video is unavailable
[22:13:55]   [video 179/1447] yt-dlp nZbmaDfYIs8 (1 clip(s) needed) ...
[22:14:06]     [179/1447] cutting nZbmaDfYIs8_6.mp4 (0:01:34.633 -> 0:02:05.800)
[22:14:07]   [video 180/1447] yt-dlp _M13uGZ9Q1E (1 clip(s) needed) ...
[22:14:46]     [180/1447] cutting _M13uGZ9Q1E_15.mp4 (0:08:07.720 -> 0:08:55.768)
[22:14:47]   [video 181/1447] yt-dlp RZElV1to2HA (1 clip(s) needed) ...
[22:15:43]     [181/1447] cutting RZElV1to2HA_28.mp4 (0:11:59.933 -> 0:12:03.933)
[22:15:43]   [video 182/1447] yt-dlp Fil0i6xKNG8 (1 clip(s) needed) ...
[22:16:07]     [182/1447] cutting Fil0i6xKNG8_7.mp4 (0:00:38.080 -> 0:00:46.280)
[22:16:08]   [video 183/1447] yt-dlp p57va29duU0 (1 clip(s) needed) ...
[22:16:31]     [183/1447] cutting p57va29duU0_4.mp4 (0:03:22.835 -> 0:04:02.542)
[22:16:32]   [video 184/1447] yt-dlp 0u4aeRj1qMk (1 clip(s) needed) ...
[22:16:56]     [184/1447] cutting 0u4aeRj1qMk_11.mp4 (0:01:04.998 -> 0:01:08.935)
[22:16:56]   [video 185/1447] yt-dlp 7GwQqp5KdqE (1 clip(s) needed) ...
[22:17:07]     [185/1447] cutting 7GwQqp5KdqE_1.mp4 (0:00:27.400 -> 0:01:15.400)
[22:17:08]   [video 186/1447] yt-dlp XGFkZSofWJI (1 clip(s) needed) ...
[22:17:29]     [186/1447] cutting XGFkZSofWJI_7.mp4 (0:01:34.427 -> 0:01:38.465)
[22:17:29]   [video 187/1447] yt-dlp 9Mupr2Aw4Lo (1 clip(s) needed) ...
[22:17:51]     [187/1447] cutting 9Mupr2Aw4Lo_6.mp4 (0:01:12.839 -> 0:01:23.183)
[22:17:52]   [video 188/1447] yt-dlp ETZSgD_8kGU (1 clip(s) needed) ...
[22:18:03]     [188/1447] cutting ETZSgD_8kGU_7.mp4 (0:01:16.643 -> 0:01:20.413)
[22:18:04]   [video 189/1447] yt-dlp pL2tV56RZPQ (1 clip(s) needed) ...
[22:18:31]     [189/1447] cutting pL2tV56RZPQ_10.mp4 (0:05:46.300 -> 0:06:02.300)
[22:18:32]   [video 190/1447] yt-dlp 1DF1-B4cuKo (1 clip(s) needed) ...
[22:18:45]     [190/1447] cutting 1DF1-B4cuKo_0.mp4 (0:00:05.983 -> 0:00:54.016)
[22:18:46]     stream-copy cut failed, produced a too-small file, or didn't decode cleanly -- re-encoding instead
[22:18:54]   [video 191/1447] yt-dlp 1plDAxO7NIo (1 clip(s) needed) ...
[22:19:23]     FAILED: ERROR: unable to download video data: HTTP Error 403: Forbidden
[22:19:23]   [video 192/1447] yt-dlp MEN2xBNSvx0 (1 clip(s) needed) ...
[22:19:49]     [192/1447] cutting MEN2xBNSvx0_8.mp4 (0:03:27.520 -> 0:04:15.520)
[22:19:51]   [video 193/1447] yt-dlp gRrHDn7p4Qo (1 clip(s) needed) ...
[22:20:35]     [193/1447] cutting gRrHDn7p4Qo_5.mp4 (0:08:50.196 -> 0:08:58.204)
[22:20:35]   [video 194/1447] yt-dlp bn4Qz9DVIio (1 clip(s) needed) ...
[22:21:07]     [194/1447] cutting bn4Qz9DVIio_5.mp4 (0:05:15.160 -> 0:05:35.920)
[22:21:08]   [video 195/1447] yt-dlp x4sZH5LFT_U (1 clip(s) needed) ...
[22:21:43]     [195/1447] cutting x4sZH5LFT_U_16.mp4 (0:07:10.963 -> 0:07:20.006)
[22:21:44]   [video 196/1447] yt-dlp nmXmslnHoFU (1 clip(s) needed) ...
[22:22:02]     [196/1447] cutting nmXmslnHoFU_16.mp4 (0:01:30.240 -> 0:01:35.000)
[22:22:02]   [video 197/1447] yt-dlp ozoxmCyCWxQ (1 clip(s) needed) ...
[22:22:17]     [197/1447] cutting ozoxmCyCWxQ_4.mp4 (0:00:44.800 -> 0:00:53.866)
[22:22:17]   [video 198/1447] yt-dlp e9pqca5-GFQ (1 clip(s) needed) ...
[22:22:25]     [198/1447] cutting e9pqca5-GFQ_0.mp4 (0:00:06.639 -> 0:00:17.317)
[22:22:25]   [video 199/1447] yt-dlp 83F5rVm0cSo (1 clip(s) needed) ...
[22:22:51]     [199/1447] cutting 83F5rVm0cSo_8.mp4 (0:01:06.733 -> 0:01:12.138)
[22:22:52]   [video 200/1447] yt-dlp d5EMI25Bvxg (1 clip(s) needed) ...
[22:23:21]     [200/1447] cutting d5EMI25Bvxg_16.mp4 (0:01:49.642 -> 0:02:01.988)
[22:23:21]   [video 201/1447] yt-dlp JZY7YFvEIGQ (1 clip(s) needed) ...
[22:23:38]     [201/1447] cutting JZY7YFvEIGQ_0.mp4 (0:00:00.760 -> 0:00:07.160)
[22:23:39]   [video 202/1447] yt-dlp ydRISDRNyCM (1 clip(s) needed) ...
[22:23:58]     [202/1447] cutting ydRISDRNyCM_0.mp4 (0:00:20.854 -> 0:01:08.902)
[22:23:59]   [video 203/1447] yt-dlp E72EGn728ws (1 clip(s) needed) ...
[22:24:11]     [203/1447] cutting E72EGn728ws_2.mp4 (0:00:40.044 -> 0:00:59.030)
[22:24:12]   [video 204/1447] yt-dlp YGTj_OZ2Vm8 (1 clip(s) needed) ...
[22:24:22]     [204/1447] cutting YGTj_OZ2Vm8_3.mp4 (0:00:26.000 -> 0:00:30.533)
[22:24:23]   [video 205/1447] yt-dlp _Tfm4OMXaUw (1 clip(s) needed) ...
[22:24:34]     [205/1447] cutting _Tfm4OMXaUw_0.mp4 (0:00:00.900 -> 0:00:08.308)
[22:24:34]   [video 206/1447] yt-dlp ES9FuYhJzTo (1 clip(s) needed) ...
[22:24:54]     [206/1447] cutting ES9FuYhJzTo_3.mp4 (0:01:08.868 -> 0:01:14.941)
[22:24:55]   [video 207/1447] yt-dlp YuNhEYUFUfQ (1 clip(s) needed) ...
[22:25:04]     [207/1447] cutting YuNhEYUFUfQ_3.mp4 (0:00:58.792 -> 0:01:16.976)
[22:25:05]   [video 208/1447] yt-dlp 17FH02wQv-s (1 clip(s) needed) ...
[22:25:42]     [208/1447] cutting 17FH02wQv-s_41.mp4 (0:08:26.560 -> 0:08:42.400)
[22:25:43]   [video 209/1447] yt-dlp 62g-ep-MLBQ (1 clip(s) needed) ...
[22:25:46]     FAILED: ERROR: [youtube] 62g-ep-MLBQ: Private video
[22:25:46]   [video 210/1447] yt-dlp 3t0tjJACoz0 (1 clip(s) needed) ...
[22:25:59]     [210/1447] cutting 3t0tjJACoz0_3.mp4 (0:00:22.322 -> 0:00:25.525)
[22:25:59]   [video 211/1447] yt-dlp DY6Q-WxAUVY (1 clip(s) needed) ...
[22:26:23]     [211/1447] cutting DY6Q-WxAUVY_9.mp4 (0:03:31.778 -> 0:03:38.151)
[22:26:23]   [video 212/1447] yt-dlp 63HDsjAOmR0 (1 clip(s) needed) ...
[22:26:42]     [212/1447] cutting 63HDsjAOmR0_63.mp4 (0:07:35.421 -> 0:07:43.062)
[22:26:42]   [video 213/1447] yt-dlp -AheEVSVIfY (1 clip(s) needed) ...
[22:26:54]     [213/1447] cutting -AheEVSVIfY_2.mp4 (0:00:20.020 -> 0:01:08.068)
[22:26:56]   [video 214/1447] yt-dlp bAjsSJERQnk (1 clip(s) needed) ...
[22:27:07]     [214/1447] cutting bAjsSJERQnk_4.mp4 (0:01:30.990 -> 0:02:01.621)
[22:27:08]   [video 215/1447] yt-dlp LRk7kHKt3SA (1 clip(s) needed) ...
[22:27:30]     [215/1447] cutting LRk7kHKt3SA_4.mp4 (0:00:48.214 -> 0:00:52.260)
[22:27:30]   [video 216/1447] yt-dlp qeIJjDXUbOc (1 clip(s) needed) ...
[22:27:42]     [216/1447] cutting qeIJjDXUbOc_0.mp4 (0:00:05.972 -> 0:00:54.020)
[22:27:44]   [video 217/1447] yt-dlp 9W07FP4eePs (1 clip(s) needed) ...
[22:28:46]     [217/1447] cutting 9W07FP4eePs_1.mp4 (0:00:21.688 -> 0:01:09.736)
[22:28:47]   [video 218/1447] yt-dlp U1q28f6wC0c (1 clip(s) needed) ...
[22:29:27]     [218/1447] cutting U1q28f6wC0c_8.mp4 (0:05:21.154 -> 0:05:26.659)
[22:29:28]   [video 219/1447] yt-dlp zFEpjVaPFJo (1 clip(s) needed) ...
[22:30:06]     [219/1447] cutting zFEpjVaPFJo_0.mp4 (0:00:08.883 -> 0:00:28.486)
[22:30:07]   [video 220/1447] yt-dlp 6qgCC63H9yI (1 clip(s) needed) ...
[22:30:42]     [220/1447] cutting 6qgCC63H9yI_40.mp4 (0:13:03.349 -> 0:13:11.791)
[22:30:42]   [video 221/1447] yt-dlp _uO9axlmTcs (1 clip(s) needed) ...
[22:31:13]     [221/1447] cutting _uO9axlmTcs_29.mp4 (0:05:31.497 -> 0:05:47.980)
[22:31:14]   [video 222/1447] yt-dlp xfcoPih5qro (1 clip(s) needed) ...
[22:31:55]     [222/1447] cutting xfcoPih5qro_21.mp4 (0:17:51.603 -> 0:18:03.582)
[22:31:55]   [video 223/1447] yt-dlp -bQnNcS4t4o (1 clip(s) needed) ...
[22:32:24]     [223/1447] cutting -bQnNcS4t4o_8.mp4 (0:04:38.344 -> 0:05:13.780)
[22:32:24]   [video 224/1447] yt-dlp NTKUo1-0cQY (1 clip(s) needed) ...
[22:32:59]     [224/1447] cutting NTKUo1-0cQY_15.mp4 (0:10:13.466 -> 0:10:29.466)
[22:32:59]   [video 225/1447] yt-dlp _bGQfnmGQEU (1 clip(s) needed) ...
[22:33:41]     [225/1447] cutting _bGQfnmGQEU_64.mp4 (0:11:42.401 -> 0:11:47.506)
[22:33:41]   [video 226/1447] yt-dlp ISGX9wyrX6w (1 clip(s) needed) ...
[22:34:00]     [226/1447] cutting ISGX9wyrX6w_7.mp4 (0:00:59.159 -> 0:01:02.429)
[22:34:01]   [video 227/1447] yt-dlp n0u9R2iygg4 (1 clip(s) needed) ...
[22:34:04]     FAILED: ERROR: [youtube] n0u9R2iygg4: This video is unavailable
[22:34:04]   [video 228/1447] yt-dlp RshiaNKHr7M (1 clip(s) needed) ...
[22:34:08]     FAILED: ERROR: [youtube] RshiaNKHr7M: This video is not available
[22:34:08]   [video 229/1447] yt-dlp -RJ6USD2nEU (1 clip(s) needed) ...
[22:34:13]     [229/1447] cutting -RJ6USD2nEU_3.mp4 (0:00:12.012 -> 0:00:17.475)
[22:34:13]   [video 230/1447] yt-dlp OGMSNzHM9S4 (1 clip(s) needed) ...
[22:34:26]     [230/1447] cutting OGMSNzHM9S4_49.mp4 (0:03:51.364 -> 0:03:55.535)
[22:34:26]   [video 231/1447] yt-dlp 6exz3wmsEvM (1 clip(s) needed) ...
[22:34:53]     [231/1447] cutting 6exz3wmsEvM_52.mp4 (0:11:32.425 -> 0:11:48.424)
[22:34:54]   [video 232/1447] yt-dlp W8AAy6QkWz8 (1 clip(s) needed) ...
[22:35:16]     [232/1447] cutting W8AAy6QkWz8_17.mp4 (0:02:14.050 -> 0:02:20.765)
[22:35:16]   [video 233/1447] yt-dlp L4-PSx0YBYA (1 clip(s) needed) ...
[22:35:28]     [233/1447] cutting L4-PSx0YBYA_4.mp4 (0:00:58.992 -> 0:01:08.134)
[22:35:29]   [video 234/1447] yt-dlp BPDfWslxYNQ (1 clip(s) needed) ...
[22:35:32]     FAILED: ERROR: [youtube] BPDfWslxYNQ: This video is not available
[22:35:32]   [video 235/1447] yt-dlp o4GAVNs7jzo (1 clip(s) needed) ...
[22:35:49]     [235/1447] cutting o4GAVNs7jzo_15.mp4 (0:06:46.640 -> 0:07:13.040)
[22:35:49]   [video 236/1447] yt-dlp fazhSHz4WUM (1 clip(s) needed) ...
[22:36:02]     [236/1447] cutting fazhSHz4WUM_7.mp4 (0:01:41.583 -> 0:01:52.450)
[22:36:03]   [video 237/1447] yt-dlp KHn1QLhadKc (1 clip(s) needed) ...
[22:37:49]     [237/1447] cutting KHn1QLhadKc_23.mp4 (0:03:24.920 -> 0:03:42.320)
[22:37:50]   [video 238/1447] yt-dlp 2DLYLztM5Ds (1 clip(s) needed) ...
[22:38:16]     [238/1447] cutting 2DLYLztM5Ds_17.mp4 (0:02:48.340 -> 0:02:51.480)
[22:38:17]   [video 239/1447] yt-dlp I6KRtmTOhAE (1 clip(s) needed) ...
[22:38:34]     [239/1447] cutting I6KRtmTOhAE_7.mp4 (0:02:19.266 -> 0:02:34.133)
[22:38:35]   [video 240/1447] yt-dlp AjDdbydEuMU (1 clip(s) needed) ...
[22:38:49]     [240/1447] cutting AjDdbydEuMU_9.mp4 (0:00:50.960 -> 0:00:54.040)
[22:38:49]   [video 241/1447] yt-dlp jEqMwdtT78M (1 clip(s) needed) ...
[22:39:12]     [241/1447] cutting jEqMwdtT78M_0.mp4 (0:00:02.333 -> 0:00:21.066)
[22:39:13]   [video 242/1447] yt-dlp rCo5sX6D9M8 (1 clip(s) needed) ...
[22:39:23]     [242/1447] cutting rCo5sX6D9M8_1.mp4 (0:00:07.840 -> 0:00:15.080)
[22:39:24]   [video 243/1447] yt-dlp j_ffvv-hD9w (1 clip(s) needed) ...
[22:39:26]     FAILED: ERROR: [youtube] j_ffvv-hD9w: Private video
[22:39:26]   [video 244/1447] yt-dlp TBIfEQ6bZKw (1 clip(s) needed) ...
[22:39:43]     [244/1447] cutting TBIfEQ6bZKw_13.mp4 (0:03:01.281 -> 0:03:09.589)
[22:39:43]   [video 245/1447] yt-dlp PhwMjnKY54A (1 clip(s) needed) ...
[22:39:47]     FAILED: ERROR: [youtube] PhwMjnKY54A: Sign in to confirm you’re not a bot. Use --cookies-from-browser or --cookies for the authentication. See  https://github.com/yt-dlp/yt-dlp/wiki/FAQ#how-do-i-pass-cookies-to-yt-dlp  for how to manually pass cookies. Also see  https://github.com/yt-dlp/yt-dlp/wiki/Extractors#exporting-youtube-cookies  for tips on effectively exporting YouTube cookies
[22:39:47]   [video 246/1447] yt-dlp CmvsKc35R2U (1 clip(s) needed) ...
[22:39:50]     FAILED: ERROR: [youtube] CmvsKc35R2U: Sign in to confirm you’re not a bot. Use --cookies-from-browser or --cookies for the authentication. See  https://github.com/yt-dlp/yt-dlp/wiki/FAQ#how-do-i-pass-cookies-to-yt-dlp  for how to manually pass cookies. Also see  https://github.com/yt-dlp/yt-dlp/wiki/Extractors#exporting-youtube-cookies  for tips on effectively exporting YouTube cookies
[22:39:50]   [video 247/1447] yt-dlp wsdDw2UlX8c (1 clip(s) needed) ...
[22:39:54]     FAILED: ERROR: [youtube] wsdDw2UlX8c: Sign in to confirm you’re not a bot. Use --cookies-from-browser or --cookies for the authentication. See  https://github.com/yt-dlp/yt-dlp/wiki/FAQ#how-do-i-pass-cookies-to-yt-dlp  for how to manually pass cookies. Also see  https://github.com/yt-dlp/yt-dlp/wiki/Extractors#exporting-youtube-cookies  for tips on effectively exporting YouTube cookies
[22:39:54]   [video 248/1447] yt-dlp IChRNbuHHWE (1 clip(s) needed) ...
[22:39:58]     FAILED: ERROR: [youtube] IChRNbuHHWE: Sign in to confirm you’re not a bot. Use --cookies-from-browser or --cookies for the authentication. See  https://github.com/yt-dlp/yt-dlp/wiki/FAQ#how-do-i-pass-cookies-to-yt-dlp  for how to manually pass cookies. Also see  https://github.com/yt-dlp/yt-dlp/wiki/Extractors#exporting-youtube-cookies  for tips on effectively exporting YouTube cookies
[22:39:58]   [video 249/1447] yt-dlp Y868f0sgDd4 (1 clip(s) needed) ...
[22:40:02]     FAILED: ERROR: [youtube] Y868f0sgDd4: Sign in to confirm you’re not a bot. Use --cookies-from-browser or --cookies for the authentication. See  https://github.com/yt-dlp/yt-dlp/wiki/FAQ#how-do-i-pass-cookies-to-yt-dlp  for how to manually pass cookies. Also see  https://github.com/yt-dlp/yt-dlp/wiki/Extractors#exporting-youtube-cookies  for tips on effectively exporting YouTube cookies
[22:40:02]   [video 250/1447] yt-dlp 8KlN3O0q2Co (1 clip(s) needed) ...
[22:40:06]     FAILED: ERROR: [youtube] 8KlN3O0q2Co: Sign in to confirm you’re not a bot. Use --cookies-from-browser or --cookies for the authentication. See  https://github.com/yt-dlp/yt-dlp/wiki/FAQ#how-do-i-pass-cookies-to-yt-dlp  for how to manually pass cookies. Also see  https://github.com/yt-dlp/yt-dlp/wiki/Extractors#exporting-youtube-cookies  for tips on effectively exporting YouTube cookies
[22:40:06]   [video 251/1447] yt-dlp vPA3Ff_ftnc (1 clip(s) needed) ...
[22:40:09]     FAILED: ERROR: [youtube] vPA3Ff_ftnc: Sign in to confirm you’re not a bot. Use --cookies-from-browser or --cookies for the authentication. See  https://github.com/yt-dlp/yt-dlp/wiki/FAQ#how-do-i-pass-cookies-to-yt-dlp  for how to manually pass cookies. Also see  https://github.com/yt-dlp/yt-dlp/wiki/Extractors#exporting-youtube-cookies  for tips on effectively exporting YouTube cookies
[22:40:09]   [video 252/1447] yt-dlp HP5OxMTaRBI (1 clip(s) needed) ...
[22:40:13]     FAILED: ERROR: [youtube] HP5OxMTaRBI: Sign in to confirm you’re not a bot. Use --cookies-from-browser or --cookies for the authentication. See  https://github.com/yt-dlp/yt-dlp/wiki/FAQ#how-do-i-pass-cookies-to-yt-dlp  for how to manually pass cookies. Also see  https://github.com/yt-dlp/yt-dlp/wiki/Extractors#exporting-youtube-cookies  for tips on effectively exporting YouTube cookies
[22:40:13]   [video 253/1447] yt-dlp P7eGATbjdxk (1 clip(s) needed) ...
[22:40:17]     FAILED: ERROR: [youtube] P7eGATbjdxk: Sign in to confirm you’re not a bot. Use --cookies-from-browser or --cookies for the authentication. See  https://github.com/yt-dlp/yt-dlp/wiki/FAQ#how-do-i-pass-cookies-to-yt-dlp  for how to manually pass cookies. Also see  https://github.com/yt-dlp/yt-dlp/wiki/Extractors#exporting-youtube-cookies  for tips on effectively exporting YouTube cookies
[22:40:17]   [video 254/1447] yt-dlp PrluBhp9EsQ (1 clip(s) needed) ...
[22:40:21]     FAILED: ERROR: [youtube] PrluBhp9EsQ: Sign in to confirm you’re not a bot. Use --cookies-from-browser or --cookies for the authentication. See  https://github.com/yt-dlp/yt-dlp/wiki/FAQ#how-do-i-pass-cookies-to-yt-dlp  for how to manually pass cookies. Also see  https://github.com/yt-dlp/yt-dlp/wiki/Extractors#exporting-youtube-cookies  for tips on effectively exporting YouTube cookies
[22:40:21]   [video 255/1447] yt-dlp Mcma0nLflrc (1 clip(s) needed) ...
[22:40:24]     FAILED: ERROR: [youtube] Mcma0nLflrc: Sign in to confirm you’re not a bot. Use --cookies-from-browser or --cookies for the authentication. See  https://github.com/yt-dlp/yt-dlp/wiki/FAQ#how-do-i-pass-cookies-to-yt-dlp  for how to manually pass cookies. Also see  https://github.com/yt-dlp/yt-dlp/wiki/Extractors#exporting-youtube-cookies  for tips on effectively exporting YouTube cookies
[22:40:24]   [video 256/1447] yt-dlp 9r8MvBfXgPw (1 clip(s) needed) ...
[22:40:28]     FAILED: ERROR: [youtube] 9r8MvBfXgPw: Sign in to confirm you’re not a bot. Use --cookies-from-browser or --cookies for the authentication. See  https://github.com/yt-dlp/yt-dlp/wiki/FAQ#how-do-i-pass-cookies-to-yt-dlp  for how to manually pass cookies. Also see  https://github.com/yt-dlp/yt-dlp/wiki/Extractors#exporting-youtube-cookies  for tips on effectively exporting YouTube cookies
[22:40:28]   [video 257/1447] yt-dlp Egz8qFSRExQ (1 clip(s) needed) ...
[22:40:32]     FAILED: ERROR: [youtube] Egz8qFSRExQ: Sign in to confirm you’re not a bot. Use --cookies-from-browser or --cookies for the authentication. See  https://github.com/yt-dlp/yt-dlp/wiki/FAQ#how-do-i-pass-cookies-to-yt-dlp  for how to manually pass cookies. Also see  https://github.com/yt-dlp/yt-dlp/wiki/Extractors#exporting-youtube-cookies  for tips on effectively exporting YouTube cookies
[22:40:32]   [video 258/1447] yt-dlp pgXkG43yCJw (1 clip(s) needed) ...
[22:40:35]     FAILED: ERROR: [youtube] pgXkG43yCJw: Sign in to confirm you’re not a bot. Use --cookies-from-browser or --cookies for the authentication. See  https://github.com/yt-dlp/yt-dlp/wiki/FAQ#how-do-i-pass-cookies-to-yt-dlp  for how to manually pass cookies. Also see  https://github.com/yt-dlp/yt-dlp/wiki/Extractors#exporting-youtube-cookies  for tips on effectively exporting YouTube cookies
[22:40:35]   [video 259/1447] yt-dlp eqXoupk3g2U (1 clip(s) needed) ...
[22:40:39]     FAILED: ERROR: [youtube] eqXoupk3g2U: Sign in to confirm you’re not a bot. Use --cookies-from-browser or --cookies for the authentication. See  https://github.com/yt-dlp/yt-dlp/wiki/FAQ#how-do-i-pass-cookies-to-yt-dlp  for how to manually pass cookies. Also see  https://github.com/yt-dlp/yt-dlp/wiki/Extractors#exporting-youtube-cookies  for tips on effectively exporting YouTube cookies
[22:40:39]   [video 260/1447] yt-dlp A8CaQtJaj3Q (1 clip(s) needed) ...
[22:40:42]     FAILED: ERROR: [youtube] A8CaQtJaj3Q: Please sign in. Use --cookies-from-browser or --cookies for the authentication. See  https://github.com/yt-dlp/yt-dlp/wiki/FAQ#how-do-i-pass-cookies-to-yt-dlp  for how to manually pass cookies. Also see  https://github.com/yt-dlp/yt-dlp/wiki/Extractors#exporting-youtube-cookies  for tips on effectively exporting YouTube cookies
[22:40:42]   [video 261/1447] yt-dlp WRgUD39T-Ho (1 clip(s) needed) ...
[22:40:46]     FAILED: ERROR: [youtube] WRgUD39T-Ho: Sign in to confirm you’re not a bot. Use --cookies-from-browser or --cookies for the authentication. See  https://github.com/yt-dlp/yt-dlp/wiki/FAQ#how-do-i-pass-cookies-to-yt-dlp  for how to manually pass cookies. Also see  https://github.com/yt-dlp/yt-dlp/wiki/Extractors#exporting-youtube-cookies  for tips on effectively exporting YouTube cookies
[22:40:46]   [video 262/1447] yt-dlp 2e3UhFodJK0 (1 clip(s) needed) ...
[22:40:50]     FAILED: ERROR: [youtube] 2e3UhFodJK0: Sign in to confirm you’re not a bot. Use --cookies-from-browser or --cookies for the authentication. See  https://github.com/yt-dlp/yt-dlp/wiki/FAQ#how-do-i-pass-cookies-to-yt-dlp  for how to manually pass cookies. Also see  https://github.com/yt-dlp/yt-dlp/wiki/Extractors#exporting-youtube-cookies  for tips on effectively exporting YouTube cookies
[22:40:50]   [video 263/1447] yt-dlp NxqdcnMhnQ4 (1 clip(s) needed) ...
[22:40:53]     FAILED: ERROR: [youtube] NxqdcnMhnQ4: Sign in to confirm you’re not a bot. Use --cookies-from-browser or --cookies for the authentication. See  https://github.com/yt-dlp/yt-dlp/wiki/FAQ#how-do-i-pass-cookies-to-yt-dlp  for how to manually pass cookies. Also see  https://github.com/yt-dlp/yt-dlp/wiki/Extractors#exporting-youtube-cookies  for tips on effectively exporting YouTube cookies
[22:40:53]   [video 264/1447] yt-dlp ipTAGVfJXpY (1 clip(s) needed) ...
[22:40:57]     FAILED: ERROR: [youtube] ipTAGVfJXpY: Sign in to confirm you’re not a bot. Use --cookies-from-browser or --cookies for the authentication. See  https://github.com/yt-dlp/yt-dlp/wiki/FAQ#how-do-i-pass-cookies-to-yt-dlp  for how to manually pass cookies. Also see  https://github.com/yt-dlp/yt-dlp/wiki/Extractors#exporting-youtube-cookies  for tips on effectively exporting YouTube cookies
[22:40:57]   [video 265/1447] yt-dlp Cf1ZGHfuAs8 (1 clip(s) needed) ...
[22:41:02]     FAILED: ERROR: [youtube] Cf1ZGHfuAs8: Sign in to confirm you’re not a bot. Use --cookies-from-browser or --cookies for the authentication. See  https://github.com/yt-dlp/yt-dlp/wiki/FAQ#how-do-i-pass-cookies-to-yt-dlp  for how to manually pass cookies. Also see  https://github.com/yt-dlp/yt-dlp/wiki/Extractors#exporting-youtube-cookies  for tips on effectively exporting YouTube cookies
[22:41:02]   [video 266/1447] yt-dlp hlvwND1u2f8 (1 clip(s) needed) ...
[22:41:07]     FAILED: ERROR: [youtube] hlvwND1u2f8: Sign in to confirm you’re not a bot. Use --cookies-from-browser or --cookies for the authentication. See  https://github.com/yt-dlp/yt-dlp/wiki/FAQ#how-do-i-pass-cookies-to-yt-dlp  for how to manually pass cookies. Also see  https://github.com/yt-dlp/yt-dlp/wiki/Extractors#exporting-youtube-cookies  for tips on effectively exporting YouTube cookies
[22:41:07]   [video 267/1447] yt-dlp CMbDCIChvP8 (1 clip(s) needed) ...
[22:41:11]     FAILED: ERROR: [youtube] CMbDCIChvP8: Sign in to confirm you’re not a bot. Use --cookies-from-browser or --cookies for the authentication. See  https://github.com/yt-dlp/yt-dlp/wiki/FAQ#how-do-i-pass-cookies-to-yt-dlp  for how to manually pass cookies. Also see  https://github.com/yt-dlp/yt-dlp/wiki/Extractors#exporting-youtube-cookies  for tips on effectively exporting YouTube cookies
[22:41:11]   [video 268/1447] yt-dlp tBYVfryUUgg (1 clip(s) needed) ...
[22:41:15]     FAILED: ERROR: [youtube] tBYVfryUUgg: Sign in to confirm you’re not a bot. Use --cookies-from-browser or --cookies for the authentication. See  https://github.com/yt-dlp/yt-dlp/wiki/FAQ#how-do-i-pass-cookies-to-yt-dlp  for how to manually pass cookies. Also see  https://github.com/yt-dlp/yt-dlp/wiki/Extractors#exporting-youtube-cookies  for tips on effectively exporting YouTube cookies
[22:41:15]   [video 269/1447] yt-dlp grYF4gzYOKg (1 clip(s) needed) ...
[22:41:18]     FAILED: ERROR: [youtube] grYF4gzYOKg: Sign in to confirm you’re not a bot. Use --cookies-from-browser or --cookies for the authentication. See  https://github.com/yt-dlp/yt-dlp/wiki/FAQ#how-do-i-pass-cookies-to-yt-dlp  for how to manually pass cookies. Also see  https://github.com/yt-dlp/yt-dlp/wiki/Extractors#exporting-youtube-cookies  for tips on effectively exporting YouTube cookies
[22:41:18]   [video 270/1447] yt-dlp 45ndhYs0zos (1 clip(s) needed) ...
[22:41:24]     FAILED: ERROR: [youtube] 45ndhYs0zos: Sign in to confirm you’re not a bot. Use --cookies-from-browser or --cookies for the authentication. See  https://github.com/yt-dlp/yt-dlp/wiki/FAQ#how-do-i-pass-cookies-to-yt-dlp  for how to manually pass cookies. Also see  https://github.com/yt-dlp/yt-dlp/wiki/Extractors#exporting-youtube-cookies  for tips on effectively exporting YouTube cookies
[22:41:24]   [video 271/1447] yt-dlp JA7l8asaAvo (1 clip(s) needed) ...
[22:41:27]     FAILED: ERROR: [youtube] JA7l8asaAvo: Sign in to confirm you’re not a bot. Use --cookies-from-browser or --cookies for the authentication. See  https://github.com/yt-dlp/yt-dlp/wiki/FAQ#how-do-i-pass-cookies-to-yt-dlp  for how to manually pass cookies. Also see  https://github.com/yt-dlp/yt-dlp/wiki/Extractors#exporting-youtube-cookies  for tips on effectively exporting YouTube cookies
[22:41:27]   [video 272/1447] yt-dlp m_cWCDia_9I (1 clip(s) needed) ...
[22:41:31]     FAILED: ERROR: [youtube] m_cWCDia_9I: Sign in to confirm you’re not a bot. Use --cookies-from-browser or --cookies for the authentication. See  https://github.com/yt-dlp/yt-dlp/wiki/FAQ#how-do-i-pass-cookies-to-yt-dlp  for how to manually pass cookies. Also see  https://github.com/yt-dlp/yt-dlp/wiki/Extractors#exporting-youtube-cookies  for tips on effectively exporting YouTube cookies
[22:41:31]   [video 273/1447] yt-dlp 5oqDHsn_vGo (1 clip(s) needed) ...
[22:41:35]     FAILED: ERROR: [youtube] 5oqDHsn_vGo: Sign in to confirm you’re not a bot. Use --cookies-from-browser or --cookies for the authentication. See  https://github.com/yt-dlp/yt-dlp/wiki/FAQ#how-do-i-pass-cookies-to-yt-dlp  for how to manually pass cookies. Also see  https://github.com/yt-dlp/yt-dlp/wiki/Extractors#exporting-youtube-cookies  for tips on effectively exporting YouTube cookies
[22:41:35]   [video 274/1447] yt-dlp sUx0E-9U2KM (1 clip(s) needed) ...
[22:41:39]     FAILED: ERROR: [youtube] sUx0E-9U2KM: Please sign in. Use --cookies-from-browser or --cookies for the authentication. See  https://github.com/yt-dlp/yt-dlp/wiki/FAQ#how-do-i-pass-cookies-to-yt-dlp  for how to manually pass cookies. Also see  https://github.com/yt-dlp/yt-dlp/wiki/Extractors#exporting-youtube-cookies  for tips on effectively exporting YouTube cookies
[22:41:39]   [video 275/1447] yt-dlp vXXiyIGqliE (1 clip(s) needed) ...
[22:41:43]     FAILED: ERROR: [youtube] vXXiyIGqliE: This video is not available
[22:41:43]   [video 276/1447] yt-dlp bQC60xu_vLw (1 clip(s) needed) ...
[22:41:47]     FAILED: ERROR: [youtube] bQC60xu_vLw: Sign in to confirm you’re not a bot. Use --cookies-from-browser or --cookies for the authentication. See  https://github.com/yt-dlp/yt-dlp/wiki/FAQ#how-do-i-pass-cookies-to-yt-dlp  for how to manually pass cookies. Also see  https://github.com/yt-dlp/yt-dlp/wiki/Extractors#exporting-youtube-cookies  for tips on effectively exporting YouTube cookies
[22:41:47]   [video 277/1447] yt-dlp yL-uX8uXUcM (1 clip(s) needed) ...
[22:41:51]     FAILED: ERROR: [youtube] yL-uX8uXUcM: Sign in to confirm you’re not a bot. Use --cookies-from-browser or --cookies for the authentication. See  https://github.com/yt-dlp/yt-dlp/wiki/FAQ#how-do-i-pass-cookies-to-yt-dlp  for how to manually pass cookies. Also see  https://github.com/yt-dlp/yt-dlp/wiki/Extractors#exporting-youtube-cookies  for tips on effectively exporting YouTube cookies
[22:41:51]   [video 278/1447] yt-dlp lIRDaM2_vwk (1 clip(s) needed) ...
[22:41:56]     FAILED: ERROR: [youtube] lIRDaM2_vwk: Sign in to confirm you’re not a bot. Use --cookies-from-browser or --cookies for the authentication. See  https://github.com/yt-dlp/yt-dlp/wiki/FAQ#how-do-i-pass-cookies-to-yt-dlp  for how to manually pass cookies. Also see  https://github.com/yt-dlp/yt-dlp/wiki/Extractors#exporting-youtube-cookies  for tips on effectively exporting YouTube cookies
[22:41:56]   [video 279/1447] yt-dlp NE5WaajFpno (1 clip(s) needed) ...
[22:41:59]     FAILED: ERROR: [youtube] NE5WaajFpno: This video is unavailable
[22:41:59]   [video 280/1447] yt-dlp LQ-BT9Z1ksQ (1 clip(s) needed) ...
[22:42:04]     FAILED: ERROR: [youtube] LQ-BT9Z1ksQ: Sign in to confirm you’re not a bot. Use --cookies-from-browser or --cookies for the authentication. See  https://github.com/yt-dlp/yt-dlp/wiki/FAQ#how-do-i-pass-cookies-to-yt-dlp  for how to manually pass cookies. Also see  https://github.com/yt-dlp/yt-dlp/wiki/Extractors#exporting-youtube-cookies  for tips on effectively exporting YouTube cookies
[22:42:04]   [video 281/1447] yt-dlp WdDi1haA71Q (1 clip(s) needed) ...
[22:42:07]     FAILED: ERROR: [youtube] WdDi1haA71Q: Sign in to confirm you’re not a bot. Use --cookies-from-browser or --cookies for the authentication. See  https://github.com/yt-dlp/yt-dlp/wiki/FAQ#how-do-i-pass-cookies-to-yt-dlp  for how to manually pass cookies. Also see  https://github.com/yt-dlp/yt-dlp/wiki/Extractors#exporting-youtube-cookies  for tips on effectively exporting YouTube cookies
[22:42:07]   [video 282/1447] yt-dlp MWhq2zDV3CI (1 clip(s) needed) ...
[22:42:11]     FAILED: ERROR: [youtube] MWhq2zDV3CI: Sign in to confirm you’re not a bot. Use --cookies-from-browser or --cookies for the authentication. See  https://github.com/yt-dlp/yt-dlp/wiki/FAQ#how-do-i-pass-cookies-to-yt-dlp  for how to manually pass cookies. Also see  https://github.com/yt-dlp/yt-dlp/wiki/Extractors#exporting-youtube-cookies  for tips on effectively exporting YouTube cookies
[22:42:11]   [video 283/1447] yt-dlp 6x4j7_V0q_U (1 clip(s) needed) ...
[22:42:15]     FAILED: ERROR: [youtube] 6x4j7_V0q_U: Sign in to confirm you’re not a bot. Use --cookies-from-browser or --cookies for the authentication. See  https://github.com/yt-dlp/yt-dlp/wiki/FAQ#how-do-i-pass-cookies-to-yt-dlp  for how to manually pass cookies. Also see  https://github.com/yt-dlp/yt-dlp/wiki/Extractors#exporting-youtube-cookies  for tips on effectively exporting YouTube cookies
[22:42:15]   [video 284/1447] yt-dlp OC3_C7fazJQ (1 clip(s) needed) ...
[22:42:19]     FAILED: ERROR: [youtube] OC3_C7fazJQ: Sign in to confirm you’re not a bot. Use --cookies-from-browser or --cookies for the authentication. See  https://github.com/yt-dlp/yt-dlp/wiki/FAQ#how-do-i-pass-cookies-to-yt-dlp  for how to manually pass cookies. Also see  https://github.com/yt-dlp/yt-dlp/wiki/Extractors#exporting-youtube-cookies  for tips on effectively exporting YouTube cookies
[22:42:19]   [video 285/1447] yt-dlp dCZ4TgS4RSs (1 clip(s) needed) ...
[22:42:22]     FAILED: ERROR: [youtube] dCZ4TgS4RSs: Sign in to confirm you’re not a bot. Use --cookies-from-browser or --cookies for the authentication. See  https://github.com/yt-dlp/yt-dlp/wiki/FAQ#how-do-i-pass-cookies-to-yt-dlp  for how to manually pass cookies. Also see  https://github.com/yt-dlp/yt-dlp/wiki/Extractors#exporting-youtube-cookies  for tips on effectively exporting YouTube cookies
[22:42:22]   [video 286/1447] yt-dlp _6BRLn22WAc (1 clip(s) needed) ...
[22:42:26]     FAILED: ERROR: [youtube] _6BRLn22WAc: Sign in to confirm you’re not a bot. Use --cookies-from-browser or --cookies for the authentication. See  https://github.com/yt-dlp/yt-dlp/wiki/FAQ#how-do-i-pass-cookies-to-yt-dlp  for how to manually pass cookies. Also see  https://github.com/yt-dlp/yt-dlp/wiki/Extractors#exporting-youtube-cookies  for tips on effectively exporting YouTube cookies
[22:42:26]   [video 287/1447] yt-dlp V9Bi5Z2Wu6U (1 clip(s) needed) ...
[22:42:31]     FAILED: ERROR: [youtube] V9Bi5Z2Wu6U: Sign in to confirm you’re not a bot. Use --cookies-from-browser or --cookies for the authentication. See  https://github.com/yt-dlp/yt-dlp/wiki/FAQ#how-do-i-pass-cookies-to-yt-dlp  for how to manually pass cookies. Also see  https://github.com/yt-dlp/yt-dlp/wiki/Extractors#exporting-youtube-cookies  for tips on effectively exporting YouTube cookies
[22:42:31]   [video 288/1447] yt-dlp Mu9IftiMqxE (1 clip(s) needed) ...
[22:42:35]     FAILED: ERROR: [youtube] Mu9IftiMqxE: Sign in to confirm you’re not a bot. Use --cookies-from-browser or --cookies for the authentication. See  https://github.com/yt-dlp/yt-dlp/wiki/FAQ#how-do-i-pass-cookies-to-yt-dlp  for how to manually pass cookies. Also see  https://github.com/yt-dlp/yt-dlp/wiki/Extractors#exporting-youtube-cookies  for tips on effectively exporting YouTube cookies
[22:42:35]   [video 289/1447] yt-dlp frwrTxCEVlI (1 clip(s) needed) ...
[22:42:40]     FAILED: ERROR: [youtube] frwrTxCEVlI: Sign in to confirm you’re not a bot. Use --cookies-from-browser or --cookies for the authentication. See  https://github.com/yt-dlp/yt-dlp/wiki/FAQ#how-do-i-pass-cookies-to-yt-dlp  for how to manually pass cookies. Also see  https://github.com/yt-dlp/yt-dlp/wiki/Extractors#exporting-youtube-cookies  for tips on effectively exporting YouTube cookies
[22:42:40]   [video 290/1447] yt-dlp FPHe-xWEdjE (1 clip(s) needed) ...
[22:42:44]     FAILED: ERROR: [youtube] FPHe-xWEdjE: Sign in to confirm you’re not a bot. Use --cookies-from-browser or --cookies for the authentication. See  https://github.com/yt-dlp/yt-dlp/wiki/FAQ#how-do-i-pass-cookies-to-yt-dlp  for how to manually pass cookies. Also see  https://github.com/yt-dlp/yt-dlp/wiki/Extractors#exporting-youtube-cookies  for tips on effectively exporting YouTube cookies
[22:42:44]   [video 291/1447] yt-dlp AOrc6VD2k_g (1 clip(s) needed) ...
[22:42:48]     FAILED: ERROR: [youtube] AOrc6VD2k_g: Sign in to confirm you’re not a bot. Use --cookies-from-browser or --cookies for the authentication. See  https://github.com/yt-dlp/yt-dlp/wiki/FAQ#how-do-i-pass-cookies-to-yt-dlp  for how to manually pass cookies. Also see  https://github.com/yt-dlp/yt-dlp/wiki/Extractors#exporting-youtube-cookies  for tips on effectively exporting YouTube cookies
[22:42:48]   [video 292/1447] yt-dlp -eZsiaerS94 (1 clip(s) needed) ...
[22:42:51]     FAILED: ERROR: [youtube] -eZsiaerS94: Sign in to confirm you’re not a bot. Use --cookies-from-browser or --cookies for the authentication. See  https://github.com/yt-dlp/yt-dlp/wiki/FAQ#how-do-i-pass-cookies-to-yt-dlp  for how to manually pass cookies. Also see  https://github.com/yt-dlp/yt-dlp/wiki/Extractors#exporting-youtube-cookies  for tips on effectively exporting YouTube cookies
[22:42:51]   [video 293/1447] yt-dlp FnCbBK_AuYw (1 clip(s) needed) ...
[22:42:55]     FAILED: ERROR: [youtube] FnCbBK_AuYw: Sign in to confirm you’re not a bot. Use --cookies-from-browser or --cookies for the authentication. See  https://github.com/yt-dlp/yt-dlp/wiki/FAQ#how-do-i-pass-cookies-to-yt-dlp  for how to manually pass cookies. Also see  https://github.com/yt-dlp/yt-dlp/wiki/Extractors#exporting-youtube-cookies  for tips on effectively exporting YouTube cookies
[22:42:55]   [video 294/1447] yt-dlp 4efr1tcd3SI (1 clip(s) needed) ...
[22:42:59]     FAILED: ERROR: [youtube] 4efr1tcd3SI: Sign in to confirm you’re not a bot. Use --cookies-from-browser or --cookies for the authentication. See  https://github.com/yt-dlp/yt-dlp/wiki/FAQ#how-do-i-pass-cookies-to-yt-dlp  for how to manually pass cookies. Also see  https://github.com/yt-dlp/yt-dlp/wiki/Extractors#exporting-youtube-cookies  for tips on effectively exporting YouTube cookies
[22:42:59]   [video 295/1447] yt-dlp kgFbUnR7WLU (1 clip(s) needed) ...
[22:43:02]     FAILED: ERROR: [youtube] kgFbUnR7WLU: Sign in to confirm you’re not a bot. Use --cookies-from-browser or --cookies for the authentication. See  https://github.com/yt-dlp/yt-dlp/wiki/FAQ#how-do-i-pass-cookies-to-yt-dlp  for how to manually pass cookies. Also see  https://github.com/yt-dlp/yt-dlp/wiki/Extractors#exporting-youtube-cookies  for tips on effectively exporting YouTube cookies
[22:43:02]   [video 296/1447] yt-dlp 1I6dS8q2EkU (1 clip(s) needed) ...
[22:43:06]     FAILED: ERROR: [youtube] 1I6dS8q2EkU: Sign in to confirm you’re not a bot. Use --cookies-from-browser or --cookies for the authentication. See  https://github.com/yt-dlp/yt-dlp/wiki/FAQ#how-do-i-pass-cookies-to-yt-dlp  for how to manually pass cookies. Also see  https://github.com/yt-dlp/yt-dlp/wiki/Extractors#exporting-youtube-cookies  for tips on effectively exporting YouTube cookies
[22:43:06]   [video 297/1447] yt-dlp VwPvadb7m_0 (1 clip(s) needed) ...
[22:43:09]     FAILED: ERROR: [youtube] VwPvadb7m_0: Sign in to confirm you’re not a bot. Use --cookies-from-browser or --cookies for the authentication. See  https://github.com/yt-dlp/yt-dlp/wiki/FAQ#how-do-i-pass-cookies-to-yt-dlp  for how to manually pass cookies. Also see  https://github.com/yt-dlp/yt-dlp/wiki/Extractors#exporting-youtube-cookies  for tips on effectively exporting YouTube cookies
[22:43:09]   [video 298/1447] yt-dlp Z3WNOUmsYMw (1 clip(s) needed) ...
[22:43:13]     FAILED: ERROR: [youtube] Z3WNOUmsYMw: Sign in to confirm you’re not a bot. Use --cookies-from-browser or --cookies for the authentication. See  https://github.com/yt-dlp/yt-dlp/wiki/FAQ#how-do-i-pass-cookies-to-yt-dlp  for how to manually pass cookies. Also see  https://github.com/yt-dlp/yt-dlp/wiki/Extractors#exporting-youtube-cookies  for tips on effectively exporting YouTube cookies
[22:43:13]   [video 299/1447] yt-dlp JjvVPLqHTAo (1 clip(s) needed) ...
[22:43:17]     FAILED: ERROR: [youtube] JjvVPLqHTAo: Sign in to confirm you’re not a bot. Use --cookies-from-browser or --cookies for the authentication. See  https://github.com/yt-dlp/yt-dlp/wiki/FAQ#how-do-i-pass-cookies-to-yt-dlp  for how to manually pass cookies. Also see  https://github.com/yt-dlp/yt-dlp/wiki/Extractors#exporting-youtube-cookies  for tips on effectively exporting YouTube cookies
[22:43:17]   [video 300/1447] yt-dlp zbCs5sXfhG0 (1 clip(s) needed) ...
[22:43:21]     FAILED: ERROR: [youtube] zbCs5sXfhG0: Sign in to confirm you’re not a bot. Use --cookies-from-browser or --cookies for the authentication. See  https://github.com/yt-dlp/yt-dlp/wiki/FAQ#how-do-i-pass-cookies-to-yt-dlp  for how to manually pass cookies. Also see  https://github.com/yt-dlp/yt-dlp/wiki/Extractors#exporting-youtube-cookies  for tips on effectively exporting YouTube cookies
[22:43:21]   [video 301/1447] yt-dlp JYyTXEzOTns (1 clip(s) needed) ...
[22:43:26]     FAILED: ERROR: [youtube] JYyTXEzOTns: Sign in to confirm you’re not a bot. Use --cookies-from-browser or --cookies for the authentication. See  https://github.com/yt-dlp/yt-dlp/wiki/FAQ#how-do-i-pass-cookies-to-yt-dlp  for how to manually pass cookies. Also see  https://github.com/yt-dlp/yt-dlp/wiki/Extractors#exporting-youtube-cookies  for tips on effectively exporting YouTube cookies
[22:43:26]   [video 302/1447] yt-dlp EMOAFWxdufc (1 clip(s) needed) ...
[22:43:30]     FAILED: ERROR: [youtube] EMOAFWxdufc: Sign in to confirm you’re not a bot. Use --cookies-from-browser or --cookies for the authentication. See  https://github.com/yt-dlp/yt-dlp/wiki/FAQ#how-do-i-pass-cookies-to-yt-dlp  for how to manually pass cookies. Also see  https://github.com/yt-dlp/yt-dlp/wiki/Extractors#exporting-youtube-cookies  for tips on effectively exporting YouTube cookies
[22:43:30]   [video 303/1447] yt-dlp vckPNTLCOUo (1 clip(s) needed) ...
[22:43:34]     FAILED: ERROR: [youtube] vckPNTLCOUo: Sign in to confirm you’re not a bot. Use --cookies-from-browser or --cookies for the authentication. See  https://github.com/yt-dlp/yt-dlp/wiki/FAQ#how-do-i-pass-cookies-to-yt-dlp  for how to manually pass cookies. Also see  https://github.com/yt-dlp/yt-dlp/wiki/Extractors#exporting-youtube-cookies  for tips on effectively exporting YouTube cookies
[22:43:34]   [video 304/1447] yt-dlp zauLekMGtvw (1 clip(s) needed) ...
[22:43:38]     FAILED: ERROR: [youtube] zauLekMGtvw: Sign in to confirm you’re not a bot. Use --cookies-from-browser or --cookies for the authentication. See  https://github.com/yt-dlp/yt-dlp/wiki/FAQ#how-do-i-pass-cookies-to-yt-dlp  for how to manually pass cookies. Also see  https://github.com/yt-dlp/yt-dlp/wiki/Extractors#exporting-youtube-cookies  for tips on effectively exporting YouTube cookies
[22:43:38]   [video 305/1447] yt-dlp bZy_iCq1fUw (1 clip(s) needed) ...
[22:43:41]     FAILED: ERROR: [youtube] bZy_iCq1fUw: Sign in to confirm you’re not a bot. Use --cookies-from-browser or --cookies for the authentication. See  https://github.com/yt-dlp/yt-dlp/wiki/FAQ#how-do-i-pass-cookies-to-yt-dlp  for how to manually pass cookies. Also see  https://github.com/yt-dlp/yt-dlp/wiki/Extractors#exporting-youtube-cookies  for tips on effectively exporting YouTube cookies
[22:43:41]   [video 306/1447] yt-dlp paDRLVEzmQ8 (1 clip(s) needed) ...
[22:43:45]     FAILED: ERROR: [youtube] paDRLVEzmQ8: Sign in to confirm you’re not a bot. Use --cookies-from-browser or --cookies for the authentication. See  https://github.com/yt-dlp/yt-dlp/wiki/FAQ#how-do-i-pass-cookies-to-yt-dlp  for how to manually pass cookies. Also see  https://github.com/yt-dlp/yt-dlp/wiki/Extractors#exporting-youtube-cookies  for tips on effectively exporting YouTube cookies
[22:43:45]   [video 307/1447] yt-dlp pm5cjnH7MKc (1 clip(s) needed) ...
[22:43:48]     FAILED: ERROR: [youtube] pm5cjnH7MKc: Sign in to confirm you’re not a bot. Use --cookies-from-browser or --cookies for the authentication. See  https://github.com/yt-dlp/yt-dlp/wiki/FAQ#how-do-i-pass-cookies-to-yt-dlp  for how to manually pass cookies. Also see  https://github.com/yt-dlp/yt-dlp/wiki/Extractors#exporting-youtube-cookies  for tips on effectively exporting YouTube cookies
[22:43:48]   [video 308/1447] yt-dlp 7E_paAVoYbw (1 clip(s) needed) ...
[22:43:52]     FAILED: ERROR: [youtube] 7E_paAVoYbw: Sign in to confirm you’re not a bot. Use --cookies-from-browser or --cookies for the authentication. See  https://github.com/yt-dlp/yt-dlp/wiki/FAQ#how-do-i-pass-cookies-to-yt-dlp  for how to manually pass cookies. Also see  https://github.com/yt-dlp/yt-dlp/wiki/Extractors#exporting-youtube-cookies  for tips on effectively exporting YouTube cookies
[22:43:52]   [video 309/1447] yt-dlp m81B9okGWk0 (1 clip(s) needed) ...
[22:43:55]     FAILED: ERROR: [youtube] m81B9okGWk0: Sign in to confirm you’re not a bot. Use --cookies-from-browser or --cookies for the authentication. See  https://github.com/yt-dlp/yt-dlp/wiki/FAQ#how-do-i-pass-cookies-to-yt-dlp  for how to manually pass cookies. Also see  https://github.com/yt-dlp/yt-dlp/wiki/Extractors#exporting-youtube-cookies  for tips on effectively exporting YouTube cookies
[22:43:55]   [video 310/1447] yt-dlp D33s_Yy6Y2g (1 clip(s) needed) ...
[22:43:59]     FAILED: ERROR: [youtube] D33s_Yy6Y2g: This video is not available
[22:43:59]   [video 311/1447] yt-dlp JnTIe5k-1Jk (1 clip(s) needed) ...
[22:44:03]     FAILED: ERROR: [youtube] JnTIe5k-1Jk: Sign in to confirm you’re not a bot. Use --cookies-from-browser or --cookies for the authentication. See  https://github.com/yt-dlp/yt-dlp/wiki/FAQ#how-do-i-pass-cookies-to-yt-dlp  for how to manually pass cookies. Also see  https://github.com/yt-dlp/yt-dlp/wiki/Extractors#exporting-youtube-cookies  for tips on effectively exporting YouTube cookies
[22:44:03]   [video 312/1447] yt-dlp 9BryL_S7hps (1 clip(s) needed) ...
[22:44:07]     FAILED: ERROR: [youtube] 9BryL_S7hps: Sign in to confirm you’re not a bot. Use --cookies-from-browser or --cookies for the authentication. See  https://github.com/yt-dlp/yt-dlp/wiki/FAQ#how-do-i-pass-cookies-to-yt-dlp  for how to manually pass cookies. Also see  https://github.com/yt-dlp/yt-dlp/wiki/Extractors#exporting-youtube-cookies  for tips on effectively exporting YouTube cookies
[22:44:07]   [video 313/1447] yt-dlp 86srR_U3PGI (1 clip(s) needed) ...
[22:44:11]     FAILED: ERROR: [youtube] 86srR_U3PGI: Sign in to confirm you’re not a bot. Use --cookies-from-browser or --cookies for the authentication. See  https://github.com/yt-dlp/yt-dlp/wiki/FAQ#how-do-i-pass-cookies-to-yt-dlp  for how to manually pass cookies. Also see  https://github.com/yt-dlp/yt-dlp/wiki/Extractors#exporting-youtube-cookies  for tips on effectively exporting YouTube cookies
[22:44:11]   [video 314/1447] yt-dlp OBAARiA2wRI (1 clip(s) needed) ...
[22:44:15]     FAILED: ERROR: [youtube] OBAARiA2wRI: Sign in to confirm you’re not a bot. Use --cookies-from-browser or --cookies for the authentication. See  https://github.com/yt-dlp/yt-dlp/wiki/FAQ#how-do-i-pass-cookies-to-yt-dlp  for how to manually pass cookies. Also see  https://github.com/yt-dlp/yt-dlp/wiki/Extractors#exporting-youtube-cookies  for tips on effectively exporting YouTube cookies
[22:44:15]   [video 315/1447] yt-dlp wEVl8EUOD_U (1 clip(s) needed) ...
[22:44:18]     FAILED: ERROR: [youtube] wEVl8EUOD_U: Please sign in. Use --cookies-from-browser or --cookies for the authentication. See  https://github.com/yt-dlp/yt-dlp/wiki/FAQ#how-do-i-pass-cookies-to-yt-dlp  for how to manually pass cookies. Also see  https://github.com/yt-dlp/yt-dlp/wiki/Extractors#exporting-youtube-cookies  for tips on effectively exporting YouTube cookies
[22:44:18]   [video 316/1447] yt-dlp xH0tH3P7wBU (1 clip(s) needed) ...
[22:44:21]     FAILED: ERROR: [youtube] xH0tH3P7wBU: Sign in to confirm you’re not a bot. Use --cookies-from-browser or --cookies for the authentication. See  https://github.com/yt-dlp/yt-dlp/wiki/FAQ#how-do-i-pass-cookies-to-yt-dlp  for how to manually pass cookies. Also see  https://github.com/yt-dlp/yt-dlp/wiki/Extractors#exporting-youtube-cookies  for tips on effectively exporting YouTube cookies
[22:44:21]   [video 317/1447] yt-dlp m9drgICCR-E (1 clip(s) needed) ...
[22:44:25]     FAILED: ERROR: [youtube] m9drgICCR-E: Sign in to confirm you’re not a bot. Use --cookies-from-browser or --cookies for the authentication. See  https://github.com/yt-dlp/yt-dlp/wiki/FAQ#how-do-i-pass-cookies-to-yt-dlp  for how to manually pass cookies. Also see  https://github.com/yt-dlp/yt-dlp/wiki/Extractors#exporting-youtube-cookies  for tips on effectively exporting YouTube cookies
[22:44:25]   [video 318/1447] yt-dlp A4D16YpMNoY (1 clip(s) needed) ...
[22:44:28]     FAILED: ERROR: [youtube] A4D16YpMNoY: Sign in to confirm you’re not a bot. Use --cookies-from-browser or --cookies for the authentication. See  https://github.com/yt-dlp/yt-dlp/wiki/FAQ#how-do-i-pass-cookies-to-yt-dlp  for how to manually pass cookies. Also see  https://github.com/yt-dlp/yt-dlp/wiki/Extractors#exporting-youtube-cookies  for tips on effectively exporting YouTube cookies
[22:44:28]   [video 319/1447] yt-dlp 66HJEYO-cII (1 clip(s) needed) ...
[22:44:32]     FAILED: ERROR: [youtube] 66HJEYO-cII: Sign in to confirm you’re not a bot. Use --cookies-from-browser or --cookies for the authentication. See  https://github.com/yt-dlp/yt-dlp/wiki/FAQ#how-do-i-pass-cookies-to-yt-dlp  for how to manually pass cookies. Also see  https://github.com/yt-dlp/yt-dlp/wiki/Extractors#exporting-youtube-cookies  for tips on effectively exporting YouTube cookies
[22:44:32]   [video 320/1447] yt-dlp thXoJ9grJyc (1 clip(s) needed) ...
[22:44:36]     FAILED: ERROR: [youtube] thXoJ9grJyc: Sign in to confirm you’re not a bot. Use --cookies-from-browser or --cookies for the authentication. See  https://github.com/yt-dlp/yt-dlp/wiki/FAQ#how-do-i-pass-cookies-to-yt-dlp  for how to manually pass cookies. Also see  https://github.com/yt-dlp/yt-dlp/wiki/Extractors#exporting-youtube-cookies  for tips on effectively exporting YouTube cookies
[22:44:36]   [video 321/1447] yt-dlp p_2JLYeCeSU (1 clip(s) needed) ...
[22:44:40]     FAILED: ERROR: [youtube] p_2JLYeCeSU: Sign in to confirm you’re not a bot. Use --cookies-from-browser or --cookies for the authentication. See  https://github.com/yt-dlp/yt-dlp/wiki/FAQ#how-do-i-pass-cookies-to-yt-dlp  for how to manually pass cookies. Also see  https://github.com/yt-dlp/yt-dlp/wiki/Extractors#exporting-youtube-cookies  for tips on effectively exporting YouTube cookies
[22:44:40]   [video 322/1447] yt-dlp 9hZ6h0rqc4M (1 clip(s) needed) ...
[22:44:43]     FAILED: ERROR: [youtube] 9hZ6h0rqc4M: Sign in to confirm you’re not a bot. Use --cookies-from-browser or --cookies for the authentication. See  https://github.com/yt-dlp/yt-dlp/wiki/FAQ#how-do-i-pass-cookies-to-yt-dlp  for how to manually pass cookies. Also see  https://github.com/yt-dlp/yt-dlp/wiki/Extractors#exporting-youtube-cookies  for tips on effectively exporting YouTube cookies
[22:44:43]   [video 323/1447] yt-dlp cK9AnkyOktw (1 clip(s) needed) ...
[22:44:47]     FAILED: ERROR: [youtube] cK9AnkyOktw: Sign in to confirm you’re not a bot. Use --cookies-from-browser or --cookies for the authentication. See  https://github.com/yt-dlp/yt-dlp/wiki/FAQ#how-do-i-pass-cookies-to-yt-dlp  for how to manually pass cookies. Also see  https://github.com/yt-dlp/yt-dlp/wiki/Extractors#exporting-youtube-cookies  for tips on effectively exporting YouTube cookies
[22:44:47]   [video 324/1447] yt-dlp Zfvm0JyZImc (1 clip(s) needed) ...
[22:44:50]     FAILED: ERROR: [youtube] Zfvm0JyZImc: Sign in to confirm you’re not a bot. Use --cookies-from-browser or --cookies for the authentication. See  https://github.com/yt-dlp/yt-dlp/wiki/FAQ#how-do-i-pass-cookies-to-yt-dlp  for how to manually pass cookies. Also see  https://github.com/yt-dlp/yt-dlp/wiki/Extractors#exporting-youtube-cookies  for tips on effectively exporting YouTube cookies
[22:44:50]   [video 325/1447] yt-dlp nZVDmQJnn1w (1 clip(s) needed) ...
[22:44:54]     FAILED: ERROR: [youtube] nZVDmQJnn1w: The uploader has not made this video available in your country
[22:44:54]   [video 326/1447] yt-dlp qT-iqej5jDk (1 clip(s) needed) ...
[22:44:57]     FAILED: ERROR: [youtube] qT-iqej5jDk: Please sign in. Use --cookies-from-browser or --cookies for the authentication. See  https://github.com/yt-dlp/yt-dlp/wiki/FAQ#how-do-i-pass-cookies-to-yt-dlp  for how to manually pass cookies. Also see  https://github.com/yt-dlp/yt-dlp/wiki/Extractors#exporting-youtube-cookies  for tips on effectively exporting YouTube cookies
[22:44:57]   [video 327/1447] yt-dlp BH59QM_3AgM (1 clip(s) needed) ...
[22:45:01]     FAILED: ERROR: [youtube] BH59QM_3AgM: Sign in to confirm you’re not a bot. Use --cookies-from-browser or --cookies for the authentication. See  https://github.com/yt-dlp/yt-dlp/wiki/FAQ#how-do-i-pass-cookies-to-yt-dlp  for how to manually pass cookies. Also see  https://github.com/yt-dlp/yt-dlp/wiki/Extractors#exporting-youtube-cookies  for tips on effectively exporting YouTube cookies
[22:45:01]   [video 328/1447] yt-dlp 3Qq8g1ev7Dc (1 clip(s) needed) ...
[22:45:06]     FAILED: ERROR: [youtube] 3Qq8g1ev7Dc: Sign in to confirm you’re not a bot. Use --cookies-from-browser or --cookies for the authentication. See  https://github.com/yt-dlp/yt-dlp/wiki/FAQ#how-do-i-pass-cookies-to-yt-dlp  for how to manually pass cookies. Also see  https://github.com/yt-dlp/yt-dlp/wiki/Extractors#exporting-youtube-cookies  for tips on effectively exporting YouTube cookies
[22:45:06]   [video 329/1447] yt-dlp mfh_QL6M6Kw (1 clip(s) needed) ...
[22:45:10]     FAILED: ERROR: [youtube] mfh_QL6M6Kw: Sign in to confirm you’re not a bot. Use --cookies-from-browser or --cookies for the authentication. See  https://github.com/yt-dlp/yt-dlp/wiki/FAQ#how-do-i-pass-cookies-to-yt-dlp  for how to manually pass cookies. Also see  https://github.com/yt-dlp/yt-dlp/wiki/Extractors#exporting-youtube-cookies  for tips on effectively exporting YouTube cookies
[22:45:10]   [video 330/1447] yt-dlp xCq5LQ7fpbo (1 clip(s) needed) ...
[22:45:13]     FAILED: ERROR: [youtube] xCq5LQ7fpbo: Sign in to confirm you’re not a bot. Use --cookies-from-browser or --cookies for the authentication. See  https://github.com/yt-dlp/yt-dlp/wiki/FAQ#how-do-i-pass-cookies-to-yt-dlp  for how to manually pass cookies. Also see  https://github.com/yt-dlp/yt-dlp/wiki/Extractors#exporting-youtube-cookies  for tips on effectively exporting YouTube cookies
[22:45:13]   [video 331/1447] yt-dlp E7AXvM7OIeU (1 clip(s) needed) ...
[22:45:17]     FAILED: ERROR: [youtube] E7AXvM7OIeU: Sign in to confirm you’re not a bot. Use --cookies-from-browser or --cookies for the authentication. See  https://github.com/yt-dlp/yt-dlp/wiki/FAQ#how-do-i-pass-cookies-to-yt-dlp  for how to manually pass cookies. Also see  https://github.com/yt-dlp/yt-dlp/wiki/Extractors#exporting-youtube-cookies  for tips on effectively exporting YouTube cookies
[22:45:17]   [video 332/1447] yt-dlp 0Fez7sRTOKM (1 clip(s) needed) ...
[22:45:21]     FAILED: ERROR: [youtube] 0Fez7sRTOKM: Sign in to confirm you’re not a bot. Use --cookies-from-browser or --cookies for the authentication. See  https://github.com/yt-dlp/yt-dlp/wiki/FAQ#how-do-i-pass-cookies-to-yt-dlp  for how to manually pass cookies. Also see  https://github.com/yt-dlp/yt-dlp/wiki/Extractors#exporting-youtube-cookies  for tips on effectively exporting YouTube cookies
[22:45:21]   [video 333/1447] yt-dlp Z2OdKov9Or8 (1 clip(s) needed) ...
[22:45:25]     FAILED: ERROR: [youtube] Z2OdKov9Or8: Sign in to confirm you’re not a bot. Use --cookies-from-browser or --cookies for the authentication. See  https://github.com/yt-dlp/yt-dlp/wiki/FAQ#how-do-i-pass-cookies-to-yt-dlp  for how to manually pass cookies. Also see  https://github.com/yt-dlp/yt-dlp/wiki/Extractors#exporting-youtube-cookies  for tips on effectively exporting YouTube cookies
[22:45:25]   [video 334/1447] yt-dlp 4MerfDMxvDQ (1 clip(s) needed) ...
[22:45:29]     FAILED: ERROR: [youtube] 4MerfDMxvDQ: Sign in to confirm you’re not a bot. Use --cookies-from-browser or --cookies for the authentication. See  https://github.com/yt-dlp/yt-dlp/wiki/FAQ#how-do-i-pass-cookies-to-yt-dlp  for how to manually pass cookies. Also see  https://github.com/yt-dlp/yt-dlp/wiki/Extractors#exporting-youtube-cookies  for tips on effectively exporting YouTube cookies
[22:45:29]   [video 335/1447] yt-dlp Uw-8G5v8o60 (1 clip(s) needed) ...
[22:45:33]     FAILED: ERROR: [youtube] Uw-8G5v8o60: Sign in to confirm you’re not a bot. Use --cookies-from-browser or --cookies for the authentication. See  https://github.com/yt-dlp/yt-dlp/wiki/FAQ#how-do-i-pass-cookies-to-yt-dlp  for how to manually pass cookies. Also see  https://github.com/yt-dlp/yt-dlp/wiki/Extractors#exporting-youtube-cookies  for tips on effectively exporting YouTube cookies
[22:45:33]   [video 336/1447] yt-dlp soY4UEasT_o (1 clip(s) needed) ...
[22:45:36]     FAILED: ERROR: [youtube] soY4UEasT_o: Sign in to confirm you’re not a bot. Use --cookies-from-browser or --cookies for the authentication. See  https://github.com/yt-dlp/yt-dlp/wiki/FAQ#how-do-i-pass-cookies-to-yt-dlp  for how to manually pass cookies. Also see  https://github.com/yt-dlp/yt-dlp/wiki/Extractors#exporting-youtube-cookies  for tips on effectively exporting YouTube cookies
[22:45:36]   [video 337/1447] yt-dlp 08J_ZK7pcYc (1 clip(s) needed) ...
[22:45:40]     FAILED: ERROR: [youtube] 08J_ZK7pcYc: Sign in to confirm you’re not a bot. Use --cookies-from-browser or --cookies for the authentication. See  https://github.com/yt-dlp/yt-dlp/wiki/FAQ#how-do-i-pass-cookies-to-yt-dlp  for how to manually pass cookies. Also see  https://github.com/yt-dlp/yt-dlp/wiki/Extractors#exporting-youtube-cookies  for tips on effectively exporting YouTube cookies
[22:45:40]   [video 338/1447] yt-dlp UXV62zWy_uk (1 clip(s) needed) ...
[22:45:43]     FAILED: ERROR: [youtube] UXV62zWy_uk: Sign in to confirm you’re not a bot. Use --cookies-from-browser or --cookies for the authentication. See  https://github.com/yt-dlp/yt-dlp/wiki/FAQ#how-do-i-pass-cookies-to-yt-dlp  for how to manually pass cookies. Also see  https://github.com/yt-dlp/yt-dlp/wiki/Extractors#exporting-youtube-cookies  for tips on effectively exporting YouTube cookies
[22:45:43]   [video 339/1447] yt-dlp Y80rtP3zZFU (1 clip(s) needed) ...
[22:45:47]     FAILED: ERROR: [youtube] Y80rtP3zZFU: This video is not available
[22:45:47]   [video 340/1447] yt-dlp q_KDzJnkBo8 (1 clip(s) needed) ...
[22:45:51]     FAILED: ERROR: [youtube] q_KDzJnkBo8: Sign in to confirm you’re not a bot. Use --cookies-from-browser or --cookies for the authentication. See  https://github.com/yt-dlp/yt-dlp/wiki/FAQ#how-do-i-pass-cookies-to-yt-dlp  for how to manually pass cookies. Also see  https://github.com/yt-dlp/yt-dlp/wiki/Extractors#exporting-youtube-cookies  for tips on effectively exporting YouTube cookies
[22:45:51]   [video 341/1447] yt-dlp VNGAozC1moQ (1 clip(s) needed) ...
[22:45:55]     FAILED: ERROR: [youtube] VNGAozC1moQ: Sign in to confirm you’re not a bot. Use --cookies-from-browser or --cookies for the authentication. See  https://github.com/yt-dlp/yt-dlp/wiki/FAQ#how-do-i-pass-cookies-to-yt-dlp  for how to manually pass cookies. Also see  https://github.com/yt-dlp/yt-dlp/wiki/Extractors#exporting-youtube-cookies  for tips on effectively exporting YouTube cookies
[22:45:55]   [video 342/1447] yt-dlp WmG9CUP-PA4 (1 clip(s) needed) ...
[22:45:58]     FAILED: ERROR: [youtube] WmG9CUP-PA4: Sign in to confirm you’re not a bot. Use --cookies-from-browser or --cookies for the authentication. See  https://github.com/yt-dlp/yt-dlp/wiki/FAQ#how-do-i-pass-cookies-to-yt-dlp  for how to manually pass cookies. Also see  https://github.com/yt-dlp/yt-dlp/wiki/Extractors#exporting-youtube-cookies  for tips on effectively exporting YouTube cookies
[22:45:58]   [video 343/1447] yt-dlp iq5AX4SLPn0 (1 clip(s) needed) ...
[22:46:03]     FAILED: ERROR: [youtube] iq5AX4SLPn0: Sign in to confirm you’re not a bot. Use --cookies-from-browser or --cookies for the authentication. See  https://github.com/yt-dlp/yt-dlp/wiki/FAQ#how-do-i-pass-cookies-to-yt-dlp  for how to manually pass cookies. Also see  https://github.com/yt-dlp/yt-dlp/wiki/Extractors#exporting-youtube-cookies  for tips on effectively exporting YouTube cookies
[22:46:03]   [video 344/1447] yt-dlp -zsXzT1k7-g (1 clip(s) needed) ...
[22:46:07]     FAILED: ERROR: [youtube] -zsXzT1k7-g: Sign in to confirm you’re not a bot. Use --cookies-from-browser or --cookies for the authentication. See  https://github.com/yt-dlp/yt-dlp/wiki/FAQ#how-do-i-pass-cookies-to-yt-dlp  for how to manually pass cookies. Also see  https://github.com/yt-dlp/yt-dlp/wiki/Extractors#exporting-youtube-cookies  for tips on effectively exporting YouTube cookies
[22:46:07]   [video 345/1447] yt-dlp J6Oxe4bY4Z0 (1 clip(s) needed) ...
[22:46:10]     FAILED: ERROR: [youtube] J6Oxe4bY4Z0: Sign in to confirm you’re not a bot. Use --cookies-from-browser or --cookies for the authentication. See  https://github.com/yt-dlp/yt-dlp/wiki/FAQ#how-do-i-pass-cookies-to-yt-dlp  for how to manually pass cookies. Also see  https://github.com/yt-dlp/yt-dlp/wiki/Extractors#exporting-youtube-cookies  for tips on effectively exporting YouTube cookies
[22:46:10]   [video 346/1447] yt-dlp tDFmukAIlcM (1 clip(s) needed) ...
[22:46:14]     FAILED: ERROR: [youtube] tDFmukAIlcM: Sign in to confirm you’re not a bot. Use --cookies-from-browser or --cookies for the authentication. See  https://github.com/yt-dlp/yt-dlp/wiki/FAQ#how-do-i-pass-cookies-to-yt-dlp  for how to manually pass cookies. Also see  https://github.com/yt-dlp/yt-dlp/wiki/Extractors#exporting-youtube-cookies  for tips on effectively exporting YouTube cookies
[22:46:14]   [video 347/1447] yt-dlp KQAz0XgBcqM (1 clip(s) needed) ...
[22:46:18]     FAILED: ERROR: [youtube] KQAz0XgBcqM: Sign in to confirm you’re not a bot. Use --cookies-from-browser or --cookies for the authentication. See  https://github.com/yt-dlp/yt-dlp/wiki/FAQ#how-do-i-pass-cookies-to-yt-dlp  for how to manually pass cookies. Also see  https://github.com/yt-dlp/yt-dlp/wiki/Extractors#exporting-youtube-cookies  for tips on effectively exporting YouTube cookies
[22:46:18]   [video 348/1447] yt-dlp kJ1Jomicrww (1 clip(s) needed) ...
[22:46:22]     FAILED: ERROR: [youtube] kJ1Jomicrww: Sign in to confirm you’re not a bot. Use --cookies-from-browser or --cookies for the authentication. See  https://github.com/yt-dlp/yt-dlp/wiki/FAQ#how-do-i-pass-cookies-to-yt-dlp  for how to manually pass cookies. Also see  https://github.com/yt-dlp/yt-dlp/wiki/Extractors#exporting-youtube-cookies  for tips on effectively exporting YouTube cookies
[22:46:22]   [video 349/1447] yt-dlp CJAuvRAWOM0 (1 clip(s) needed) ...
[22:46:26]     FAILED: ERROR: [youtube] CJAuvRAWOM0: Sign in to confirm you’re not a bot. Use --cookies-from-browser or --cookies for the authentication. See  https://github.com/yt-dlp/yt-dlp/wiki/FAQ#how-do-i-pass-cookies-to-yt-dlp  for how to manually pass cookies. Also see  https://github.com/yt-dlp/yt-dlp/wiki/Extractors#exporting-youtube-cookies  for tips on effectively exporting YouTube cookies
[22:46:26]   [video 350/1447] yt-dlp 9ho4kHyxceM (1 clip(s) needed) ...
[22:46:30]     FAILED: ERROR: [youtube] 9ho4kHyxceM: Sign in to confirm you’re not a bot. Use --cookies-from-browser or --cookies for the authentication. See  https://github.com/yt-dlp/yt-dlp/wiki/FAQ#how-do-i-pass-cookies-to-yt-dlp  for how to manually pass cookies. Also see  https://github.com/yt-dlp/yt-dlp/wiki/Extractors#exporting-youtube-cookies  for tips on effectively exporting YouTube cookies
[22:46:30]   [video 351/1447] yt-dlp fQgvEqwqoC0 (1 clip(s) needed) ...
[22:46:33]     FAILED: ERROR: [youtube] fQgvEqwqoC0: Sign in to confirm you’re not a bot. Use --cookies-from-browser or --cookies for the authentication. See  https://github.com/yt-dlp/yt-dlp/wiki/FAQ#how-do-i-pass-cookies-to-yt-dlp  for how to manually pass cookies. Also see  https://github.com/yt-dlp/yt-dlp/wiki/Extractors#exporting-youtube-cookies  for tips on effectively exporting YouTube cookies
[22:46:33]   [video 352/1447] yt-dlp nr9VAbWn7EE (1 clip(s) needed) ...
[22:46:37]     FAILED: ERROR: [youtube] nr9VAbWn7EE: Sign in to confirm you’re not a bot. Use --cookies-from-browser or --cookies for the authentication. See  https://github.com/yt-dlp/yt-dlp/wiki/FAQ#how-do-i-pass-cookies-to-yt-dlp  for how to manually pass cookies. Also see  https://github.com/yt-dlp/yt-dlp/wiki/Extractors#exporting-youtube-cookies  for tips on effectively exporting YouTube cookies
[22:46:37]   [video 353/1447] yt-dlp VxwzZWFYe7o (1 clip(s) needed) ...
[22:46:41]     FAILED: ERROR: [youtube] VxwzZWFYe7o: Sign in to confirm you’re not a bot. Use --cookies-from-browser or --cookies for the authentication. See  https://github.com/yt-dlp/yt-dlp/wiki/FAQ#how-do-i-pass-cookies-to-yt-dlp  for how to manually pass cookies. Also see  https://github.com/yt-dlp/yt-dlp/wiki/Extractors#exporting-youtube-cookies  for tips on effectively exporting YouTube cookies
[22:46:41]   [video 354/1447] yt-dlp XZccfMWd5aM (1 clip(s) needed) ...
[22:46:44]     FAILED: ERROR: [youtube] XZccfMWd5aM: Please sign in. Use --cookies-from-browser or --cookies for the authentication. See  https://github.com/yt-dlp/yt-dlp/wiki/FAQ#how-do-i-pass-cookies-to-yt-dlp  for how to manually pass cookies. Also see  https://github.com/yt-dlp/yt-dlp/wiki/Extractors#exporting-youtube-cookies  for tips on effectively exporting YouTube cookies
[22:46:44]   [video 355/1447] yt-dlp Ol-H0EBEO5c (1 clip(s) needed) ...
[22:46:48]     FAILED: ERROR: [youtube] Ol-H0EBEO5c: Sign in to confirm you’re not a bot. Use --cookies-from-browser or --cookies for the authentication. See  https://github.com/yt-dlp/yt-dlp/wiki/FAQ#how-do-i-pass-cookies-to-yt-dlp  for how to manually pass cookies. Also see  https://github.com/yt-dlp/yt-dlp/wiki/Extractors#exporting-youtube-cookies  for tips on effectively exporting YouTube cookies
[22:46:48]   [video 356/1447] yt-dlp AMUG2WhxSrg (1 clip(s) needed) ...
[22:46:51]     FAILED: ERROR: [youtube] AMUG2WhxSrg: Sign in to confirm you’re not a bot. Use --cookies-from-browser or --cookies for the authentication. See  https://github.com/yt-dlp/yt-dlp/wiki/FAQ#how-do-i-pass-cookies-to-yt-dlp  for how to manually pass cookies. Also see  https://github.com/yt-dlp/yt-dlp/wiki/Extractors#exporting-youtube-cookies  for tips on effectively exporting YouTube cookies
[22:46:51]   [video 357/1447] yt-dlp cSXitLZieD4 (1 clip(s) needed) ...
[22:46:55]     FAILED: ERROR: [youtube] cSXitLZieD4: Sign in to confirm you’re not a bot. Use --cookies-from-browser or --cookies for the authentication. See  https://github.com/yt-dlp/yt-dlp/wiki/FAQ#how-do-i-pass-cookies-to-yt-dlp  for how to manually pass cookies. Also see  https://github.com/yt-dlp/yt-dlp/wiki/Extractors#exporting-youtube-cookies  for tips on effectively exporting YouTube cookies
[22:46:55]   [video 358/1447] yt-dlp gMcZV_x5aDc (1 clip(s) needed) ...
[22:46:58]     FAILED: ERROR: [youtube] gMcZV_x5aDc: Sign in to confirm you’re not a bot. Use --cookies-from-browser or --cookies for the authentication. See  https://github.com/yt-dlp/yt-dlp/wiki/FAQ#how-do-i-pass-cookies-to-yt-dlp  for how to manually pass cookies. Also see  https://github.com/yt-dlp/yt-dlp/wiki/Extractors#exporting-youtube-cookies  for tips on effectively exporting YouTube cookies
[22:46:58]   [video 359/1447] yt-dlp onqgiu-OPfw (1 clip(s) needed) ...
[22:47:02]     FAILED: ERROR: [youtube] onqgiu-OPfw: This video is not available
[22:47:02]   [video 360/1447] yt-dlp vKmUE8yf2gQ (1 clip(s) needed) ...
[22:47:05]     FAILED: ERROR: [youtube] vKmUE8yf2gQ: Sign in to confirm you’re not a bot. Use --cookies-from-browser or --cookies for the authentication. See  https://github.com/yt-dlp/yt-dlp/wiki/FAQ#how-do-i-pass-cookies-to-yt-dlp  for how to manually pass cookies. Also see  https://github.com/yt-dlp/yt-dlp/wiki/Extractors#exporting-youtube-cookies  for tips on effectively exporting YouTube cookies
[22:47:05]   [video 361/1447] yt-dlp sTptUmwHBtI (1 clip(s) needed) ...
[22:47:09]     FAILED: ERROR: [youtube] sTptUmwHBtI: Sign in to confirm you’re not a bot. Use --cookies-from-browser or --cookies for the authentication. See  https://github.com/yt-dlp/yt-dlp/wiki/FAQ#how-do-i-pass-cookies-to-yt-dlp  for how to manually pass cookies. Also see  https://github.com/yt-dlp/yt-dlp/wiki/Extractors#exporting-youtube-cookies  for tips on effectively exporting YouTube cookies
[22:47:09]   [video 362/1447] yt-dlp QSWWUJ4K4xg (1 clip(s) needed) ...
[22:47:13]     FAILED: ERROR: [youtube] QSWWUJ4K4xg: Sign in to confirm you’re not a bot. Use --cookies-from-browser or --cookies for the authentication. See  https://github.com/yt-dlp/yt-dlp/wiki/FAQ#how-do-i-pass-cookies-to-yt-dlp  for how to manually pass cookies. Also see  https://github.com/yt-dlp/yt-dlp/wiki/Extractors#exporting-youtube-cookies  for tips on effectively exporting YouTube cookies
[22:47:13]   [video 363/1447] yt-dlp yAlBAhxr8ic (1 clip(s) needed) ...
[22:47:16]     FAILED: ERROR: [youtube] yAlBAhxr8ic: Sign in to confirm you’re not a bot. Use --cookies-from-browser or --cookies for the authentication. See  https://github.com/yt-dlp/yt-dlp/wiki/FAQ#how-do-i-pass-cookies-to-yt-dlp  for how to manually pass cookies. Also see  https://github.com/yt-dlp/yt-dlp/wiki/Extractors#exporting-youtube-cookies  for tips on effectively exporting YouTube cookies
[22:47:16]   [video 364/1447] yt-dlp 2e8na1xKMsU (1 clip(s) needed) ...
[22:47:20]     FAILED: ERROR: [youtube] 2e8na1xKMsU: This video is not available
[22:47:20]   [video 365/1447] yt-dlp CwMgn2m1dLE (1 clip(s) needed) ...
[22:47:24]     FAILED: ERROR: [youtube] CwMgn2m1dLE: This video is not available
[22:47:24]   [video 366/1447] yt-dlp nRR4paQnUsQ (1 clip(s) needed) ...
[22:47:28]     FAILED: ERROR: [youtube] nRR4paQnUsQ: Sign in to confirm you’re not a bot. Use --cookies-from-browser or --cookies for the authentication. See  https://github.com/yt-dlp/yt-dlp/wiki/FAQ#how-do-i-pass-cookies-to-yt-dlp  for how to manually pass cookies. Also see  https://github.com/yt-dlp/yt-dlp/wiki/Extractors#exporting-youtube-cookies  for tips on effectively exporting YouTube cookies
[22:47:28]   [video 367/1447] yt-dlp Kk0vS9ckyiI (1 clip(s) needed) ...
[22:47:32]     FAILED: ERROR: [youtube] Kk0vS9ckyiI: Sign in to confirm you’re not a bot. Use --cookies-from-browser or --cookies for the authentication. See  https://github.com/yt-dlp/yt-dlp/wiki/FAQ#how-do-i-pass-cookies-to-yt-dlp  for how to manually pass cookies. Also see  https://github.com/yt-dlp/yt-dlp/wiki/Extractors#exporting-youtube-cookies  for tips on effectively exporting YouTube cookies
[22:47:32]   [video 368/1447] yt-dlp rxho1JrmbIk (1 clip(s) needed) ...
[22:47:36]     FAILED: ERROR: [youtube] rxho1JrmbIk: Sign in to confirm you’re not a bot. Use --cookies-from-browser or --cookies for the authentication. See  https://github.com/yt-dlp/yt-dlp/wiki/FAQ#how-do-i-pass-cookies-to-yt-dlp  for how to manually pass cookies. Also see  https://github.com/yt-dlp/yt-dlp/wiki/Extractors#exporting-youtube-cookies  for tips on effectively exporting YouTube cookies
[22:47:36]   [video 369/1447] yt-dlp ctTi1wLXndg (1 clip(s) needed) ...
[22:47:40]     FAILED: ERROR: [youtube] ctTi1wLXndg: Sign in to confirm you’re not a bot. Use --cookies-from-browser or --cookies for the authentication. See  https://github.com/yt-dlp/yt-dlp/wiki/FAQ#how-do-i-pass-cookies-to-yt-dlp  for how to manually pass cookies. Also see  https://github.com/yt-dlp/yt-dlp/wiki/Extractors#exporting-youtube-cookies  for tips on effectively exporting YouTube cookies
[22:47:40]   [video 370/1447] yt-dlp hnqIJeuixcY (1 clip(s) needed) ...
[22:47:43]     FAILED: ERROR: [youtube] hnqIJeuixcY: Sign in to confirm you’re not a bot. Use --cookies-from-browser or --cookies for the authentication. See  https://github.com/yt-dlp/yt-dlp/wiki/FAQ#how-do-i-pass-cookies-to-yt-dlp  for how to manually pass cookies. Also see  https://github.com/yt-dlp/yt-dlp/wiki/Extractors#exporting-youtube-cookies  for tips on effectively exporting YouTube cookies
[22:47:43]   [video 371/1447] yt-dlp HYMKd5uDRBs (1 clip(s) needed) ...
[22:47:47]     FAILED: ERROR: [youtube] HYMKd5uDRBs: Sign in to confirm you’re not a bot. Use --cookies-from-browser or --cookies for the authentication. See  https://github.com/yt-dlp/yt-dlp/wiki/FAQ#how-do-i-pass-cookies-to-yt-dlp  for how to manually pass cookies. Also see  https://github.com/yt-dlp/yt-dlp/wiki/Extractors#exporting-youtube-cookies  for tips on effectively exporting YouTube cookies
[22:47:47]   [video 372/1447] yt-dlp EvGOlAkLSLw (1 clip(s) needed) ...
[22:47:50]     FAILED: ERROR: [youtube] EvGOlAkLSLw: Sign in to confirm you’re not a bot. Use --cookies-from-browser or --cookies for the authentication. See  https://github.com/yt-dlp/yt-dlp/wiki/FAQ#how-do-i-pass-cookies-to-yt-dlp  for how to manually pass cookies. Also see  https://github.com/yt-dlp/yt-dlp/wiki/Extractors#exporting-youtube-cookies  for tips on effectively exporting YouTube cookies
[22:47:50]   [video 373/1447] yt-dlp 4Cjm0vZM2O0 (1 clip(s) needed) ...
[22:47:54]     FAILED: ERROR: [youtube] 4Cjm0vZM2O0: Sign in to confirm you’re not a bot. Use --cookies-from-browser or --cookies for the authentication. See  https://github.com/yt-dlp/yt-dlp/wiki/FAQ#how-do-i-pass-cookies-to-yt-dlp  for how to manually pass cookies. Also see  https://github.com/yt-dlp/yt-dlp/wiki/Extractors#exporting-youtube-cookies  for tips on effectively exporting YouTube cookies
[22:47:54]   [video 374/1447] yt-dlp 0ZBg5qtq0BY (1 clip(s) needed) ...
[22:47:58]     FAILED: ERROR: [youtube] 0ZBg5qtq0BY: Sign in to confirm you’re not a bot. Use --cookies-from-browser or --cookies for the authentication. See  https://github.com/yt-dlp/yt-dlp/wiki/FAQ#how-do-i-pass-cookies-to-yt-dlp  for how to manually pass cookies. Also see  https://github.com/yt-dlp/yt-dlp/wiki/Extractors#exporting-youtube-cookies  for tips on effectively exporting YouTube cookies
[22:47:58]   [video 375/1447] yt-dlp vObSv8PqZVI (1 clip(s) needed) ...
[22:48:01]     FAILED: ERROR: [youtube] vObSv8PqZVI: Sign in to confirm you’re not a bot. Use --cookies-from-browser or --cookies for the authentication. See  https://github.com/yt-dlp/yt-dlp/wiki/FAQ#how-do-i-pass-cookies-to-yt-dlp  for how to manually pass cookies. Also see  https://github.com/yt-dlp/yt-dlp/wiki/Extractors#exporting-youtube-cookies  for tips on effectively exporting YouTube cookies
[22:48:01]   [video 376/1447] yt-dlp wspU5rYFv5o (1 clip(s) needed) ...
[22:48:05]     FAILED: ERROR: [youtube] wspU5rYFv5o: Sign in to confirm you’re not a bot. Use --cookies-from-browser or --cookies for the authentication. See  https://github.com/yt-dlp/yt-dlp/wiki/FAQ#how-do-i-pass-cookies-to-yt-dlp  for how to manually pass cookies. Also see  https://github.com/yt-dlp/yt-dlp/wiki/Extractors#exporting-youtube-cookies  for tips on effectively exporting YouTube cookies
[22:48:05]   [video 377/1447] yt-dlp ShwDwKDAnXA (1 clip(s) needed) ...
[22:48:09]     FAILED: ERROR: [youtube] ShwDwKDAnXA: Sign in to confirm you’re not a bot. Use --cookies-from-browser or --cookies for the authentication. See  https://github.com/yt-dlp/yt-dlp/wiki/FAQ#how-do-i-pass-cookies-to-yt-dlp  for how to manually pass cookies. Also see  https://github.com/yt-dlp/yt-dlp/wiki/Extractors#exporting-youtube-cookies  for tips on effectively exporting YouTube cookies
[22:48:09]   [video 378/1447] yt-dlp 8vX4ohlf26g (1 clip(s) needed) ...
[22:48:13]     FAILED: ERROR: [youtube] 8vX4ohlf26g: Sign in to confirm you’re not a bot. Use --cookies-from-browser or --cookies for the authentication. See  https://github.com/yt-dlp/yt-dlp/wiki/FAQ#how-do-i-pass-cookies-to-yt-dlp  for how to manually pass cookies. Also see  https://github.com/yt-dlp/yt-dlp/wiki/Extractors#exporting-youtube-cookies  for tips on effectively exporting YouTube cookies
[22:48:13]   [video 379/1447] yt-dlp qhcEHhsn76g (1 clip(s) needed) ...
[22:48:16]     FAILED: ERROR: [youtube] qhcEHhsn76g: Sign in to confirm you’re not a bot. Use --cookies-from-browser or --cookies for the authentication. See  https://github.com/yt-dlp/yt-dlp/wiki/FAQ#how-do-i-pass-cookies-to-yt-dlp  for how to manually pass cookies. Also see  https://github.com/yt-dlp/yt-dlp/wiki/Extractors#exporting-youtube-cookies  for tips on effectively exporting YouTube cookies
[22:48:16]   [video 380/1447] yt-dlp j7DqZnz_V4c (1 clip(s) needed) ...
[22:48:20]     FAILED: ERROR: [youtube] j7DqZnz_V4c: Sign in to confirm you’re not a bot. Use --cookies-from-browser or --cookies for the authentication. See  https://github.com/yt-dlp/yt-dlp/wiki/FAQ#how-do-i-pass-cookies-to-yt-dlp  for how to manually pass cookies. Also see  https://github.com/yt-dlp/yt-dlp/wiki/Extractors#exporting-youtube-cookies  for tips on effectively exporting YouTube cookies
[22:48:20]   [video 381/1447] yt-dlp NqrCupTfe7U (1 clip(s) needed) ...
[22:48:23]     FAILED: ERROR: [youtube] NqrCupTfe7U: Sign in to confirm you’re not a bot. Use --cookies-from-browser or --cookies for the authentication. See  https://github.com/yt-dlp/yt-dlp/wiki/FAQ#how-do-i-pass-cookies-to-yt-dlp  for how to manually pass cookies. Also see  https://github.com/yt-dlp/yt-dlp/wiki/Extractors#exporting-youtube-cookies  for tips on effectively exporting YouTube cookies
[22:48:23]   [video 382/1447] yt-dlp aaLCEdjsBrs (1 clip(s) needed) ...
[22:48:28]     FAILED: ERROR: [youtube] aaLCEdjsBrs: Sign in to confirm you’re not a bot. Use --cookies-from-browser or --cookies for the authentication. See  https://github.com/yt-dlp/yt-dlp/wiki/FAQ#how-do-i-pass-cookies-to-yt-dlp  for how to manually pass cookies. Also see  https://github.com/yt-dlp/yt-dlp/wiki/Extractors#exporting-youtube-cookies  for tips on effectively exporting YouTube cookies
[22:48:28]   [video 383/1447] yt-dlp gGpftsiiESg (1 clip(s) needed) ...
[22:48:32]     FAILED: ERROR: [youtube] gGpftsiiESg: Sign in to confirm you’re not a bot. Use --cookies-from-browser or --cookies for the authentication. See  https://github.com/yt-dlp/yt-dlp/wiki/FAQ#how-do-i-pass-cookies-to-yt-dlp  for how to manually pass cookies. Also see  https://github.com/yt-dlp/yt-dlp/wiki/Extractors#exporting-youtube-cookies  for tips on effectively exporting YouTube cookies
[22:48:32]   [video 384/1447] yt-dlp CpyzejBD82M (1 clip(s) needed) ...
[22:48:36]     FAILED: ERROR: [youtube] CpyzejBD82M: Sign in to confirm you’re not a bot. Use --cookies-from-browser or --cookies for the authentication. See  https://github.com/yt-dlp/yt-dlp/wiki/FAQ#how-do-i-pass-cookies-to-yt-dlp  for how to manually pass cookies. Also see  https://github.com/yt-dlp/yt-dlp/wiki/Extractors#exporting-youtube-cookies  for tips on effectively exporting YouTube cookies
[22:48:36]   [video 385/1447] yt-dlp Y2Q49gMTESA (1 clip(s) needed) ...
[22:48:40]     FAILED: ERROR: [youtube] Y2Q49gMTESA: Sign in to confirm you’re not a bot. Use --cookies-from-browser or --cookies for the authentication. See  https://github.com/yt-dlp/yt-dlp/wiki/FAQ#how-do-i-pass-cookies-to-yt-dlp  for how to manually pass cookies. Also see  https://github.com/yt-dlp/yt-dlp/wiki/Extractors#exporting-youtube-cookies  for tips on effectively exporting YouTube cookies
[22:48:40]   [video 386/1447] yt-dlp FZOhvk6bJGg (1 clip(s) needed) ...
[22:48:43]     FAILED: ERROR: [youtube] FZOhvk6bJGg: Sign in to confirm you’re not a bot. Use --cookies-from-browser or --cookies for the authentication. See  https://github.com/yt-dlp/yt-dlp/wiki/FAQ#how-do-i-pass-cookies-to-yt-dlp  for how to manually pass cookies. Also see  https://github.com/yt-dlp/yt-dlp/wiki/Extractors#exporting-youtube-cookies  for tips on effectively exporting YouTube cookies
[22:48:43]   [video 387/1447] yt-dlp F_ZSvpSQJFc (1 clip(s) needed) ...
[22:48:47]     FAILED: ERROR: [youtube] F_ZSvpSQJFc: Sign in to confirm you’re not a bot. Use --cookies-from-browser or --cookies for the authentication. See  https://github.com/yt-dlp/yt-dlp/wiki/FAQ#how-do-i-pass-cookies-to-yt-dlp  for how to manually pass cookies. Also see  https://github.com/yt-dlp/yt-dlp/wiki/Extractors#exporting-youtube-cookies  for tips on effectively exporting YouTube cookies
[22:48:47]   [video 388/1447] yt-dlp B3OuJnI0CsI (1 clip(s) needed) ...
[22:48:51]     FAILED: ERROR: [youtube] B3OuJnI0CsI: Sign in to confirm you’re not a bot. Use --cookies-from-browser or --cookies for the authentication. See  https://github.com/yt-dlp/yt-dlp/wiki/FAQ#how-do-i-pass-cookies-to-yt-dlp  for how to manually pass cookies. Also see  https://github.com/yt-dlp/yt-dlp/wiki/Extractors#exporting-youtube-cookies  for tips on effectively exporting YouTube cookies
[22:48:51]   [video 389/1447] yt-dlp aEq0InlwNAM (1 clip(s) needed) ...
[22:48:54]     FAILED: ERROR: [youtube] aEq0InlwNAM: Sign in to confirm you’re not a bot. Use --cookies-from-browser or --cookies for the authentication. See  https://github.com/yt-dlp/yt-dlp/wiki/FAQ#how-do-i-pass-cookies-to-yt-dlp  for how to manually pass cookies. Also see  https://github.com/yt-dlp/yt-dlp/wiki/Extractors#exporting-youtube-cookies  for tips on effectively exporting YouTube cookies
[22:48:54]   [video 390/1447] yt-dlp dxeeBSsPpaE (1 clip(s) needed) ...
[22:48:58]     FAILED: ERROR: [youtube] dxeeBSsPpaE: Sign in to confirm you’re not a bot. Use --cookies-from-browser or --cookies for the authentication. See  https://github.com/yt-dlp/yt-dlp/wiki/FAQ#how-do-i-pass-cookies-to-yt-dlp  for how to manually pass cookies. Also see  https://github.com/yt-dlp/yt-dlp/wiki/Extractors#exporting-youtube-cookies  for tips on effectively exporting YouTube cookies
[22:48:58]   [video 391/1447] yt-dlp 6p18EtJ0sQ8 (1 clip(s) needed) ...
[22:49:01]     FAILED: ERROR: [youtube] 6p18EtJ0sQ8: Sign in to confirm you’re not a bot. Use --cookies-from-browser or --cookies for the authentication. See  https://github.com/yt-dlp/yt-dlp/wiki/FAQ#how-do-i-pass-cookies-to-yt-dlp  for how to manually pass cookies. Also see  https://github.com/yt-dlp/yt-dlp/wiki/Extractors#exporting-youtube-cookies  for tips on effectively exporting YouTube cookies
[22:49:01]   [video 392/1447] yt-dlp skksk_E7Gls (1 clip(s) needed) ...
[22:49:05]     FAILED: ERROR: [youtube] skksk_E7Gls: Sign in to confirm you’re not a bot. Use --cookies-from-browser or --cookies for the authentication. See  https://github.com/yt-dlp/yt-dlp/wiki/FAQ#how-do-i-pass-cookies-to-yt-dlp  for how to manually pass cookies. Also see  https://github.com/yt-dlp/yt-dlp/wiki/Extractors#exporting-youtube-cookies  for tips on effectively exporting YouTube cookies
[22:49:05]   [video 393/1447] yt-dlp DBJ4CgverfE (1 clip(s) needed) ...
[22:49:09]     FAILED: ERROR: [youtube] DBJ4CgverfE: Sign in to confirm you’re not a bot. Use --cookies-from-browser or --cookies for the authentication. See  https://github.com/yt-dlp/yt-dlp/wiki/FAQ#how-do-i-pass-cookies-to-yt-dlp  for how to manually pass cookies. Also see  https://github.com/yt-dlp/yt-dlp/wiki/Extractors#exporting-youtube-cookies  for tips on effectively exporting YouTube cookies
[22:49:09]   [video 394/1447] yt-dlp wy6UrteHU4M (1 clip(s) needed) ...
[22:49:13]     FAILED: ERROR: [youtube] wy6UrteHU4M: Sign in to confirm you’re not a bot. Use --cookies-from-browser or --cookies for the authentication. See  https://github.com/yt-dlp/yt-dlp/wiki/FAQ#how-do-i-pass-cookies-to-yt-dlp  for how to manually pass cookies. Also see  https://github.com/yt-dlp/yt-dlp/wiki/Extractors#exporting-youtube-cookies  for tips on effectively exporting YouTube cookies
[22:49:13]   [video 395/1447] yt-dlp dknJBcBTmyE (1 clip(s) needed) ...
[22:49:16]     FAILED: ERROR: [youtube] dknJBcBTmyE: Sign in to confirm you’re not a bot. Use --cookies-from-browser or --cookies for the authentication. See  https://github.com/yt-dlp/yt-dlp/wiki/FAQ#how-do-i-pass-cookies-to-yt-dlp  for how to manually pass cookies. Also see  https://github.com/yt-dlp/yt-dlp/wiki/Extractors#exporting-youtube-cookies  for tips on effectively exporting YouTube cookies
[22:49:16]   [video 396/1447] yt-dlp d_WIvsrRKjk (1 clip(s) needed) ...
[22:49:20]     FAILED: ERROR: [youtube] d_WIvsrRKjk: Sign in to confirm you’re not a bot. Use --cookies-from-browser or --cookies for the authentication. See  https://github.com/yt-dlp/yt-dlp/wiki/FAQ#how-do-i-pass-cookies-to-yt-dlp  for how to manually pass cookies. Also see  https://github.com/yt-dlp/yt-dlp/wiki/Extractors#exporting-youtube-cookies  for tips on effectively exporting YouTube cookies
[22:49:20]   [video 397/1447] yt-dlp W_EfeHIOfsQ (1 clip(s) needed) ...
[22:49:24]     FAILED: ERROR: [youtube] W_EfeHIOfsQ: Sign in to confirm you’re not a bot. Use --cookies-from-browser or --cookies for the authentication. See  https://github.com/yt-dlp/yt-dlp/wiki/FAQ#how-do-i-pass-cookies-to-yt-dlp  for how to manually pass cookies. Also see  https://github.com/yt-dlp/yt-dlp/wiki/Extractors#exporting-youtube-cookies  for tips on effectively exporting YouTube cookies
[22:49:24]   [video 398/1447] yt-dlp pzBit8wliVM (1 clip(s) needed) ...
[22:49:29]     FAILED: ERROR: [youtube] pzBit8wliVM: Sign in to confirm you’re not a bot. Use --cookies-from-browser or --cookies for the authentication. See  https://github.com/yt-dlp/yt-dlp/wiki/FAQ#how-do-i-pass-cookies-to-yt-dlp  for how to manually pass cookies. Also see  https://github.com/yt-dlp/yt-dlp/wiki/Extractors#exporting-youtube-cookies  for tips on effectively exporting YouTube cookies
[22:49:29]   [video 399/1447] yt-dlp EupVeNnSzO8 (1 clip(s) needed) ...
[22:49:33]     FAILED: ERROR: [youtube] EupVeNnSzO8: Sign in to confirm you’re not a bot. Use --cookies-from-browser or --cookies for the authentication. See  https://github.com/yt-dlp/yt-dlp/wiki/FAQ#how-do-i-pass-cookies-to-yt-dlp  for how to manually pass cookies. Also see  https://github.com/yt-dlp/yt-dlp/wiki/Extractors#exporting-youtube-cookies  for tips on effectively exporting YouTube cookies
[22:49:33]   [video 400/1447] yt-dlp bBdsJ_Cq4Ss (1 clip(s) needed) ...
[22:50:07]     [400/1447] cutting bBdsJ_Cq4Ss_0.mp4 (0:00:03.470 -> 0:00:31.331)
[22:50:08]   [video 401/1447] yt-dlp wpsgfdtNMWk (1 clip(s) needed) ...
[22:50:18]     [401/1447] cutting wpsgfdtNMWk_2.mp4 (0:01:00.560 -> 0:01:06.666)
[22:50:19]   [video 402/1447] yt-dlp bxW9bRsr_rU (1 clip(s) needed) ...
[22:50:51]     [402/1447] cutting bxW9bRsr_rU_35.mp4 (0:08:23.794 -> 0:08:32.553)
[22:50:52]   [video 403/1447] yt-dlp 9DKNbhgDBN4 (1 clip(s) needed) ...
[22:50:55]     FAILED: ERROR: [youtube] 9DKNbhgDBN4: Private video
[22:50:55]   [video 404/1447] yt-dlp _xxl5o-7-zE (1 clip(s) needed) ...
[22:52:23]     [404/1447] cutting _xxl5o-7-zE_1.mp4 (0:02:48.234 -> 0:03:36.282)
[22:52:24]   [video 405/1447] yt-dlp 8BhntKzc0TY (1 clip(s) needed) ...
[22:52:58]     [405/1447] cutting 8BhntKzc0TY_8.mp4 (0:05:38.571 -> 0:05:46.779)
[22:52:58]   [video 406/1447] yt-dlp fmF09VS_oyo (1 clip(s) needed) ...
[22:53:22]     [406/1447] cutting fmF09VS_oyo_33.mp4 (0:09:49.555 -> 0:09:58.965)
[22:53:23]   [video 407/1447] yt-dlp dCwLaQ_JVe4 (1 clip(s) needed) ...
[22:53:36]     [407/1447] cutting dCwLaQ_JVe4_12.mp4 (0:02:22.767 -> 0:02:26.980)
[22:53:36]   [video 408/1447] yt-dlp u1nq7a-GrFk (1 clip(s) needed) ...
[22:53:43]     [408/1447] cutting u1nq7a-GrFk_4.mp4 (0:00:26.234 -> 0:00:30.905)
[22:53:43]   [video 409/1447] yt-dlp Tspst8nKqCw (1 clip(s) needed) ...
[22:54:07]     [409/1447] cutting Tspst8nKqCw_6.mp4 (0:02:19.072 -> 0:02:22.575)
[22:54:07]   [video 410/1447] yt-dlp L32u5GHo9uQ (1 clip(s) needed) ...
[22:54:21]     [410/1447] cutting L32u5GHo9uQ_11.mp4 (0:02:37.257 -> 0:02:44.063)
[22:54:21]   [video 411/1447] yt-dlp ZsMxGbwfcXE (1 clip(s) needed) ...
[22:54:37]     [411/1447] cutting ZsMxGbwfcXE_2.mp4 (0:05:01.934 -> 0:05:07.440)
[22:54:37]   [video 412/1447] yt-dlp LBl1VMYdu3M (1 clip(s) needed) ...
[22:54:44]     [412/1447] cutting LBl1VMYdu3M_5.mp4 (0:00:43.243 -> 0:00:47.547)
[22:54:45]   [video 413/1447] yt-dlp 2OLnbcFfqqk (1 clip(s) needed) ...
[22:54:48]     FAILED: ERROR: [youtube] 2OLnbcFfqqk: This video is unavailable
[22:54:48]   [video 414/1447] yt-dlp MOKej2-JrYw (1 clip(s) needed) ...
[22:55:03]     [414/1447] cutting MOKej2-JrYw_4.mp4 (0:01:15.942 -> 0:01:20.046)
[22:55:04]   [video 415/1447] yt-dlp ZJ81xK-JCJA (1 clip(s) needed) ...
[22:55:37]     [415/1447] cutting ZJ81xK-JCJA_1.mp4 (0:01:03.363 -> 0:01:51.411)
[22:55:39]   [video 416/1447] yt-dlp g052fuI0uMI (1 clip(s) needed) ...
[22:55:57]     [416/1447] cutting g052fuI0uMI_3.mp4 (0:02:37.090 -> 0:03:00.980)
[22:55:58]   [video 417/1447] yt-dlp xGZOLU3cLZE (1 clip(s) needed) ...
[22:56:02]     FAILED: ERROR: [youtube] xGZOLU3cLZE: Please sign in. Use --cookies-from-browser or --cookies for the authentication. See  https://github.com/yt-dlp/yt-dlp/wiki/FAQ#how-do-i-pass-cookies-to-yt-dlp  for how to manually pass cookies. Also see  https://github.com/yt-dlp/yt-dlp/wiki/Extractors#exporting-youtube-cookies  for tips on effectively exporting YouTube cookies
[22:56:02]   [video 418/1447] yt-dlp Sys_dCVnhmQ (1 clip(s) needed) ...
[22:56:04]     FAILED: ERROR: [youtube] Sys_dCVnhmQ: Private video
[22:56:04]   [video 419/1447] yt-dlp 80rfyr9WDFs (1 clip(s) needed) ...
[22:56:24]     [419/1447] cutting 80rfyr9WDFs_16.mp4 (0:03:41.133 -> 0:03:46.333)
[22:56:24]   [video 420/1447] yt-dlp l8FMRh4nNx0 (1 clip(s) needed) ...
[22:56:28]     FAILED: ERROR: [youtube] l8FMRh4nNx0: This video is not available
[22:56:28]   [video 421/1447] yt-dlp upw-HOUJzk4 (1 clip(s) needed) ...
[22:56:40]     [421/1447] cutting upw-HOUJzk4_15.mp4 (0:01:51.600 -> 0:01:56.480)
[22:56:40]   [video 422/1447] yt-dlp A1eHgIqV71Q (1 clip(s) needed) ...
[22:57:10]     [422/1447] cutting A1eHgIqV71Q_36.mp4 (0:08:29.108 -> 0:08:35.281)
[22:57:10]   [video 423/1447] yt-dlp rS3AS8sNSsM (1 clip(s) needed) ...
[22:57:24]     [423/1447] cutting rS3AS8sNSsM_1.mp4 (0:00:27.861 -> 0:00:47.781)
[22:57:25]   [video 424/1447] yt-dlp AKTG9TjcJB8 (1 clip(s) needed) ...
[22:57:41]     [424/1447] cutting AKTG9TjcJB8_2.mp4 (0:07:11.664 -> 0:07:59.712)
[22:57:42]   [video 425/1447] yt-dlp 2kWhDth0Tik (1 clip(s) needed) ...
[22:58:04]     [425/1447] cutting 2kWhDth0Tik_72.mp4 (0:13:04.667 -> 0:13:12.675)
[22:58:05]   [video 426/1447] yt-dlp xbUfBBSojQ0 (1 clip(s) needed) ...
[22:58:37]     [426/1447] cutting xbUfBBSojQ0_19.mp4 (0:05:20.219 -> 0:05:32.999)
[22:58:38]   [video 427/1447] yt-dlp ScRrg8a5fpI (1 clip(s) needed) ...
[22:58:51]     [427/1447] cutting ScRrg8a5fpI_6.mp4 (0:00:47.514 -> 0:00:51.785)
[22:58:51]   [video 428/1447] yt-dlp KfHbGyDJz7s (1 clip(s) needed) ...
[22:59:10]     [428/1447] cutting KfHbGyDJz7s_14.mp4 (0:03:46.993 -> 0:03:57.170)
[22:59:11]   [video 429/1447] yt-dlp 3giorhmPPTs (1 clip(s) needed) ...
[22:59:25]     [429/1447] cutting 3giorhmPPTs_28.mp4 (0:02:58.011 -> 0:03:09.731)
[22:59:25]   [video 430/1447] yt-dlp Rp3tde_n9jk (1 clip(s) needed) ...
[22:59:43]     [430/1447] cutting Rp3tde_n9jk_1.mp4 (0:02:34.270 -> 0:02:51.604)
[22:59:44]   [video 431/1447] yt-dlp nWkulSQhVws (1 clip(s) needed) ...
[23:00:10]     [431/1447] cutting nWkulSQhVws_6.mp4 (0:06:52.612 -> 0:06:55.948)
[23:00:10]   [video 432/1447] yt-dlp AfM8rx7BSN8 (1 clip(s) needed) ...
[23:00:26]     [432/1447] cutting AfM8rx7BSN8_16.mp4 (0:04:20.900 -> 0:04:26.266)
[23:00:26]   [video 433/1447] yt-dlp QFYHZGcJ0H8 (1 clip(s) needed) ...
[23:00:55]     [433/1447] cutting QFYHZGcJ0H8_10.mp4 (0:03:18.097 -> 0:03:22.302)
[23:00:56]   [video 434/1447] yt-dlp TB5rSDmyyJk (1 clip(s) needed) ...
[23:01:01]     [434/1447] cutting TB5rSDmyyJk_6.mp4 (0:01:59.636 -> 0:02:07.193)
[23:01:02]   [video 435/1447] yt-dlp elEpd2aoYQE (1 clip(s) needed) ...
[23:01:33]     [435/1447] cutting elEpd2aoYQE_1.mp4 (0:00:20.520 -> 0:00:34.334)
[23:01:34]   [video 436/1447] yt-dlp Ngk1FDVd0rs (1 clip(s) needed) ...
[23:01:42]     [436/1447] cutting Ngk1FDVd0rs_4.mp4 (0:00:33.166 -> 0:00:37.270)
[23:01:42]   [video 437/1447] yt-dlp BdCYG-hfGA8 (1 clip(s) needed) ...
[23:02:06]     [437/1447] cutting BdCYG-hfGA8_40.mp4 (0:07:09.133 -> 0:07:15.800)
[23:02:06]   [video 438/1447] yt-dlp wfJz189TzKc (1 clip(s) needed) ...
[23:02:51]     [438/1447] cutting wfJz189TzKc_11.mp4 (0:11:27.440 -> 0:12:15.440)
[23:02:53]   [video 439/1447] yt-dlp Buvii64raoU (1 clip(s) needed) ...
[23:03:22]     [439/1447] cutting Buvii64raoU_1.mp4 (0:00:57.520 -> 0:01:35.280)
[23:03:24]   [video 440/1447] yt-dlp D3KYsiymEHA (1 clip(s) needed) ...
[23:03:34]     [440/1447] cutting D3KYsiymEHA_11.mp4 (0:01:11.704 -> 0:01:17.077)
[23:03:34]   [video 441/1447] yt-dlp joXOyrADBRE (1 clip(s) needed) ...
[23:03:45]     [441/1447] cutting joXOyrADBRE_8.mp4 (0:01:32.892 -> 0:01:36.930)
[23:03:46]   [video 442/1447] yt-dlp yz2RXwEzVrY (1 clip(s) needed) ...
[23:04:50]     [442/1447] cutting yz2RXwEzVrY_28.mp4 (0:07:12.932 -> 0:07:24.277)
[23:04:51]   [video 443/1447] yt-dlp 2goOVvySl_M (1 clip(s) needed) ...
[23:05:03]     [443/1447] cutting 2goOVvySl_M_8.mp4 (0:04:58.765 -> 0:05:02.802)
[23:05:04]   [video 444/1447] yt-dlp E3rgarVNmIs (1 clip(s) needed) ...
[23:05:11]     [444/1447] cutting E3rgarVNmIs_4.mp4 (0:00:36.069 -> 0:00:42.909)
[23:05:12]   [video 445/1447] yt-dlp LBUXKwllDn8 (1 clip(s) needed) ...
[23:05:23]     [445/1447] cutting LBUXKwllDn8_15.mp4 (0:02:40.426 -> 0:02:49.235)
[23:05:23]   [video 446/1447] yt-dlp xJZyODnVefQ (1 clip(s) needed) ...
[23:05:26]     FAILED: ERROR: [youtube] xJZyODnVefQ: This video is not available
[23:05:26]   [video 447/1447] yt-dlp C22EGX5gwfI (1 clip(s) needed) ...
[23:05:39]     [447/1447] cutting C22EGX5gwfI_4.mp4 (0:01:07.600 -> 0:01:32.592)
[23:05:40]   [video 448/1447] yt-dlp W9q1Q74CTg4 (1 clip(s) needed) ...
[23:06:14]     [448/1447] cutting W9q1Q74CTg4_47.mp4 (0:06:49.809 -> 0:06:55.882)
[23:06:14]   [video 449/1447] yt-dlp dKtv8x3lNOo (1 clip(s) needed) ...
[23:06:35]     [449/1447] cutting dKtv8x3lNOo_14.mp4 (0:04:04.611 -> 0:04:16.589)
[23:06:35]   [video 450/1447] yt-dlp uDKqL9rAYSg (1 clip(s) needed) ...
[23:06:52]     [450/1447] cutting uDKqL9rAYSg_7.mp4 (0:04:01.333 -> 0:04:14.708)
[23:06:52]   [video 451/1447] yt-dlp RemW10pi2JQ (1 clip(s) needed) ...
[23:07:03]     [451/1447] cutting RemW10pi2JQ_21.mp4 (0:01:59.619 -> 0:02:03.039)
[23:07:04]   [video 452/1447] yt-dlp xphOjqVD5yY (1 clip(s) needed) ...
[23:08:09]     [452/1447] cutting xphOjqVD5yY_74.mp4 (0:19:36.875 -> 0:19:47.386)
[23:08:09]   [video 453/1447] yt-dlp w_XvtHHtfg0 (1 clip(s) needed) ...
[23:08:29]     [453/1447] cutting w_XvtHHtfg0_13.mp4 (0:02:04.040 -> 0:02:09.480)
[23:08:29]   [video 454/1447] yt-dlp m9vj8x1qBPA (1 clip(s) needed) ...
[23:08:44]     [454/1447] cutting m9vj8x1qBPA_4.mp4 (0:00:28.661 -> 0:00:44.611)
[23:08:45]   [video 455/1447] yt-dlp nRPoWcEKzVA (1 clip(s) needed) ...
[23:09:17]     [455/1447] cutting nRPoWcEKzVA_7.mp4 (0:03:43.089 -> 0:03:56.502)
[23:09:18]   [video 456/1447] yt-dlp G29HvOWVln0 (1 clip(s) needed) ...
[23:10:34]     [456/1447] cutting G29HvOWVln0_142.mp4 (0:20:01.742 -> 0:20:05.871)
[23:10:34]   [video 457/1447] yt-dlp 85PQknw_hls (1 clip(s) needed) ...
[23:10:41]     [457/1447] cutting 85PQknw_hls_1.mp4 (0:00:16.082 -> 0:00:20.920)
[23:10:41]   [video 458/1447] yt-dlp i3zMyH2ovXM (1 clip(s) needed) ...
[23:10:44]     FAILED: ERROR: [youtube] i3zMyH2ovXM: This video is not available
[23:10:44]   [video 459/1447] yt-dlp rcFNiVIo0HA (1 clip(s) needed) ...
[23:11:05]     [459/1447] cutting rcFNiVIo0HA_24.mp4 (0:03:33.379 -> 0:03:37.517)
[23:11:06]   [video 460/1447] yt-dlp ftsQYS1fkOs (1 clip(s) needed) ...
[23:11:27]     [460/1447] cutting ftsQYS1fkOs_71.mp4 (0:13:25.387 -> 0:13:30.059)
[23:11:28]   [video 461/1447] yt-dlp kFy8E_NiLY0 (1 clip(s) needed) ...
[23:11:42]     [461/1447] cutting kFy8E_NiLY0_36.mp4 (0:04:55.440 -> 0:05:05.520)
[23:11:43]   [video 462/1447] yt-dlp k9q9u52oYKM (1 clip(s) needed) ...
[23:12:07]     [462/1447] cutting k9q9u52oYKM_2.mp4 (0:03:24.704 -> 0:03:29.509)
[23:12:07]   [video 463/1447] yt-dlp 4Qu7gazTS-U (1 clip(s) needed) ...
[23:12:26]     [463/1447] cutting 4Qu7gazTS-U_2.mp4 (0:01:34.033 -> 0:01:50.033)
[23:12:27]   [video 464/1447] yt-dlp LMgYK0TgajU (1 clip(s) needed) ...
[23:12:45]     [464/1447] cutting LMgYK0TgajU_26.mp4 (0:03:22.952 -> 0:03:30.627)
[23:12:45]   [video 465/1447] yt-dlp danm2Kgxozo (1 clip(s) needed) ...
[23:12:53]     [465/1447] cutting danm2Kgxozo_10.mp4 (0:01:35.562 -> 0:01:38.615)
[23:12:53]   [video 466/1447] yt-dlp dsMQoZcCfns (1 clip(s) needed) ...
[23:13:10]     [466/1447] cutting dsMQoZcCfns_16.mp4 (0:02:37.390 -> 0:02:52.105)
[23:13:11]   [video 467/1447] yt-dlp LjnRBI0HyFQ (1 clip(s) needed) ...
[23:13:31]     [467/1447] cutting LjnRBI0HyFQ_6.mp4 (0:03:37.541 -> 0:03:46.250)
[23:13:31]   [video 468/1447] yt-dlp eUPHNLWuhrA (1 clip(s) needed) ...
[23:13:41]     [468/1447] cutting eUPHNLWuhrA_0.mp4 (0:00:02.635 -> 0:00:23.857)
[23:13:42]   [video 469/1447] yt-dlp JTd_pGvM6FA (1 clip(s) needed) ...
[23:14:09]     [469/1447] cutting JTd_pGvM6FA_38.mp4 (0:04:39.412 -> 0:04:43.683)
[23:14:09]   [video 470/1447] yt-dlp B3ogaTdQLwQ (1 clip(s) needed) ...
[23:14:35]     [470/1447] cutting B3ogaTdQLwQ_11.mp4 (0:10:11.744 -> 0:10:20.486)
[23:14:35]   [video 471/1447] yt-dlp CWWe4K8eM6g (1 clip(s) needed) ...
[23:14:43]     [471/1447] cutting CWWe4K8eM6g_0.mp4 (0:00:05.972 -> 0:00:54.020)
[23:14:44]   [video 472/1447] yt-dlp C8lmhMcN8e4 (1 clip(s) needed) ...
[23:15:15]     [472/1447] cutting C8lmhMcN8e4_25.mp4 (0:03:11.724 -> 0:03:28.975)
[23:15:16]   [video 473/1447] yt-dlp PjxtvWQhoaA (1 clip(s) needed) ...
[23:15:33]     [473/1447] cutting PjxtvWQhoaA_11.mp4 (0:02:30.733 -> 0:02:43.830)
[23:15:34]   [video 474/1447] yt-dlp 03XbghRW3GQ (1 clip(s) needed) ...
[23:15:42]     [474/1447] cutting 03XbghRW3GQ_4.mp4 (0:02:48.833 -> 0:03:06.150)
[23:15:43]   [video 475/1447] yt-dlp uQTDP3j-tDM (1 clip(s) needed) ...
[23:16:04]     [475/1447] cutting uQTDP3j-tDM_12.mp4 (0:01:45.004 -> 0:01:53.012)
[23:16:05]   [video 476/1447] yt-dlp vlK5PAqx-iY (1 clip(s) needed) ...
[23:16:08]     FAILED: ERROR: [youtube] vlK5PAqx-iY: This video is unavailable
[23:16:08]   [video 477/1447] yt-dlp CaAm-EYCitM (1 clip(s) needed) ...
[23:16:47]     [477/1447] cutting CaAm-EYCitM_77.mp4 (0:11:31.691 -> 0:11:48.774)
[23:16:48]   [video 478/1447] yt-dlp IUotRk8eiN0 (1 clip(s) needed) ...
[23:17:26]     [478/1447] cutting IUotRk8eiN0_16.mp4 (0:08:42.100 -> 0:08:57.600)
[23:17:27]   [video 479/1447] yt-dlp U_LN1YDKQrI (1 clip(s) needed) ...
[23:17:50]     [479/1447] cutting U_LN1YDKQrI_5.mp4 (0:04:45.451 -> 0:05:03.236)
[23:17:51]   [video 480/1447] yt-dlp 4mmKvn7QG0k (1 clip(s) needed) ...
[23:17:58]     [480/1447] cutting 4mmKvn7QG0k_0.mp4 (0:00:03.470 -> 0:00:06.806)
[23:17:58]   [video 481/1447] yt-dlp jcqZfC9Agl4 (1 clip(s) needed) ...
[23:18:17]     [481/1447] cutting jcqZfC9Agl4_41.mp4 (0:06:49.175 -> 0:06:59.552)
[23:18:18]   [video 482/1447] yt-dlp rlZ5MG-E2Ls (1 clip(s) needed) ...
[23:18:30]     [482/1447] cutting rlZ5MG-E2Ls_0.mp4 (0:00:00.500 -> 0:00:04.833)
[23:18:31]   [video 483/1447] yt-dlp J9NHp9Dj0rk (1 clip(s) needed) ...
[23:18:53]     [483/1447] cutting J9NHp9Dj0rk_49.mp4 (0:06:32.840 -> 0:06:42.080)
[23:18:53]   [video 484/1447] yt-dlp VVCnbMHogEQ (1 clip(s) needed) ...
[23:19:04]     [484/1447] cutting VVCnbMHogEQ_7.mp4 (0:01:32.492 -> 0:01:39.899)
[23:19:04]   [video 485/1447] yt-dlp lxhbvAvck8E (1 clip(s) needed) ...
[23:19:27]     [485/1447] cutting lxhbvAvck8E_4.mp4 (0:02:19.600 -> 0:03:07.600)
[23:19:28]   [video 486/1447] yt-dlp m7DckPSCkac (1 clip(s) needed) ...
[23:19:47]     [486/1447] cutting m7DckPSCkac_43.mp4 (0:07:13.099 -> 0:07:20.973)
[23:19:47]   [video 487/1447] yt-dlp C01kXXRSKYU (1 clip(s) needed) ...
[23:20:16]     [487/1447] cutting C01kXXRSKYU_36.mp4 (0:05:16.265 -> 0:05:21.070)
[23:20:17]   [video 488/1447] yt-dlp rqtzH_A14cU (1 clip(s) needed) ...
[23:20:34]     [488/1447] cutting rqtzH_A14cU_23.mp4 (0:06:54.747 -> 0:07:05.425)
[23:20:35]   [video 489/1447] yt-dlp M3JYatPdePk (1 clip(s) needed) ...
[23:20:46]     [489/1447] cutting M3JYatPdePk_9.mp4 (0:02:09.921 -> 0:02:14.467)
[23:20:46]   [video 490/1447] yt-dlp L6lZSJOqyQE (1 clip(s) needed) ...
[23:21:27]     [490/1447] cutting L6lZSJOqyQE_13.mp4 (0:04:46.960 -> 0:04:52.120)
[23:21:28]   [video 491/1447] yt-dlp W7Xw7hbpqm0 (1 clip(s) needed) ...
[23:21:33]     FAILED: ERROR: [youtube] W7Xw7hbpqm0: Please sign in. Use --cookies-from-browser or --cookies for the authentication. See  https://github.com/yt-dlp/yt-dlp/wiki/FAQ#how-do-i-pass-cookies-to-yt-dlp  for how to manually pass cookies. Also see  https://github.com/yt-dlp/yt-dlp/wiki/Extractors#exporting-youtube-cookies  for tips on effectively exporting YouTube cookies
[23:21:33]   [video 492/1447] yt-dlp X-TzO1ubVB0 (1 clip(s) needed) ...
[23:21:47]     [492/1447] cutting X-TzO1ubVB0_8.mp4 (0:01:16.880 -> 0:01:34.080)
[23:21:48]   [video 493/1447] yt-dlp dl91S-X_VJs (1 clip(s) needed) ...
[23:22:07]     [493/1447] cutting dl91S-X_VJs_6.mp4 (0:04:44.066 -> 0:05:32.066)
[23:22:08]   [video 494/1447] yt-dlp nBKWkVUwQH8 (1 clip(s) needed) ...
[23:22:18]     [494/1447] cutting nBKWkVUwQH8_0.mp4 (0:00:01.400 -> 0:00:12.760)
[23:22:18]   [video 495/1447] yt-dlp NUfOU7HvrTE (1 clip(s) needed) ...
[23:22:48]     [495/1447] cutting NUfOU7HvrTE_4.mp4 (0:00:30.280 -> 0:01:18.280)
[23:22:50]   [video 496/1447] yt-dlp 2NvQ2Vj9qLI (1 clip(s) needed) ...
[23:23:26]     [496/1447] cutting 2NvQ2Vj9qLI_10.mp4 (0:07:37.523 -> 0:07:40.560)
[23:23:26]   [video 497/1447] yt-dlp kLfSfYee6lA (1 clip(s) needed) ...
[23:23:41]     [497/1447] cutting kLfSfYee6lA_5.mp4 (0:02:30.250 -> 0:02:34.988)
[23:23:42]   [video 498/1447] yt-dlp mufY9bbanF8 (1 clip(s) needed) ...
[23:25:11]     [498/1447] cutting mufY9bbanF8_27.mp4 (0:04:03.683 -> 0:04:28.916)
[23:25:12]   [video 499/1447] yt-dlp sgdqQy-bqCw (1 clip(s) needed) ...
[23:25:30]     [499/1447] cutting sgdqQy-bqCw_24.mp4 (0:03:48.080 -> 0:04:08.560)
[23:25:30]   [video 500/1447] yt-dlp Gc24yQulZn0 (1 clip(s) needed) ...
[23:26:05]     [500/1447] cutting Gc24yQulZn0_3.mp4 (0:03:28.808 -> 0:04:16.856)
[23:26:07]   [video 501/1447] yt-dlp ARNSufkeKog (1 clip(s) needed) ...
[23:26:21]     [501/1447] cutting ARNSufkeKog_1.mp4 (0:00:26.443 -> 0:00:30.947)
[23:26:21]   [video 502/1447] yt-dlp Uw_bweN_90E (1 clip(s) needed) ...
[23:26:31]     [502/1447] cutting Uw_bweN_90E_29.mp4 (0:03:56.636 -> 0:03:59.639)
[23:26:32]   [video 503/1447] yt-dlp JBKr_U73JFU (1 clip(s) needed) ...
[23:26:42]     [503/1447] cutting JBKr_U73JFU_1.mp4 (0:01:48.541 -> 0:02:00.420)
[23:26:43]   [video 504/1447] yt-dlp JIegO9XASmc (1 clip(s) needed) ...
[23:26:50]     [504/1447] cutting JIegO9XASmc_6.mp4 (0:01:02.162 -> 0:01:06.199)
[23:26:51]   [video 505/1447] yt-dlp Cp51MbVy53w (1 clip(s) needed) ...
[23:27:07]     [505/1447] cutting Cp51MbVy53w_2.mp4 (0:02:10.697 -> 0:02:58.711)
[23:27:08]   [video 506/1447] yt-dlp 4Q0jUIQT9Is (1 clip(s) needed) ...
[23:27:39]     [506/1447] cutting 4Q0jUIQT9Is_8.mp4 (0:07:39.058 -> 0:07:45.698)
[23:27:40]   [video 507/1447] yt-dlp AbGINzlxwN0 (1 clip(s) needed) ...
[23:27:48]     [507/1447] cutting AbGINzlxwN0_5.mp4 (0:01:06.299 -> 0:01:11.438)
[23:27:48]   [video 508/1447] yt-dlp LTNh1bL_J7k (1 clip(s) needed) ...
[23:27:51]     FAILED: ERROR: [youtube] LTNh1bL_J7k: Private video
[23:27:51]   [video 509/1447] yt-dlp 5yaEK-85wcw (1 clip(s) needed) ...
[23:28:52]     [509/1447] cutting 5yaEK-85wcw_36.mp4 (0:09:20.409 -> 0:09:26.632)
[23:28:53]   [video 510/1447] yt-dlp CrGNwWYn6yU (1 clip(s) needed) ...
[23:29:20]     [510/1447] cutting CrGNwWYn6yU_5.mp4 (0:07:15.066 -> 0:08:03.066)
[23:29:22]   [video 511/1447] yt-dlp uDi6jwaZr-E (1 clip(s) needed) ...
[23:29:29]     [511/1447] cutting uDi6jwaZr-E_2.mp4 (0:00:51.785 -> 0:01:29.722)
[23:29:30]   [video 512/1447] yt-dlp eJLCoyIspqc (1 clip(s) needed) ...
[23:29:54]     [512/1447] cutting eJLCoyIspqc_22.mp4 (0:02:51.960 -> 0:02:58.120)
[23:29:55]   [video 513/1447] yt-dlp GPaaTfcAWoE (1 clip(s) needed) ...
[23:30:31]     [513/1447] cutting GPaaTfcAWoE_2.mp4 (0:00:27.927 -> 0:00:35.935)
[23:30:32]   [video 514/1447] yt-dlp Kckcb9Yafrw (1 clip(s) needed) ...
[23:30:53]     [514/1447] cutting Kckcb9Yafrw_0.mp4 (0:00:01.500 -> 0:00:13.500)
[23:30:54]   [video 515/1447] yt-dlp QDhB4jrWFok (1 clip(s) needed) ...
[23:31:09]     [515/1447] cutting QDhB4jrWFok_23.mp4 (0:02:47.720 -> 0:02:53.440)
[23:31:09]   [video 516/1447] yt-dlp BBRmLZCsWW0 (1 clip(s) needed) ...
[23:31:21]     [516/1447] cutting BBRmLZCsWW0_9.mp4 (0:02:06.080 -> 0:02:12.040)
[23:31:21]   [video 517/1447] yt-dlp xLvfKm9Sdd0 (1 clip(s) needed) ...
[23:31:34]     [517/1447] cutting xLvfKm9Sdd0_23.mp4 (0:05:05.655 -> 0:05:09.175)
[23:31:35]   [video 518/1447] yt-dlp AHkaz5fdPHk (1 clip(s) needed) ...
[23:32:01]     [518/1447] cutting AHkaz5fdPHk_45.mp4 (0:05:38.046 -> 0:05:42.884)
[23:32:02]   [video 519/1447] yt-dlp xtMVjS5VEdE (1 clip(s) needed) ...
[23:32:31]     [519/1447] cutting xtMVjS5VEdE_5.mp4 (0:01:59.033 -> 0:02:14.200)
[23:32:31]   [video 520/1447] yt-dlp hyY8kcaGq4o (1 clip(s) needed) ...
[23:32:40]     [520/1447] cutting hyY8kcaGq4o_6.mp4 (0:01:30.323 -> 0:01:37.363)
[23:32:41]   [video 521/1447] yt-dlp p5p1hl5Pyqk (1 clip(s) needed) ...
[23:32:51]     [521/1447] cutting p5p1hl5Pyqk_0.mp4 (0:00:02.320 -> 0:00:21.240)
[23:32:52]   [video 522/1447] yt-dlp 0RWNhiriQog (1 clip(s) needed) ...
[23:33:36]     [522/1447] cutting 0RWNhiriQog_4.mp4 (0:03:10.924 -> 0:03:34.080)
[23:33:37]   [video 523/1447] yt-dlp N6REgIn8dUw (1 clip(s) needed) ...
[23:33:49]     [523/1447] cutting N6REgIn8dUw_3.mp4 (0:01:43.069 -> 0:01:51.077)
[23:33:50]   [video 524/1447] yt-dlp 2WSGk60-xqQ (1 clip(s) needed) ...
[23:34:03]     [524/1447] cutting 2WSGk60-xqQ_0.mp4 (0:00:15.749 -> 0:01:03.797)
[23:34:05]   [video 525/1447] yt-dlp PPcXDTuifc0 (1 clip(s) needed) ...
[23:34:41]     [525/1447] cutting PPcXDTuifc0_3.mp4 (0:00:28.228 -> 0:00:39.472)
[23:34:41]   [video 526/1447] yt-dlp RSagv69KAB4 (1 clip(s) needed) ...
[23:35:04]     [526/1447] cutting RSagv69KAB4_17.mp4 (0:04:30.003 -> 0:04:41.914)
[23:35:04]   [video 527/1447] yt-dlp K91mRhr5vdE (1 clip(s) needed) ...
[23:35:45]     [527/1447] cutting K91mRhr5vdE_0.mp4 (0:00:06.000 -> 0:00:54.000)
[23:35:47]   [video 528/1447] yt-dlp WEcoiGtE3i0 (1 clip(s) needed) ...
[23:36:05]     [528/1447] cutting WEcoiGtE3i0_15.mp4 (0:03:39.160 -> 0:03:47.040)
[23:36:06]   [video 529/1447] yt-dlp EssAMxLuNgU (1 clip(s) needed) ...
[23:36:10]     FAILED: ERROR: [youtube] EssAMxLuNgU: This video is not available
[23:36:10]   [video 530/1447] yt-dlp _JOnWF0oO8U (1 clip(s) needed) ...
[23:36:14]     FAILED: ERROR: [youtube] _JOnWF0oO8U: Please sign in. Use --cookies-from-browser or --cookies for the authentication. See  https://github.com/yt-dlp/yt-dlp/wiki/FAQ#how-do-i-pass-cookies-to-yt-dlp  for how to manually pass cookies. Also see  https://github.com/yt-dlp/yt-dlp/wiki/Extractors#exporting-youtube-cookies  for tips on effectively exporting YouTube cookies
[23:36:14]   [video 531/1447] yt-dlp ciDzOmOIwpI (1 clip(s) needed) ...
[23:36:39]     [531/1447] cutting ciDzOmOIwpI_1.mp4 (0:00:14.114 -> 0:00:25.225)
[23:36:40]   [video 532/1447] yt-dlp VLVcZpmuzMs (1 clip(s) needed) ...
[23:37:29]     [532/1447] cutting VLVcZpmuzMs_31.mp4 (0:06:37.563 -> 0:06:43.369)
[23:37:30]   [video 533/1447] yt-dlp izofejv4Dtc (1 clip(s) needed) ...
[23:37:40]     [533/1447] cutting izofejv4Dtc_2.mp4 (0:00:13.125 -> 0:00:21.125)
[23:37:41]   [video 534/1447] yt-dlp j0t0tDjh3r8 (1 clip(s) needed) ...
[23:37:57]     [534/1447] cutting j0t0tDjh3r8_2.mp4 (0:00:46.746 -> 0:01:06.666)
[23:37:58]   [video 535/1447] yt-dlp yKRinCuey08 (1 clip(s) needed) ...
[23:38:34]     [535/1447] cutting yKRinCuey08_21.mp4 (0:08:05.359 -> 0:08:18.748)
[23:38:34]   [video 536/1447] yt-dlp cKJmph5_EjE (1 clip(s) needed) ...
[23:38:37]     FAILED: ERROR: [youtube] cKJmph5_EjE: Video unavailable
[23:38:37]   [video 537/1447] yt-dlp 8OyA7TH5GZk (1 clip(s) needed) ...
[23:38:50]     [537/1447] cutting 8OyA7TH5GZk_16.mp4 (0:03:01.948 -> 0:03:05.018)
[23:38:50]   [video 538/1447] yt-dlp nIrHo8X_fGI (1 clip(s) needed) ...
[23:39:11]     [538/1447] cutting nIrHo8X_fGI_0.mp4 (0:00:19.352 -> 0:01:07.400)
[23:39:12]   [video 539/1447] yt-dlp 2n4O0_YMM-Q (1 clip(s) needed) ...
[23:39:23]     [539/1447] cutting 2n4O0_YMM-Q_21.mp4 (0:02:11.673 -> 0:02:15.260)
[23:39:23]   [video 540/1447] yt-dlp Fvp4pk6YFvI (1 clip(s) needed) ...
[23:39:36]     [540/1447] cutting Fvp4pk6YFvI_0.mp4 (0:00:05.972 -> 0:00:54.020)
[23:39:37]   [video 541/1447] yt-dlp AI3WfhgK2rA (1 clip(s) needed) ...
[23:39:50]     [541/1447] cutting AI3WfhgK2rA_8.mp4 (0:01:22.280 -> 0:01:32.440)
[23:39:50]   [video 542/1447] yt-dlp eIl17N70LlU (1 clip(s) needed) ...
[23:39:53]     FAILED: ERROR: [youtube] eIl17N70LlU: This video is not available
[23:39:53]   [video 543/1447] yt-dlp d9-vvssqAm8 (1 clip(s) needed) ...
[23:40:32]     [543/1447] cutting d9-vvssqAm8_20.mp4 (0:09:27.934 -> 0:09:31.971)
[23:40:32]   [video 544/1447] yt-dlp xN-fGQVoOHI (1 clip(s) needed) ...
[23:41:18]     [544/1447] cutting xN-fGQVoOHI_1.mp4 (0:00:48.640 -> 0:00:54.720)
[23:41:19]   [video 545/1447] yt-dlp WqFystmSZB0 (1 clip(s) needed) ...
[23:41:29]     [545/1447] cutting WqFystmSZB0_3.mp4 (0:01:46.873 -> 0:02:30.049)
[23:41:31]   [video 546/1447] yt-dlp 722hy5qWy9k (1 clip(s) needed) ...
[23:41:43]     [546/1447] cutting 722hy5qWy9k_6.mp4 (0:01:01.269 -> 0:01:06.399)
[23:41:43]   [video 547/1447] yt-dlp fAgvtunWYoU (1 clip(s) needed) ...
[23:41:53]     [547/1447] cutting fAgvtunWYoU_0.mp4 (0:00:00.532 -> 0:00:05.076)
[23:41:53]   [video 548/1447] yt-dlp _Vt50f-2htM (1 clip(s) needed) ...
[23:42:28]     [548/1447] cutting _Vt50f-2htM_45.mp4 (0:12:04.920 -> 0:12:13.720)
[23:42:28]   [video 549/1447] yt-dlp O9r6mbEQiJo (1 clip(s) needed) ...
[23:42:36]     [549/1447] cutting O9r6mbEQiJo_2.mp4 (0:00:58.992 -> 0:01:03.530)
[23:42:37]   [video 550/1447] yt-dlp bhE9MsE1Aio (1 clip(s) needed) ...
[23:42:45]     [550/1447] cutting bhE9MsE1Aio_19.mp4 (0:01:52.112 -> 0:01:56.074)
[23:42:46]   [video 551/1447] yt-dlp DgocWmXSWW4 (1 clip(s) needed) ...
[23:42:49]     FAILED: ERROR: [youtube] DgocWmXSWW4: Video unavailable
[23:42:49]   [video 552/1447] yt-dlp hv1wMCc3n_4 (1 clip(s) needed) ...
[23:42:58]     [552/1447] cutting hv1wMCc3n_4_4.mp4 (0:00:41.775 -> 0:00:46.579)
[23:42:58]   [video 553/1447] yt-dlp nfCLcUvbYmI (1 clip(s) needed) ...
[23:43:16]     [553/1447] cutting nfCLcUvbYmI_6.mp4 (0:01:01.840 -> 0:01:05.880)
[23:43:16]   [video 554/1447] yt-dlp d5IhHHCjcTU (1 clip(s) needed) ...
[23:43:44]     [554/1447] cutting d5IhHHCjcTU_0.mp4 (0:00:05.989 -> 0:00:54.003)
[23:43:46]   [video 555/1447] yt-dlp Y3mVH61W7Ac (1 clip(s) needed) ...
[23:44:08]     [555/1447] cutting Y3mVH61W7Ac_60.mp4 (0:08:16.480 -> 0:08:27.200)
[23:44:08]   [video 556/1447] yt-dlp 7dXZqCim1b0 (1 clip(s) needed) ...
[23:44:21]     [556/1447] cutting 7dXZqCim1b0_5.mp4 (0:01:06.733 -> 0:01:34.733)
[23:44:22]   [video 557/1447] yt-dlp QuoTSzUrSIg (1 clip(s) needed) ...
[23:44:44]     [557/1447] cutting QuoTSzUrSIg_10.mp4 (0:03:16.440 -> 0:03:20.440)
[23:44:45]   [video 558/1447] yt-dlp K5jEq0a_nDk (1 clip(s) needed) ...
[23:44:53]     [558/1447] cutting K5jEq0a_nDk_7.mp4 (0:01:32.725 -> 0:01:44.704)
[23:44:54]   [video 559/1447] yt-dlp j6a25HzuLyA (1 clip(s) needed) ...
[23:44:58]     FAILED: ERROR: [youtube] j6a25HzuLyA: Sign in to confirm your age. Use --cookies-from-browser or --cookies for the authentication. See  https://github.com/yt-dlp/yt-dlp/wiki/FAQ#how-do-i-pass-cookies-to-yt-dlp  for how to manually pass cookies. Also see  https://github.com/yt-dlp/yt-dlp/wiki/Extractors#exporting-youtube-cookies  for tips on effectively exporting YouTube cookies
[23:44:58]   [video 560/1447] yt-dlp DVghED7qY8A (1 clip(s) needed) ...
[23:45:16]     [560/1447] cutting DVghED7qY8A_1.mp4 (0:00:18.284 -> 0:01:06.332)
[23:45:18]   [video 561/1447] yt-dlp f6wOjg20k9I (1 clip(s) needed) ...
[23:45:29]     [561/1447] cutting f6wOjg20k9I_2.mp4 (0:00:22.188 -> 0:00:27.235)
[23:45:29]   [video 562/1447] yt-dlp oL5VJPxtRhk (1 clip(s) needed) ...
[23:45:32]     FAILED: ERROR: [youtube] oL5VJPxtRhk: This video is not available
[23:45:32]   [video 563/1447] yt-dlp 8fdMfR_1_cU (1 clip(s) needed) ...
[23:45:35]     FAILED: ERROR: [youtube] 8fdMfR_1_cU: This video is not available
[23:45:35]   [video 564/1447] yt-dlp ljB3tyN8sUg (1 clip(s) needed) ...
[23:45:51]     [564/1447] cutting ljB3tyN8sUg_21.mp4 (0:04:26.866 -> 0:04:36.500)
[23:45:52]   [video 565/1447] yt-dlp vAgxAKYHGgI (1 clip(s) needed) ...
[23:46:12]     [565/1447] cutting vAgxAKYHGgI_2.mp4 (0:02:56.400 -> 0:03:08.400)
[23:46:13]   [video 566/1447] yt-dlp zg7lRlpxUQA (1 clip(s) needed) ...
[23:47:22]     [566/1447] cutting zg7lRlpxUQA_0.mp4 (0:00:10.944 -> 0:00:58.992)
[23:47:24]   [video 567/1447] yt-dlp OQoFnoDVwiU (1 clip(s) needed) ...
[23:48:14]     [567/1447] cutting OQoFnoDVwiU_1.mp4 (0:00:16.600 -> 0:01:04.600)
[23:48:16]   [video 568/1447] yt-dlp yXazDpCs6JI (1 clip(s) needed) ...
[23:49:00]     [568/1447] cutting yXazDpCs6JI_14.mp4 (0:04:56.774 -> 0:05:07.828)
[23:49:01]   [video 569/1447] yt-dlp _02V2KC-M40 (1 clip(s) needed) ...
[23:49:04]     FAILED: ERROR: [youtube] _02V2KC-M40: Private video
[23:49:04]   [video 570/1447] yt-dlp X8Sr75x_NK8 (1 clip(s) needed) ...
[23:50:03]     [570/1447] cutting X8Sr75x_NK8_27.mp4 (0:03:27.640 -> 0:03:32.328)
[23:50:03]   [video 571/1447] yt-dlp WjP2P8KJz9A (1 clip(s) needed) ...
[23:50:45]     [571/1447] cutting WjP2P8KJz9A_6.mp4 (0:02:12.680 -> 0:02:46.040)
[23:50:47]   [video 572/1447] yt-dlp yMWIoMLwXGI (1 clip(s) needed) ...
[23:53:10]     [572/1447] cutting yMWIoMLwXGI_3.mp4 (0:00:47.914 -> 0:01:13.473)
[23:53:12]   [video 573/1447] yt-dlp sB0ulvzymI8 (1 clip(s) needed) ...
[23:54:01]     [573/1447] cutting sB0ulvzymI8_51.mp4 (0:16:21.246 -> 0:16:26.318)
[23:54:02]   [video 574/1447] yt-dlp vGLLZwiDXXE (1 clip(s) needed) ...
[23:54:29]     [574/1447] cutting vGLLZwiDXXE_50.mp4 (0:11:47.133 -> 0:12:35.133)
[23:54:30]   [video 575/1447] yt-dlp 6KBkCqjfxNo (1 clip(s) needed) ...
[23:55:15]     [575/1447] cutting 6KBkCqjfxNo_6.mp4 (0:02:21.613 -> 0:02:33.579)
[23:55:16]   [video 576/1447] yt-dlp QjK1gh6Aj_o (1 clip(s) needed) ...
[23:55:53]     [576/1447] cutting QjK1gh6Aj_o_29.mp4 (0:06:30.950 -> 0:06:49.216)
[23:55:54]   [video 577/1447] yt-dlp NyeBKP09sn8 (1 clip(s) needed) ...
[23:56:04]     [577/1447] cutting NyeBKP09sn8_0.mp4 (0:00:04.311 -> 0:00:38.874)
[23:56:06]     stream-copy cut failed, produced a too-small file, or didn't decode cleanly -- re-encoding instead
[23:56:13]   [video 578/1447] yt-dlp tzX1b3vqjP4 (1 clip(s) needed) ...
[23:56:16]     FAILED: ERROR: [youtube] tzX1b3vqjP4: Private video
[23:56:16]   [video 579/1447] yt-dlp CNhRil1tM0A (1 clip(s) needed) ...
[23:57:00]     [579/1447] cutting CNhRil1tM0A_13.mp4 (0:02:46.599 -> 0:02:51.971)
[23:57:00]   [video 580/1447] yt-dlp A5aAT1FOdRg (1 clip(s) needed) ...
[23:57:37]     [580/1447] cutting A5aAT1FOdRg_33.mp4 (0:04:56.379 -> 0:05:06.431)
[23:57:38]   [video 581/1447] yt-dlp mB7BoWT7ux4 (1 clip(s) needed) ...
[23:57:59]     [581/1447] cutting mB7BoWT7ux4_12.mp4 (0:01:17.444 -> 0:01:29.806)
[23:58:00]   [video 582/1447] yt-dlp qwNFK1idrPE (1 clip(s) needed) ...
[23:58:11]     [582/1447] cutting qwNFK1idrPE_5.mp4 (0:02:35.958 -> 0:02:43.958)
[23:58:11]   [video 583/1447] yt-dlp egXytQPR1sQ (1 clip(s) needed) ...
[23:58:45]     [583/1447] cutting egXytQPR1sQ_6.mp4 (0:03:59.155 -> 0:04:05.828)
[23:58:45]   [video 584/1447] yt-dlp ba1YQvvqlp0 (1 clip(s) needed) ...
[23:58:57]     [584/1447] cutting ba1YQvvqlp0_8.mp4 (0:02:58.311 -> 0:03:07.987)
[23:58:58]   [video 585/1447] yt-dlp n_PHzyQG_kI (1 clip(s) needed) ...
[23:59:07]     [585/1447] cutting n_PHzyQG_kI_0.mp4 (0:00:07.882 -> 0:00:27.527)
[23:59:07]   [video 586/1447] yt-dlp a8n-B07qtHo (1 clip(s) needed) ...
[23:59:38]     [586/1447] cutting a8n-B07qtHo_16.mp4 (0:09:12.760 -> 0:09:19.840)
[23:59:39]   [video 587/1447] yt-dlp spgR73UgEHg (1 clip(s) needed) ...
[23:59:57]     [587/1447] cutting spgR73UgEHg_11.mp4 (0:05:46.560 -> 0:05:57.240)
[23:59:58]   [video 588/1447] yt-dlp 2GIxoGO5wqg (1 clip(s) needed) ...
[00:00:10]     [588/1447] cutting 2GIxoGO5wqg_4.mp4 (0:01:00.126 -> 0:01:04.230)
[00:00:10]   [video 589/1447] yt-dlp KWssptjr6Ow (1 clip(s) needed) ...
[00:00:41]     [589/1447] cutting KWssptjr6Ow_13.mp4 (0:08:01.447 -> 0:08:09.455)
[00:00:42]   [video 590/1447] yt-dlp a1wnqTl6yX4 (1 clip(s) needed) ...
[00:00:59]     [590/1447] cutting a1wnqTl6yX4_18.mp4 (0:04:57.897 -> 0:05:05.772)
[00:01:00]   [video 591/1447] yt-dlp snUIGzJ0dZY (1 clip(s) needed) ...
[00:01:08]     FAILED: ERROR: unable to download video data: HTTP Error 403: Forbidden
[00:01:08]   [video 592/1447] yt-dlp f6ISMOV1Ncs (1 clip(s) needed) ...
[00:01:30]     [592/1447] cutting f6ISMOV1Ncs_4.mp4 (0:00:47.797 -> 0:01:15.008)
[00:01:31]   [video 593/1447] yt-dlp Sf7-_LA2CT8 (1 clip(s) needed) ...
[00:01:56]     [593/1447] cutting Sf7-_LA2CT8_30.mp4 (0:05:32.498 -> 0:05:40.273)
[00:01:56]   [video 594/1447] yt-dlp E16HmOVY46w (1 clip(s) needed) ...
[00:02:18]     [594/1447] cutting E16HmOVY46w_1.mp4 (0:00:20.920 -> 0:00:25.525)
[00:02:18]   [video 595/1447] yt-dlp Maf9hBGROeo (1 clip(s) needed) ...
[00:02:21]     FAILED: ERROR: [youtube] Maf9hBGROeo: Private video
[00:02:21]   [video 596/1447] yt-dlp VfeaPdLtx8g (1 clip(s) needed) ...
[00:02:48]     [596/1447] cutting VfeaPdLtx8g_3.mp4 (0:02:34.287 -> 0:03:22.335)
[00:02:50]   [video 597/1447] yt-dlp ZfMZzlzeVzI (1 clip(s) needed) ...
[00:03:49]     [597/1447] cutting ZfMZzlzeVzI_35.mp4 (0:07:24.444 -> 0:07:32.185)
[00:03:49]   [video 598/1447] yt-dlp uT1FlPyVPKU (1 clip(s) needed) ...
[00:04:02]     [598/1447] cutting uT1FlPyVPKU_5.mp4 (0:04:02.700 -> 0:04:08.539)
[00:04:02]   [video 599/1447] yt-dlp GXK_VgAz4Eo (1 clip(s) needed) ...
[00:04:05]     FAILED: ERROR: [youtube] GXK_VgAz4Eo: This video is not available
[00:04:05]   [video 600/1447] yt-dlp 8XkgrRtF2CQ (1 clip(s) needed) ...
[00:04:08]     FAILED: ERROR: [youtube] 8XkgrRtF2CQ: This video is unavailable
[00:04:08]   [video 601/1447] yt-dlp CvqmtoNJjdU (1 clip(s) needed) ...
[00:04:27]     [601/1447] cutting CvqmtoNJjdU_10.mp4 (0:01:49.075 -> 0:01:54.481)
[00:04:27]   [video 602/1447] yt-dlp GfQBS9mp7es (1 clip(s) needed) ...
[00:04:34]     [602/1447] cutting GfQBS9mp7es_4.mp4 (0:00:25.158 -> 0:00:29.362)
[00:04:34]   [video 603/1447] yt-dlp Vk1sehwxmT0 (1 clip(s) needed) ...
[00:04:45]     [603/1447] cutting Vk1sehwxmT0_3.mp4 (0:00:32.665 -> 0:00:37.070)
[00:04:46]   [video 604/1447] yt-dlp JcLJNIspKMU (1 clip(s) needed) ...
[00:04:48]     FAILED: ERROR: [youtube] JcLJNIspKMU: Private video
[00:04:48]   [video 605/1447] yt-dlp CDHNlX3nrXQ (1 clip(s) needed) ...
[00:05:17]     [605/1447] cutting CDHNlX3nrXQ_6.mp4 (0:02:56.309 -> 0:03:03.383)
[00:05:18]   [video 606/1447] yt-dlp vHcTjAm9HGg (1 clip(s) needed) ...
[00:05:39]     [606/1447] cutting vHcTjAm9HGg_7.mp4 (0:00:58.158 -> 0:01:01.294)
[00:05:39]   [video 607/1447] yt-dlp PuxiiVZgzLU (1 clip(s) needed) ...
[00:05:54]     [607/1447] cutting PuxiiVZgzLU_3.mp4 (0:03:40.166 -> 0:04:00.533)
[00:05:55]   [video 608/1447] yt-dlp bpJyqLoqV04 (1 clip(s) needed) ...
[00:06:27]     [608/1447] cutting bpJyqLoqV04_10.mp4 (0:03:04.820 -> 0:03:12.820)
[00:06:27]   [video 609/1447] yt-dlp RoKPQZR1RQQ (1 clip(s) needed) ...
[00:06:45]     [609/1447] cutting RoKPQZR1RQQ_2.mp4 (0:00:10.143 -> 0:00:14.914)
[00:06:45]   [video 610/1447] yt-dlp dFE5_cvXUtM (1 clip(s) needed) ...
[00:07:05]     [610/1447] cutting dFE5_cvXUtM_2.mp4 (0:04:15.421 -> 0:04:29.836)
[00:07:06]   [video 611/1447] yt-dlp sBWgtcV9Q1o (1 clip(s) needed) ...
[00:07:20]     [611/1447] cutting sBWgtcV9Q1o_6.mp4 (0:00:59.250 -> 0:01:03.625)
[00:07:20]   [video 612/1447] yt-dlp NlzAuOncN2k (1 clip(s) needed) ...
[00:07:36]     [612/1447] cutting NlzAuOncN2k_38.mp4 (0:06:14.540 -> 0:06:43.503)
[00:07:37]   [video 613/1447] yt-dlp fbr7vsHMq9E (1 clip(s) needed) ...
[00:07:46]     [613/1447] cutting fbr7vsHMq9E_0.mp4 (0:00:00.834 -> 0:00:07.799)
[00:07:47]   [video 614/1447] yt-dlp kk5RCsrlo2Y (1 clip(s) needed) ...
[00:07:57]     [614/1447] cutting kk5RCsrlo2Y_1.mp4 (0:00:15.733 -> 0:00:21.900)
[00:07:58]   [video 615/1447] yt-dlp _yuVaY7oulA (1 clip(s) needed) ...
[00:08:09]     [615/1447] cutting _yuVaY7oulA_12.mp4 (0:03:42.188 -> 0:03:51.197)
[00:08:10]   [video 616/1447] yt-dlp 9T0IjleaYlc (1 clip(s) needed) ...
[00:08:58]     [616/1447] cutting 9T0IjleaYlc_29.mp4 (0:05:39.272 -> 0:05:43.376)
[00:08:59]   [video 617/1447] yt-dlp l12tYNXsgZU (1 clip(s) needed) ...
[00:09:18]     [617/1447] cutting l12tYNXsgZU_6.mp4 (0:05:04.458 -> 0:05:12.166)
[00:09:18]   [video 618/1447] yt-dlp dCp0p4WAJ_Q (1 clip(s) needed) ...
[00:09:28]     [618/1447] cutting dCp0p4WAJ_Q_4.mp4 (0:02:16.000 -> 0:02:49.120)
[00:09:30]   [video 619/1447] yt-dlp gmAI58pn3tE (1 clip(s) needed) ...
[00:09:46]     [619/1447] cutting gmAI58pn3tE_4.mp4 (0:01:29.722 -> 0:02:17.504)
[00:09:48]   [video 620/1447] yt-dlp QJCKl8yiBow (1 clip(s) needed) ...
[00:09:56]     [620/1447] cutting QJCKl8yiBow_2.mp4 (0:00:26.092 -> 0:00:30.130)
[00:09:56]   [video 621/1447] yt-dlp NQWcD6VZs1Q (1 clip(s) needed) ...
[00:10:45]     [621/1447] cutting NQWcD6VZs1Q_33.mp4 (0:10:23.983 -> 0:10:31.983)
[00:10:46]   [video 622/1447] yt-dlp WF0c-Lfv-tg (1 clip(s) needed) ...
[00:11:15]     [622/1447] cutting WF0c-Lfv-tg_50.mp4 (0:09:16.480 -> 0:09:20.320)
[00:11:15]   [video 623/1447] yt-dlp uUQ51T2O0s0 (1 clip(s) needed) ...
[00:11:25]     [623/1447] cutting uUQ51T2O0s0_17.mp4 (0:02:44.280 -> 0:03:02.200)
[00:11:26]   [video 624/1447] yt-dlp n7Yi0Yr4BTY (1 clip(s) needed) ...
[00:11:30]     FAILED: ERROR: [youtube] n7Yi0Yr4BTY: Sign in to confirm you’re not a bot. Use --cookies-from-browser or --cookies for the authentication. See  https://github.com/yt-dlp/yt-dlp/wiki/FAQ#how-do-i-pass-cookies-to-yt-dlp  for how to manually pass cookies. Also see  https://github.com/yt-dlp/yt-dlp/wiki/Extractors#exporting-youtube-cookies  for tips on effectively exporting YouTube cookies
[00:11:30]   [video 625/1447] yt-dlp 0P8iYdXGNZU (1 clip(s) needed) ...
[00:11:34]     FAILED: ERROR: [youtube] 0P8iYdXGNZU: Sign in to confirm you’re not a bot. Use --cookies-from-browser or --cookies for the authentication. See  https://github.com/yt-dlp/yt-dlp/wiki/FAQ#how-do-i-pass-cookies-to-yt-dlp  for how to manually pass cookies. Also see  https://github.com/yt-dlp/yt-dlp/wiki/Extractors#exporting-youtube-cookies  for tips on effectively exporting YouTube cookies
[00:11:34]   [video 626/1447] yt-dlp f7sdGh1Fnoc (1 clip(s) needed) ...
[00:11:37]     FAILED: ERROR: [youtube] f7sdGh1Fnoc: Sign in to confirm you’re not a bot. Use --cookies-from-browser or --cookies for the authentication. See  https://github.com/yt-dlp/yt-dlp/wiki/FAQ#how-do-i-pass-cookies-to-yt-dlp  for how to manually pass cookies. Also see  https://github.com/yt-dlp/yt-dlp/wiki/Extractors#exporting-youtube-cookies  for tips on effectively exporting YouTube cookies
[00:11:37]   [video 627/1447] yt-dlp 7vLEt1rYVNg (1 clip(s) needed) ...
[00:11:41]     FAILED: ERROR: [youtube] 7vLEt1rYVNg: Sign in to confirm you’re not a bot. Use --cookies-from-browser or --cookies for the authentication. See  https://github.com/yt-dlp/yt-dlp/wiki/FAQ#how-do-i-pass-cookies-to-yt-dlp  for how to manually pass cookies. Also see  https://github.com/yt-dlp/yt-dlp/wiki/Extractors#exporting-youtube-cookies  for tips on effectively exporting YouTube cookies
[00:11:41]   [video 628/1447] yt-dlp anEC79JO81k (1 clip(s) needed) ...
[00:11:45]     FAILED: ERROR: [youtube] anEC79JO81k: Sign in to confirm you’re not a bot. Use --cookies-from-browser or --cookies for the authentication. See  https://github.com/yt-dlp/yt-dlp/wiki/FAQ#how-do-i-pass-cookies-to-yt-dlp  for how to manually pass cookies. Also see  https://github.com/yt-dlp/yt-dlp/wiki/Extractors#exporting-youtube-cookies  for tips on effectively exporting YouTube cookies
[00:11:45]   [video 629/1447] yt-dlp L9MjWmEPQJg (1 clip(s) needed) ...
[00:11:49]     FAILED: ERROR: [youtube] L9MjWmEPQJg: Sign in to confirm you’re not a bot. Use --cookies-from-browser or --cookies for the authentication. See  https://github.com/yt-dlp/yt-dlp/wiki/FAQ#how-do-i-pass-cookies-to-yt-dlp  for how to manually pass cookies. Also see  https://github.com/yt-dlp/yt-dlp/wiki/Extractors#exporting-youtube-cookies  for tips on effectively exporting YouTube cookies
[00:11:49]   [video 630/1447] yt-dlp bJVXG7GUOQE (1 clip(s) needed) ...
[00:11:52]     FAILED: ERROR: [youtube] bJVXG7GUOQE: Sign in to confirm you’re not a bot. Use --cookies-from-browser or --cookies for the authentication. See  https://github.com/yt-dlp/yt-dlp/wiki/FAQ#how-do-i-pass-cookies-to-yt-dlp  for how to manually pass cookies. Also see  https://github.com/yt-dlp/yt-dlp/wiki/Extractors#exporting-youtube-cookies  for tips on effectively exporting YouTube cookies
[00:11:52]   [video 631/1447] yt-dlp IZhE0IFhpVQ (1 clip(s) needed) ...
[00:11:56]     FAILED: ERROR: [youtube] IZhE0IFhpVQ: Sign in to confirm your age. Use --cookies-from-browser or --cookies for the authentication. See  https://github.com/yt-dlp/yt-dlp/wiki/FAQ#how-do-i-pass-cookies-to-yt-dlp  for how to manually pass cookies. Also see  https://github.com/yt-dlp/yt-dlp/wiki/Extractors#exporting-youtube-cookies  for tips on effectively exporting YouTube cookies
[00:11:56]   [video 632/1447] yt-dlp g7bRybXI3b0 (1 clip(s) needed) ...
[00:12:00]     FAILED: ERROR: [youtube] g7bRybXI3b0: Sign in to confirm you’re not a bot. Use --cookies-from-browser or --cookies for the authentication. See  https://github.com/yt-dlp/yt-dlp/wiki/FAQ#how-do-i-pass-cookies-to-yt-dlp  for how to manually pass cookies. Also see  https://github.com/yt-dlp/yt-dlp/wiki/Extractors#exporting-youtube-cookies  for tips on effectively exporting YouTube cookies
[00:12:00]   [video 633/1447] yt-dlp uaflGiA7k98 (1 clip(s) needed) ...
[00:12:03]     FAILED: ERROR: [youtube] uaflGiA7k98: Sign in to confirm you’re not a bot. Use --cookies-from-browser or --cookies for the authentication. See  https://github.com/yt-dlp/yt-dlp/wiki/FAQ#how-do-i-pass-cookies-to-yt-dlp  for how to manually pass cookies. Also see  https://github.com/yt-dlp/yt-dlp/wiki/Extractors#exporting-youtube-cookies  for tips on effectively exporting YouTube cookies
[00:12:03]   [video 634/1447] yt-dlp jOjO0UH9fUM (1 clip(s) needed) ...
[00:12:07]     FAILED: ERROR: [youtube] jOjO0UH9fUM: Sign in to confirm you’re not a bot. Use --cookies-from-browser or --cookies for the authentication. See  https://github.com/yt-dlp/yt-dlp/wiki/FAQ#how-do-i-pass-cookies-to-yt-dlp  for how to manually pass cookies. Also see  https://github.com/yt-dlp/yt-dlp/wiki/Extractors#exporting-youtube-cookies  for tips on effectively exporting YouTube cookies
[00:12:07]   [video 635/1447] yt-dlp -PLN65j2rk8 (1 clip(s) needed) ...
[00:12:10]     FAILED: ERROR: [youtube] -PLN65j2rk8: Sign in to confirm you’re not a bot. Use --cookies-from-browser or --cookies for the authentication. See  https://github.com/yt-dlp/yt-dlp/wiki/FAQ#how-do-i-pass-cookies-to-yt-dlp  for how to manually pass cookies. Also see  https://github.com/yt-dlp/yt-dlp/wiki/Extractors#exporting-youtube-cookies  for tips on effectively exporting YouTube cookies
[00:12:10]   [video 636/1447] yt-dlp Qx0HLNhQAs4 (1 clip(s) needed) ...
[00:12:14]     FAILED: ERROR: [youtube] Qx0HLNhQAs4: Sign in to confirm you’re not a bot. Use --cookies-from-browser or --cookies for the authentication. See  https://github.com/yt-dlp/yt-dlp/wiki/FAQ#how-do-i-pass-cookies-to-yt-dlp  for how to manually pass cookies. Also see  https://github.com/yt-dlp/yt-dlp/wiki/Extractors#exporting-youtube-cookies  for tips on effectively exporting YouTube cookies
[00:12:14]   [video 637/1447] yt-dlp kO-Js53Ddf4 (1 clip(s) needed) ...
[00:12:17]     FAILED: ERROR: [youtube] kO-Js53Ddf4: Sign in to confirm you’re not a bot. Use --cookies-from-browser or --cookies for the authentication. See  https://github.com/yt-dlp/yt-dlp/wiki/FAQ#how-do-i-pass-cookies-to-yt-dlp  for how to manually pass cookies. Also see  https://github.com/yt-dlp/yt-dlp/wiki/Extractors#exporting-youtube-cookies  for tips on effectively exporting YouTube cookies
[00:12:17]   [video 638/1447] yt-dlp 7hYwxgH3sQg (1 clip(s) needed) ...
[00:12:21]     FAILED: ERROR: [youtube] 7hYwxgH3sQg: Please sign in. Use --cookies-from-browser or --cookies for the authentication. See  https://github.com/yt-dlp/yt-dlp/wiki/FAQ#how-do-i-pass-cookies-to-yt-dlp  for how to manually pass cookies. Also see  https://github.com/yt-dlp/yt-dlp/wiki/Extractors#exporting-youtube-cookies  for tips on effectively exporting YouTube cookies
[00:12:21]   [video 639/1447] yt-dlp cmnSIBRDgSc (1 clip(s) needed) ...
[00:12:25]     FAILED: ERROR: [youtube] cmnSIBRDgSc: Sign in to confirm you’re not a bot. Use --cookies-from-browser or --cookies for the authentication. See  https://github.com/yt-dlp/yt-dlp/wiki/FAQ#how-do-i-pass-cookies-to-yt-dlp  for how to manually pass cookies. Also see  https://github.com/yt-dlp/yt-dlp/wiki/Extractors#exporting-youtube-cookies  for tips on effectively exporting YouTube cookies
[00:12:25]   [video 640/1447] yt-dlp 2UMDDHwMMPo (1 clip(s) needed) ...
[00:12:29]     FAILED: ERROR: [youtube] 2UMDDHwMMPo: Sign in to confirm you’re not a bot. Use --cookies-from-browser or --cookies for the authentication. See  https://github.com/yt-dlp/yt-dlp/wiki/FAQ#how-do-i-pass-cookies-to-yt-dlp  for how to manually pass cookies. Also see  https://github.com/yt-dlp/yt-dlp/wiki/Extractors#exporting-youtube-cookies  for tips on effectively exporting YouTube cookies
[00:12:29]   [video 641/1447] yt-dlp h9uKCwMy_ZE (1 clip(s) needed) ...
[00:12:32]     FAILED: ERROR: [youtube] h9uKCwMy_ZE: This video is not available
[00:12:32]   [video 642/1447] yt-dlp xGIurwBoFIY (1 clip(s) needed) ...
[00:12:36]     FAILED: ERROR: [youtube] xGIurwBoFIY: Sign in to confirm you’re not a bot. Use --cookies-from-browser or --cookies for the authentication. See  https://github.com/yt-dlp/yt-dlp/wiki/FAQ#how-do-i-pass-cookies-to-yt-dlp  for how to manually pass cookies. Also see  https://github.com/yt-dlp/yt-dlp/wiki/Extractors#exporting-youtube-cookies  for tips on effectively exporting YouTube cookies
[00:12:36]   [video 643/1447] yt-dlp YiB532j55PU (1 clip(s) needed) ...
[00:12:39]     FAILED: ERROR: [youtube] YiB532j55PU: Sign in to confirm you’re not a bot. Use --cookies-from-browser or --cookies for the authentication. See  https://github.com/yt-dlp/yt-dlp/wiki/FAQ#how-do-i-pass-cookies-to-yt-dlp  for how to manually pass cookies. Also see  https://github.com/yt-dlp/yt-dlp/wiki/Extractors#exporting-youtube-cookies  for tips on effectively exporting YouTube cookies
[00:12:39]   [video 644/1447] yt-dlp IRlUF2d8hQ4 (1 clip(s) needed) ...
[00:12:43]     FAILED: ERROR: [youtube] IRlUF2d8hQ4: Sign in to confirm you’re not a bot. Use --cookies-from-browser or --cookies for the authentication. See  https://github.com/yt-dlp/yt-dlp/wiki/FAQ#how-do-i-pass-cookies-to-yt-dlp  for how to manually pass cookies. Also see  https://github.com/yt-dlp/yt-dlp/wiki/Extractors#exporting-youtube-cookies  for tips on effectively exporting YouTube cookies
[00:12:43]   [video 645/1447] yt-dlp iOzfduinN9U (1 clip(s) needed) ...
[00:12:46]     FAILED: ERROR: [youtube] iOzfduinN9U: Sign in to confirm you’re not a bot. Use --cookies-from-browser or --cookies for the authentication. See  https://github.com/yt-dlp/yt-dlp/wiki/FAQ#how-do-i-pass-cookies-to-yt-dlp  for how to manually pass cookies. Also see  https://github.com/yt-dlp/yt-dlp/wiki/Extractors#exporting-youtube-cookies  for tips on effectively exporting YouTube cookies
[00:12:46]   [video 646/1447] yt-dlp swAAppnqB48 (1 clip(s) needed) ...
[00:12:50]     FAILED: ERROR: [youtube] swAAppnqB48: Sign in to confirm you’re not a bot. Use --cookies-from-browser or --cookies for the authentication. See  https://github.com/yt-dlp/yt-dlp/wiki/FAQ#how-do-i-pass-cookies-to-yt-dlp  for how to manually pass cookies. Also see  https://github.com/yt-dlp/yt-dlp/wiki/Extractors#exporting-youtube-cookies  for tips on effectively exporting YouTube cookies
[00:12:50]   [video 647/1447] yt-dlp A6mn5VBP0Ac (1 clip(s) needed) ...
[00:12:54]     FAILED: ERROR: [youtube] A6mn5VBP0Ac: Sign in to confirm you’re not a bot. Use --cookies-from-browser or --cookies for the authentication. See  https://github.com/yt-dlp/yt-dlp/wiki/FAQ#how-do-i-pass-cookies-to-yt-dlp  for how to manually pass cookies. Also see  https://github.com/yt-dlp/yt-dlp/wiki/Extractors#exporting-youtube-cookies  for tips on effectively exporting YouTube cookies
[00:12:54]   [video 648/1447] yt-dlp s9FHjbaS7mM (1 clip(s) needed) ...
[00:12:58]     FAILED: ERROR: [youtube] s9FHjbaS7mM: Sign in to confirm you’re not a bot. Use --cookies-from-browser or --cookies for the authentication. See  https://github.com/yt-dlp/yt-dlp/wiki/FAQ#how-do-i-pass-cookies-to-yt-dlp  for how to manually pass cookies. Also see  https://github.com/yt-dlp/yt-dlp/wiki/Extractors#exporting-youtube-cookies  for tips on effectively exporting YouTube cookies
[00:12:58]   [video 649/1447] yt-dlp z7057eXxbDI (1 clip(s) needed) ...
[00:13:01]     FAILED: ERROR: [youtube] z7057eXxbDI: This video is unavailable
[00:13:01]   [video 650/1447] yt-dlp DXIQSbSOKMo (1 clip(s) needed) ...
[00:13:04]     FAILED: ERROR: [youtube] DXIQSbSOKMo: Sign in to confirm you’re not a bot. Use --cookies-from-browser or --cookies for the authentication. See  https://github.com/yt-dlp/yt-dlp/wiki/FAQ#how-do-i-pass-cookies-to-yt-dlp  for how to manually pass cookies. Also see  https://github.com/yt-dlp/yt-dlp/wiki/Extractors#exporting-youtube-cookies  for tips on effectively exporting YouTube cookies
[00:13:04]   [video 651/1447] yt-dlp pOKWJCIl4iQ (1 clip(s) needed) ...
[00:13:08]     FAILED: ERROR: [youtube] pOKWJCIl4iQ: Sign in to confirm you’re not a bot. Use --cookies-from-browser or --cookies for the authentication. See  https://github.com/yt-dlp/yt-dlp/wiki/FAQ#how-do-i-pass-cookies-to-yt-dlp  for how to manually pass cookies. Also see  https://github.com/yt-dlp/yt-dlp/wiki/Extractors#exporting-youtube-cookies  for tips on effectively exporting YouTube cookies
[00:13:08]   [video 652/1447] yt-dlp gNphDRnfITc (1 clip(s) needed) ...
[00:13:12]     FAILED: ERROR: [youtube] gNphDRnfITc: Sign in to confirm you’re not a bot. Use --cookies-from-browser or --cookies for the authentication. See  https://github.com/yt-dlp/yt-dlp/wiki/FAQ#how-do-i-pass-cookies-to-yt-dlp  for how to manually pass cookies. Also see  https://github.com/yt-dlp/yt-dlp/wiki/Extractors#exporting-youtube-cookies  for tips on effectively exporting YouTube cookies
[00:13:12]   [video 653/1447] yt-dlp -J5sf3Naheg (1 clip(s) needed) ...
[00:13:15]     FAILED: ERROR: [youtube] -J5sf3Naheg: Sign in to confirm you’re not a bot. Use --cookies-from-browser or --cookies for the authentication. See  https://github.com/yt-dlp/yt-dlp/wiki/FAQ#how-do-i-pass-cookies-to-yt-dlp  for how to manually pass cookies. Also see  https://github.com/yt-dlp/yt-dlp/wiki/Extractors#exporting-youtube-cookies  for tips on effectively exporting YouTube cookies
[00:13:15]   [video 654/1447] yt-dlp x2tFDe3Jt0c (1 clip(s) needed) ...
[00:13:19]     FAILED: ERROR: [youtube] x2tFDe3Jt0c: Sign in to confirm you’re not a bot. Use --cookies-from-browser or --cookies for the authentication. See  https://github.com/yt-dlp/yt-dlp/wiki/FAQ#how-do-i-pass-cookies-to-yt-dlp  for how to manually pass cookies. Also see  https://github.com/yt-dlp/yt-dlp/wiki/Extractors#exporting-youtube-cookies  for tips on effectively exporting YouTube cookies
[00:13:19]   [video 655/1447] yt-dlp ze4HHsokYW8 (1 clip(s) needed) ...
[00:13:22]     FAILED: ERROR: [youtube] ze4HHsokYW8: Sign in to confirm you’re not a bot. Use --cookies-from-browser or --cookies for the authentication. See  https://github.com/yt-dlp/yt-dlp/wiki/FAQ#how-do-i-pass-cookies-to-yt-dlp  for how to manually pass cookies. Also see  https://github.com/yt-dlp/yt-dlp/wiki/Extractors#exporting-youtube-cookies  for tips on effectively exporting YouTube cookies
[00:13:22]   [video 656/1447] yt-dlp Tc_xv-j94Vk (1 clip(s) needed) ...
[00:13:26]     FAILED: ERROR: [youtube] Tc_xv-j94Vk: Sign in to confirm you’re not a bot. Use --cookies-from-browser or --cookies for the authentication. See  https://github.com/yt-dlp/yt-dlp/wiki/FAQ#how-do-i-pass-cookies-to-yt-dlp  for how to manually pass cookies. Also see  https://github.com/yt-dlp/yt-dlp/wiki/Extractors#exporting-youtube-cookies  for tips on effectively exporting YouTube cookies
[00:13:26]   [video 657/1447] yt-dlp xFFpHURt-RM (1 clip(s) needed) ...
[00:13:29]     FAILED: ERROR: [youtube] xFFpHURt-RM: Sign in to confirm you’re not a bot. Use --cookies-from-browser or --cookies for the authentication. See  https://github.com/yt-dlp/yt-dlp/wiki/FAQ#how-do-i-pass-cookies-to-yt-dlp  for how to manually pass cookies. Also see  https://github.com/yt-dlp/yt-dlp/wiki/Extractors#exporting-youtube-cookies  for tips on effectively exporting YouTube cookies
[00:13:29]   [video 658/1447] yt-dlp FF18CkbgDGI (1 clip(s) needed) ...
[00:13:33]     FAILED: ERROR: [youtube] FF18CkbgDGI: Sign in to confirm you’re not a bot. Use --cookies-from-browser or --cookies for the authentication. See  https://github.com/yt-dlp/yt-dlp/wiki/FAQ#how-do-i-pass-cookies-to-yt-dlp  for how to manually pass cookies. Also see  https://github.com/yt-dlp/yt-dlp/wiki/Extractors#exporting-youtube-cookies  for tips on effectively exporting YouTube cookies
[00:13:33]   [video 659/1447] yt-dlp zriS9roeaCs (1 clip(s) needed) ...
[00:13:36]     FAILED: ERROR: [youtube] zriS9roeaCs: Sign in to confirm you’re not a bot. Use --cookies-from-browser or --cookies for the authentication. See  https://github.com/yt-dlp/yt-dlp/wiki/FAQ#how-do-i-pass-cookies-to-yt-dlp  for how to manually pass cookies. Also see  https://github.com/yt-dlp/yt-dlp/wiki/Extractors#exporting-youtube-cookies  for tips on effectively exporting YouTube cookies
[00:13:36]   [video 660/1447] yt-dlp KG0ZHMAz7_o (1 clip(s) needed) ...
[00:13:40]     FAILED: ERROR: [youtube] KG0ZHMAz7_o: Sign in to confirm you’re not a bot. Use --cookies-from-browser or --cookies for the authentication. See  https://github.com/yt-dlp/yt-dlp/wiki/FAQ#how-do-i-pass-cookies-to-yt-dlp  for how to manually pass cookies. Also see  https://github.com/yt-dlp/yt-dlp/wiki/Extractors#exporting-youtube-cookies  for tips on effectively exporting YouTube cookies
[00:13:40]   [video 661/1447] yt-dlp EEhoZ0BWXu4 (1 clip(s) needed) ...
[00:13:43]     FAILED: ERROR: [youtube] EEhoZ0BWXu4: Sign in to confirm you’re not a bot. Use --cookies-from-browser or --cookies for the authentication. See  https://github.com/yt-dlp/yt-dlp/wiki/FAQ#how-do-i-pass-cookies-to-yt-dlp  for how to manually pass cookies. Also see  https://github.com/yt-dlp/yt-dlp/wiki/Extractors#exporting-youtube-cookies  for tips on effectively exporting YouTube cookies
[00:13:43]   [video 662/1447] yt-dlp hfIKKQ-4Npo (1 clip(s) needed) ...
[00:13:47]     FAILED: ERROR: [youtube] hfIKKQ-4Npo: Sign in to confirm you’re not a bot. Use --cookies-from-browser or --cookies for the authentication. See  https://github.com/yt-dlp/yt-dlp/wiki/FAQ#how-do-i-pass-cookies-to-yt-dlp  for how to manually pass cookies. Also see  https://github.com/yt-dlp/yt-dlp/wiki/Extractors#exporting-youtube-cookies  for tips on effectively exporting YouTube cookies
[00:13:47]   [video 663/1447] yt-dlp -UIQAJum1pM (1 clip(s) needed) ...
[00:13:50]     FAILED: ERROR: [youtube] -UIQAJum1pM: Sign in to confirm you’re not a bot. Use --cookies-from-browser or --cookies for the authentication. See  https://github.com/yt-dlp/yt-dlp/wiki/FAQ#how-do-i-pass-cookies-to-yt-dlp  for how to manually pass cookies. Also see  https://github.com/yt-dlp/yt-dlp/wiki/Extractors#exporting-youtube-cookies  for tips on effectively exporting YouTube cookies
[00:13:50]   [video 664/1447] yt-dlp yyg8HzywY1M (1 clip(s) needed) ...
[00:13:54]     FAILED: ERROR: [youtube] yyg8HzywY1M: Sign in to confirm you’re not a bot. Use --cookies-from-browser or --cookies for the authentication. See  https://github.com/yt-dlp/yt-dlp/wiki/FAQ#how-do-i-pass-cookies-to-yt-dlp  for how to manually pass cookies. Also see  https://github.com/yt-dlp/yt-dlp/wiki/Extractors#exporting-youtube-cookies  for tips on effectively exporting YouTube cookies
[00:13:54]   [video 665/1447] yt-dlp IBhBB6gLYPA (1 clip(s) needed) ...
[00:13:58]     FAILED: ERROR: [youtube] IBhBB6gLYPA: Sign in to confirm you’re not a bot. Use --cookies-from-browser or --cookies for the authentication. See  https://github.com/yt-dlp/yt-dlp/wiki/FAQ#how-do-i-pass-cookies-to-yt-dlp  for how to manually pass cookies. Also see  https://github.com/yt-dlp/yt-dlp/wiki/Extractors#exporting-youtube-cookies  for tips on effectively exporting YouTube cookies
[00:13:58]   [video 666/1447] yt-dlp CdedLxWW9ZQ (1 clip(s) needed) ...
[00:14:02]     FAILED: ERROR: [youtube] CdedLxWW9ZQ: Sign in to confirm you’re not a bot. Use --cookies-from-browser or --cookies for the authentication. See  https://github.com/yt-dlp/yt-dlp/wiki/FAQ#how-do-i-pass-cookies-to-yt-dlp  for how to manually pass cookies. Also see  https://github.com/yt-dlp/yt-dlp/wiki/Extractors#exporting-youtube-cookies  for tips on effectively exporting YouTube cookies
[00:14:02]   [video 667/1447] yt-dlp 5cAvWMnLLXc (1 clip(s) needed) ...
[00:14:05]     FAILED: ERROR: [youtube] 5cAvWMnLLXc: Sign in to confirm you’re not a bot. Use --cookies-from-browser or --cookies for the authentication. See  https://github.com/yt-dlp/yt-dlp/wiki/FAQ#how-do-i-pass-cookies-to-yt-dlp  for how to manually pass cookies. Also see  https://github.com/yt-dlp/yt-dlp/wiki/Extractors#exporting-youtube-cookies  for tips on effectively exporting YouTube cookies
[00:14:05]   [video 668/1447] yt-dlp giLO8t6q0uo (1 clip(s) needed) ...
[00:14:09]     FAILED: ERROR: [youtube] giLO8t6q0uo: Sign in to confirm you’re not a bot. Use --cookies-from-browser or --cookies for the authentication. See  https://github.com/yt-dlp/yt-dlp/wiki/FAQ#how-do-i-pass-cookies-to-yt-dlp  for how to manually pass cookies. Also see  https://github.com/yt-dlp/yt-dlp/wiki/Extractors#exporting-youtube-cookies  for tips on effectively exporting YouTube cookies
[00:14:09]   [video 669/1447] yt-dlp 4nE6yq6aUvs (1 clip(s) needed) ...
[00:14:13]     FAILED: ERROR: [youtube] 4nE6yq6aUvs: Sign in to confirm you’re not a bot. Use --cookies-from-browser or --cookies for the authentication. See  https://github.com/yt-dlp/yt-dlp/wiki/FAQ#how-do-i-pass-cookies-to-yt-dlp  for how to manually pass cookies. Also see  https://github.com/yt-dlp/yt-dlp/wiki/Extractors#exporting-youtube-cookies  for tips on effectively exporting YouTube cookies
[00:14:13]   [video 670/1447] yt-dlp ujsIAHVjP8U (1 clip(s) needed) ...
[00:14:17]     FAILED: ERROR: [youtube] ujsIAHVjP8U: Sign in to confirm you’re not a bot. Use --cookies-from-browser or --cookies for the authentication. See  https://github.com/yt-dlp/yt-dlp/wiki/FAQ#how-do-i-pass-cookies-to-yt-dlp  for how to manually pass cookies. Also see  https://github.com/yt-dlp/yt-dlp/wiki/Extractors#exporting-youtube-cookies  for tips on effectively exporting YouTube cookies
[00:14:17]   [video 671/1447] yt-dlp y_Kz3pqSWu0 (1 clip(s) needed) ...
[00:14:21]     FAILED: ERROR: [youtube] y_Kz3pqSWu0: Sign in to confirm you’re not a bot. Use --cookies-from-browser or --cookies for the authentication. See  https://github.com/yt-dlp/yt-dlp/wiki/FAQ#how-do-i-pass-cookies-to-yt-dlp  for how to manually pass cookies. Also see  https://github.com/yt-dlp/yt-dlp/wiki/Extractors#exporting-youtube-cookies  for tips on effectively exporting YouTube cookies
[00:14:21]   [video 672/1447] yt-dlp Ih9glhIsB1M (1 clip(s) needed) ...
[00:14:24]     FAILED: ERROR: [youtube] Ih9glhIsB1M: This video is not available
[00:14:24]   [video 673/1447] yt-dlp QnOfOnBkQmo (1 clip(s) needed) ...
[00:14:28]     FAILED: ERROR: [youtube] QnOfOnBkQmo: Sign in to confirm you’re not a bot. Use --cookies-from-browser or --cookies for the authentication. See  https://github.com/yt-dlp/yt-dlp/wiki/FAQ#how-do-i-pass-cookies-to-yt-dlp  for how to manually pass cookies. Also see  https://github.com/yt-dlp/yt-dlp/wiki/Extractors#exporting-youtube-cookies  for tips on effectively exporting YouTube cookies
[00:14:28]   [video 674/1447] yt-dlp X5TaLxbKvlg (1 clip(s) needed) ...
[00:14:31]     FAILED: ERROR: [youtube] X5TaLxbKvlg: Sign in to confirm you’re not a bot. Use --cookies-from-browser or --cookies for the authentication. See  https://github.com/yt-dlp/yt-dlp/wiki/FAQ#how-do-i-pass-cookies-to-yt-dlp  for how to manually pass cookies. Also see  https://github.com/yt-dlp/yt-dlp/wiki/Extractors#exporting-youtube-cookies  for tips on effectively exporting YouTube cookies
[00:14:31]   [video 675/1447] yt-dlp arxCCSTwiR8 (1 clip(s) needed) ...
[00:14:35]     FAILED: ERROR: [youtube] arxCCSTwiR8: Sign in to confirm you’re not a bot. Use --cookies-from-browser or --cookies for the authentication. See  https://github.com/yt-dlp/yt-dlp/wiki/FAQ#how-do-i-pass-cookies-to-yt-dlp  for how to manually pass cookies. Also see  https://github.com/yt-dlp/yt-dlp/wiki/Extractors#exporting-youtube-cookies  for tips on effectively exporting YouTube cookies
[00:14:35]   [video 676/1447] yt-dlp RFgEBJlOzW4 (1 clip(s) needed) ...
[00:14:38]     FAILED: ERROR: [youtube] RFgEBJlOzW4: Sign in to confirm you’re not a bot. Use --cookies-from-browser or --cookies for the authentication. See  https://github.com/yt-dlp/yt-dlp/wiki/FAQ#how-do-i-pass-cookies-to-yt-dlp  for how to manually pass cookies. Also see  https://github.com/yt-dlp/yt-dlp/wiki/Extractors#exporting-youtube-cookies  for tips on effectively exporting YouTube cookies
[00:14:38]   [video 677/1447] yt-dlp x0UO-C5mWg8 (1 clip(s) needed) ...
[00:14:42]     FAILED: ERROR: [youtube] x0UO-C5mWg8: Sign in to confirm you’re not a bot. Use --cookies-from-browser or --cookies for the authentication. See  https://github.com/yt-dlp/yt-dlp/wiki/FAQ#how-do-i-pass-cookies-to-yt-dlp  for how to manually pass cookies. Also see  https://github.com/yt-dlp/yt-dlp/wiki/Extractors#exporting-youtube-cookies  for tips on effectively exporting YouTube cookies
[00:14:42]   [video 678/1447] yt-dlp K1AyF-2oVPk (1 clip(s) needed) ...
[00:14:46]     FAILED: ERROR: [youtube] K1AyF-2oVPk: Sign in to confirm you’re not a bot. Use --cookies-from-browser or --cookies for the authentication. See  https://github.com/yt-dlp/yt-dlp/wiki/FAQ#how-do-i-pass-cookies-to-yt-dlp  for how to manually pass cookies. Also see  https://github.com/yt-dlp/yt-dlp/wiki/Extractors#exporting-youtube-cookies  for tips on effectively exporting YouTube cookies
[00:14:46]   [video 679/1447] yt-dlp e4u1YYCb4tM (1 clip(s) needed) ...
[00:14:50]     FAILED: ERROR: [youtube] e4u1YYCb4tM: Sign in to confirm you’re not a bot. Use --cookies-from-browser or --cookies for the authentication. See  https://github.com/yt-dlp/yt-dlp/wiki/FAQ#how-do-i-pass-cookies-to-yt-dlp  for how to manually pass cookies. Also see  https://github.com/yt-dlp/yt-dlp/wiki/Extractors#exporting-youtube-cookies  for tips on effectively exporting YouTube cookies
[00:14:50]   [video 680/1447] yt-dlp KjJMFGEdUcU (1 clip(s) needed) ...
[00:14:53]     FAILED: ERROR: [youtube] KjJMFGEdUcU: Sign in to confirm you’re not a bot. Use --cookies-from-browser or --cookies for the authentication. See  https://github.com/yt-dlp/yt-dlp/wiki/FAQ#how-do-i-pass-cookies-to-yt-dlp  for how to manually pass cookies. Also see  https://github.com/yt-dlp/yt-dlp/wiki/Extractors#exporting-youtube-cookies  for tips on effectively exporting YouTube cookies
[00:14:53]   [video 681/1447] yt-dlp t0ztvV6SIiU (1 clip(s) needed) ...
[00:14:57]     FAILED: ERROR: [youtube] t0ztvV6SIiU: Sign in to confirm you’re not a bot. Use --cookies-from-browser or --cookies for the authentication. See  https://github.com/yt-dlp/yt-dlp/wiki/FAQ#how-do-i-pass-cookies-to-yt-dlp  for how to manually pass cookies. Also see  https://github.com/yt-dlp/yt-dlp/wiki/Extractors#exporting-youtube-cookies  for tips on effectively exporting YouTube cookies
[00:14:57]   [video 682/1447] yt-dlp SEBmcsTrfLg (1 clip(s) needed) ...
[00:15:01]     FAILED: ERROR: [youtube] SEBmcsTrfLg: Sign in to confirm you’re not a bot. Use --cookies-from-browser or --cookies for the authentication. See  https://github.com/yt-dlp/yt-dlp/wiki/FAQ#how-do-i-pass-cookies-to-yt-dlp  for how to manually pass cookies. Also see  https://github.com/yt-dlp/yt-dlp/wiki/Extractors#exporting-youtube-cookies  for tips on effectively exporting YouTube cookies
[00:15:01]   [video 683/1447] yt-dlp nv2FbwjIZRE (1 clip(s) needed) ...
[00:15:05]     FAILED: ERROR: [youtube] nv2FbwjIZRE: Sign in to confirm you’re not a bot. Use --cookies-from-browser or --cookies for the authentication. See  https://github.com/yt-dlp/yt-dlp/wiki/FAQ#how-do-i-pass-cookies-to-yt-dlp  for how to manually pass cookies. Also see  https://github.com/yt-dlp/yt-dlp/wiki/Extractors#exporting-youtube-cookies  for tips on effectively exporting YouTube cookies
[00:15:05]   [video 684/1447] yt-dlp AsyfJP6sQ8M (1 clip(s) needed) ...
[00:15:09]     FAILED: ERROR: [youtube] AsyfJP6sQ8M: Sign in to confirm you’re not a bot. Use --cookies-from-browser or --cookies for the authentication. See  https://github.com/yt-dlp/yt-dlp/wiki/FAQ#how-do-i-pass-cookies-to-yt-dlp  for how to manually pass cookies. Also see  https://github.com/yt-dlp/yt-dlp/wiki/Extractors#exporting-youtube-cookies  for tips on effectively exporting YouTube cookies
[00:15:09]   [video 685/1447] yt-dlp knBCxaCx6_0 (1 clip(s) needed) ...
[00:15:13]     FAILED: ERROR: [youtube] knBCxaCx6_0: Sign in to confirm you’re not a bot. Use --cookies-from-browser or --cookies for the authentication. See  https://github.com/yt-dlp/yt-dlp/wiki/FAQ#how-do-i-pass-cookies-to-yt-dlp  for how to manually pass cookies. Also see  https://github.com/yt-dlp/yt-dlp/wiki/Extractors#exporting-youtube-cookies  for tips on effectively exporting YouTube cookies
[00:15:13]   [video 686/1447] yt-dlp UhdcUJLAqqw (1 clip(s) needed) ...
[00:15:16]     FAILED: ERROR: [youtube] UhdcUJLAqqw: Sign in to confirm you’re not a bot. Use --cookies-from-browser or --cookies for the authentication. See  https://github.com/yt-dlp/yt-dlp/wiki/FAQ#how-do-i-pass-cookies-to-yt-dlp  for how to manually pass cookies. Also see  https://github.com/yt-dlp/yt-dlp/wiki/Extractors#exporting-youtube-cookies  for tips on effectively exporting YouTube cookies
[00:15:16]   [video 687/1447] yt-dlp 3HAF5WBWNio (1 clip(s) needed) ...
[00:15:20]     FAILED: ERROR: [youtube] 3HAF5WBWNio: Sign in to confirm you’re not a bot. Use --cookies-from-browser or --cookies for the authentication. See  https://github.com/yt-dlp/yt-dlp/wiki/FAQ#how-do-i-pass-cookies-to-yt-dlp  for how to manually pass cookies. Also see  https://github.com/yt-dlp/yt-dlp/wiki/Extractors#exporting-youtube-cookies  for tips on effectively exporting YouTube cookies
[00:15:20]   [video 688/1447] yt-dlp WYV20WS-5eE (1 clip(s) needed) ...
[00:15:23]     FAILED: ERROR: [youtube] WYV20WS-5eE: Sign in to confirm you’re not a bot. Use --cookies-from-browser or --cookies for the authentication. See  https://github.com/yt-dlp/yt-dlp/wiki/FAQ#how-do-i-pass-cookies-to-yt-dlp  for how to manually pass cookies. Also see  https://github.com/yt-dlp/yt-dlp/wiki/Extractors#exporting-youtube-cookies  for tips on effectively exporting YouTube cookies
[00:15:23]   [video 689/1447] yt-dlp JfCbFaPuBKk (1 clip(s) needed) ...
[00:15:27]     FAILED: ERROR: [youtube] JfCbFaPuBKk: Sign in to confirm you’re not a bot. Use --cookies-from-browser or --cookies for the authentication. See  https://github.com/yt-dlp/yt-dlp/wiki/FAQ#how-do-i-pass-cookies-to-yt-dlp  for how to manually pass cookies. Also see  https://github.com/yt-dlp/yt-dlp/wiki/Extractors#exporting-youtube-cookies  for tips on effectively exporting YouTube cookies
[00:15:27]   [video 690/1447] yt-dlp QfKJR28LE24 (1 clip(s) needed) ...
[00:15:30]     FAILED: ERROR: [youtube] QfKJR28LE24: Sign in to confirm you’re not a bot. Use --cookies-from-browser or --cookies for the authentication. See  https://github.com/yt-dlp/yt-dlp/wiki/FAQ#how-do-i-pass-cookies-to-yt-dlp  for how to manually pass cookies. Also see  https://github.com/yt-dlp/yt-dlp/wiki/Extractors#exporting-youtube-cookies  for tips on effectively exporting YouTube cookies
[00:15:30]   [video 691/1447] yt-dlp 2X2Wqzcn9GI (1 clip(s) needed) ...
[00:15:34]     FAILED: ERROR: [youtube] 2X2Wqzcn9GI: Sign in to confirm you’re not a bot. Use --cookies-from-browser or --cookies for the authentication. See  https://github.com/yt-dlp/yt-dlp/wiki/FAQ#how-do-i-pass-cookies-to-yt-dlp  for how to manually pass cookies. Also see  https://github.com/yt-dlp/yt-dlp/wiki/Extractors#exporting-youtube-cookies  for tips on effectively exporting YouTube cookies
[00:15:34]   [video 692/1447] yt-dlp MWBl4baUNR4 (1 clip(s) needed) ...
[00:15:38]     FAILED: ERROR: [youtube] MWBl4baUNR4: Sign in to confirm you’re not a bot. Use --cookies-from-browser or --cookies for the authentication. See  https://github.com/yt-dlp/yt-dlp/wiki/FAQ#how-do-i-pass-cookies-to-yt-dlp  for how to manually pass cookies. Also see  https://github.com/yt-dlp/yt-dlp/wiki/Extractors#exporting-youtube-cookies  for tips on effectively exporting YouTube cookies
[00:15:38]   [video 693/1447] yt-dlp GOREtGlNx1s (1 clip(s) needed) ...
[00:15:41]     FAILED: ERROR: [youtube] GOREtGlNx1s: Sign in to confirm you’re not a bot. Use --cookies-from-browser or --cookies for the authentication. See  https://github.com/yt-dlp/yt-dlp/wiki/FAQ#how-do-i-pass-cookies-to-yt-dlp  for how to manually pass cookies. Also see  https://github.com/yt-dlp/yt-dlp/wiki/Extractors#exporting-youtube-cookies  for tips on effectively exporting YouTube cookies
[00:15:41]   [video 694/1447] yt-dlp EGpkZ0Ced9s (1 clip(s) needed) ...
[00:15:45]     FAILED: ERROR: [youtube] EGpkZ0Ced9s: Sign in to confirm you’re not a bot. Use --cookies-from-browser or --cookies for the authentication. See  https://github.com/yt-dlp/yt-dlp/wiki/FAQ#how-do-i-pass-cookies-to-yt-dlp  for how to manually pass cookies. Also see  https://github.com/yt-dlp/yt-dlp/wiki/Extractors#exporting-youtube-cookies  for tips on effectively exporting YouTube cookies
[00:15:45]   [video 695/1447] yt-dlp Feqj17K8lk0 (1 clip(s) needed) ...
[00:15:49]     FAILED: ERROR: [youtube] Feqj17K8lk0: This video is unavailable
[00:15:49]   [video 696/1447] yt-dlp qQwoh0yxCBA (1 clip(s) needed) ...
[00:15:52]     FAILED: ERROR: [youtube] qQwoh0yxCBA: Sign in to confirm you’re not a bot. Use --cookies-from-browser or --cookies for the authentication. See  https://github.com/yt-dlp/yt-dlp/wiki/FAQ#how-do-i-pass-cookies-to-yt-dlp  for how to manually pass cookies. Also see  https://github.com/yt-dlp/yt-dlp/wiki/Extractors#exporting-youtube-cookies  for tips on effectively exporting YouTube cookies
[00:15:52]   [video 697/1447] yt-dlp fS3r5CQIQJc (1 clip(s) needed) ...
[00:15:56]     FAILED: ERROR: [youtube] fS3r5CQIQJc: This video is not available
[00:15:56]   [video 698/1447] yt-dlp s48XuAD-CgU (1 clip(s) needed) ...
[00:16:00]     FAILED: ERROR: [youtube] s48XuAD-CgU: Sign in to confirm you’re not a bot. Use --cookies-from-browser or --cookies for the authentication. See  https://github.com/yt-dlp/yt-dlp/wiki/FAQ#how-do-i-pass-cookies-to-yt-dlp  for how to manually pass cookies. Also see  https://github.com/yt-dlp/yt-dlp/wiki/Extractors#exporting-youtube-cookies  for tips on effectively exporting YouTube cookies
[00:16:00]   [video 699/1447] yt-dlp nAzswBbZRKU (1 clip(s) needed) ...
[00:16:04]     FAILED: ERROR: [youtube] nAzswBbZRKU: Sign in to confirm you’re not a bot. Use --cookies-from-browser or --cookies for the authentication. See  https://github.com/yt-dlp/yt-dlp/wiki/FAQ#how-do-i-pass-cookies-to-yt-dlp  for how to manually pass cookies. Also see  https://github.com/yt-dlp/yt-dlp/wiki/Extractors#exporting-youtube-cookies  for tips on effectively exporting YouTube cookies
[00:16:04]   [video 700/1447] yt-dlp EIE-ltn74ik (1 clip(s) needed) ...
[00:16:07]     FAILED: ERROR: [youtube] EIE-ltn74ik: Sign in to confirm you’re not a bot. Use --cookies-from-browser or --cookies for the authentication. See  https://github.com/yt-dlp/yt-dlp/wiki/FAQ#how-do-i-pass-cookies-to-yt-dlp  for how to manually pass cookies. Also see  https://github.com/yt-dlp/yt-dlp/wiki/Extractors#exporting-youtube-cookies  for tips on effectively exporting YouTube cookies
[00:16:07]   [video 701/1447] yt-dlp PxtyoE1ovSI (1 clip(s) needed) ...
[00:16:11]     FAILED: ERROR: [youtube] PxtyoE1ovSI: Sign in to confirm you’re not a bot. Use --cookies-from-browser or --cookies for the authentication. See  https://github.com/yt-dlp/yt-dlp/wiki/FAQ#how-do-i-pass-cookies-to-yt-dlp  for how to manually pass cookies. Also see  https://github.com/yt-dlp/yt-dlp/wiki/Extractors#exporting-youtube-cookies  for tips on effectively exporting YouTube cookies
[00:16:11]   [video 702/1447] yt-dlp xHdCtlIAFHA (1 clip(s) needed) ...
[00:16:15]     FAILED: ERROR: [youtube] xHdCtlIAFHA: Sign in to confirm you’re not a bot. Use --cookies-from-browser or --cookies for the authentication. See  https://github.com/yt-dlp/yt-dlp/wiki/FAQ#how-do-i-pass-cookies-to-yt-dlp  for how to manually pass cookies. Also see  https://github.com/yt-dlp/yt-dlp/wiki/Extractors#exporting-youtube-cookies  for tips on effectively exporting YouTube cookies
[00:16:15]   [video 703/1447] yt-dlp odp1LpGphec (1 clip(s) needed) ...
[00:16:18]     FAILED: ERROR: [youtube] odp1LpGphec: Sign in to confirm you’re not a bot. Use --cookies-from-browser or --cookies for the authentication. See  https://github.com/yt-dlp/yt-dlp/wiki/FAQ#how-do-i-pass-cookies-to-yt-dlp  for how to manually pass cookies. Also see  https://github.com/yt-dlp/yt-dlp/wiki/Extractors#exporting-youtube-cookies  for tips on effectively exporting YouTube cookies
[00:16:18]   [video 704/1447] yt-dlp 5HGN572hY7E (1 clip(s) needed) ...
[00:16:22]     FAILED: ERROR: [youtube] 5HGN572hY7E: Sign in to confirm you’re not a bot. Use --cookies-from-browser or --cookies for the authentication. See  https://github.com/yt-dlp/yt-dlp/wiki/FAQ#how-do-i-pass-cookies-to-yt-dlp  for how to manually pass cookies. Also see  https://github.com/yt-dlp/yt-dlp/wiki/Extractors#exporting-youtube-cookies  for tips on effectively exporting YouTube cookies
[00:16:22]   [video 705/1447] yt-dlp a8oaEYjcqsc (1 clip(s) needed) ...
[00:16:26]     FAILED: ERROR: [youtube] a8oaEYjcqsc: Sign in to confirm you’re not a bot. Use --cookies-from-browser or --cookies for the authentication. See  https://github.com/yt-dlp/yt-dlp/wiki/FAQ#how-do-i-pass-cookies-to-yt-dlp  for how to manually pass cookies. Also see  https://github.com/yt-dlp/yt-dlp/wiki/Extractors#exporting-youtube-cookies  for tips on effectively exporting YouTube cookies
[00:16:26]   [video 706/1447] yt-dlp OjNCXIA3JN4 (1 clip(s) needed) ...
[00:16:29]     FAILED: ERROR: [youtube] OjNCXIA3JN4: Sign in to confirm you’re not a bot. Use --cookies-from-browser or --cookies for the authentication. See  https://github.com/yt-dlp/yt-dlp/wiki/FAQ#how-do-i-pass-cookies-to-yt-dlp  for how to manually pass cookies. Also see  https://github.com/yt-dlp/yt-dlp/wiki/Extractors#exporting-youtube-cookies  for tips on effectively exporting YouTube cookies
[00:16:29]   [video 707/1447] yt-dlp TbuPVFtYqwk (1 clip(s) needed) ...
[00:16:33]     FAILED: ERROR: [youtube] TbuPVFtYqwk: Sign in to confirm you’re not a bot. Use --cookies-from-browser or --cookies for the authentication. See  https://github.com/yt-dlp/yt-dlp/wiki/FAQ#how-do-i-pass-cookies-to-yt-dlp  for how to manually pass cookies. Also see  https://github.com/yt-dlp/yt-dlp/wiki/Extractors#exporting-youtube-cookies  for tips on effectively exporting YouTube cookies
[00:16:33]   [video 708/1447] yt-dlp DVwuhcJzyQ8 (1 clip(s) needed) ...
[00:16:36]     FAILED: ERROR: [youtube] DVwuhcJzyQ8: Please sign in. Use --cookies-from-browser or --cookies for the authentication. See  https://github.com/yt-dlp/yt-dlp/wiki/FAQ#how-do-i-pass-cookies-to-yt-dlp  for how to manually pass cookies. Also see  https://github.com/yt-dlp/yt-dlp/wiki/Extractors#exporting-youtube-cookies  for tips on effectively exporting YouTube cookies
[00:16:36]   [video 709/1447] yt-dlp oDQULLF0-98 (1 clip(s) needed) ...
[00:16:40]     FAILED: ERROR: [youtube] oDQULLF0-98: Sign in to confirm you’re not a bot. Use --cookies-from-browser or --cookies for the authentication. See  https://github.com/yt-dlp/yt-dlp/wiki/FAQ#how-do-i-pass-cookies-to-yt-dlp  for how to manually pass cookies. Also see  https://github.com/yt-dlp/yt-dlp/wiki/Extractors#exporting-youtube-cookies  for tips on effectively exporting YouTube cookies
[00:16:40]   [video 710/1447] yt-dlp 5k9JkEf9-MU (1 clip(s) needed) ...
[00:16:44]     FAILED: ERROR: [youtube] 5k9JkEf9-MU: Sign in to confirm you’re not a bot. Use --cookies-from-browser or --cookies for the authentication. See  https://github.com/yt-dlp/yt-dlp/wiki/FAQ#how-do-i-pass-cookies-to-yt-dlp  for how to manually pass cookies. Also see  https://github.com/yt-dlp/yt-dlp/wiki/Extractors#exporting-youtube-cookies  for tips on effectively exporting YouTube cookies
[00:16:44]   [video 711/1447] yt-dlp cOYg2fVlfw0 (1 clip(s) needed) ...
[00:16:48]     FAILED: ERROR: [youtube] cOYg2fVlfw0: Sign in to confirm you’re not a bot. Use --cookies-from-browser or --cookies for the authentication. See  https://github.com/yt-dlp/yt-dlp/wiki/FAQ#how-do-i-pass-cookies-to-yt-dlp  for how to manually pass cookies. Also see  https://github.com/yt-dlp/yt-dlp/wiki/Extractors#exporting-youtube-cookies  for tips on effectively exporting YouTube cookies
[00:16:48]   [video 712/1447] yt-dlp ZBb_cSlpOWc (1 clip(s) needed) ...
[00:16:51]     FAILED: ERROR: [youtube] ZBb_cSlpOWc: Sign in to confirm you’re not a bot. Use --cookies-from-browser or --cookies for the authentication. See  https://github.com/yt-dlp/yt-dlp/wiki/FAQ#how-do-i-pass-cookies-to-yt-dlp  for how to manually pass cookies. Also see  https://github.com/yt-dlp/yt-dlp/wiki/Extractors#exporting-youtube-cookies  for tips on effectively exporting YouTube cookies
[00:16:51]   [video 713/1447] yt-dlp ZDnMtHzK_ZI (1 clip(s) needed) ...
[00:16:55]     FAILED: ERROR: [youtube] ZDnMtHzK_ZI: Sign in to confirm you’re not a bot. Use --cookies-from-browser or --cookies for the authentication. See  https://github.com/yt-dlp/yt-dlp/wiki/FAQ#how-do-i-pass-cookies-to-yt-dlp  for how to manually pass cookies. Also see  https://github.com/yt-dlp/yt-dlp/wiki/Extractors#exporting-youtube-cookies  for tips on effectively exporting YouTube cookies
[00:16:55]   [video 714/1447] yt-dlp 0DGF76Ea3yc (1 clip(s) needed) ...
[00:16:58]     FAILED: ERROR: [youtube] 0DGF76Ea3yc: Sign in to confirm you’re not a bot. Use --cookies-from-browser or --cookies for the authentication. See  https://github.com/yt-dlp/yt-dlp/wiki/FAQ#how-do-i-pass-cookies-to-yt-dlp  for how to manually pass cookies. Also see  https://github.com/yt-dlp/yt-dlp/wiki/Extractors#exporting-youtube-cookies  for tips on effectively exporting YouTube cookies
[00:16:58]   [video 715/1447] yt-dlp QjH1FSGwVUM (1 clip(s) needed) ...
[00:17:02]     FAILED: ERROR: [youtube] QjH1FSGwVUM: Sign in to confirm you’re not a bot. Use --cookies-from-browser or --cookies for the authentication. See  https://github.com/yt-dlp/yt-dlp/wiki/FAQ#how-do-i-pass-cookies-to-yt-dlp  for how to manually pass cookies. Also see  https://github.com/yt-dlp/yt-dlp/wiki/Extractors#exporting-youtube-cookies  for tips on effectively exporting YouTube cookies
[00:17:02]   [video 716/1447] yt-dlp -0nQPAYBiho (1 clip(s) needed) ...
[00:17:06]     FAILED: ERROR: [youtube] -0nQPAYBiho: Please sign in. Use --cookies-from-browser or --cookies for the authentication. See  https://github.com/yt-dlp/yt-dlp/wiki/FAQ#how-do-i-pass-cookies-to-yt-dlp  for how to manually pass cookies. Also see  https://github.com/yt-dlp/yt-dlp/wiki/Extractors#exporting-youtube-cookies  for tips on effectively exporting YouTube cookies
[00:17:06]   [video 717/1447] yt-dlp i3sP3IVuMv8 (1 clip(s) needed) ...
[00:17:10]     FAILED: ERROR: [youtube] i3sP3IVuMv8: Sign in to confirm you’re not a bot. Use --cookies-from-browser or --cookies for the authentication. See  https://github.com/yt-dlp/yt-dlp/wiki/FAQ#how-do-i-pass-cookies-to-yt-dlp  for how to manually pass cookies. Also see  https://github.com/yt-dlp/yt-dlp/wiki/Extractors#exporting-youtube-cookies  for tips on effectively exporting YouTube cookies
[00:17:10]   [video 718/1447] yt-dlp GrDPvjwQ1G4 (1 clip(s) needed) ...
[00:17:13]     FAILED: ERROR: [youtube] GrDPvjwQ1G4: Sign in to confirm you’re not a bot. Use --cookies-from-browser or --cookies for the authentication. See  https://github.com/yt-dlp/yt-dlp/wiki/FAQ#how-do-i-pass-cookies-to-yt-dlp  for how to manually pass cookies. Also see  https://github.com/yt-dlp/yt-dlp/wiki/Extractors#exporting-youtube-cookies  for tips on effectively exporting YouTube cookies
[00:17:13]   [video 719/1447] yt-dlp F7eho3BhhHM (1 clip(s) needed) ...
[00:17:17]     FAILED: ERROR: [youtube] F7eho3BhhHM: Sign in to confirm you’re not a bot. Use --cookies-from-browser or --cookies for the authentication. See  https://github.com/yt-dlp/yt-dlp/wiki/FAQ#how-do-i-pass-cookies-to-yt-dlp  for how to manually pass cookies. Also see  https://github.com/yt-dlp/yt-dlp/wiki/Extractors#exporting-youtube-cookies  for tips on effectively exporting YouTube cookies
[00:17:17]   [video 720/1447] yt-dlp 42c8go9A7HQ (1 clip(s) needed) ...
[00:17:20]     FAILED: ERROR: [youtube] 42c8go9A7HQ: Sign in to confirm you’re not a bot. Use --cookies-from-browser or --cookies for the authentication. See  https://github.com/yt-dlp/yt-dlp/wiki/FAQ#how-do-i-pass-cookies-to-yt-dlp  for how to manually pass cookies. Also see  https://github.com/yt-dlp/yt-dlp/wiki/Extractors#exporting-youtube-cookies  for tips on effectively exporting YouTube cookies
[00:17:20]   [video 721/1447] yt-dlp fyFXCAbrob4 (1 clip(s) needed) ...
[00:17:24]     FAILED: ERROR: [youtube] fyFXCAbrob4: Sign in to confirm you’re not a bot. Use --cookies-from-browser or --cookies for the authentication. See  https://github.com/yt-dlp/yt-dlp/wiki/FAQ#how-do-i-pass-cookies-to-yt-dlp  for how to manually pass cookies. Also see  https://github.com/yt-dlp/yt-dlp/wiki/Extractors#exporting-youtube-cookies  for tips on effectively exporting YouTube cookies
[00:17:24]   [video 722/1447] yt-dlp TVtqwWGguFk (1 clip(s) needed) ...
[00:17:27]     FAILED: ERROR: [youtube] TVtqwWGguFk: Sign in to confirm you’re not a bot. Use --cookies-from-browser or --cookies for the authentication. See  https://github.com/yt-dlp/yt-dlp/wiki/FAQ#how-do-i-pass-cookies-to-yt-dlp  for how to manually pass cookies. Also see  https://github.com/yt-dlp/yt-dlp/wiki/Extractors#exporting-youtube-cookies  for tips on effectively exporting YouTube cookies
[00:17:27]   [video 723/1447] yt-dlp LYf8rquz4p0 (1 clip(s) needed) ...
[00:17:31]     FAILED: ERROR: [youtube] LYf8rquz4p0: Sign in to confirm you’re not a bot. Use --cookies-from-browser or --cookies for the authentication. See  https://github.com/yt-dlp/yt-dlp/wiki/FAQ#how-do-i-pass-cookies-to-yt-dlp  for how to manually pass cookies. Also see  https://github.com/yt-dlp/yt-dlp/wiki/Extractors#exporting-youtube-cookies  for tips on effectively exporting YouTube cookies
[00:17:31]   [video 724/1447] yt-dlp OAoA4snvaxU (1 clip(s) needed) ...
[00:17:34]     FAILED: ERROR: [youtube] OAoA4snvaxU: Sign in to confirm you’re not a bot. Use --cookies-from-browser or --cookies for the authentication. See  https://github.com/yt-dlp/yt-dlp/wiki/FAQ#how-do-i-pass-cookies-to-yt-dlp  for how to manually pass cookies. Also see  https://github.com/yt-dlp/yt-dlp/wiki/Extractors#exporting-youtube-cookies  for tips on effectively exporting YouTube cookies
[00:17:34]   [video 725/1447] yt-dlp O5lWaZZOjdM (1 clip(s) needed) ...
[00:17:38]     FAILED: ERROR: [youtube] O5lWaZZOjdM: Sign in to confirm you’re not a bot. Use --cookies-from-browser or --cookies for the authentication. See  https://github.com/yt-dlp/yt-dlp/wiki/FAQ#how-do-i-pass-cookies-to-yt-dlp  for how to manually pass cookies. Also see  https://github.com/yt-dlp/yt-dlp/wiki/Extractors#exporting-youtube-cookies  for tips on effectively exporting YouTube cookies
[00:17:38]   [video 726/1447] yt-dlp X2hSoo-w8K8 (1 clip(s) needed) ...
[00:17:41]     FAILED: ERROR: [youtube] X2hSoo-w8K8: Sign in to confirm you’re not a bot. Use --cookies-from-browser or --cookies for the authentication. See  https://github.com/yt-dlp/yt-dlp/wiki/FAQ#how-do-i-pass-cookies-to-yt-dlp  for how to manually pass cookies. Also see  https://github.com/yt-dlp/yt-dlp/wiki/Extractors#exporting-youtube-cookies  for tips on effectively exporting YouTube cookies
[00:17:41]   [video 727/1447] yt-dlp ZYp1GfJRHFY (1 clip(s) needed) ...
[00:17:45]     FAILED: ERROR: [youtube] ZYp1GfJRHFY: Sign in to confirm you’re not a bot. Use --cookies-from-browser or --cookies for the authentication. See  https://github.com/yt-dlp/yt-dlp/wiki/FAQ#how-do-i-pass-cookies-to-yt-dlp  for how to manually pass cookies. Also see  https://github.com/yt-dlp/yt-dlp/wiki/Extractors#exporting-youtube-cookies  for tips on effectively exporting YouTube cookies
[00:17:45]   [video 728/1447] yt-dlp i9oTce6cODM (1 clip(s) needed) ...
[00:17:49]     FAILED: ERROR: [youtube] i9oTce6cODM: Sign in to confirm you’re not a bot. Use --cookies-from-browser or --cookies for the authentication. See  https://github.com/yt-dlp/yt-dlp/wiki/FAQ#how-do-i-pass-cookies-to-yt-dlp  for how to manually pass cookies. Also see  https://github.com/yt-dlp/yt-dlp/wiki/Extractors#exporting-youtube-cookies  for tips on effectively exporting YouTube cookies
[00:17:49]   [video 729/1447] yt-dlp gUqzyoM2YXI (1 clip(s) needed) ...
[00:17:52]     FAILED: ERROR: [youtube] gUqzyoM2YXI: Sign in to confirm you’re not a bot. Use --cookies-from-browser or --cookies for the authentication. See  https://github.com/yt-dlp/yt-dlp/wiki/FAQ#how-do-i-pass-cookies-to-yt-dlp  for how to manually pass cookies. Also see  https://github.com/yt-dlp/yt-dlp/wiki/Extractors#exporting-youtube-cookies  for tips on effectively exporting YouTube cookies
[00:17:52]   [video 730/1447] yt-dlp vlSWX_dQBSI (1 clip(s) needed) ...
[00:17:56]     FAILED: ERROR: [youtube] vlSWX_dQBSI: Sign in to confirm you’re not a bot. Use --cookies-from-browser or --cookies for the authentication. See  https://github.com/yt-dlp/yt-dlp/wiki/FAQ#how-do-i-pass-cookies-to-yt-dlp  for how to manually pass cookies. Also see  https://github.com/yt-dlp/yt-dlp/wiki/Extractors#exporting-youtube-cookies  for tips on effectively exporting YouTube cookies
[00:17:56]   [video 731/1447] yt-dlp nTLZZqVz--E (1 clip(s) needed) ...
[00:18:00]     FAILED: ERROR: [youtube] nTLZZqVz--E: Sign in to confirm you’re not a bot. Use --cookies-from-browser or --cookies for the authentication. See  https://github.com/yt-dlp/yt-dlp/wiki/FAQ#how-do-i-pass-cookies-to-yt-dlp  for how to manually pass cookies. Also see  https://github.com/yt-dlp/yt-dlp/wiki/Extractors#exporting-youtube-cookies  for tips on effectively exporting YouTube cookies
[00:18:00]   [video 732/1447] yt-dlp JfAMkgbwCXk (1 clip(s) needed) ...
[00:18:04]     FAILED: ERROR: [youtube] JfAMkgbwCXk: Sign in to confirm you’re not a bot. Use --cookies-from-browser or --cookies for the authentication. See  https://github.com/yt-dlp/yt-dlp/wiki/FAQ#how-do-i-pass-cookies-to-yt-dlp  for how to manually pass cookies. Also see  https://github.com/yt-dlp/yt-dlp/wiki/Extractors#exporting-youtube-cookies  for tips on effectively exporting YouTube cookies
[00:18:04]   [video 733/1447] yt-dlp 7caIvmOhO1M (1 clip(s) needed) ...
[00:18:07]     FAILED: ERROR: [youtube] 7caIvmOhO1M: Sign in to confirm you’re not a bot. Use --cookies-from-browser or --cookies for the authentication. See  https://github.com/yt-dlp/yt-dlp/wiki/FAQ#how-do-i-pass-cookies-to-yt-dlp  for how to manually pass cookies. Also see  https://github.com/yt-dlp/yt-dlp/wiki/Extractors#exporting-youtube-cookies  for tips on effectively exporting YouTube cookies
[00:18:07]   [video 734/1447] yt-dlp qRMyyEPaor4 (1 clip(s) needed) ...
[00:18:10]     FAILED: ERROR: [youtube] qRMyyEPaor4: Sign in to confirm you’re not a bot. Use --cookies-from-browser or --cookies for the authentication. See  https://github.com/yt-dlp/yt-dlp/wiki/FAQ#how-do-i-pass-cookies-to-yt-dlp  for how to manually pass cookies. Also see  https://github.com/yt-dlp/yt-dlp/wiki/Extractors#exporting-youtube-cookies  for tips on effectively exporting YouTube cookies
[00:18:10]   [video 735/1447] yt-dlp bOd8mILlhsA (1 clip(s) needed) ...
[00:18:15]     FAILED: ERROR: [youtube] bOd8mILlhsA: Sign in to confirm you’re not a bot. Use --cookies-from-browser or --cookies for the authentication. See  https://github.com/yt-dlp/yt-dlp/wiki/FAQ#how-do-i-pass-cookies-to-yt-dlp  for how to manually pass cookies. Also see  https://github.com/yt-dlp/yt-dlp/wiki/Extractors#exporting-youtube-cookies  for tips on effectively exporting YouTube cookies
[00:18:15]   [video 736/1447] yt-dlp Z9Nbellf7e8 (1 clip(s) needed) ...
[00:18:18]     FAILED: ERROR: [youtube] Z9Nbellf7e8: Sign in to confirm you’re not a bot. Use --cookies-from-browser or --cookies for the authentication. See  https://github.com/yt-dlp/yt-dlp/wiki/FAQ#how-do-i-pass-cookies-to-yt-dlp  for how to manually pass cookies. Also see  https://github.com/yt-dlp/yt-dlp/wiki/Extractors#exporting-youtube-cookies  for tips on effectively exporting YouTube cookies
[00:18:18]   [video 737/1447] yt-dlp CHKIA8QqieQ (1 clip(s) needed) ...
[00:18:22]     FAILED: ERROR: [youtube] CHKIA8QqieQ: Sign in to confirm you’re not a bot. Use --cookies-from-browser or --cookies for the authentication. See  https://github.com/yt-dlp/yt-dlp/wiki/FAQ#how-do-i-pass-cookies-to-yt-dlp  for how to manually pass cookies. Also see  https://github.com/yt-dlp/yt-dlp/wiki/Extractors#exporting-youtube-cookies  for tips on effectively exporting YouTube cookies
[00:18:22]   [video 738/1447] yt-dlp -bSxHBELiJQ (1 clip(s) needed) ...
[00:18:26]     FAILED: ERROR: [youtube] -bSxHBELiJQ: Sign in to confirm you’re not a bot. Use --cookies-from-browser or --cookies for the authentication. See  https://github.com/yt-dlp/yt-dlp/wiki/FAQ#how-do-i-pass-cookies-to-yt-dlp  for how to manually pass cookies. Also see  https://github.com/yt-dlp/yt-dlp/wiki/Extractors#exporting-youtube-cookies  for tips on effectively exporting YouTube cookies
[00:18:26]   [video 739/1447] yt-dlp Ndg-axuUGOw (1 clip(s) needed) ...
[00:18:29]     FAILED: ERROR: [youtube] Ndg-axuUGOw: Sign in to confirm you’re not a bot. Use --cookies-from-browser or --cookies for the authentication. See  https://github.com/yt-dlp/yt-dlp/wiki/FAQ#how-do-i-pass-cookies-to-yt-dlp  for how to manually pass cookies. Also see  https://github.com/yt-dlp/yt-dlp/wiki/Extractors#exporting-youtube-cookies  for tips on effectively exporting YouTube cookies
[00:18:29]   [video 740/1447] yt-dlp vmfZSLmB3aU (1 clip(s) needed) ...
[00:18:33]     FAILED: ERROR: [youtube] vmfZSLmB3aU: Sign in to confirm you’re not a bot. Use --cookies-from-browser or --cookies for the authentication. See  https://github.com/yt-dlp/yt-dlp/wiki/FAQ#how-do-i-pass-cookies-to-yt-dlp  for how to manually pass cookies. Also see  https://github.com/yt-dlp/yt-dlp/wiki/Extractors#exporting-youtube-cookies  for tips on effectively exporting YouTube cookies
[00:18:33]   [video 741/1447] yt-dlp boBLi4mg6I8 (1 clip(s) needed) ...
[00:18:37]     FAILED: ERROR: [youtube] boBLi4mg6I8: Sign in to confirm you’re not a bot. Use --cookies-from-browser or --cookies for the authentication. See  https://github.com/yt-dlp/yt-dlp/wiki/FAQ#how-do-i-pass-cookies-to-yt-dlp  for how to manually pass cookies. Also see  https://github.com/yt-dlp/yt-dlp/wiki/Extractors#exporting-youtube-cookies  for tips on effectively exporting YouTube cookies
[00:18:37]   [video 742/1447] yt-dlp RGUM8VlQ8WY (1 clip(s) needed) ...
[00:18:40]     FAILED: ERROR: [youtube] RGUM8VlQ8WY: Sign in to confirm you’re not a bot. Use --cookies-from-browser or --cookies for the authentication. See  https://github.com/yt-dlp/yt-dlp/wiki/FAQ#how-do-i-pass-cookies-to-yt-dlp  for how to manually pass cookies. Also see  https://github.com/yt-dlp/yt-dlp/wiki/Extractors#exporting-youtube-cookies  for tips on effectively exporting YouTube cookies
[00:18:40]   [video 743/1447] yt-dlp pvaI_KPS4mU (1 clip(s) needed) ...
[00:18:44]     FAILED: ERROR: [youtube] pvaI_KPS4mU: Sign in to confirm you’re not a bot. Use --cookies-from-browser or --cookies for the authentication. See  https://github.com/yt-dlp/yt-dlp/wiki/FAQ#how-do-i-pass-cookies-to-yt-dlp  for how to manually pass cookies. Also see  https://github.com/yt-dlp/yt-dlp/wiki/Extractors#exporting-youtube-cookies  for tips on effectively exporting YouTube cookies
[00:18:44]   [video 744/1447] yt-dlp 6wQfQrGekXk (1 clip(s) needed) ...
[00:18:48]     FAILED: ERROR: [youtube] 6wQfQrGekXk: This video is not available
[00:18:48]   [video 745/1447] yt-dlp 75pNfQP2_5Y (1 clip(s) needed) ...
[00:18:52]     FAILED: ERROR: [youtube] 75pNfQP2_5Y: Sign in to confirm you’re not a bot. Use --cookies-from-browser or --cookies for the authentication. See  https://github.com/yt-dlp/yt-dlp/wiki/FAQ#how-do-i-pass-cookies-to-yt-dlp  for how to manually pass cookies. Also see  https://github.com/yt-dlp/yt-dlp/wiki/Extractors#exporting-youtube-cookies  for tips on effectively exporting YouTube cookies
[00:18:52]   [video 746/1447] yt-dlp SVS4GE0ykKk (1 clip(s) needed) ...
[00:18:55]     FAILED: ERROR: [youtube] SVS4GE0ykKk: Sign in to confirm you’re not a bot. Use --cookies-from-browser or --cookies for the authentication. See  https://github.com/yt-dlp/yt-dlp/wiki/FAQ#how-do-i-pass-cookies-to-yt-dlp  for how to manually pass cookies. Also see  https://github.com/yt-dlp/yt-dlp/wiki/Extractors#exporting-youtube-cookies  for tips on effectively exporting YouTube cookies
[00:18:55]   [video 747/1447] yt-dlp iLngzSVJhzQ (1 clip(s) needed) ...
[00:18:58]     FAILED: ERROR: [youtube] iLngzSVJhzQ: Sign in to confirm you’re not a bot. Use --cookies-from-browser or --cookies for the authentication. See  https://github.com/yt-dlp/yt-dlp/wiki/FAQ#how-do-i-pass-cookies-to-yt-dlp  for how to manually pass cookies. Also see  https://github.com/yt-dlp/yt-dlp/wiki/Extractors#exporting-youtube-cookies  for tips on effectively exporting YouTube cookies
[00:18:58]   [video 748/1447] yt-dlp qNRvdc61_uo (1 clip(s) needed) ...
[00:19:02]     FAILED: ERROR: [youtube] qNRvdc61_uo: Sign in to confirm you’re not a bot. Use --cookies-from-browser or --cookies for the authentication. See  https://github.com/yt-dlp/yt-dlp/wiki/FAQ#how-do-i-pass-cookies-to-yt-dlp  for how to manually pass cookies. Also see  https://github.com/yt-dlp/yt-dlp/wiki/Extractors#exporting-youtube-cookies  for tips on effectively exporting YouTube cookies
[00:19:02]   [video 749/1447] yt-dlp xLQp0IB4YmM (1 clip(s) needed) ...
[00:19:07]     FAILED: ERROR: [youtube] xLQp0IB4YmM: Sign in to confirm you’re not a bot. Use --cookies-from-browser or --cookies for the authentication. See  https://github.com/yt-dlp/yt-dlp/wiki/FAQ#how-do-i-pass-cookies-to-yt-dlp  for how to manually pass cookies. Also see  https://github.com/yt-dlp/yt-dlp/wiki/Extractors#exporting-youtube-cookies  for tips on effectively exporting YouTube cookies
[00:19:07]   [video 750/1447] yt-dlp h0CChr_Nyyc (1 clip(s) needed) ...
[00:19:10]     FAILED: ERROR: [youtube] h0CChr_Nyyc: This video is not available
[00:19:10]   [video 751/1447] yt-dlp DNPm3XU8sh8 (1 clip(s) needed) ...
[00:19:15]     FAILED: ERROR: [youtube] DNPm3XU8sh8: Sign in to confirm you’re not a bot. Use --cookies-from-browser or --cookies for the authentication. See  https://github.com/yt-dlp/yt-dlp/wiki/FAQ#how-do-i-pass-cookies-to-yt-dlp  for how to manually pass cookies. Also see  https://github.com/yt-dlp/yt-dlp/wiki/Extractors#exporting-youtube-cookies  for tips on effectively exporting YouTube cookies
[00:19:15]   [video 752/1447] yt-dlp wvXarvw2QBU (1 clip(s) needed) ...
[00:19:18]     FAILED: ERROR: [youtube] wvXarvw2QBU: This video is not available
[00:19:18]   [video 753/1447] yt-dlp QPsaOPH-taM (1 clip(s) needed) ...
[00:19:22]     FAILED: ERROR: [youtube] QPsaOPH-taM: Sign in to confirm you’re not a bot. Use --cookies-from-browser or --cookies for the authentication. See  https://github.com/yt-dlp/yt-dlp/wiki/FAQ#how-do-i-pass-cookies-to-yt-dlp  for how to manually pass cookies. Also see  https://github.com/yt-dlp/yt-dlp/wiki/Extractors#exporting-youtube-cookies  for tips on effectively exporting YouTube cookies
[00:19:22]   [video 754/1447] yt-dlp tX2AphEO9pM (1 clip(s) needed) ...
[00:19:25]     FAILED: ERROR: [youtube] tX2AphEO9pM: Sign in to confirm you’re not a bot. Use --cookies-from-browser or --cookies for the authentication. See  https://github.com/yt-dlp/yt-dlp/wiki/FAQ#how-do-i-pass-cookies-to-yt-dlp  for how to manually pass cookies. Also see  https://github.com/yt-dlp/yt-dlp/wiki/Extractors#exporting-youtube-cookies  for tips on effectively exporting YouTube cookies
[00:19:25]   [video 755/1447] yt-dlp 7A2Ajxjqm4o (1 clip(s) needed) ...
[00:19:29]     FAILED: ERROR: [youtube] 7A2Ajxjqm4o: Sign in to confirm you’re not a bot. Use --cookies-from-browser or --cookies for the authentication. See  https://github.com/yt-dlp/yt-dlp/wiki/FAQ#how-do-i-pass-cookies-to-yt-dlp  for how to manually pass cookies. Also see  https://github.com/yt-dlp/yt-dlp/wiki/Extractors#exporting-youtube-cookies  for tips on effectively exporting YouTube cookies
[00:19:29]   [video 756/1447] yt-dlp fIGsODN1Lv0 (1 clip(s) needed) ...
[00:19:32]     FAILED: ERROR: [youtube] fIGsODN1Lv0: Sign in to confirm you’re not a bot. Use --cookies-from-browser or --cookies for the authentication. See  https://github.com/yt-dlp/yt-dlp/wiki/FAQ#how-do-i-pass-cookies-to-yt-dlp  for how to manually pass cookies. Also see  https://github.com/yt-dlp/yt-dlp/wiki/Extractors#exporting-youtube-cookies  for tips on effectively exporting YouTube cookies
[00:19:32]   [video 757/1447] yt-dlp xttQP6V9vJg (1 clip(s) needed) ...
[00:19:36]     FAILED: ERROR: [youtube] xttQP6V9vJg: Sign in to confirm you’re not a bot. Use --cookies-from-browser or --cookies for the authentication. See  https://github.com/yt-dlp/yt-dlp/wiki/FAQ#how-do-i-pass-cookies-to-yt-dlp  for how to manually pass cookies. Also see  https://github.com/yt-dlp/yt-dlp/wiki/Extractors#exporting-youtube-cookies  for tips on effectively exporting YouTube cookies
[00:19:36]   [video 758/1447] yt-dlp 4APdt36eBr8 (1 clip(s) needed) ...
[00:19:39]     FAILED: ERROR: [youtube] 4APdt36eBr8: Sign in to confirm you’re not a bot. Use --cookies-from-browser or --cookies for the authentication. See  https://github.com/yt-dlp/yt-dlp/wiki/FAQ#how-do-i-pass-cookies-to-yt-dlp  for how to manually pass cookies. Also see  https://github.com/yt-dlp/yt-dlp/wiki/Extractors#exporting-youtube-cookies  for tips on effectively exporting YouTube cookies
[00:19:39]   [video 759/1447] yt-dlp 1VcroWfthwE (1 clip(s) needed) ...
[00:19:43]     FAILED: ERROR: [youtube] 1VcroWfthwE: Sign in to confirm you’re not a bot. Use --cookies-from-browser or --cookies for the authentication. See  https://github.com/yt-dlp/yt-dlp/wiki/FAQ#how-do-i-pass-cookies-to-yt-dlp  for how to manually pass cookies. Also see  https://github.com/yt-dlp/yt-dlp/wiki/Extractors#exporting-youtube-cookies  for tips on effectively exporting YouTube cookies
[00:19:43]   [video 760/1447] yt-dlp y_1jq2COwb4 (1 clip(s) needed) ...
[00:19:47]     FAILED: ERROR: [youtube] y_1jq2COwb4: This video is not available
[00:19:47]   [video 761/1447] yt-dlp MfnCFMBp2bw (1 clip(s) needed) ...
[00:19:50]     FAILED: ERROR: [youtube] MfnCFMBp2bw: Sign in to confirm you’re not a bot. Use --cookies-from-browser or --cookies for the authentication. See  https://github.com/yt-dlp/yt-dlp/wiki/FAQ#how-do-i-pass-cookies-to-yt-dlp  for how to manually pass cookies. Also see  https://github.com/yt-dlp/yt-dlp/wiki/Extractors#exporting-youtube-cookies  for tips on effectively exporting YouTube cookies
[00:19:50]   [video 762/1447] yt-dlp xpCY73qZu7U (1 clip(s) needed) ...
[00:19:54]     FAILED: ERROR: [youtube] xpCY73qZu7U: Sign in to confirm you’re not a bot. Use --cookies-from-browser or --cookies for the authentication. See  https://github.com/yt-dlp/yt-dlp/wiki/FAQ#how-do-i-pass-cookies-to-yt-dlp  for how to manually pass cookies. Also see  https://github.com/yt-dlp/yt-dlp/wiki/Extractors#exporting-youtube-cookies  for tips on effectively exporting YouTube cookies
[00:19:54]   [video 763/1447] yt-dlp H_pkEypgjKU (1 clip(s) needed) ...
[00:19:58]     FAILED: ERROR: [youtube] H_pkEypgjKU: Sign in to confirm you’re not a bot. Use --cookies-from-browser or --cookies for the authentication. See  https://github.com/yt-dlp/yt-dlp/wiki/FAQ#how-do-i-pass-cookies-to-yt-dlp  for how to manually pass cookies. Also see  https://github.com/yt-dlp/yt-dlp/wiki/Extractors#exporting-youtube-cookies  for tips on effectively exporting YouTube cookies
[00:19:58]   [video 764/1447] yt-dlp 6RFoMODbn7I (1 clip(s) needed) ...
[00:20:01]     FAILED: ERROR: [youtube] 6RFoMODbn7I: Sign in to confirm you’re not a bot. Use --cookies-from-browser or --cookies for the authentication. See  https://github.com/yt-dlp/yt-dlp/wiki/FAQ#how-do-i-pass-cookies-to-yt-dlp  for how to manually pass cookies. Also see  https://github.com/yt-dlp/yt-dlp/wiki/Extractors#exporting-youtube-cookies  for tips on effectively exporting YouTube cookies
[00:20:01]   [video 765/1447] yt-dlp KEFYCNnOUbM (1 clip(s) needed) ...
[00:20:05]     FAILED: ERROR: [youtube] KEFYCNnOUbM: Sign in to confirm you’re not a bot. Use --cookies-from-browser or --cookies for the authentication. See  https://github.com/yt-dlp/yt-dlp/wiki/FAQ#how-do-i-pass-cookies-to-yt-dlp  for how to manually pass cookies. Also see  https://github.com/yt-dlp/yt-dlp/wiki/Extractors#exporting-youtube-cookies  for tips on effectively exporting YouTube cookies
[00:20:05]   [video 766/1447] yt-dlp iGsdOJoC7JI (1 clip(s) needed) ...
[00:20:09]     FAILED: ERROR: [youtube] iGsdOJoC7JI: Sign in to confirm you’re not a bot. Use --cookies-from-browser or --cookies for the authentication. See  https://github.com/yt-dlp/yt-dlp/wiki/FAQ#how-do-i-pass-cookies-to-yt-dlp  for how to manually pass cookies. Also see  https://github.com/yt-dlp/yt-dlp/wiki/Extractors#exporting-youtube-cookies  for tips on effectively exporting YouTube cookies
[00:20:09]   [video 767/1447] yt-dlp PbnSXC9DIFI (1 clip(s) needed) ...
[00:20:13]     FAILED: ERROR: [youtube] PbnSXC9DIFI: Sign in to confirm you’re not a bot. Use --cookies-from-browser or --cookies for the authentication. See  https://github.com/yt-dlp/yt-dlp/wiki/FAQ#how-do-i-pass-cookies-to-yt-dlp  for how to manually pass cookies. Also see  https://github.com/yt-dlp/yt-dlp/wiki/Extractors#exporting-youtube-cookies  for tips on effectively exporting YouTube cookies
[00:20:13]   [video 768/1447] yt-dlp FTzwb6hZ3OU (1 clip(s) needed) ...
[00:20:17]     FAILED: ERROR: [youtube] FTzwb6hZ3OU: Sign in to confirm you’re not a bot. Use --cookies-from-browser or --cookies for the authentication. See  https://github.com/yt-dlp/yt-dlp/wiki/FAQ#how-do-i-pass-cookies-to-yt-dlp  for how to manually pass cookies. Also see  https://github.com/yt-dlp/yt-dlp/wiki/Extractors#exporting-youtube-cookies  for tips on effectively exporting YouTube cookies
[00:20:17]   [video 769/1447] yt-dlp orZtsbAsSco (1 clip(s) needed) ...
[00:20:20]     FAILED: ERROR: [youtube] orZtsbAsSco: Sign in to confirm you’re not a bot. Use --cookies-from-browser or --cookies for the authentication. See  https://github.com/yt-dlp/yt-dlp/wiki/FAQ#how-do-i-pass-cookies-to-yt-dlp  for how to manually pass cookies. Also see  https://github.com/yt-dlp/yt-dlp/wiki/Extractors#exporting-youtube-cookies  for tips on effectively exporting YouTube cookies
[00:20:20]   [video 770/1447] yt-dlp Vyy1H9GnmLk (1 clip(s) needed) ...
[00:20:24]     FAILED: ERROR: [youtube] Vyy1H9GnmLk: Sign in to confirm you’re not a bot. Use --cookies-from-browser or --cookies for the authentication. See  https://github.com/yt-dlp/yt-dlp/wiki/FAQ#how-do-i-pass-cookies-to-yt-dlp  for how to manually pass cookies. Also see  https://github.com/yt-dlp/yt-dlp/wiki/Extractors#exporting-youtube-cookies  for tips on effectively exporting YouTube cookies
[00:20:24]   [video 771/1447] yt-dlp bzeWf2T1f_A (1 clip(s) needed) ...
[00:20:28]     FAILED: ERROR: [youtube] bzeWf2T1f_A: Sign in to confirm you’re not a bot. Use --cookies-from-browser or --cookies for the authentication. See  https://github.com/yt-dlp/yt-dlp/wiki/FAQ#how-do-i-pass-cookies-to-yt-dlp  for how to manually pass cookies. Also see  https://github.com/yt-dlp/yt-dlp/wiki/Extractors#exporting-youtube-cookies  for tips on effectively exporting YouTube cookies
[00:20:28]   [video 772/1447] yt-dlp bs_Pxp4ZogQ (1 clip(s) needed) ...
[00:20:31]     FAILED: ERROR: [youtube] bs_Pxp4ZogQ: Sign in to confirm you’re not a bot. Use --cookies-from-browser or --cookies for the authentication. See  https://github.com/yt-dlp/yt-dlp/wiki/FAQ#how-do-i-pass-cookies-to-yt-dlp  for how to manually pass cookies. Also see  https://github.com/yt-dlp/yt-dlp/wiki/Extractors#exporting-youtube-cookies  for tips on effectively exporting YouTube cookies
[00:20:31]   [video 773/1447] yt-dlp cor5sA4utYo (1 clip(s) needed) ...
[00:20:36]     FAILED: ERROR: [youtube] cor5sA4utYo: Sign in to confirm you’re not a bot. Use --cookies-from-browser or --cookies for the authentication. See  https://github.com/yt-dlp/yt-dlp/wiki/FAQ#how-do-i-pass-cookies-to-yt-dlp  for how to manually pass cookies. Also see  https://github.com/yt-dlp/yt-dlp/wiki/Extractors#exporting-youtube-cookies  for tips on effectively exporting YouTube cookies
[00:20:36]   [video 774/1447] yt-dlp bz_ICZPgnm0 (1 clip(s) needed) ...
[00:20:39]     FAILED: ERROR: [youtube] bz_ICZPgnm0: Sign in to confirm you’re not a bot. Use --cookies-from-browser or --cookies for the authentication. See  https://github.com/yt-dlp/yt-dlp/wiki/FAQ#how-do-i-pass-cookies-to-yt-dlp  for how to manually pass cookies. Also see  https://github.com/yt-dlp/yt-dlp/wiki/Extractors#exporting-youtube-cookies  for tips on effectively exporting YouTube cookies
[00:20:39]   [video 775/1447] yt-dlp l3OIFj-qdtY (1 clip(s) needed) ...
[00:20:44]     FAILED: ERROR: [youtube] l3OIFj-qdtY: Sign in to confirm you’re not a bot. Use --cookies-from-browser or --cookies for the authentication. See  https://github.com/yt-dlp/yt-dlp/wiki/FAQ#how-do-i-pass-cookies-to-yt-dlp  for how to manually pass cookies. Also see  https://github.com/yt-dlp/yt-dlp/wiki/Extractors#exporting-youtube-cookies  for tips on effectively exporting YouTube cookies
[00:20:44]   [video 776/1447] yt-dlp 4yktkLnPUX8 (1 clip(s) needed) ...
[00:20:47]     FAILED: ERROR: [youtube] 4yktkLnPUX8: Sign in to confirm you’re not a bot. Use --cookies-from-browser or --cookies for the authentication. See  https://github.com/yt-dlp/yt-dlp/wiki/FAQ#how-do-i-pass-cookies-to-yt-dlp  for how to manually pass cookies. Also see  https://github.com/yt-dlp/yt-dlp/wiki/Extractors#exporting-youtube-cookies  for tips on effectively exporting YouTube cookies
[00:20:47]   [video 777/1447] yt-dlp 1k86z112Zrw (1 clip(s) needed) ...
[00:20:51]     FAILED: ERROR: [youtube] 1k86z112Zrw: Sign in to confirm you’re not a bot. Use --cookies-from-browser or --cookies for the authentication. See  https://github.com/yt-dlp/yt-dlp/wiki/FAQ#how-do-i-pass-cookies-to-yt-dlp  for how to manually pass cookies. Also see  https://github.com/yt-dlp/yt-dlp/wiki/Extractors#exporting-youtube-cookies  for tips on effectively exporting YouTube cookies
[00:20:51]   [video 778/1447] yt-dlp lsmVh_sF_yc (1 clip(s) needed) ...
[00:20:54]     FAILED: ERROR: [youtube] lsmVh_sF_yc: Sign in to confirm you’re not a bot. Use --cookies-from-browser or --cookies for the authentication. See  https://github.com/yt-dlp/yt-dlp/wiki/FAQ#how-do-i-pass-cookies-to-yt-dlp  for how to manually pass cookies. Also see  https://github.com/yt-dlp/yt-dlp/wiki/Extractors#exporting-youtube-cookies  for tips on effectively exporting YouTube cookies
[00:20:54]   [video 779/1447] yt-dlp zkpDmMM1pDY (1 clip(s) needed) ...
[00:20:58]     FAILED: ERROR: [youtube] zkpDmMM1pDY: Sign in to confirm you’re not a bot. Use --cookies-from-browser or --cookies for the authentication. See  https://github.com/yt-dlp/yt-dlp/wiki/FAQ#how-do-i-pass-cookies-to-yt-dlp  for how to manually pass cookies. Also see  https://github.com/yt-dlp/yt-dlp/wiki/Extractors#exporting-youtube-cookies  for tips on effectively exporting YouTube cookies
[00:20:58]   [video 780/1447] yt-dlp HWwKVsru1oM (1 clip(s) needed) ...
[00:21:02]     FAILED: ERROR: [youtube] HWwKVsru1oM: Sign in to confirm you’re not a bot. Use --cookies-from-browser or --cookies for the authentication. See  https://github.com/yt-dlp/yt-dlp/wiki/FAQ#how-do-i-pass-cookies-to-yt-dlp  for how to manually pass cookies. Also see  https://github.com/yt-dlp/yt-dlp/wiki/Extractors#exporting-youtube-cookies  for tips on effectively exporting YouTube cookies
[00:21:02]   [video 781/1447] yt-dlp BBpGE9YddAo (1 clip(s) needed) ...
[00:21:05]     FAILED: ERROR: [youtube] BBpGE9YddAo: Sign in to confirm you’re not a bot. Use --cookies-from-browser or --cookies for the authentication. See  https://github.com/yt-dlp/yt-dlp/wiki/FAQ#how-do-i-pass-cookies-to-yt-dlp  for how to manually pass cookies. Also see  https://github.com/yt-dlp/yt-dlp/wiki/Extractors#exporting-youtube-cookies  for tips on effectively exporting YouTube cookies
[00:21:05]   [video 782/1447] yt-dlp qVfve_uYuKY (1 clip(s) needed) ...
[00:21:09]     FAILED: ERROR: [youtube] qVfve_uYuKY: Sign in to confirm you’re not a bot. Use --cookies-from-browser or --cookies for the authentication. See  https://github.com/yt-dlp/yt-dlp/wiki/FAQ#how-do-i-pass-cookies-to-yt-dlp  for how to manually pass cookies. Also see  https://github.com/yt-dlp/yt-dlp/wiki/Extractors#exporting-youtube-cookies  for tips on effectively exporting YouTube cookies
[00:21:09]   [video 783/1447] yt-dlp R5WwG2mFi9w (1 clip(s) needed) ...
[00:21:12]     FAILED: ERROR: [youtube] R5WwG2mFi9w: Please sign in. Use --cookies-from-browser or --cookies for the authentication. See  https://github.com/yt-dlp/yt-dlp/wiki/FAQ#how-do-i-pass-cookies-to-yt-dlp  for how to manually pass cookies. Also see  https://github.com/yt-dlp/yt-dlp/wiki/Extractors#exporting-youtube-cookies  for tips on effectively exporting YouTube cookies
[00:21:12]   [video 784/1447] yt-dlp NUvLB8YhD34 (1 clip(s) needed) ...
[00:21:16]     FAILED: ERROR: [youtube] NUvLB8YhD34: Sign in to confirm you’re not a bot. Use --cookies-from-browser or --cookies for the authentication. See  https://github.com/yt-dlp/yt-dlp/wiki/FAQ#how-do-i-pass-cookies-to-yt-dlp  for how to manually pass cookies. Also see  https://github.com/yt-dlp/yt-dlp/wiki/Extractors#exporting-youtube-cookies  for tips on effectively exporting YouTube cookies
[00:21:16]   [video 785/1447] yt-dlp PrQoDkG91B8 (1 clip(s) needed) ...
[00:21:20]     FAILED: ERROR: [youtube] PrQoDkG91B8: Sign in to confirm you’re not a bot. Use --cookies-from-browser or --cookies for the authentication. See  https://github.com/yt-dlp/yt-dlp/wiki/FAQ#how-do-i-pass-cookies-to-yt-dlp  for how to manually pass cookies. Also see  https://github.com/yt-dlp/yt-dlp/wiki/Extractors#exporting-youtube-cookies  for tips on effectively exporting YouTube cookies
[00:21:20]   [video 786/1447] yt-dlp D5u0wdMNjJc (1 clip(s) needed) ...
[00:21:23]     FAILED: ERROR: [youtube] D5u0wdMNjJc: Sign in to confirm you’re not a bot. Use --cookies-from-browser or --cookies for the authentication. See  https://github.com/yt-dlp/yt-dlp/wiki/FAQ#how-do-i-pass-cookies-to-yt-dlp  for how to manually pass cookies. Also see  https://github.com/yt-dlp/yt-dlp/wiki/Extractors#exporting-youtube-cookies  for tips on effectively exporting YouTube cookies
[00:21:23]   [video 787/1447] yt-dlp sQuXtqcnx7Q (1 clip(s) needed) ...
[00:21:27]     FAILED: ERROR: [youtube] sQuXtqcnx7Q: Sign in to confirm you’re not a bot. Use --cookies-from-browser or --cookies for the authentication. See  https://github.com/yt-dlp/yt-dlp/wiki/FAQ#how-do-i-pass-cookies-to-yt-dlp  for how to manually pass cookies. Also see  https://github.com/yt-dlp/yt-dlp/wiki/Extractors#exporting-youtube-cookies  for tips on effectively exporting YouTube cookies
[00:21:27]   [video 788/1447] yt-dlp 0aJkxifBWI8 (1 clip(s) needed) ...
[00:21:30]     FAILED: ERROR: [youtube] 0aJkxifBWI8: Please sign in. Use --cookies-from-browser or --cookies for the authentication. See  https://github.com/yt-dlp/yt-dlp/wiki/FAQ#how-do-i-pass-cookies-to-yt-dlp  for how to manually pass cookies. Also see  https://github.com/yt-dlp/yt-dlp/wiki/Extractors#exporting-youtube-cookies  for tips on effectively exporting YouTube cookies
[00:21:30]   [video 789/1447] yt-dlp z0ZDiRLDSsQ (1 clip(s) needed) ...
[00:21:34]     FAILED: ERROR: [youtube] z0ZDiRLDSsQ: Sign in to confirm you’re not a bot. Use --cookies-from-browser or --cookies for the authentication. See  https://github.com/yt-dlp/yt-dlp/wiki/FAQ#how-do-i-pass-cookies-to-yt-dlp  for how to manually pass cookies. Also see  https://github.com/yt-dlp/yt-dlp/wiki/Extractors#exporting-youtube-cookies  for tips on effectively exporting YouTube cookies
[00:21:34]   [video 790/1447] yt-dlp N2dHOYIzHpM (1 clip(s) needed) ...
[00:21:38]     FAILED: ERROR: [youtube] N2dHOYIzHpM: Sign in to confirm you’re not a bot. Use --cookies-from-browser or --cookies for the authentication. See  https://github.com/yt-dlp/yt-dlp/wiki/FAQ#how-do-i-pass-cookies-to-yt-dlp  for how to manually pass cookies. Also see  https://github.com/yt-dlp/yt-dlp/wiki/Extractors#exporting-youtube-cookies  for tips on effectively exporting YouTube cookies
[00:21:38]   [video 791/1447] yt-dlp _JrQNfGKc7Y (1 clip(s) needed) ...
[00:21:42]     FAILED: ERROR: [youtube] _JrQNfGKc7Y: Sign in to confirm you’re not a bot. Use --cookies-from-browser or --cookies for the authentication. See  https://github.com/yt-dlp/yt-dlp/wiki/FAQ#how-do-i-pass-cookies-to-yt-dlp  for how to manually pass cookies. Also see  https://github.com/yt-dlp/yt-dlp/wiki/Extractors#exporting-youtube-cookies  for tips on effectively exporting YouTube cookies
[00:21:42]   [video 792/1447] yt-dlp g0aH1C4HIpw (1 clip(s) needed) ...
[00:21:45]     FAILED: ERROR: [youtube] g0aH1C4HIpw: Sign in to confirm you’re not a bot. Use --cookies-from-browser or --cookies for the authentication. See  https://github.com/yt-dlp/yt-dlp/wiki/FAQ#how-do-i-pass-cookies-to-yt-dlp  for how to manually pass cookies. Also see  https://github.com/yt-dlp/yt-dlp/wiki/Extractors#exporting-youtube-cookies  for tips on effectively exporting YouTube cookies
[00:21:45]   [video 793/1447] yt-dlp hXuA7qkC-Ss (1 clip(s) needed) ...
[00:21:49]     FAILED: ERROR: [youtube] hXuA7qkC-Ss: Sign in to confirm you’re not a bot. Use --cookies-from-browser or --cookies for the authentication. See  https://github.com/yt-dlp/yt-dlp/wiki/FAQ#how-do-i-pass-cookies-to-yt-dlp  for how to manually pass cookies. Also see  https://github.com/yt-dlp/yt-dlp/wiki/Extractors#exporting-youtube-cookies  for tips on effectively exporting YouTube cookies
[00:21:49]   [video 794/1447] yt-dlp USyVFX3pbNU (1 clip(s) needed) ...
[00:21:53]     FAILED: ERROR: [youtube] USyVFX3pbNU: Sign in to confirm you’re not a bot. Use --cookies-from-browser or --cookies for the authentication. See  https://github.com/yt-dlp/yt-dlp/wiki/FAQ#how-do-i-pass-cookies-to-yt-dlp  for how to manually pass cookies. Also see  https://github.com/yt-dlp/yt-dlp/wiki/Extractors#exporting-youtube-cookies  for tips on effectively exporting YouTube cookies
[00:21:53]   [video 795/1447] yt-dlp NxLR4GrvGX4 (1 clip(s) needed) ...
[00:21:57]     FAILED: ERROR: [youtube] NxLR4GrvGX4: Sign in to confirm you’re not a bot. Use --cookies-from-browser or --cookies for the authentication. See  https://github.com/yt-dlp/yt-dlp/wiki/FAQ#how-do-i-pass-cookies-to-yt-dlp  for how to manually pass cookies. Also see  https://github.com/yt-dlp/yt-dlp/wiki/Extractors#exporting-youtube-cookies  for tips on effectively exporting YouTube cookies
[00:21:57]   [video 796/1447] yt-dlp 0cvk4tz1VUE (1 clip(s) needed) ...
[00:23:24]     [796/1447] cutting 0cvk4tz1VUE_6.mp4 (0:02:35.360 -> 0:03:23.360)
[00:23:25]   [video 797/1447] yt-dlp W3xoakfCvLw (1 clip(s) needed) ...
[00:23:37]     [797/1447] cutting W3xoakfCvLw_59.mp4 (0:06:45.855 -> 0:06:49.876)
[00:23:38]   [video 798/1447] yt-dlp URNFxlj7KeI (1 clip(s) needed) ...
[00:24:12]     [798/1447] cutting URNFxlj7KeI_4.mp4 (0:00:42.409 -> 0:00:59.526)
[00:24:13]   [video 799/1447] yt-dlp COptHIIZEWY (1 clip(s) needed) ...
[00:24:35]     [799/1447] cutting COptHIIZEWY_10.mp4 (0:09:14.960 -> 0:09:49.320)
[00:24:36]   [video 800/1447] yt-dlp pdwrko2WBKw (1 clip(s) needed) ...
[00:24:58]     [800/1447] cutting pdwrko2WBKw_0.mp4 (0:00:04.237 -> 0:00:38.271)
[00:24:59]   [video 801/1447] yt-dlp W6aDnkKEuCQ (1 clip(s) needed) ...
[00:25:32]     [801/1447] cutting W6aDnkKEuCQ_19.mp4 (0:07:33.233 -> 0:07:38.683)
[00:25:33]   [video 802/1447] yt-dlp tePpDygtWzA (1 clip(s) needed) ...
[00:26:12]     [802/1447] cutting tePpDygtWzA_88.mp4 (0:12:51.280 -> 0:12:59.360)
[00:26:12]   [video 803/1447] yt-dlp nwW5PAXmaPU (1 clip(s) needed) ...
[00:26:46]     [803/1447] cutting nwW5PAXmaPU_25.mp4 (0:04:11.266 -> 0:04:19.450)
[00:26:46]   [video 804/1447] yt-dlp ouh-x39ESYo (1 clip(s) needed) ...
[00:27:01]     [804/1447] cutting ouh-x39ESYo_9.mp4 (0:02:42.640 -> 0:02:49.880)
[00:27:02]   [video 805/1447] yt-dlp Z9RcNmlggs4 (1 clip(s) needed) ...
[00:27:26]     [805/1447] cutting Z9RcNmlggs4_7.mp4 (0:03:36.416 -> 0:03:41.754)
[00:27:27]   [video 806/1447] yt-dlp JyxTx7IprLA (1 clip(s) needed) ...
[00:27:30]     FAILED: ERROR: [youtube] JyxTx7IprLA: Please sign in. Use --cookies-from-browser or --cookies for the authentication. See  https://github.com/yt-dlp/yt-dlp/wiki/FAQ#how-do-i-pass-cookies-to-yt-dlp  for how to manually pass cookies. Also see  https://github.com/yt-dlp/yt-dlp/wiki/Extractors#exporting-youtube-cookies  for tips on effectively exporting YouTube cookies
[00:27:30]   [video 807/1447] yt-dlp hXsEFlQZwKA (1 clip(s) needed) ...
[00:27:43]     [807/1447] cutting hXsEFlQZwKA_3.mp4 (0:01:07.100 -> 0:01:18.912)
[00:27:44]   [video 808/1447] yt-dlp XrTeUIXjmeE (1 clip(s) needed) ...
[00:28:08]     [808/1447] cutting XrTeUIXjmeE_23.mp4 (0:02:33.778 -> 0:02:37.824)
[00:28:09]   [video 809/1447] yt-dlp PVpIwFdKrD4 (1 clip(s) needed) ...
[00:28:18]     [809/1447] cutting PVpIwFdKrD4_4.mp4 (0:01:22.315 -> 0:01:31.157)
[00:28:19]   [video 810/1447] yt-dlp iy7AChcR_4M (1 clip(s) needed) ...
[00:28:26]     [810/1447] cutting iy7AChcR_4M_2.mp4 (0:00:21.888 -> 0:00:28.661)
[00:28:26]   [video 811/1447] yt-dlp vCrqyb-LRLw (1 clip(s) needed) ...
[00:28:36]     [811/1447] cutting vCrqyb-LRLw_6.mp4 (0:00:54.262 -> 0:01:05.315)
[00:28:37]   [video 812/1447] yt-dlp S400bnuJTdU (1 clip(s) needed) ...
[00:28:49]     [812/1447] cutting S400bnuJTdU_1.mp4 (0:00:55.033 -> 0:01:02.033)
[00:28:49]   [video 813/1447] yt-dlp BR8kbyCQ0hw (1 clip(s) needed) ...
[00:28:59]     [813/1447] cutting BR8kbyCQ0hw_0.mp4 (0:00:05.989 -> 0:00:54.003)
[00:29:01]   [video 814/1447] yt-dlp PQfJ4fJp9tE (1 clip(s) needed) ...
[00:29:16]     [814/1447] cutting PQfJ4fJp9tE_19.mp4 (0:05:03.870 -> 0:05:10.476)
[00:29:16]   [video 815/1447] yt-dlp uWgytANHm_M (1 clip(s) needed) ...
[00:29:51]     [815/1447] cutting uWgytANHm_M_14.mp4 (0:04:12.885 -> 0:04:32.005)
[00:29:51]   [video 816/1447] yt-dlp uTvRXy2UJ64 (1 clip(s) needed) ...
[00:30:13]     [816/1447] cutting uTvRXy2UJ64_10.mp4 (0:02:31.551 -> 0:02:59.412)
[00:30:14]   [video 817/1447] yt-dlp smgBM9NwbHQ (1 clip(s) needed) ...
[00:30:28]     [817/1447] cutting smgBM9NwbHQ_2.mp4 (0:00:18.651 -> 0:00:24.791)
[00:30:29]   [video 818/1447] yt-dlp 7Ysp436w068 (1 clip(s) needed) ...
[00:30:33]     FAILED: ERROR: [youtube] 7Ysp436w068: Please sign in. Use --cookies-from-browser or --cookies for the authentication. See  https://github.com/yt-dlp/yt-dlp/wiki/FAQ#how-do-i-pass-cookies-to-yt-dlp  for how to manually pass cookies. Also see  https://github.com/yt-dlp/yt-dlp/wiki/Extractors#exporting-youtube-cookies  for tips on effectively exporting YouTube cookies
[00:30:33]   [video 819/1447] yt-dlp 6JnOclDzy5k (1 clip(s) needed) ...
[00:30:54]     [819/1447] cutting 6JnOclDzy5k_2.mp4 (0:03:15.028 -> 0:04:03.076)
[00:30:56]   [video 820/1447] yt-dlp jhqb4SzHGZA (1 clip(s) needed) ...
[00:31:35]     [820/1447] cutting jhqb4SzHGZA_12.mp4 (0:06:02.320 -> 0:06:33.518)
[00:31:36]   [video 821/1447] yt-dlp L3qkSxn8eWw (1 clip(s) needed) ...
[00:32:05]     [821/1447] cutting L3qkSxn8eWw_30.mp4 (0:07:27.680 -> 0:07:36.489)
[00:32:05]   [video 822/1447] yt-dlp DH0BWlMubJ4 (1 clip(s) needed) ...
[00:32:25]     [822/1447] cutting DH0BWlMubJ4_38.mp4 (0:08:37.934 -> 0:08:40.937)
[00:32:25]   [video 823/1447] yt-dlp YrcVwh_X6Zo (1 clip(s) needed) ...
[00:32:46]     [823/1447] cutting YrcVwh_X6Zo_30.mp4 (0:03:27.307 -> 0:03:34.147)
[00:32:46]   [video 824/1447] yt-dlp yCGfN4ULMQo (1 clip(s) needed) ...
[00:33:42]     [824/1447] cutting yCGfN4ULMQo_18.mp4 (0:03:47.366 -> 0:03:58.933)
[00:33:43]   [video 825/1447] yt-dlp eHC4LrxCxCc (1 clip(s) needed) ...
[00:34:10]     [825/1447] cutting eHC4LrxCxCc_32.mp4 (0:06:22.673 -> 0:06:32.266)
[00:34:11]   [video 826/1447] yt-dlp eW10hQccuNs (1 clip(s) needed) ...
[00:34:19]     [826/1447] cutting eW10hQccuNs_4.mp4 (0:00:43.510 -> 0:00:49.883)
[00:34:20]   [video 827/1447] yt-dlp FYCatlwrs7g (1 clip(s) needed) ...
[00:35:26]     [827/1447] cutting FYCatlwrs7g_32.mp4 (0:05:08.408 -> 0:05:12.111)
[00:35:27]   [video 828/1447] yt-dlp rB7ychnip5k (1 clip(s) needed) ...
[00:36:06]     [828/1447] cutting rB7ychnip5k_10.mp4 (0:02:32.752 -> 0:03:13.960)
[00:36:08]   [video 829/1447] yt-dlp A_IRgtbxTh0 (1 clip(s) needed) ...
[00:36:26]     [829/1447] cutting A_IRgtbxTh0_14.mp4 (0:02:26.400 -> 0:02:32.033)
[00:36:26]   [video 830/1447] yt-dlp 6xJxvOc5qUE (1 clip(s) needed) ...
[00:36:49]     [830/1447] cutting 6xJxvOc5qUE_16.mp4 (0:03:16.000 -> 0:03:27.333)
[00:36:50]   [video 831/1447] yt-dlp dO0ufEj7z6o (1 clip(s) needed) ...
[00:36:57]     [831/1447] cutting dO0ufEj7z6o_4.mp4 (0:00:32.098 -> 0:00:58.024)
[00:36:58]   [video 832/1447] yt-dlp sF2iVSIo8Cs (1 clip(s) needed) ...
[00:37:14]     [832/1447] cutting sF2iVSIo8Cs_22.mp4 (0:03:28.808 -> 0:03:35.915)
[00:37:14]   [video 833/1447] yt-dlp WmLZGN0mfHw (1 clip(s) needed) ...
[00:37:29]     [833/1447] cutting WmLZGN0mfHw_62.mp4 (0:07:11.764 -> 0:07:16.769)
[00:37:29]   [video 834/1447] yt-dlp xz3hnA1ytvc (1 clip(s) needed) ...
[00:37:36]     [834/1447] cutting xz3hnA1ytvc_0.mp4 (0:00:00.700 -> 0:00:06.573)
[00:37:36]   [video 835/1447] yt-dlp ibc1xinLEKU (1 clip(s) needed) ...
[00:38:07]     [835/1447] cutting ibc1xinLEKU_9.mp4 (0:05:00.583 -> 0:05:04.604)
[00:38:08]   [video 836/1447] yt-dlp GyLZNkfhMMo (1 clip(s) needed) ...
[00:38:16]     [836/1447] cutting GyLZNkfhMMo_3.mp4 (0:00:32.799 -> 0:00:40.340)
[00:38:16]   [video 837/1447] yt-dlp UiAIRtazfWU (1 clip(s) needed) ...
[00:38:33]     [837/1447] cutting UiAIRtazfWU_8.mp4 (0:02:08.250 -> 0:02:15.625)
[00:38:33]   [video 838/1447] yt-dlp S-V01LkJTm4 (1 clip(s) needed) ...
[00:38:44]     [838/1447] cutting S-V01LkJTm4_1.mp4 (0:00:25.525 -> 0:01:08.001)
[00:38:46]   [video 839/1447] yt-dlp cXIOnzRuLVY (1 clip(s) needed) ...
[00:38:49]     FAILED: ERROR: [youtube] cXIOnzRuLVY: This video is not available
[00:38:49]   [video 840/1447] yt-dlp PVPaj4QbpIE (1 clip(s) needed) ...
[00:39:24]     [840/1447] cutting PVPaj4QbpIE_38.mp4 (0:06:17.543 -> 0:06:29.589)
[00:39:25]   [video 841/1447] yt-dlp 6wJvSLJfgB8 (1 clip(s) needed) ...
[00:39:36]     [841/1447] cutting 6wJvSLJfgB8_2.mp4 (0:00:26.166 -> 0:00:39.833)
[00:39:36]   [video 842/1447] yt-dlp q5R1gXdyhCI (1 clip(s) needed) ...
[00:39:48]     [842/1447] cutting q5R1gXdyhCI_15.mp4 (0:02:06.759 -> 0:02:14.167)
[00:39:49]   [video 843/1447] yt-dlp ucAU5AsM5Hk (1 clip(s) needed) ...
[00:40:03]     [843/1447] cutting ucAU5AsM5Hk_8.mp4 (0:02:26.437 -> 0:02:39.951)
[00:40:03]   [video 844/1447] yt-dlp w0hBjKc64nY (1 clip(s) needed) ...
[00:40:58]     [844/1447] cutting w0hBjKc64nY_10.mp4 (0:16:36.528 -> 0:16:57.649)
[00:40:59]   [video 845/1447] yt-dlp l4KnDY-HUxQ (1 clip(s) needed) ...
[00:41:21]     [845/1447] cutting l4KnDY-HUxQ_31.mp4 (0:06:39.273 -> 0:06:52.495)
[00:41:22]   [video 846/1447] yt-dlp c7C0XUPetPY (1 clip(s) needed) ...
[00:41:41]     [846/1447] cutting c7C0XUPetPY_1.mp4 (0:00:26.066 -> 0:01:14.066)
[00:41:42]   [video 847/1447] yt-dlp Uu-xnUFtzUU (1 clip(s) needed) ...
[00:41:46]     FAILED: ERROR: [youtube] Uu-xnUFtzUU: This video is unavailable
[00:41:46]   [video 848/1447] yt-dlp g5BTnziTfxM (1 clip(s) needed) ...
[00:44:21]     [848/1447] cutting g5BTnziTfxM_106.mp4 (0:16:13.706 -> 0:16:26.318)
[00:44:22]   [video 849/1447] yt-dlp hQKvQmprGgs (1 clip(s) needed) ...
[00:44:49]     FAILED: ERROR: unable to download video data: HTTP Error 403: Forbidden
[00:44:49]   [video 850/1447] yt-dlp l5QAigvh6Io (1 clip(s) needed) ...
[00:44:59]     [850/1447] cutting l5QAigvh6Io_6.mp4 (0:01:07.233 -> 0:01:18.661)
[00:44:59]   [video 851/1447] yt-dlp 1WTgrP9ihcY (1 clip(s) needed) ...
[00:45:19]     [851/1447] cutting 1WTgrP9ihcY_31.mp4 (0:04:25.125 -> 0:04:35.208)
[00:45:20]   [video 852/1447] yt-dlp K1O05KgJFGM (1 clip(s) needed) ...
[00:50:12]     [852/1447] cutting K1O05KgJFGM_2.mp4 (0:03:43.823 -> 0:03:47.860)
[00:50:12]   [video 853/1447] yt-dlp 0jahNsEZF6Y (1 clip(s) needed) ...
[00:50:32]     FAILED: ERROR: unable to download video data: HTTP Error 403: Forbidden
[00:50:32]   [video 854/1447] yt-dlp 1xUkeLNbOl4 (1 clip(s) needed) ...
[00:50:52]     [854/1447] cutting 1xUkeLNbOl4_11.mp4 (0:03:21.951 -> 0:03:28.291)
[00:50:52]   [video 855/1447] yt-dlp 3zChhwNGwCk (1 clip(s) needed) ...
[00:51:32]     [855/1447] cutting 3zChhwNGwCk_23.mp4 (0:04:13.987 -> 0:04:18.524)
[00:51:32]   [video 856/1447] yt-dlp 3DuIikYHPzY (1 clip(s) needed) ...
[00:51:53]     [856/1447] cutting 3DuIikYHPzY_11.mp4 (0:09:36.409 -> 0:10:24.457)
[00:51:54]   [video 857/1447] yt-dlp QfgdXba7Iag (1 clip(s) needed) ...
[00:52:03]     [857/1447] cutting QfgdXba7Iag_1.mp4 (0:00:05.130 -> 0:00:11.302)
[00:52:03]   [video 858/1447] yt-dlp 68HTV6vgvBM (1 clip(s) needed) ...
[00:52:13]     [858/1447] cutting 68HTV6vgvBM_6.mp4 (0:00:40.266 -> 0:00:45.366)
[00:52:14]   [video 859/1447] yt-dlp 18mWD4WkCD4 (1 clip(s) needed) ...
[00:52:35]     [859/1447] cutting 18mWD4WkCD4_2.mp4 (0:01:10.804 -> 0:01:20.480)
[00:52:36]   [video 860/1447] yt-dlp 2YsljhV11qo (1 clip(s) needed) ...
[00:53:04]     [860/1447] cutting 2YsljhV11qo_8.mp4 (0:00:52.619 -> 0:01:00.393)
[00:53:05]   [video 861/1447] yt-dlp qKGcs4i2y1s (1 clip(s) needed) ...
[00:53:46]     [861/1447] cutting qKGcs4i2y1s_3.mp4 (0:01:23.958 -> 0:01:34.469)
[00:53:47]   [video 862/1447] yt-dlp S3b-v9uvPoc (1 clip(s) needed) ...
[00:54:24]     [862/1447] cutting S3b-v9uvPoc_51.mp4 (0:05:51.484 -> 0:05:58.157)
[00:54:24]   [video 863/1447] yt-dlp 3WZMCzD_C3M (1 clip(s) needed) ...
[00:54:50]     [863/1447] cutting 3WZMCzD_C3M_78.mp4 (0:09:44.360 -> 0:09:51.840)
[00:54:50]   [video 864/1447] yt-dlp NZcNdMtctmg (1 clip(s) needed) ...
[00:55:24]     [864/1447] cutting NZcNdMtctmg_8.mp4 (0:07:53.683 -> 0:08:14.450)
[00:55:25]   [video 865/1447] yt-dlp m5onso35VBY (1 clip(s) needed) ...
[00:55:50]     [865/1447] cutting m5onso35VBY_32.mp4 (0:06:13.760 -> 0:06:29.480)
[00:55:51]   [video 866/1447] yt-dlp EH14siFLCTc (1 clip(s) needed) ...
[00:56:47]     [866/1447] cutting EH14siFLCTc_30.mp4 (0:03:54.751 -> 0:03:59.022)
[00:56:48]   [video 867/1447] yt-dlp lJi3zLtIf0w (1 clip(s) needed) ...
[00:57:12]     [867/1447] cutting lJi3zLtIf0w_2.mp4 (0:00:19.252 -> 0:00:35.668)
[00:57:13]   [video 868/1447] yt-dlp vRc5nymg0ME (1 clip(s) needed) ...
[00:57:42]     [868/1447] cutting vRc5nymg0ME_11.mp4 (0:01:40.667 -> 0:01:51.344)
[00:57:43]   [video 869/1447] yt-dlp ipzZ0pEdaFg (1 clip(s) needed) ...
[00:58:00]     [869/1447] cutting ipzZ0pEdaFg_12.mp4 (0:05:47.221 -> 0:06:15.625)
[00:58:00]   [video 870/1447] yt-dlp g2oVTs3rWjE (1 clip(s) needed) ...
[00:58:13]     [870/1447] cutting g2oVTs3rWjE_1.mp4 (0:00:09.566 -> 0:00:13.266)
[00:58:14]   [video 871/1447] yt-dlp SRrw91o4pm4 (1 clip(s) needed) ...
[01:00:06]     [871/1447] cutting SRrw91o4pm4_93.mp4 (0:12:52.988 -> 0:12:57.977)
[01:00:07]   [video 872/1447] yt-dlp 7RAAqu_SZfs (1 clip(s) needed) ...
[01:00:19]     [872/1447] cutting 7RAAqu_SZfs_8.mp4 (0:01:41.935 -> 0:01:47.232)
[01:00:19]   [video 873/1447] yt-dlp 4cru1rH-hZE (1 clip(s) needed) ...
[01:00:32]     [873/1447] cutting 4cru1rH-hZE_4.mp4 (0:01:18.344 -> 0:01:38.665)
[01:00:33]   [video 874/1447] yt-dlp 9K5eruciFFg (1 clip(s) needed) ...
[01:01:14]     [874/1447] cutting 9K5eruciFFg_37.mp4 (0:05:01.718 -> 0:05:08.766)
[01:01:15]   [video 875/1447] yt-dlp c6tTTQmUBzI (1 clip(s) needed) ...
[01:01:43]     [875/1447] cutting c6tTTQmUBzI_17.mp4 (0:05:18.217 -> 0:05:31.698)
[01:01:44]   [video 876/1447] yt-dlp UtfDhzEtf8U (1 clip(s) needed) ...
[01:01:59]     [876/1447] cutting UtfDhzEtf8U_6.mp4 (0:02:38.491 -> 0:03:26.272)
[01:02:01]   [video 877/1447] yt-dlp PxaDxiqTiT0 (1 clip(s) needed) ...
[01:02:12]     [877/1447] cutting PxaDxiqTiT0_1.mp4 (0:00:16.000 -> 0:01:04.000)
[01:02:13]   [video 878/1447] yt-dlp nDW6Tof4pe0 (1 clip(s) needed) ...
[01:02:20]     [878/1447] cutting nDW6Tof4pe0_1.mp4 (0:00:21.621 -> 0:00:26.993)
[01:02:20]   [video 879/1447] yt-dlp QkcU1RJxiqQ (1 clip(s) needed) ...
[01:03:08]     FAILED: ERROR: unable to download video data: HTTP Error 403: Forbidden
[01:03:08]   [video 880/1447] yt-dlp y3g9rjhtJMw (1 clip(s) needed) ...
[01:03:21]     [880/1447] cutting y3g9rjhtJMw_25.mp4 (0:02:51.040 -> 0:02:55.080)
[01:03:21]   [video 881/1447] yt-dlp SVvmraLCsXk (1 clip(s) needed) ...
[01:03:28]     [881/1447] cutting SVvmraLCsXk_2.mp4 (0:00:14.556 -> 0:00:25.608)
[01:03:29]   [video 882/1447] yt-dlp -E_4iUeFz2g (1 clip(s) needed) ...
[01:03:51]     [882/1447] cutting -E_4iUeFz2g_3.mp4 (0:02:38.057 -> 0:03:03.550)
[01:03:52]   [video 883/1447] yt-dlp qeeO_azPhJQ (1 clip(s) needed) ...
[01:04:02]     [883/1447] cutting qeeO_azPhJQ_5.mp4 (0:03:14.160 -> 0:03:53.199)
[01:04:04]   [video 884/1447] yt-dlp C8YNLL5csd4 (1 clip(s) needed) ...
[01:04:36]     [884/1447] cutting C8YNLL5csd4_33.mp4 (0:09:39.816 -> 0:09:47.400)
[01:04:36]   [video 885/1447] yt-dlp B4BQdr6XZYs (1 clip(s) needed) ...
[01:04:40]     FAILED: ERROR: [youtube] B4BQdr6XZYs: This video is not available
[01:04:40]   [video 886/1447] yt-dlp RBuzjV-saHk (1 clip(s) needed) ...
[01:05:48]     [886/1447] cutting RBuzjV-saHk_13.mp4 (0:08:10.950 -> 0:08:51.483)
[01:05:49]   [video 887/1447] yt-dlp 5CgURGU1cG4 (1 clip(s) needed) ...
[01:06:13]     [887/1447] cutting 5CgURGU1cG4_12.mp4 (0:02:57.911 -> 0:03:03.516)
[01:06:14]   [video 888/1447] yt-dlp Tm8RL3hxXlo (1 clip(s) needed) ...
[01:07:37]     [888/1447] cutting Tm8RL3hxXlo_93.mp4 (0:14:57.029 -> 0:15:01.066)
[01:07:37]   [video 889/1447] yt-dlp 2E55ybIawaI (1 clip(s) needed) ...
[01:08:01]     [889/1447] cutting 2E55ybIawaI_5.mp4 (0:05:10.666 -> 0:05:29.150)
[01:08:02]   [video 890/1447] yt-dlp lzYRndCPOt8 (1 clip(s) needed) ...
[01:08:15]     [890/1447] cutting lzYRndCPOt8_1.mp4 (0:00:40.140 -> 0:01:28.188)
[01:08:16]   [video 891/1447] yt-dlp 6Iju-dEHxsI (1 clip(s) needed) ...
[01:08:59]     [891/1447] cutting 6Iju-dEHxsI_28.mp4 (0:03:44.015 -> 0:03:54.901)
[01:09:00]   [video 892/1447] yt-dlp y-mCtmw9wxk (1 clip(s) needed) ...
[01:09:12]     [892/1447] cutting y-mCtmw9wxk_2.mp4 (0:00:08.575 -> 0:00:18.985)
[01:09:13]   [video 893/1447] yt-dlp LYrIOWHXyRU (1 clip(s) needed) ...
[01:09:57]     [893/1447] cutting LYrIOWHXyRU_44.mp4 (0:12:42.680 -> 0:12:46.280)
[01:09:57]   [video 894/1447] yt-dlp aFknwfdb0RE (1 clip(s) needed) ...
[01:10:08]     [894/1447] cutting aFknwfdb0RE_2.mp4 (0:00:38.240 -> 0:00:42.280)
[01:10:09]   [video 895/1447] yt-dlp pLXf8WqynKU (1 clip(s) needed) ...
[01:10:15]     [895/1447] cutting pLXf8WqynKU_1.mp4 (0:00:05.939 -> 0:00:10.610)
[01:10:16]   [video 896/1447] yt-dlp AiCpRqdPLM8 (1 clip(s) needed) ...
[01:10:26]     [896/1447] cutting AiCpRqdPLM8_0.mp4 (0:00:00.767 -> 0:00:07.207)
[01:10:27]   [video 897/1447] yt-dlp py_H6uf0fuk (1 clip(s) needed) ...
[01:10:39]     [897/1447] cutting py_H6uf0fuk_4.mp4 (0:00:50.483 -> 0:00:56.623)
[01:10:40]   [video 898/1447] yt-dlp 0jLw_ibrmI4 (1 clip(s) needed) ...
[01:10:50]     [898/1447] cutting 0jLw_ibrmI4_29.mp4 (0:03:36.466 -> 0:03:41.095)
[01:10:50]   [video 899/1447] yt-dlp EYdF6QyD8FA (1 clip(s) needed) ...
[01:12:43]     [899/1447] cutting EYdF6QyD8FA_36.mp4 (0:06:29.931 -> 0:06:34.394)
[01:12:44]   [video 900/1447] yt-dlp 0uv0emdW5i0 (1 clip(s) needed) ...
[01:13:12]     [900/1447] cutting 0uv0emdW5i0_6.mp4 (0:02:30.650 -> 0:02:43.463)
[01:13:13]   [video 901/1447] yt-dlp V8lK6ae0GOs (1 clip(s) needed) ...
[01:13:27]     [901/1447] cutting V8lK6ae0GOs_6.mp4 (0:01:05.366 -> 0:01:10.400)
[01:13:28]   [video 902/1447] yt-dlp KoAhpnArKIw (1 clip(s) needed) ...
[01:14:03]     [902/1447] cutting KoAhpnArKIw_18.mp4 (0:07:56.200 -> 0:08:44.200)
[01:14:05]   [video 903/1447] yt-dlp ClJ_Q69Ounk (1 clip(s) needed) ...
[01:14:30]     [903/1447] cutting ClJ_Q69Ounk_7.mp4 (0:05:22.155 -> 0:06:10.203)
[01:14:32]   [video 904/1447] yt-dlp dUJvSFdSdmQ (1 clip(s) needed) ...
[01:14:46]     [904/1447] cutting dUJvSFdSdmQ_4.mp4 (0:01:12.300 -> 0:01:16.466)
[01:14:46]   [video 905/1447] yt-dlp wL9RwYUv-a8 (1 clip(s) needed) ...
[01:14:53]     [905/1447] cutting wL9RwYUv-a8_0.mp4 (0:00:04.160 -> 0:00:10.480)
[01:14:54]   [video 906/1447] yt-dlp 8DZkPVyNJgI (1 clip(s) needed) ...
[01:15:26]     [906/1447] cutting 8DZkPVyNJgI_2.mp4 (0:01:52.679 -> 0:01:58.051)
[01:15:26]   [video 907/1447] yt-dlp OiD6w7xoFKg (1 clip(s) needed) ...
[01:15:53]     [907/1447] cutting OiD6w7xoFKg_17.mp4 (0:03:03.516 -> 0:03:07.987)
[01:15:53]   [video 908/1447] yt-dlp zA8bcFVGTs0 (1 clip(s) needed) ...
[01:16:34]     [908/1447] cutting zA8bcFVGTs0_14.mp4 (0:12:16.800 -> 0:12:25.733)
[01:16:35]   [video 909/1447] yt-dlp mvWVw1vl-Ew (1 clip(s) needed) ...
[01:16:58]     [909/1447] cutting mvWVw1vl-Ew_10.mp4 (0:03:51.130 -> 0:04:07.113)
[01:16:59]   [video 910/1447] yt-dlp 2KUzRlHlW_A (1 clip(s) needed) ...
[01:17:28]     [910/1447] cutting 2KUzRlHlW_A_30.mp4 (0:06:30.757 -> 0:06:37.363)
[01:17:28]   [video 911/1447] yt-dlp XSoDtnHHlCo (1 clip(s) needed) ...
[01:17:38]     [911/1447] cutting XSoDtnHHlCo_3.mp4 (0:01:24.920 -> 0:01:54.240)
[01:17:40]   [video 912/1447] yt-dlp qigyb8giETg (1 clip(s) needed) ...
[01:18:21]     [912/1447] cutting qigyb8giETg_7.mp4 (0:13:35.481 -> 0:13:59.705)
[01:18:22]   [video 913/1447] yt-dlp B7isFo2uP2k (1 clip(s) needed) ...
[01:18:37]     [913/1447] cutting B7isFo2uP2k_8.mp4 (0:03:28.141 -> 0:03:59.572)
[01:18:38]   [video 914/1447] yt-dlp 45DuAAVgzmA (1 clip(s) needed) ...
[01:18:41]     FAILED: ERROR: [youtube] 45DuAAVgzmA: Private video
[01:18:41]   [video 915/1447] yt-dlp aicyZhYsf44 (1 clip(s) needed) ...
[01:20:06]     [915/1447] cutting aicyZhYsf44_43.mp4 (0:13:43.113 -> 0:13:58.963)
[01:20:07]   [video 916/1447] yt-dlp zlVgRJEuDgA (1 clip(s) needed) ...
[01:20:19]     [916/1447] cutting zlVgRJEuDgA_3.mp4 (0:00:46.079 -> 0:00:56.556)
[01:20:19]   [video 917/1447] yt-dlp A2PQeepuR6E (1 clip(s) needed) ...
[01:20:51]     [917/1447] cutting A2PQeepuR6E_41.mp4 (0:11:23.080 -> 0:11:26.480)
[01:20:52]   [video 918/1447] yt-dlp L68CfFFdGmA (1 clip(s) needed) ...
[01:21:05]     [918/1447] cutting L68CfFFdGmA_2.mp4 (0:00:57.090 -> 0:01:14.474)
[01:21:05]   [video 919/1447] yt-dlp 59cWInczdiI (1 clip(s) needed) ...
[01:21:08]     FAILED: ERROR: [youtube] 59cWInczdiI: This video is not available
[01:21:08]   [video 920/1447] yt-dlp vT3I_DDLI84 (1 clip(s) needed) ...
[01:21:11]     FAILED: ERROR: [youtube] vT3I_DDLI84: This video is not available
[01:21:11]   [video 921/1447] yt-dlp Qyl6DRI2TU0 (1 clip(s) needed) ...
[01:21:36]     [921/1447] cutting Qyl6DRI2TU0_10.mp4 (0:02:52.672 -> 0:03:06.686)
[01:21:36]   [video 922/1447] yt-dlp nj2JPAOIePM (1 clip(s) needed) ...
[01:21:54]     [922/1447] cutting nj2JPAOIePM_10.mp4 (0:02:04.620 -> 0:02:09.920)
[01:21:55]   [video 923/1447] yt-dlp NriJNViYHD0 (1 clip(s) needed) ...
[01:22:01]     [923/1447] cutting NriJNViYHD0_2.mp4 (0:00:22.439 -> 0:00:27.610)
[01:22:02]   [video 924/1447] yt-dlp uyo71zPRz_4 (1 clip(s) needed) ...
[01:22:09]     [924/1447] cutting uyo71zPRz_4_2.mp4 (0:00:31.740 -> 0:00:40.582)
[01:22:10]   [video 925/1447] yt-dlp Qy8vh_9DVjg (1 clip(s) needed) ...
[01:22:30]     [925/1447] cutting Qy8vh_9DVjg_3.mp4 (0:02:24.769 -> 0:02:29.899)
[01:22:30]   [video 926/1447] yt-dlp ZaqQGIvg8cc (1 clip(s) needed) ...
[01:22:46]     [926/1447] cutting ZaqQGIvg8cc_5.mp4 (0:01:19.145 -> 0:01:40.900)
[01:22:47]   [video 927/1447] yt-dlp CBxpsmWc-A8 (1 clip(s) needed) ...
[01:22:53]     [927/1447] cutting CBxpsmWc-A8_0.mp4 (0:00:05.033 -> 0:00:33.033)
[01:22:54]   [video 928/1447] yt-dlp FnoCJpeoAog (1 clip(s) needed) ...
[01:23:03]     [928/1447] cutting FnoCJpeoAog_0.mp4 (0:00:06.673 -> 0:00:14.681)
[01:23:03]   [video 929/1447] yt-dlp qEphIVezaig (1 clip(s) needed) ...
[01:23:12]     [929/1447] cutting qEphIVezaig_3.mp4 (0:00:24.190 -> 0:00:36.169)
[01:23:12]   [video 930/1447] yt-dlp lTxc1qd8aZE (1 clip(s) needed) ...
[01:23:20]     [930/1447] cutting lTxc1qd8aZE_15.mp4 (0:02:32.485 -> 0:02:48.418)
[01:23:21]   [video 931/1447] yt-dlp fmDOpRppafw (1 clip(s) needed) ...
[01:24:14]     [931/1447] cutting fmDOpRppafw_5.mp4 (0:01:34.427 -> 0:01:38.465)
[01:24:15]   [video 932/1447] yt-dlp BghVmmEHlCE (1 clip(s) needed) ...
[01:24:23]     [932/1447] cutting BghVmmEHlCE_4.mp4 (0:00:51.233 -> 0:01:11.233)
[01:24:24]   [video 933/1447] yt-dlp VadJJU2LC2U (1 clip(s) needed) ...
[01:24:40]     [933/1447] cutting VadJJU2LC2U_0.mp4 (0:00:06.940 -> 0:00:22.889)
[01:24:41]   [video 934/1447] yt-dlp 5g_STp1BFgs (1 clip(s) needed) ...
[01:25:05]     [934/1447] cutting 5g_STp1BFgs_25.mp4 (0:03:29.509 -> 0:03:33.546)
[01:25:05]   [video 935/1447] yt-dlp yIhkwLxhcfA (1 clip(s) needed) ...
[01:25:36]     [935/1447] cutting yIhkwLxhcfA_3.mp4 (0:00:23.440 -> 0:01:11.488)
[01:25:38]   [video 936/1447] yt-dlp JtttnL28m3Q (1 clip(s) needed) ...
[01:25:50]     [936/1447] cutting JtttnL28m3Q_2.mp4 (0:00:44.335 -> 0:00:57.557)
[01:25:50]   [video 937/1447] yt-dlp qUdxf3RaR5w (1 clip(s) needed) ...
[01:26:35]     [937/1447] cutting qUdxf3RaR5w_0.mp4 (0:00:02.166 -> 0:00:19.566)
[01:26:36]   [video 938/1447] yt-dlp QmTBkQ_f8ME (1 clip(s) needed) ...
[01:26:40]     FAILED: ERROR: [youtube] QmTBkQ_f8ME: Private video
[01:26:40]   [video 939/1447] yt-dlp 7MnqjwnQI9s (1 clip(s) needed) ...
[01:26:43]     FAILED: ERROR: [youtube] 7MnqjwnQI9s: This video is not available
[01:26:43]   [video 940/1447] yt-dlp 5LBZyYIAq3s (1 clip(s) needed) ...
[01:27:20]     [940/1447] cutting 5LBZyYIAq3s_44.mp4 (0:05:58.775 -> 0:06:10.703)
[01:27:20]   [video 941/1447] yt-dlp BTbEgOuX7Yw (1 clip(s) needed) ...
[01:27:32]     [941/1447] cutting BTbEgOuX7Yw_4.mp4 (0:02:04.757 -> 0:02:12.765)
[01:27:33]   [video 942/1447] yt-dlp Nf060wrHJ_g (1 clip(s) needed) ...
[01:27:50]     [942/1447] cutting Nf060wrHJ_g_2.mp4 (0:00:11.000 -> 0:00:19.000)
[01:27:50]   [video 943/1447] yt-dlp Sv0y3QQDnWg (1 clip(s) needed) ...
[01:28:07]     [943/1447] cutting Sv0y3QQDnWg_0.mp4 (0:00:00.700 -> 0:00:06.506)
[01:28:07]   [video 944/1447] yt-dlp AJxI8b-teCY (1 clip(s) needed) ...
[01:28:32]     [944/1447] cutting AJxI8b-teCY_22.mp4 (0:06:07.183 -> 0:06:16.242)
[01:28:33]   [video 945/1447] yt-dlp J598fnd4aFs (1 clip(s) needed) ...
[01:29:03]     [945/1447] cutting J598fnd4aFs_30.mp4 (0:06:38.231 -> 0:06:44.904)
[01:29:04]   [video 946/1447] yt-dlp XSB0nkEG7qU (1 clip(s) needed) ...
[01:29:18]     [946/1447] cutting XSB0nkEG7qU_3.mp4 (0:01:30.125 -> 0:01:33.416)
[01:29:18]   [video 947/1447] yt-dlp JMnWsQ2kL2g (1 clip(s) needed) ...
[01:29:48]     [947/1447] cutting JMnWsQ2kL2g_34.mp4 (0:05:53.016 -> 0:05:57.016)
[01:29:48]   [video 948/1447] yt-dlp BvbCwP66FQY (1 clip(s) needed) ...
[01:30:05]     [948/1447] cutting BvbCwP66FQY_5.mp4 (0:01:43.903 -> 0:02:31.951)
[01:30:07]   [video 949/1447] yt-dlp pkNiYZHDmhI (1 clip(s) needed) ...
[01:30:24]     [949/1447] cutting pkNiYZHDmhI_29.mp4 (0:08:44.840 -> 0:09:00.520)
[01:30:25]   [video 950/1447] yt-dlp WkMyv_8R30A (1 clip(s) needed) ...
[01:30:55]     [950/1447] cutting WkMyv_8R30A_5.mp4 (0:00:39.172 -> 0:00:43.943)
[01:30:56]   [video 951/1447] yt-dlp DJktpAiroyY (1 clip(s) needed) ...
[01:31:08]     [951/1447] cutting DJktpAiroyY_9.mp4 (0:05:00.360 -> 0:05:04.400)
[01:31:08]   [video 952/1447] yt-dlp QMpfb6soox8 (1 clip(s) needed) ...
[01:31:31]     [952/1447] cutting QMpfb6soox8_3.mp4 (0:00:31.823 -> 0:00:48.423)
[01:31:32]   [video 953/1447] yt-dlp zQsxpBSmG1o (1 clip(s) needed) ...
[01:31:47]     [953/1447] cutting zQsxpBSmG1o_1.mp4 (0:01:38.833 -> 0:01:54.833)
[01:31:48]   [video 954/1447] yt-dlp 1VXtGNWHHS4 (1 clip(s) needed) ...
[01:32:08]     [954/1447] cutting 1VXtGNWHHS4_30.mp4 (0:03:05.852 -> 0:03:11.257)
[01:32:08]   [video 955/1447] yt-dlp SH5Nd-FNnDk (1 clip(s) needed) ...
[01:32:39]     [955/1447] cutting SH5Nd-FNnDk_18.mp4 (0:10:46.933 -> 0:11:03.066)
[01:32:40]   [video 956/1447] yt-dlp 9dKHMV9MX3E (1 clip(s) needed) ...
[01:32:48]     [956/1447] cutting 9dKHMV9MX3E_9.mp4 (0:01:24.284 -> 0:01:36.429)
[01:32:49]   [video 957/1447] yt-dlp A-Ebowtxs6s (1 clip(s) needed) ...
[01:33:43]     [957/1447] cutting A-Ebowtxs6s_15.mp4 (0:20:27.543 -> 0:20:56.877)
[01:33:44]   [video 958/1447] yt-dlp TT57UfsWGWU (1 clip(s) needed) ...
[01:34:10]     [958/1447] cutting TT57UfsWGWU_9.mp4 (0:07:05.833 -> 0:07:36.625)
[01:34:11]   [video 959/1447] yt-dlp 9dQXn4MP3Z4 (1 clip(s) needed) ...
[01:34:32]     [959/1447] cutting 9dQXn4MP3Z4_3.mp4 (0:01:34.916 -> 0:02:13.541)
[01:34:33]   [video 960/1447] yt-dlp 8o2ZGtOLnRY (1 clip(s) needed) ...
[01:34:43]     [960/1447] cutting 8o2ZGtOLnRY_5.mp4 (0:02:53.907 -> 0:03:37.717)
[01:34:44]   [video 961/1447] yt-dlp Dbp2hWUygi0 (1 clip(s) needed) ...
[01:34:59]     [961/1447] cutting Dbp2hWUygi0_5.mp4 (0:01:23.049 -> 0:01:42.135)
[01:35:00]   [video 962/1447] yt-dlp TcnpC0-w9Zg (1 clip(s) needed) ...
[01:35:09]     [962/1447] cutting TcnpC0-w9Zg_8.mp4 (0:00:58.208 -> 0:01:02.916)
[01:35:09]   [video 963/1447] yt-dlp MVI4uFkk1fg (1 clip(s) needed) ...
[01:35:17]     [963/1447] cutting MVI4uFkk1fg_0.mp4 (0:00:08.141 -> 0:00:31.231)
[01:35:18]   [video 964/1447] yt-dlp RwVprTso1bk (1 clip(s) needed) ...
[01:35:21]     FAILED: ERROR: [youtube] RwVprTso1bk: This video is unavailable
[01:35:21]   [video 965/1447] yt-dlp c-HTxa07MR4 (1 clip(s) needed) ...
[01:35:31]     [965/1447] cutting c-HTxa07MR4_0.mp4 (0:00:24.624 -> 0:00:34.167)
[01:35:32]   [video 966/1447] yt-dlp WEWWYCyPJdA (1 clip(s) needed) ...
[01:35:56]     [966/1447] cutting WEWWYCyPJdA_5.mp4 (0:08:48.561 -> 0:08:53.599)
[01:35:56]   [video 967/1447] yt-dlp U8Z0FPKt5Aw (1 clip(s) needed) ...
[01:36:07]     [967/1447] cutting U8Z0FPKt5Aw_11.mp4 (0:01:27.712 -> 0:01:42.936)
[01:36:08]   [video 968/1447] yt-dlp o2ze9vc2eTw (1 clip(s) needed) ...
[01:36:17]     [968/1447] cutting o2ze9vc2eTw_1.mp4 (0:00:10.360 -> 0:00:27.110)
[01:36:18]   [video 969/1447] yt-dlp clzmEsHaeAM (1 clip(s) needed) ...
[01:36:30]     [969/1447] cutting clzmEsHaeAM_1.mp4 (0:00:36.870 -> 0:01:24.918)
[01:36:31]   [video 970/1447] yt-dlp vaLw-mQo1Y8 (1 clip(s) needed) ...
[01:36:56]     [970/1447] cutting vaLw-mQo1Y8_7.mp4 (0:03:21.067 -> 0:03:24.237)
[01:36:57]   [video 971/1447] yt-dlp 4sfoxDuCJBg (1 clip(s) needed) ...
[01:37:19]     [971/1447] cutting 4sfoxDuCJBg_27.mp4 (0:03:52.048 -> 0:03:57.503)
[01:37:20]   [video 972/1447] yt-dlp fniUFyN96jk (1 clip(s) needed) ...
[01:37:33]     [972/1447] cutting fniUFyN96jk_16.mp4 (0:01:24.484 -> 0:01:34.694)
[01:37:34]   [video 973/1447] yt-dlp zIlMEISmMhM (1 clip(s) needed) ...
[01:37:48]     [973/1447] cutting zIlMEISmMhM_60.mp4 (0:11:14.640 -> 0:11:43.269)
[01:37:50]   [video 974/1447] yt-dlp 5KbeuP1yL1c (1 clip(s) needed) ...
[01:37:53]     FAILED: ERROR: [youtube] 5KbeuP1yL1c: Private video
[01:37:53]   [video 975/1447] yt-dlp uCLfq3HooNk (1 clip(s) needed) ...
[01:38:23]     [975/1447] cutting uCLfq3HooNk_45.mp4 (0:09:12.366 -> 0:09:20.033)
[01:38:23]   [video 976/1447] yt-dlp _zMBZsqbt9I (1 clip(s) needed) ...
[01:38:46]     [976/1447] cutting _zMBZsqbt9I_23.mp4 (0:03:50.438 -> 0:04:03.326)
[01:38:47]   [video 977/1447] yt-dlp NAraXXfM6E8 (1 clip(s) needed) ...
[01:39:05]     [977/1447] cutting NAraXXfM6E8_2.mp4 (0:03:15.061 -> 0:03:24.671)
[01:39:06]   [video 978/1447] yt-dlp bsy8yhkPBNY (1 clip(s) needed) ...
[01:39:21]     [978/1447] cutting bsy8yhkPBNY_1.mp4 (0:05:37.403 -> 0:05:44.510)
[01:39:22]   [video 979/1447] yt-dlp sfauNGoibuE (1 clip(s) needed) ...
[01:39:34]     [979/1447] cutting sfauNGoibuE_3.mp4 (0:01:24.900 -> 0:02:09.966)
[01:39:36]   [video 980/1447] yt-dlp qjioVdxaelA (1 clip(s) needed) ...
[01:40:10]     [980/1447] cutting qjioVdxaelA_1.mp4 (0:00:56.156 -> 0:01:08.134)
[01:40:11]   [video 981/1447] yt-dlp kR9_AQ7K4o4 (1 clip(s) needed) ...
[01:40:29]     [981/1447] cutting kR9_AQ7K4o4_20.mp4 (0:03:34.255 -> 0:03:39.093)
[01:40:30]   [video 982/1447] yt-dlp au-8auQe7tg (1 clip(s) needed) ...
[01:40:58]     [982/1447] cutting au-8auQe7tg_4.mp4 (0:06:18.020 -> 0:06:49.260)
[01:41:00]   [video 983/1447] yt-dlp IcpnrCg8LRs (1 clip(s) needed) ...
[01:41:03]     FAILED: ERROR: [youtube] IcpnrCg8LRs: This video is not available
[01:41:03]   [video 984/1447] yt-dlp x73c1WnerYk (1 clip(s) needed) ...
[01:41:06]     FAILED: ERROR: [youtube] x73c1WnerYk: This video is not available
[01:41:06]   [video 985/1447] yt-dlp zbXS7-3AhRA (1 clip(s) needed) ...
[01:41:27]     [985/1447] cutting zbXS7-3AhRA_1.mp4 (0:00:12.800 -> 0:00:19.240)
[01:41:27]   [video 986/1447] yt-dlp kEtqT7K-fqQ (1 clip(s) needed) ...
[01:41:45]     [986/1447] cutting kEtqT7K-fqQ_5.mp4 (0:04:07.714 -> 0:04:18.491)
[01:41:46]   [video 987/1447] yt-dlp FGsAADMS--Y (1 clip(s) needed) ...
[01:42:16]     [987/1447] cutting FGsAADMS--Y_8.mp4 (0:10:22.355 -> 0:10:27.760)
[01:42:17]   [video 988/1447] yt-dlp EhVC-JNwPek (1 clip(s) needed) ...
[01:42:20]     FAILED: ERROR: [youtube] EhVC-JNwPek: Private video
[01:42:20]   [video 989/1447] yt-dlp -KFhcV4-hAY (1 clip(s) needed) ...
[01:42:49]     [989/1447] cutting -KFhcV4-hAY_56.mp4 (0:11:25.334 -> 0:11:29.155)
[01:42:49]   [video 990/1447] yt-dlp GXrJ62XYF9E (1 clip(s) needed) ...
[01:43:30]     [990/1447] cutting GXrJ62XYF9E_117.mp4 (0:12:27.980 -> 0:12:33.018)
[01:43:31]   [video 991/1447] yt-dlp 41mwlUWmfHs (1 clip(s) needed) ...
[01:44:21]     [991/1447] cutting 41mwlUWmfHs_24.mp4 (0:03:17.600 -> 0:03:21.933)
[01:44:22]   [video 992/1447] yt-dlp jzWlzaYurOQ (1 clip(s) needed) ...
[01:45:17]     [992/1447] cutting jzWlzaYurOQ_9.mp4 (0:01:49.320 -> 0:01:58.680)
[01:45:18]   [video 993/1447] yt-dlp TMnOH2UN75g (1 clip(s) needed) ...
[01:45:35]     [993/1447] cutting TMnOH2UN75g_4.mp4 (0:02:50.837 -> 0:02:55.008)
[01:45:35]   [video 994/1447] yt-dlp -xzmh14tUYE (1 clip(s) needed) ...
[01:45:59]     [994/1447] cutting -xzmh14tUYE_7.mp4 (0:04:55.633 -> 0:05:01.733)
[01:45:59]   [video 995/1447] yt-dlp z6cXQy4OFgQ (1 clip(s) needed) ...
[01:46:11]     [995/1447] cutting z6cXQy4OFgQ_0.mp4 (0:00:01.866 -> 0:00:17.100)
[01:46:12]   [video 996/1447] yt-dlp R90Q6RTzJuQ (1 clip(s) needed) ...
[01:46:28]     [996/1447] cutting R90Q6RTzJuQ_2.mp4 (0:05:53.280 -> 0:06:41.280)
[01:46:29]   [video 997/1447] yt-dlp LlYFxcyfQNw (1 clip(s) needed) ...
[01:46:50]     [997/1447] cutting LlYFxcyfQNw_2.mp4 (0:00:19.919 -> 0:00:55.522)
[01:46:52]   [video 998/1447] yt-dlp 9nY5wSJAuEs (1 clip(s) needed) ...
[01:47:00]     [998/1447] cutting 9nY5wSJAuEs_5.mp4 (0:00:44.233 -> 0:01:32.233)
[01:47:01]   [video 999/1447] yt-dlp orPdcErxvi0 (1 clip(s) needed) ...
[01:47:29]     [999/1447] cutting orPdcErxvi0_12.mp4 (0:03:33.463 -> 0:03:47.227)
[01:47:30]   [video 1000/1447] yt-dlp LNEeptoC22A (1 clip(s) needed) ...
[01:47:48]     [1000/1447] cutting LNEeptoC22A_12.mp4 (0:03:35.481 -> 0:03:42.422)
[01:47:48]   [video 1001/1447] yt-dlp iRZxqCmkkP8 (1 clip(s) needed) ...
[01:47:58]     [1001/1447] cutting iRZxqCmkkP8_12.mp4 (0:02:17.804 -> 0:02:26.062)
[01:47:58]   [video 1002/1447] yt-dlp dJA1qFQU5HY (1 clip(s) needed) ...
[01:48:29]     [1002/1447] cutting dJA1qFQU5HY_6.mp4 (0:06:26.386 -> 0:07:14.434)
[01:48:31]   [video 1003/1447] yt-dlp 2pqQVRr3zIU (1 clip(s) needed) ...
[01:49:24]     [1003/1447] cutting 2pqQVRr3zIU_45.mp4 (0:12:45.666 -> 0:12:52.166)
[01:49:24]   [video 1004/1447] yt-dlp kNG8PqNB4bg (1 clip(s) needed) ...
[01:49:33]     [1004/1447] cutting kNG8PqNB4bg_3.mp4 (0:01:15.241 -> 0:01:24.984)
[01:49:33]   [video 1005/1447] yt-dlp 0JC7EM2G8-g (1 clip(s) needed) ...
[01:49:54]     [1005/1447] cutting 0JC7EM2G8-g_17.mp4 (0:07:02.566 -> 0:07:09.266)
[01:49:55]   [video 1006/1447] yt-dlp oo-HbKpQ-Ek (1 clip(s) needed) ...
[01:50:13]     [1006/1447] cutting oo-HbKpQ-Ek_44.mp4 (0:05:58.400 -> 0:06:02.680)
[01:50:14]   [video 1007/1447] yt-dlp 4HxEe9z0r7E (1 clip(s) needed) ...
[01:50:32]     [1007/1447] cutting 4HxEe9z0r7E_3.mp4 (0:04:30.870 -> 0:04:41.147)
[01:50:33]   [video 1008/1447] yt-dlp ezlD9s8cF4c (1 clip(s) needed) ...
[01:51:02]     [1008/1447] cutting ezlD9s8cF4c_22.mp4 (0:02:52.906 -> 0:03:06.419)
[01:51:03]   [video 1009/1447] yt-dlp ZpkXHlenXno (1 clip(s) needed) ...
[01:51:25]     [1009/1447] cutting ZpkXHlenXno_7.mp4 (0:01:46.639 -> 0:01:53.146)
[01:51:25]   [video 1010/1447] yt-dlp ye06zu4OVwY (1 clip(s) needed) ...
[01:51:36]     [1010/1447] cutting ye06zu4OVwY_15.mp4 (0:01:34.994 -> 0:01:43.336)
[01:51:36]   [video 1011/1447] yt-dlp H3kdXqkDpOw (1 clip(s) needed) ...
[01:51:49]     [1011/1447] cutting H3kdXqkDpOw_14.mp4 (0:03:22.101 -> 0:03:35.715)
[01:51:50]   [video 1012/1447] yt-dlp KyVbDTSoW2k (1 clip(s) needed) ...
[01:51:59]     [1012/1447] cutting KyVbDTSoW2k_13.mp4 (0:01:32.000 -> 0:01:40.880)
[01:51:59]   [video 1013/1447] yt-dlp fKKLJpcSfac (1 clip(s) needed) ...
[01:52:03]     FAILED: ERROR: [youtube] fKKLJpcSfac: This video is not available
[01:52:03]   [video 1014/1447] yt-dlp gDz0uGSB_4k (1 clip(s) needed) ...
[01:52:25]     [1014/1447] cutting gDz0uGSB_4k_12.mp4 (0:02:27.881 -> 0:02:58.811)
[01:52:26]   [video 1015/1447] yt-dlp f6R29VtRtr0 (1 clip(s) needed) ...
[01:52:48]     [1015/1447] cutting f6R29VtRtr0_13.mp4 (0:02:40.026 -> 0:02:46.933)
[01:52:49]   [video 1016/1447] yt-dlp PIIiOTM3uhA (1 clip(s) needed) ...
[01:53:14]     [1016/1447] cutting PIIiOTM3uhA_2.mp4 (0:01:12.038 -> 0:01:20.480)
[01:53:15]   [video 1017/1447] yt-dlp mbWPgxjuzPM (1 clip(s) needed) ...
[01:53:32]     [1017/1447] cutting mbWPgxjuzPM_24.mp4 (0:03:51.297 -> 0:03:59.472)
[01:53:33]   [video 1018/1447] yt-dlp XNEYoeS0POw (1 clip(s) needed) ...
[01:53:44]     [1018/1447] cutting XNEYoeS0POw_5.mp4 (0:02:15.235 -> 0:03:03.283)
[01:53:46]   [video 1019/1447] yt-dlp ZfKSPYzVAuA (1 clip(s) needed) ...
[01:54:05]     [1019/1447] cutting ZfKSPYzVAuA_9.mp4 (0:05:13.100 -> 0:05:50.633)
[01:54:06]   [video 1020/1447] yt-dlp ZboK5d-uDR0 (1 clip(s) needed) ...
[01:54:14]     [1020/1447] cutting ZboK5d-uDR0_5.mp4 (0:00:43.743 -> 0:00:57.891)
[01:54:15]   [video 1021/1447] yt-dlp yEahzq_MUZU (1 clip(s) needed) ...
[01:54:23]     [1021/1447] cutting yEahzq_MUZU_1.mp4 (0:00:15.882 -> 0:01:03.663)
[01:54:25]   [video 1022/1447] yt-dlp 5XyTfM2y3hM (1 clip(s) needed) ...
[01:54:37]     [1022/1447] cutting 5XyTfM2y3hM_2.mp4 (0:00:58.625 -> 0:01:34.694)
[01:54:39]   [video 1023/1447] yt-dlp POUbengQGU4 (1 clip(s) needed) ...
[01:55:08]     [1023/1447] cutting POUbengQGU4_2.mp4 (0:04:43.040 -> 0:05:31.040)
[01:55:10]   [video 1024/1447] yt-dlp xGNi99YrezI (1 clip(s) needed) ...
[01:55:34]     [1024/1447] cutting xGNi99YrezI_12.mp4 (0:05:40.940 -> 0:06:09.802)
[01:55:35]   [video 1025/1447] yt-dlp NIAoNB5CS18 (1 clip(s) needed) ...
[01:56:34]     [1025/1447] cutting NIAoNB5CS18_142.mp4 (0:17:58.177 -> 0:18:05.384)
[01:56:34]   [video 1026/1447] yt-dlp UNYbkBmqRek (1 clip(s) needed) ...
[01:56:48]     [1026/1447] cutting UNYbkBmqRek_26.mp4 (0:03:33.320 -> 0:03:40.640)
[01:56:48]   [video 1027/1447] yt-dlp rkPp-AxP4x4 (1 clip(s) needed) ...
[01:57:12]     [1027/1447] cutting rkPp-AxP4x4_1.mp4 (0:00:26.826 -> 0:00:44.544)
[01:57:13]   [video 1028/1447] yt-dlp -N7FCBSNjcE (1 clip(s) needed) ...
[01:57:35]     [1028/1447] cutting -N7FCBSNjcE_9.mp4 (0:01:22.080 -> 0:01:28.040)
[01:57:35]   [video 1029/1447] yt-dlp 7UjCQTa6Lvs (1 clip(s) needed) ...
[01:57:54]     [1029/1447] cutting 7UjCQTa6Lvs_19.mp4 (0:05:54.821 -> 0:05:58.825)
[01:57:54]   [video 1030/1447] yt-dlp KsGl2xk9Fyc (1 clip(s) needed) ...
[01:58:04]     [1030/1447] cutting KsGl2xk9Fyc_3.mp4 (0:00:29.929 -> 0:00:35.135)
[01:58:05]   [video 1031/1447] yt-dlp V17Lp1X0_ao (1 clip(s) needed) ...
[01:58:14]     [1031/1447] cutting V17Lp1X0_ao_41.mp4 (0:04:27.725 -> 0:04:33.606)
[01:58:14]   [video 1032/1447] yt-dlp ZiA_cAEZ2_Y (1 clip(s) needed) ...
[01:58:51]     [1032/1447] cutting ZiA_cAEZ2_Y_23.mp4 (0:05:22.021 -> 0:05:41.007)
[01:58:52]   [video 1033/1447] yt-dlp eq5rFz7C7aw (1 clip(s) needed) ...
[01:59:11]     [1033/1447] cutting eq5rFz7C7aw_49.mp4 (0:09:50.489 -> 0:09:57.964)
[01:59:12]   [video 1034/1447] yt-dlp cCtMhK3FxHU (1 clip(s) needed) ...
[01:59:15]     FAILED: ERROR: [youtube] cCtMhK3FxHU: This video is unavailable
[01:59:15]   [video 1035/1447] yt-dlp WgzwFHFVPy0 (1 clip(s) needed) ...
[02:00:01]     [1035/1447] cutting WgzwFHFVPy0_17.mp4 (0:03:57.303 -> 0:04:05.144)
[02:00:02]   [video 1036/1447] yt-dlp eTRmjkFwKBE (1 clip(s) needed) ...
[02:00:17]     [1036/1447] cutting eTRmjkFwKBE_0.mp4 (0:00:02.869 -> 0:00:25.925)
[02:00:18]   [video 1037/1447] yt-dlp nJwGQbhSYBU (1 clip(s) needed) ...
[02:01:04]     [1037/1447] cutting nJwGQbhSYBU_16.mp4 (0:07:19.730 -> 0:07:27.196)
[02:01:05]   [video 1038/1447] yt-dlp QuWpec0dneM (1 clip(s) needed) ...
[02:01:19]     [1038/1447] cutting QuWpec0dneM_10.mp4 (0:02:02.322 -> 0:02:10.330)
[02:01:19]   [video 1039/1447] yt-dlp edkEsty9Mos (1 clip(s) needed) ...
[02:01:38]     [1039/1447] cutting edkEsty9Mos_16.mp4 (0:04:19.659 -> 0:04:32.672)
[02:01:38]   [video 1040/1447] yt-dlp Uhck2wAnabo (1 clip(s) needed) ...
[02:02:00]     [1040/1447] cutting Uhck2wAnabo_31.mp4 (0:03:23.536 -> 0:03:28.958)
[02:02:00]   [video 1041/1447] yt-dlp uRE6STiYMF0 (1 clip(s) needed) ...
[02:02:22]     [1041/1447] cutting uRE6STiYMF0_24.mp4 (0:01:46.506 -> 0:01:50.210)
[02:02:23]   [video 1042/1447] yt-dlp CWhpvBkyVb4 (1 clip(s) needed) ...
[02:02:43]     [1042/1447] cutting CWhpvBkyVb4_4.mp4 (0:01:09.736 -> 0:01:13.740)
[02:02:43]   [video 1043/1447] yt-dlp g_fnxUVoBC0 (1 clip(s) needed) ...
[02:05:11]     [1043/1447] cutting g_fnxUVoBC0_9.mp4 (0:02:19.906 -> 0:02:28.948)
[02:05:11]   [video 1044/1447] yt-dlp iPSDPlkX8mw (1 clip(s) needed) ...
[02:05:45]     [1044/1447] cutting iPSDPlkX8mw_21.mp4 (0:02:25.578 -> 0:02:30.717)
[02:05:46]   [video 1045/1447] yt-dlp -HSWj-MqxIo (1 clip(s) needed) ...
[02:05:48]     FAILED: ERROR: [youtube] -HSWj-MqxIo: This video is not available
[02:05:48]   [video 1046/1447] yt-dlp OKoJ2P_a1fY (1 clip(s) needed) ...
[02:06:07]     [1046/1447] cutting OKoJ2P_a1fY_2.mp4 (0:01:52.278 -> 0:02:20.890)
[02:06:08]   [video 1047/1447] yt-dlp 50l_k-Dkrio (1 clip(s) needed) ...
[02:06:23]     [1047/1447] cutting 50l_k-Dkrio_1.mp4 (0:00:18.200 -> 0:01:06.200)
[02:06:25]   [video 1048/1447] yt-dlp moCqgztSPgk (1 clip(s) needed) ...
[02:06:38]     [1048/1447] cutting moCqgztSPgk_2.mp4 (0:00:15.682 -> 0:00:21.855)
[02:06:39]   [video 1049/1447] yt-dlp xduL_GH7h08 (1 clip(s) needed) ...
[02:06:49]     [1049/1447] cutting xduL_GH7h08_12.mp4 (0:01:54.200 -> 0:01:57.760)
[02:06:49]   [video 1050/1447] yt-dlp 4_dohxWQzsk (1 clip(s) needed) ...
[02:07:21]     [1050/1447] cutting 4_dohxWQzsk_39.mp4 (0:05:02.335 -> 0:05:09.575)
[02:07:22]   [video 1051/1447] yt-dlp Ju_v2Oeqq_A (1 clip(s) needed) ...
[02:07:31]     [1051/1447] cutting Ju_v2Oeqq_A_22.mp4 (0:02:12.499 -> 0:02:16.769)
[02:07:32]   [video 1052/1447] yt-dlp KmBD24mByHY (1 clip(s) needed) ...
[02:07:59]     [1052/1447] cutting KmBD24mByHY_54.mp4 (0:09:08.414 -> 0:09:14.654)
[02:08:00]   [video 1053/1447] yt-dlp BzZECmReuV0 (1 clip(s) needed) ...
[02:08:47]     [1053/1447] cutting BzZECmReuV0_5.mp4 (0:15:09.680 -> 0:15:57.680)
[02:08:49]   [video 1054/1447] yt-dlp eXUCZW1nvQs (1 clip(s) needed) ...
[02:09:09]     [1054/1447] cutting eXUCZW1nvQs_3.mp4 (0:04:55.100 -> 0:05:31.100)
[02:09:10]   [video 1055/1447] yt-dlp VyavaAXZoOg (1 clip(s) needed) ...
[02:09:19]     [1055/1447] cutting VyavaAXZoOg_4.mp4 (0:00:57.680 -> 0:01:04.320)
[02:09:19]   [video 1056/1447] yt-dlp 5KUOfP__ihs (1 clip(s) needed) ...
[02:09:30]     [1056/1447] cutting 5KUOfP__ihs_4.mp4 (0:01:03.596 -> 0:01:07.067)
[02:09:31]   [video 1057/1447] yt-dlp Ek2K9csW71I (1 clip(s) needed) ...
[02:09:44]     [1057/1447] cutting Ek2K9csW71I_16.mp4 (0:04:40.196 -> 0:04:46.703)
[02:09:45]   [video 1058/1447] yt-dlp 5NLHbspAbBU (1 clip(s) needed) ...
[02:10:44]     [1058/1447] cutting 5NLHbspAbBU_25.mp4 (0:13:36.048 -> 0:13:48.761)
[02:10:44]   [video 1059/1447] yt-dlp 4_1HtvAecfM (1 clip(s) needed) ...
[02:11:02]     [1059/1447] cutting 4_1HtvAecfM_4.mp4 (0:01:13.473 -> 0:01:21.214)
[02:11:03]   [video 1060/1447] yt-dlp 7JQ9K8r1ZHY (1 clip(s) needed) ...
[02:11:18]     [1060/1447] cutting 7JQ9K8r1ZHY_2.mp4 (0:00:28.420 -> 0:00:40.420)
[02:11:18]   [video 1061/1447] yt-dlp wY-6hqjQRcU (1 clip(s) needed) ...
[02:11:42]     [1061/1447] cutting wY-6hqjQRcU_15.mp4 (0:03:01.214 -> 0:03:18.798)
[02:11:43]   [video 1062/1447] yt-dlp DTK6XUxKFXw (1 clip(s) needed) ...
[02:12:18]     [1062/1447] cutting DTK6XUxKFXw_4.mp4 (0:02:50.840 -> 0:03:04.640)
[02:12:18]   [video 1063/1447] yt-dlp LvTQ4_qWU1M (1 clip(s) needed) ...
[02:13:31]     [1063/1447] cutting LvTQ4_qWU1M_105.mp4 (0:11:32.925 -> 0:11:38.698)
[02:13:32]   [video 1064/1447] yt-dlp mwElEhIF8NY (1 clip(s) needed) ...
[02:13:36]     FAILED: ERROR: [youtube] mwElEhIF8NY: This video is not available
[02:13:36]   [video 1065/1447] yt-dlp TKJSoLrFxos (1 clip(s) needed) ...
[02:14:10]     [1065/1447] cutting TKJSoLrFxos_80.mp4 (0:11:52.300 -> 0:11:57.600)
[02:14:11]   [video 1066/1447] yt-dlp fAZ-GuNdj3Y (1 clip(s) needed) ...
[02:14:23]     [1066/1447] cutting fAZ-GuNdj3Y_5.mp4 (0:02:00.086 -> 0:02:45.965)
[02:14:25]   [video 1067/1447] yt-dlp LK1oSsmLzNc (1 clip(s) needed) ...
[02:14:58]     [1067/1447] cutting LK1oSsmLzNc_13.mp4 (0:02:45.031 -> 0:02:49.002)
[02:14:58]   [video 1068/1447] yt-dlp fClX7NfQD08 (1 clip(s) needed) ...
[02:15:48]     [1068/1447] cutting fClX7NfQD08_4.mp4 (0:07:47.416 -> 0:08:20.867)
[02:15:49]   [video 1069/1447] yt-dlp Kr3byxOFAo0 (1 clip(s) needed) ...
[02:16:00]     [1069/1447] cutting Kr3byxOFAo0_12.mp4 (0:01:48.675 -> 0:01:52.712)
[02:16:01]   [video 1070/1447] yt-dlp fX3BMarRTvg (1 clip(s) needed) ...
[02:16:17]     [1070/1447] cutting fX3BMarRTvg_14.mp4 (0:04:20.860 -> 0:04:38.077)
[02:16:17]   [video 1071/1447] yt-dlp epHbl3_mRVU (1 clip(s) needed) ...
[02:16:47]     [1071/1447] cutting epHbl3_mRVU_20.mp4 (0:06:36.860 -> 0:07:07.340)
[02:16:48]   [video 1072/1447] yt-dlp B2MTZuTgc40 (1 clip(s) needed) ...
[02:17:37]     [1072/1447] cutting B2MTZuTgc40_48.mp4 (0:09:30.169 -> 0:09:35.575)
[02:17:37]   [video 1073/1447] yt-dlp VYu7TqNOPrk (1 clip(s) needed) ...
[02:17:52]     [1073/1447] cutting VYu7TqNOPrk_8.mp4 (0:02:49.903 -> 0:02:54.440)
[02:17:53]   [video 1074/1447] yt-dlp IonZEXXKhIY (1 clip(s) needed) ...
[02:18:08]     [1074/1447] cutting IonZEXXKhIY_10.mp4 (0:02:10.588 -> 0:02:27.438)
[02:18:13]   [video 1075/1447] yt-dlp IvlmnfNzxnM (1 clip(s) needed) ...
[02:18:43]     [1075/1447] cutting IvlmnfNzxnM_17.mp4 (0:03:58.154 -> 0:04:10.541)
[02:18:43]   [video 1076/1447] yt-dlp GYIQBinm4FI (1 clip(s) needed) ...
[02:18:50]     [1076/1447] cutting GYIQBinm4FI_1.mp4 (0:00:07.273 -> 0:00:13.246)
[02:18:51]   [video 1077/1447] yt-dlp QsnGAXYitVw (1 clip(s) needed) ...
[02:19:07]     [1077/1447] cutting QsnGAXYitVw_12.mp4 (0:04:23.813 -> 0:04:33.439)
[02:19:08]   [video 1078/1447] yt-dlp McHW8vi5bYg (1 clip(s) needed) ...
[02:19:18]     [1078/1447] cutting McHW8vi5bYg_9.mp4 (0:01:15.909 -> 0:01:22.148)
[02:19:18]   [video 1079/1447] yt-dlp 8IGIYIvNeyQ (1 clip(s) needed) ...
[02:19:36]     [1079/1447] cutting 8IGIYIvNeyQ_1.mp4 (0:00:12.078 -> 0:01:00.126)
[02:19:38]   [video 1080/1447] yt-dlp z0IA_dpdcF8 (1 clip(s) needed) ...
[02:19:55]     [1080/1447] cutting z0IA_dpdcF8_28.mp4 (0:02:36.000 -> 0:02:39.291)
[02:19:56]   [video 1081/1447] yt-dlp 8rXTRKJfwOQ (1 clip(s) needed) ...
[02:20:19]     [1081/1447] cutting 8rXTRKJfwOQ_0.mp4 (0:00:00.967 -> 0:00:08.975)
[02:20:20]   [video 1082/1447] yt-dlp gu_uDjzC0cM (1 clip(s) needed) ...
[02:21:24]     [1082/1447] cutting gu_uDjzC0cM_51.mp4 (0:14:25.314 -> 0:14:38.043)
[02:21:25]   [video 1083/1447] yt-dlp CmYWdJM150g (1 clip(s) needed) ...
[02:21:37]     FAILED: ERROR: unable to download video data: HTTP Error 403: Forbidden
[02:21:37]   [video 1084/1447] yt-dlp oKZX_wjmMzg (1 clip(s) needed) ...
[02:21:40]     FAILED: ERROR: [youtube] oKZX_wjmMzg: Video unavailable
[02:21:40]   [video 1085/1447] yt-dlp TLGPIlDbsoc (1 clip(s) needed) ...
[02:21:50]     [1085/1447] cutting TLGPIlDbsoc_18.mp4 (0:02:07.927 -> 0:02:20.240)
[02:21:50]   [video 1086/1447] yt-dlp wkC5ibmDVOc (1 clip(s) needed) ...
[02:22:10]     [1086/1447] cutting wkC5ibmDVOc_32.mp4 (0:08:43.814 -> 0:08:56.869)
[02:22:10]   [video 1087/1447] yt-dlp l32Vr8hj_cA (1 clip(s) needed) ...
[02:23:07]     [1087/1447] cutting l32Vr8hj_cA_17.mp4 (0:04:14.454 -> 0:04:35.074)
[02:23:07]   [video 1088/1447] yt-dlp yvm7LysU9n0 (1 clip(s) needed) ...
[02:23:27]     [1088/1447] cutting yvm7LysU9n0_5.mp4 (0:01:49.008 -> 0:01:55.532)
[02:23:27]   [video 1089/1447] yt-dlp xfRW1UrxmI4 (1 clip(s) needed) ...
[02:23:50]     [1089/1447] cutting xfRW1UrxmI4_8.mp4 (0:05:56.089 -> 0:06:09.202)
[02:23:50]   [video 1090/1447] yt-dlp IJLXQLNufqQ (1 clip(s) needed) ...
[02:24:09]     [1090/1447] cutting IJLXQLNufqQ_1.mp4 (0:05:10.243 -> 0:05:17.684)
[02:24:10]   [video 1091/1447] yt-dlp M5c2ms_8oXk (1 clip(s) needed) ...
[02:24:22]     [1091/1447] cutting M5c2ms_8oXk_27.mp4 (0:04:00.206 -> 0:04:06.079)
[02:24:23]   [video 1092/1447] yt-dlp R84xbEuFZrs (1 clip(s) needed) ...
[02:24:59]     [1092/1447] cutting R84xbEuFZrs_4.mp4 (0:03:04.350 -> 0:03:52.398)
[02:25:01]   [video 1093/1447] yt-dlp Shn7LdIrViQ (1 clip(s) needed) ...
[02:25:33]     [1093/1447] cutting Shn7LdIrViQ_11.mp4 (0:04:59.032 -> 0:05:05.038)
[02:25:33]   [video 1094/1447] yt-dlp XIWYNfjnbAs (1 clip(s) needed) ...
[02:25:44]     [1094/1447] cutting XIWYNfjnbAs_3.mp4 (0:00:21.855 -> 0:00:38.038)
[02:25:45]   [video 1095/1447] yt-dlp Nyjesx3GgZw (1 clip(s) needed) ...
[02:26:07]     [1095/1447] cutting Nyjesx3GgZw_6.mp4 (0:00:41.307 -> 0:01:08.134)
[02:26:08]   [video 1096/1447] yt-dlp -SGTMAkaoQE (1 clip(s) needed) ...
[02:26:39]     [1096/1447] cutting -SGTMAkaoQE_25.mp4 (0:12:20.239 -> 0:12:53.205)
[02:26:41]   [video 1097/1447] yt-dlp ITLZ3DzPTqw (1 clip(s) needed) ...
[02:27:01]     [1097/1447] cutting ITLZ3DzPTqw_6.mp4 (0:06:27.633 -> 0:06:38.866)
[02:27:01]   [video 1098/1447] yt-dlp YAMkBYrJ9pU (1 clip(s) needed) ...
[02:27:41]     [1098/1447] cutting YAMkBYrJ9pU_4.mp4 (0:02:44.266 -> 0:03:00.266)
[02:27:42]   [video 1099/1447] yt-dlp HIf9I3shf6s (1 clip(s) needed) ...
[02:28:06]     [1099/1447] cutting HIf9I3shf6s_22.mp4 (0:05:33.880 -> 0:05:38.720)
[02:28:06]   [video 1100/1447] yt-dlp ICtnmqEFI74 (1 clip(s) needed) ...
[02:28:30]     [1100/1447] cutting ICtnmqEFI74_0.mp4 (0:00:10.577 -> 0:00:13.613)
[02:28:30]   [video 1101/1447] yt-dlp RG3Vmh8nZe4 (1 clip(s) needed) ...
[02:28:39]     [1101/1447] cutting RG3Vmh8nZe4_3.mp4 (0:01:47.766 -> 0:02:35.766)
[02:28:40]   [video 1102/1447] yt-dlp tN6HHsGLE7o (1 clip(s) needed) ...
[02:29:14]     [1102/1447] cutting tN6HHsGLE7o_28.mp4 (0:08:04.233 -> 0:08:15.328)
[02:29:14]   [video 1103/1447] yt-dlp zK9Vzf5RK08 (1 clip(s) needed) ...
[02:29:24]     [1103/1447] cutting zK9Vzf5RK08_8.mp4 (0:02:45.265 -> 0:03:33.313)
[02:29:25]   [video 1104/1447] yt-dlp SruwYpk6i58 (1 clip(s) needed) ...
[02:29:39]     [1104/1447] cutting SruwYpk6i58_6.mp4 (0:01:50.200 -> 0:02:06.200)
[02:29:39]   [video 1105/1447] yt-dlp ucVNod_v9b0 (1 clip(s) needed) ...
[02:30:30]     [1105/1447] cutting ucVNod_v9b0_46.mp4 (0:07:11.920 -> 0:07:23.440)
[02:30:31]   [video 1106/1447] yt-dlp Xg76u3_V9Ow (1 clip(s) needed) ...
[02:30:51]     [1106/1447] cutting Xg76u3_V9Ow_7.mp4 (0:02:12.232 -> 0:02:27.280)
[02:30:52]   [video 1107/1447] yt-dlp JYUYP3hE8y4 (1 clip(s) needed) ...
[02:31:07]     [1107/1447] cutting JYUYP3hE8y4_1.mp4 (0:00:15.915 -> 0:01:03.963)
[02:31:08]   [video 1108/1447] yt-dlp YTzllSS-sHM (1 clip(s) needed) ...
[02:31:56]     [1108/1447] cutting YTzllSS-sHM_3.mp4 (0:02:40.977 -> 0:03:07.654)
[02:31:57]   [video 1109/1447] yt-dlp RzTWCzBGTEk (1 clip(s) needed) ...
[02:32:06]     [1109/1447] cutting RzTWCzBGTEk_15.mp4 (0:02:03.289 -> 0:02:09.087)
[02:32:06]   [video 1110/1447] yt-dlp Y7vDThMKSyE (1 clip(s) needed) ...
[02:32:39]     [1110/1447] cutting Y7vDThMKSyE_6.mp4 (0:01:06.166 -> 0:01:14.174)
[02:32:40]   [video 1111/1447] yt-dlp vZmzOySUkag (1 clip(s) needed) ...
[02:33:09]     [1111/1447] cutting vZmzOySUkag_10.mp4 (0:03:38.468 -> 0:03:45.558)
[02:33:09]   [video 1112/1447] yt-dlp 0vS-Mn6v7ek (1 clip(s) needed) ...
[02:33:55]     [1112/1447] cutting 0vS-Mn6v7ek_18.mp4 (0:02:45.598 -> 0:02:49.636)
[02:33:55]   [video 1113/1447] yt-dlp CgKoBewnBI0 (1 clip(s) needed) ...
[02:35:24]     [1113/1447] cutting CgKoBewnBI0_105.mp4 (0:16:39.164 -> 0:16:43.669)
[02:35:24]   [video 1114/1447] yt-dlp W6jdmifCKqE (1 clip(s) needed) ...
[02:36:15]     [1114/1447] cutting W6jdmifCKqE_45.mp4 (0:08:05.935 -> 0:08:10.606)
[02:36:15]   [video 1115/1447] yt-dlp 6lrHVXo4Ffk (1 clip(s) needed) ...
[02:36:37]     [1115/1447] cutting 6lrHVXo4Ffk_28.mp4 (0:03:46.000 -> 0:03:53.920)
[02:36:38]   [video 1116/1447] yt-dlp t5-0VFLGd64 (1 clip(s) needed) ...
[02:36:51]     [1116/1447] cutting t5-0VFLGd64_4.mp4 (0:01:58.318 -> 0:02:30.150)
[02:36:51]   [video 1117/1447] yt-dlp j8dgSasB5As (1 clip(s) needed) ...
[02:37:17]     [1117/1447] cutting j8dgSasB5As_44.mp4 (0:06:52.740 -> 0:06:57.860)
[02:37:18]   [video 1118/1447] yt-dlp mnNeMeM618E (1 clip(s) needed) ...
[02:38:06]     [1118/1447] cutting mnNeMeM618E_71.mp4 (0:16:18.150 -> 0:16:24.150)
[02:38:06]   [video 1119/1447] yt-dlp DFYlfRgU24g (1 clip(s) needed) ...
[02:38:29]     [1119/1447] cutting DFYlfRgU24g_2.mp4 (0:00:59.225 -> 0:01:47.273)
[02:38:30]   [video 1120/1447] yt-dlp FSr_7mysNaE (1 clip(s) needed) ...
[02:38:33]     FAILED: ERROR: [youtube] FSr_7mysNaE: Please sign in. Use --cookies-from-browser or --cookies for the authentication. See  https://github.com/yt-dlp/yt-dlp/wiki/FAQ#how-do-i-pass-cookies-to-yt-dlp  for how to manually pass cookies. Also see  https://github.com/yt-dlp/yt-dlp/wiki/Extractors#exporting-youtube-cookies  for tips on effectively exporting YouTube cookies
[02:38:33]   [video 1121/1447] yt-dlp rPNkpyl47rM (1 clip(s) needed) ...
[02:38:41]     [1121/1447] cutting rPNkpyl47rM_0.mp4 (0:00:05.972 -> 0:00:54.020)
[02:38:43]   [video 1122/1447] yt-dlp g6NJa_4L5xE (1 clip(s) needed) ...
[02:38:46]     FAILED: ERROR: [youtube] g6NJa_4L5xE: This video is not available
[02:38:46]   [video 1123/1447] yt-dlp 98xZ2B2r1Nw (1 clip(s) needed) ...
[02:38:51]     [1123/1447] cutting 98xZ2B2r1Nw_2.mp4 (0:01:05.920 -> 0:01:13.640)
[02:38:51]   [video 1124/1447] yt-dlp SCM5GBDt_vc (1 clip(s) needed) ...
[02:39:22]     [1124/1447] cutting SCM5GBDt_vc_5.mp4 (0:00:49.716 -> 0:01:13.173)
[02:39:23]   [video 1125/1447] yt-dlp eyRzcwGbvwE (1 clip(s) needed) ...
[02:39:34]     [1125/1447] cutting eyRzcwGbvwE_2.mp4 (0:01:08.958 -> 0:01:16.958)
[02:39:35]   [video 1126/1447] yt-dlp gfqUl9histQ (1 clip(s) needed) ...
[02:39:47]     [1126/1447] cutting gfqUl9histQ_2.mp4 (0:00:39.833 -> 0:00:55.366)
[02:39:48]   [video 1127/1447] yt-dlp 5B7F_cgEJPg (1 clip(s) needed) ...
[02:40:22]     [1127/1447] cutting 5B7F_cgEJPg_41.mp4 (0:06:29.250 -> 0:06:35.083)
[02:40:23]   [video 1128/1447] yt-dlp PSHICjEAQF4 (1 clip(s) needed) ...
[02:40:32]     [1128/1447] cutting PSHICjEAQF4_2.mp4 (0:00:21.040 -> 0:00:24.200)
[02:40:32]   [video 1129/1447] yt-dlp ZQ-nxOMAFjE (1 clip(s) needed) ...
[02:40:35]     FAILED: ERROR: [youtube] ZQ-nxOMAFjE: Private video
[02:40:35]   [video 1130/1447] yt-dlp X12LD8DcvJs (1 clip(s) needed) ...
[02:41:15]     [1130/1447] cutting X12LD8DcvJs_5.mp4 (0:01:01.428 -> 0:01:06.266)
[02:41:15]   [video 1131/1447] yt-dlp e4k5LWnaq6U (1 clip(s) needed) ...
[02:41:28]     [1131/1447] cutting e4k5LWnaq6U_6.mp4 (0:01:13.339 -> 0:01:21.347)
[02:41:28]   [video 1132/1447] yt-dlp nU6HamRjLDQ (1 clip(s) needed) ...
[02:41:31]     FAILED: ERROR: [youtube] nU6HamRjLDQ: This video is not available
[02:41:31]   [video 1133/1447] yt-dlp Cf-y7bHmGiU (1 clip(s) needed) ...
[02:41:39]     [1133/1447] cutting Cf-y7bHmGiU_8.mp4 (0:01:18.845 -> 0:01:24.017)
[02:41:40]   [video 1134/1447] yt-dlp yXi0DDjoX_c (1 clip(s) needed) ...
[02:41:48]     [1134/1447] cutting yXi0DDjoX_c_9.mp4 (0:02:23.240 -> 0:02:31.960)
[02:41:49]   [video 1135/1447] yt-dlp 7yQajm9tVKE (1 clip(s) needed) ...
[02:42:05]     [1135/1447] cutting 7yQajm9tVKE_9.mp4 (0:01:41.533 -> 0:02:03.033)
[02:42:06]   [video 1136/1447] yt-dlp we6JMwZ6pa0 (1 clip(s) needed) ...
[02:42:30]     [1136/1447] cutting we6JMwZ6pa0_4.mp4 (0:01:16.843 -> 0:01:23.049)
[02:42:30]   [video 1137/1447] yt-dlp ZMZ3BRdPcLY (1 clip(s) needed) ...
[02:42:53]     [1137/1447] cutting ZMZ3BRdPcLY_33.mp4 (0:04:54.360 -> 0:04:58.665)
[02:42:54]   [video 1138/1447] yt-dlp tUBloUEitLg (1 clip(s) needed) ...
[02:43:17]     [1138/1447] cutting tUBloUEitLg_2.mp4 (0:02:25.445 -> 0:02:33.453)
[02:43:17]   [video 1139/1447] yt-dlp CvZbcdJXokg (1 clip(s) needed) ...
[02:43:46]     [1139/1447] cutting CvZbcdJXokg_58.mp4 (0:07:49.769 -> 0:08:02.215)
[02:43:47]   [video 1140/1447] yt-dlp y6M2PCBJxnM (1 clip(s) needed) ...
[02:44:04]     [1140/1447] cutting y6M2PCBJxnM_10.mp4 (0:03:26.640 -> 0:04:14.640)
[02:44:06]   [video 1141/1447] yt-dlp vhPzIzszlrU (1 clip(s) needed) ...
[02:44:46]     [1141/1447] cutting vhPzIzszlrU_20.mp4 (0:06:02.862 -> 0:06:43.302)
[02:44:48]   [video 1142/1447] yt-dlp oY_c2aqxuM4 (1 clip(s) needed) ...
[02:44:57]     [1142/1447] cutting oY_c2aqxuM4_1.mp4 (0:00:33.833 -> 0:01:21.833)
[02:44:58]   [video 1143/1447] yt-dlp dAX4XZqKU6Q (1 clip(s) needed) ...
[02:45:06]     [1143/1447] cutting dAX4XZqKU6Q_2.mp4 (0:00:33.640 -> 0:00:50.240)
[02:45:07]   [video 1144/1447] yt-dlp Qmp2SLZHUcg (1 clip(s) needed) ...
[02:45:19]     [1144/1447] cutting Qmp2SLZHUcg_0.mp4 (0:00:00.400 -> 0:00:03.770)
[02:45:19]   [video 1145/1447] yt-dlp GUP7UvcOQf8 (1 clip(s) needed) ...
[02:45:55]     [1145/1447] cutting GUP7UvcOQf8_74.mp4 (0:13:36.332 -> 0:13:50.896)
[02:45:56]   [video 1146/1447] yt-dlp pt6djdx8t0I (1 clip(s) needed) ...
[02:46:42]     [1146/1447] cutting pt6djdx8t0I_1.mp4 (0:02:33.086 -> 0:02:56.342)
[02:46:43]   [video 1147/1447] yt-dlp eikeu2JWz6A (1 clip(s) needed) ...
[02:47:52]     [1147/1447] cutting eikeu2JWz6A_199.mp4 (0:23:37.240 -> 0:23:47.040)
[02:47:52]   [video 1148/1447] yt-dlp Eg7rj2KZck4 (1 clip(s) needed) ...
[02:48:17]     [1148/1447] cutting Eg7rj2KZck4_16.mp4 (0:08:12.200 -> 0:08:16.550)
[02:48:18]   [video 1149/1447] yt-dlp AMR1TANHXXw (1 clip(s) needed) ...
[02:48:29]     [1149/1447] cutting AMR1TANHXXw_0.mp4 (0:00:14.247 -> 0:01:01.661)
[02:48:31]   [video 1150/1447] yt-dlp YuL890Wlt-Y (1 clip(s) needed) ...
[02:48:34]     FAILED: ERROR: [youtube] YuL890Wlt-Y: This video is not available
[02:48:34]   [video 1151/1447] yt-dlp BASrkcmH8YE (1 clip(s) needed) ...
[02:48:49]     [1151/1447] cutting BASrkcmH8YE_17.mp4 (0:09:58.064 -> 0:10:46.112)
[02:48:50]   [video 1152/1447] yt-dlp _6NLIRYQvjg (1 clip(s) needed) ...
[02:49:03]     [1152/1447] cutting _6NLIRYQvjg_11.mp4 (0:01:49.901 -> 0:02:04.958)
[02:49:03]   [video 1153/1447] yt-dlp oXtBazVljQM (1 clip(s) needed) ...
[02:49:16]     [1153/1447] cutting oXtBazVljQM_3.mp4 (0:01:13.706 -> 0:01:29.155)
[02:49:17]   [video 1154/1447] yt-dlp sn7n0GfUXCE (1 clip(s) needed) ...
[02:49:28]     [1154/1447] cutting sn7n0GfUXCE_4.mp4 (0:01:04.464 -> 0:01:46.940)
[02:49:29]   [video 1155/1447] yt-dlp lyWU0UlyZKI (1 clip(s) needed) ...
[02:49:36]     [1155/1447] cutting lyWU0UlyZKI_3.mp4 (0:00:12.560 -> 0:00:16.080)
[02:49:36]   [video 1156/1447] yt-dlp N7E5Rg-TFy4 (1 clip(s) needed) ...
[02:49:54]     [1156/1447] cutting N7E5Rg-TFy4_8.mp4 (0:05:59.392 -> 0:06:05.598)
[02:49:54]   [video 1157/1447] yt-dlp SuyFwGpu_fM (1 clip(s) needed) ...
[02:50:03]     [1157/1447] cutting SuyFwGpu_fM_4.mp4 (0:00:37.704 -> 0:00:42.242)
[02:50:03]   [video 1158/1447] yt-dlp LfdjgoPhReQ (1 clip(s) needed) ...
[02:50:27]     [1158/1447] cutting LfdjgoPhReQ_10.mp4 (0:01:41.640 -> 0:01:47.400)
[02:50:28]   [video 1159/1447] yt-dlp On7fk71QxxU (1 clip(s) needed) ...
[02:50:41]     [1159/1447] cutting On7fk71QxxU_12.mp4 (0:03:09.522 -> 0:03:14.961)
[02:50:42]   [video 1160/1447] yt-dlp 57dgGQn4FnQ (1 clip(s) needed) ...
[02:51:00]     [1160/1447] cutting 57dgGQn4FnQ_5.mp4 (0:05:59.258 -> 0:06:36.396)
[02:51:02]   [video 1161/1447] yt-dlp 58hVSFOVmCY (1 clip(s) needed) ...
[02:51:31]     [1161/1447] cutting 58hVSFOVmCY_3.mp4 (0:01:19.760 -> 0:02:07.760)
[02:51:33]   [video 1162/1447] yt-dlp ezP3noeSyxk (1 clip(s) needed) ...
[02:51:46]     [1162/1447] cutting ezP3noeSyxk_18.mp4 (0:03:43.848 -> 0:03:48.353)
[02:51:46]   [video 1163/1447] yt-dlp LRHPBfc9T4Y (1 clip(s) needed) ...
[02:51:49]     FAILED: ERROR: [youtube] LRHPBfc9T4Y: This video is not available
[02:51:49]   [video 1164/1447] yt-dlp rV5bovH13u8 (1 clip(s) needed) ...
[02:52:04]     [1164/1447] cutting rV5bovH13u8_1.mp4 (0:00:17.117 -> 0:01:05.165)
[02:52:05]   [video 1165/1447] yt-dlp qNr9-i1vJeA (1 clip(s) needed) ...
[02:52:26]     [1165/1447] cutting qNr9-i1vJeA_6.mp4 (0:08:22.134 -> 0:08:32.311)
[02:52:27]   [video 1166/1447] yt-dlp CGIG1BPfZzI (1 clip(s) needed) ...
[02:52:37]     [1166/1447] cutting CGIG1BPfZzI_1.mp4 (0:00:07.382 -> 0:00:12.387)
[02:52:38]   [video 1167/1447] yt-dlp QwfaBdf7lLY (1 clip(s) needed) ...
[02:52:56]     [1167/1447] cutting QwfaBdf7lLY_15.mp4 (0:04:15.720 -> 0:04:28.160)
[02:52:57]   [video 1168/1447] yt-dlp oKAkgk4BZgY (1 clip(s) needed) ...
[02:53:06]     [1168/1447] cutting oKAkgk4BZgY_4.mp4 (0:00:50.083 -> 0:01:01.828)
[02:53:07]   [video 1169/1447] yt-dlp 6RaOSXlqF8Q (1 clip(s) needed) ...
[02:53:26]     [1169/1447] cutting 6RaOSXlqF8Q_1.mp4 (0:00:18.440 -> 0:01:06.440)
[02:53:28]   [video 1170/1447] yt-dlp -1vk70ZHjeA (1 clip(s) needed) ...
[02:54:08]     [1170/1447] cutting -1vk70ZHjeA_60.mp4 (0:10:01.000 -> 0:10:06.238)
[02:54:09]   [video 1171/1447] yt-dlp MCJxf4-WkdQ (1 clip(s) needed) ...
[02:54:23]     [1171/1447] cutting MCJxf4-WkdQ_1.mp4 (0:00:15.915 -> 0:01:03.963)
[02:54:24]   [video 1172/1447] yt-dlp mCTLZkym-rs (1 clip(s) needed) ...
[02:54:27]     FAILED: ERROR: [youtube] mCTLZkym-rs: This video is not available
[02:54:27]   [video 1173/1447] yt-dlp fz1Mo4ZRGG0 (1 clip(s) needed) ...
[02:54:37]     [1173/1447] cutting fz1Mo4ZRGG0_1.mp4 (0:00:11.000 -> 0:00:59.000)
[02:54:38]   [video 1174/1447] yt-dlp Qmo9aP124AI (1 clip(s) needed) ...
[02:54:49]     [1174/1447] cutting Qmo9aP124AI_2.mp4 (0:00:57.366 -> 0:01:08.700)
[02:54:50]   [video 1175/1447] yt-dlp TWVnC9ZUgQE (1 clip(s) needed) ...
[02:55:12]     [1175/1447] cutting TWVnC9ZUgQE_10.mp4 (0:08:03.216 -> 0:08:46.025)
[02:55:13]   [video 1176/1447] yt-dlp M-VcwEodqP0 (1 clip(s) needed) ...
[02:55:22]     [1176/1447] cutting M-VcwEodqP0_6.mp4 (0:01:05.331 -> 0:01:10.937)
[02:55:23]   [video 1177/1447] yt-dlp qn2BiE3yLNA (1 clip(s) needed) ...
[02:55:40]     [1177/1447] cutting qn2BiE3yLNA_6.mp4 (0:01:05.365 -> 0:01:23.683)
[02:55:41]   [video 1178/1447] yt-dlp BtzSVH4GYB4 (1 clip(s) needed) ...
[02:57:58]     [1178/1447] cutting BtzSVH4GYB4_3.mp4 (0:01:49.576 -> 0:02:23.109)
[02:58:00]   [video 1179/1447] yt-dlp fY92mjYqKWs (1 clip(s) needed) ...
[02:58:38]     [1179/1447] cutting fY92mjYqKWs_89.mp4 (0:14:00.640 -> 0:14:05.080)
[02:58:38]   [video 1180/1447] yt-dlp vL2Qpf1zFDU (1 clip(s) needed) ...
[02:58:48]     [1180/1447] cutting vL2Qpf1zFDU_3.mp4 (0:00:35.602 -> 0:00:46.679)
[02:58:48]   [video 1181/1447] yt-dlp 6th3IDHFWLs (1 clip(s) needed) ...
[02:59:04]     [1181/1447] cutting 6th3IDHFWLs_7.mp4 (0:02:32.886 -> 0:02:47.867)
[02:59:05]   [video 1182/1447] yt-dlp oSucApxP1yc (1 clip(s) needed) ...
[02:59:16]     [1182/1447] cutting oSucApxP1yc_10.mp4 (0:04:03.943 -> 0:04:15.455)
[02:59:17]   [video 1183/1447] yt-dlp XDKNMNWdnww (1 clip(s) needed) ...
[02:59:23]     [1183/1447] cutting XDKNMNWdnww_4.mp4 (0:00:45.896 -> 0:00:53.275)
[02:59:24]   [video 1184/1447] yt-dlp -NciYnNdXoE (1 clip(s) needed) ...
[03:01:02]     [1184/1447] cutting -NciYnNdXoE_7.mp4 (0:05:59.158 -> 0:06:03.730)
[03:01:03]   [video 1185/1447] yt-dlp OS83cYXjdJc (1 clip(s) needed) ...
[03:01:58]     [1185/1447] cutting OS83cYXjdJc_0.mp4 (0:00:06.208 -> 0:00:49.791)
[03:01:59]   [video 1186/1447] yt-dlp 32UxmlFyxxE (1 clip(s) needed) ...
[03:02:25]     [1186/1447] cutting 32UxmlFyxxE_8.mp4 (0:03:53.320 -> 0:04:00.200)
[03:02:26]   [video 1187/1447] yt-dlp 2w7X0Jr4NS4 (1 clip(s) needed) ...
[03:03:06]     [1187/1447] cutting 2w7X0Jr4NS4_4.mp4 (0:00:54.187 -> 0:01:01.928)
[03:03:06]   [video 1188/1447] yt-dlp SajwOxjVcuE (1 clip(s) needed) ...
[03:03:31]     [1188/1447] cutting SajwOxjVcuE_1.mp4 (0:10:30.162 -> 0:10:35.968)
[03:03:31]   [video 1189/1447] yt-dlp CjA7afRebFc (1 clip(s) needed) ...
[03:03:47]     [1189/1447] cutting CjA7afRebFc_12.mp4 (0:02:39.659 -> 0:02:53.806)
[03:03:48]   [video 1190/1447] yt-dlp BeIFslm6uRA (1 clip(s) needed) ...
[03:03:51]     FAILED: ERROR: [youtube] BeIFslm6uRA: This video is unavailable
[03:03:51]   [video 1191/1447] yt-dlp IQIIj4iEPY0 (1 clip(s) needed) ...
[03:04:24]     [1191/1447] cutting IQIIj4iEPY0_2.mp4 (0:01:28.288 -> 0:02:16.336)
[03:04:26]   [video 1192/1447] yt-dlp hUHaWhhDbOs (1 clip(s) needed) ...
[03:04:38]     [1192/1447] cutting hUHaWhhDbOs_1.mp4 (0:00:37.337 -> 0:00:41.508)
[03:04:38]   [video 1193/1447] yt-dlp 0XoakdFzsBY (1 clip(s) needed) ...
[03:04:50]     [1193/1447] cutting 0XoakdFzsBY_6.mp4 (0:00:57.400 -> 0:01:02.320)
[03:04:51]   [video 1194/1447] yt-dlp LqwJJQlb_p8 (1 clip(s) needed) ...
[03:05:05]     [1194/1447] cutting LqwJJQlb_p8_9.mp4 (0:04:21.961 -> 0:04:47.086)
[03:05:06]   [video 1195/1447] yt-dlp uFQcZyELZoo (1 clip(s) needed) ...
[03:05:27]     [1195/1447] cutting uFQcZyELZoo_8.mp4 (0:06:19.178 -> 0:06:27.820)
[03:05:27]   [video 1196/1447] yt-dlp VXaU2a96Zc8 (1 clip(s) needed) ...
[03:06:14]     [1196/1447] cutting VXaU2a96Zc8_48.mp4 (0:07:10.263 -> 0:07:40.443)
[03:06:15]   [video 1197/1447] yt-dlp YpJUv8nToUY (1 clip(s) needed) ...
[03:06:24]     [1197/1447] cutting YpJUv8nToUY_7.mp4 (0:01:04.297 -> 0:01:09.903)
[03:06:24]   [video 1198/1447] yt-dlp rmiRmP7IEFU (1 clip(s) needed) ...
[03:06:39]     [1198/1447] cutting rmiRmP7IEFU_9.mp4 (0:01:17.243 -> 0:01:22.182)
[03:06:40]   [video 1199/1447] yt-dlp G-1VclhyLaU (1 clip(s) needed) ...
[03:06:56]     [1199/1447] cutting G-1VclhyLaU_7.mp4 (0:03:16.062 -> 0:03:29.542)
[03:06:57]   [video 1200/1447] yt-dlp cdgpLKcEgaw (1 clip(s) needed) ...
[03:07:09]     [1200/1447] cutting cdgpLKcEgaw_13.mp4 (0:01:50.480 -> 0:01:55.000)
[03:07:09]   [video 1201/1447] yt-dlp OUZ_Bdas7t8 (1 clip(s) needed) ...
[03:07:40]     [1201/1447] cutting OUZ_Bdas7t8_8.mp4 (0:01:44.370 -> 0:01:52.378)
[03:07:41]   [video 1202/1447] yt-dlp 96imxSTUe64 (1 clip(s) needed) ...
[03:07:53]     [1202/1447] cutting 96imxSTUe64_0.mp4 (0:00:06.940 -> 0:00:22.889)
[03:07:54]   [video 1203/1447] yt-dlp Ksa_fvu3tHQ (1 clip(s) needed) ...
[03:08:06]     [1203/1447] cutting Ksa_fvu3tHQ_4.mp4 (0:01:48.416 -> 0:01:58.375)
[03:08:06]   [video 1204/1447] yt-dlp lGYCabPbBek (1 clip(s) needed) ...
[03:08:23]     [1204/1447] cutting lGYCabPbBek_71.mp4 (0:08:02.598 -> 0:08:10.056)
[03:08:23]   [video 1205/1447] yt-dlp tBaB3Fb1Qoo (1 clip(s) needed) ...
[03:08:34]     FAILED: ERROR: unable to download video data: HTTP Error 403: Forbidden
[03:08:34]   [video 1206/1447] yt-dlp 0j2epmD4MYs (1 clip(s) needed) ...
[03:08:42]     [1206/1447] cutting 0j2epmD4MYs_57.mp4 (0:06:44.520 -> 0:06:56.320)
[03:08:43]   [video 1207/1447] yt-dlp DLEFMeKMeLk (1 clip(s) needed) ...
[03:08:50]     [1207/1447] cutting DLEFMeKMeLk_5.mp4 (0:00:38.600 -> 0:00:48.080)
[03:08:51]   [video 1208/1447] yt-dlp x_jA3Q3Oo6I (1 clip(s) needed) ...
[03:10:08]     [1208/1447] cutting x_jA3Q3Oo6I_7.mp4 (0:01:04.939 -> 0:01:11.488)
[03:10:08]   [video 1209/1447] yt-dlp fXhGZqm6v3A (1 clip(s) needed) ...
[03:10:32]     [1209/1447] cutting fXhGZqm6v3A_2.mp4 (0:02:05.041 -> 0:02:53.089)
[03:10:34]   [video 1210/1447] yt-dlp IJFLTUBUMa4 (1 clip(s) needed) ...
[03:10:49]     [1210/1447] cutting IJFLTUBUMa4_2.mp4 (0:00:32.320 -> 0:00:35.360)
[03:10:50]   [video 1211/1447] yt-dlp OIvg-dVFP2k (1 clip(s) needed) ...
[03:11:18]     FAILED: ERROR: unable to download video data: HTTP Error 403: Forbidden
[03:11:18]   [video 1212/1447] yt-dlp aM16pmbMerQ (1 clip(s) needed) ...
[03:11:33]     [1212/1447] cutting aM16pmbMerQ_3.mp4 (0:00:29.412 -> 0:00:34.984)
[03:11:33]   [video 1213/1447] yt-dlp u6E9jIm_6dA (1 clip(s) needed) ...
[03:11:39]     [1213/1447] cutting u6E9jIm_6dA_0.mp4 (0:00:03.970 -> 0:00:36.036)
[03:11:41]   [video 1214/1447] yt-dlp i_LZUYbSJ78 (1 clip(s) needed) ...
[03:11:51]     [1214/1447] cutting i_LZUYbSJ78_10.mp4 (0:01:23.800 -> 0:01:33.960)
[03:11:52]   [video 1215/1447] yt-dlp 0g5wRtdC-Sk (1 clip(s) needed) ...
[03:12:05]     [1215/1447] cutting 0g5wRtdC-Sk_28.mp4 (0:04:57.330 -> 0:05:01.734)
[03:12:05]   [video 1216/1447] yt-dlp vYcECzaYc3o (1 clip(s) needed) ...
[03:12:32]     [1216/1447] cutting vYcECzaYc3o_13.mp4 (0:03:44.833 -> 0:03:49.433)
[03:12:32]   [video 1217/1447] yt-dlp WrAcq6ZZykI (1 clip(s) needed) ...
[03:12:43]     [1217/1447] cutting WrAcq6ZZykI_12.mp4 (0:01:41.392 -> 0:01:45.480)
[03:12:43]   [video 1218/1447] yt-dlp bs4F_VJwmS0 (1 clip(s) needed) ...
[03:12:46]     FAILED: ERROR: [youtube] bs4F_VJwmS0: This video is unavailable
[03:12:46]   [video 1219/1447] yt-dlp LPgG2r_6lJ0 (1 clip(s) needed) ...
[03:12:48]     FAILED: ERROR: [youtube] LPgG2r_6lJ0: This video is unavailable
[03:12:48]   [video 1220/1447] yt-dlp -MNaaN092Mo (1 clip(s) needed) ...
[03:13:16]     [1220/1447] cutting -MNaaN092Mo_0.mp4 (0:00:02.469 -> 0:00:22.389)
[03:13:17]   [video 1221/1447] yt-dlp qVxYnti72TQ (1 clip(s) needed) ...
[03:13:35]     [1221/1447] cutting qVxYnti72TQ_3.mp4 (0:00:45.800 -> 0:00:51.933)
[03:13:36]   [video 1222/1447] yt-dlp luWwKxZN8IQ (1 clip(s) needed) ...
[03:14:04]     [1222/1447] cutting luWwKxZN8IQ_29.mp4 (0:06:46.672 -> 0:06:53.212)
[03:14:05]   [video 1223/1447] yt-dlp 0zw164PCOZk (1 clip(s) needed) ...
[03:14:40]     [1223/1447] cutting 0zw164PCOZk_23.mp4 (0:14:20.800 -> 0:14:35.800)
[03:14:41]   [video 1224/1447] yt-dlp mmOexzdILQI (1 clip(s) needed) ...
[03:14:58]     [1224/1447] cutting mmOexzdILQI_11.mp4 (0:04:37.010 -> 0:04:41.047)
[03:14:58]   [video 1225/1447] yt-dlp p7DFUQNrvjo (1 clip(s) needed) ...
[03:15:14]     [1225/1447] cutting p7DFUQNrvjo_22.mp4 (0:04:46.766 -> 0:04:58.233)
[03:15:15]   [video 1226/1447] yt-dlp ophXa_LvUKk (1 clip(s) needed) ...
[03:15:33]     [1226/1447] cutting ophXa_LvUKk_116.mp4 (0:19:24.630 -> 0:19:29.201)
[03:15:33]   [video 1227/1447] yt-dlp rZixNArPcyk (1 clip(s) needed) ...
[03:16:09]     [1227/1447] cutting rZixNArPcyk_14.mp4 (0:04:18.591 -> 0:04:23.263)
[03:16:10]   [video 1228/1447] yt-dlp _BSyodNWLXg (1 clip(s) needed) ...
[03:16:17]     [1228/1447] cutting _BSyodNWLXg_0.mp4 (0:00:03.640 -> 0:00:07.840)
[03:16:17]   [video 1229/1447] yt-dlp Zr3Yo3uYQN4 (1 clip(s) needed) ...
[03:16:28]     [1229/1447] cutting Zr3Yo3uYQN4_3.mp4 (0:00:17.550 -> 0:00:21.154)
[03:16:28]   [video 1230/1447] yt-dlp uZrLXSO1HHQ (1 clip(s) needed) ...
[03:16:38]     [1230/1447] cutting uZrLXSO1HHQ_2.mp4 (0:01:38.064 -> 0:02:26.112)
[03:16:39]   [video 1231/1447] yt-dlp 2DbjJTORk4I (1 clip(s) needed) ...
[03:16:53]     [1231/1447] cutting 2DbjJTORk4I_11.mp4 (0:02:57.433 -> 0:03:02.566)
[03:16:54]   [video 1232/1447] yt-dlp BDSvH1FXoZg (1 clip(s) needed) ...
[03:16:58]     FAILED: ERROR: [youtube] BDSvH1FXoZg: This video is not available
[03:16:58]   [video 1233/1447] yt-dlp Z3k_3DfhfOA (1 clip(s) needed) ...
[03:17:06]     [1233/1447] cutting Z3k_3DfhfOA_4.mp4 (0:00:47.881 -> 0:00:52.952)
[03:17:06]   [video 1234/1447] yt-dlp xSAVvs-UKp4 (1 clip(s) needed) ...
[03:17:17]     [1234/1447] cutting xSAVvs-UKp4_1.mp4 (0:00:16.783 -> 0:01:04.831)
[03:17:18]   [video 1235/1447] yt-dlp metK7a_Twkc (1 clip(s) needed) ...
[03:17:44]     [1235/1447] cutting metK7a_Twkc_31.mp4 (0:05:11.411 -> 0:05:20.920)
[03:17:45]   [video 1236/1447] yt-dlp jz-UQ5an5to (1 clip(s) needed) ...
[03:18:18]     [1236/1447] cutting jz-UQ5an5to_3.mp4 (0:00:13.847 -> 0:00:17.951)
[03:18:19]   [video 1237/1447] yt-dlp baMs9P50J-w (1 clip(s) needed) ...
[03:19:27]     [1237/1447] cutting baMs9P50J-w_27.mp4 (0:07:22.360 -> 0:07:28.960)
[03:19:27]   [video 1238/1447] yt-dlp 336vZDwrNlM (1 clip(s) needed) ...
[03:19:31]     FAILED: ERROR: [youtube] 336vZDwrNlM: This video is not available
[03:19:31]   [video 1239/1447] yt-dlp sPs8sv_5PB4 (1 clip(s) needed) ...
[03:20:22]     [1239/1447] cutting sPs8sv_5PB4_34.mp4 (0:13:44.782 -> 0:13:53.290)
[03:20:22]   [video 1240/1447] yt-dlp jzp-MGf0RGw (1 clip(s) needed) ...
[03:20:37]     [1240/1447] cutting jzp-MGf0RGw_8.mp4 (0:02:47.800 -> 0:02:52.438)
[03:20:38]   [video 1241/1447] yt-dlp 75WQFJphhUw (1 clip(s) needed) ...
[03:21:06]     [1241/1447] cutting 75WQFJphhUw_3.mp4 (0:05:37.637 -> 0:06:01.661)
[03:21:07]   [video 1242/1447] yt-dlp 6ABpwp8puuk (1 clip(s) needed) ...
[03:21:36]     [1242/1447] cutting 6ABpwp8puuk_60.mp4 (0:08:11.390 -> 0:08:16.462)
[03:21:37]   [video 1243/1447] yt-dlp ozhAMRKwXqM (1 clip(s) needed) ...
[03:22:07]     [1243/1447] cutting ozhAMRKwXqM_4.mp4 (0:00:57.490 -> 0:01:00.727)
[03:22:07]   [video 1244/1447] yt-dlp FiNrd9KcLx0 (1 clip(s) needed) ...
[03:22:18]     [1244/1447] cutting FiNrd9KcLx0_1.mp4 (0:00:19.769 -> 0:01:07.784)
[03:22:19]   [video 1245/1447] yt-dlp zKItF7Jxpwg (1 clip(s) needed) ...
[03:22:22]     FAILED: ERROR: [youtube] zKItF7Jxpwg: This video is not available
[03:22:22]   [video 1246/1447] yt-dlp iVWDa-5_6Jo (1 clip(s) needed) ...
[03:22:37]     [1246/1447] cutting iVWDa-5_6Jo_2.mp4 (0:00:55.346 -> 0:01:43.394)
[03:22:38]   [video 1247/1447] yt-dlp 3ByKIqK8mLo (1 clip(s) needed) ...
[03:24:15]     [1247/1447] cutting 3ByKIqK8mLo_3.mp4 (0:01:10.937 -> 0:01:19.212)
[03:24:16]   [video 1248/1447] yt-dlp Ji_l7ElCrjY (1 clip(s) needed) ...
[03:24:23]     [1248/1447] cutting Ji_l7ElCrjY_6.mp4 (0:00:25.125 -> 0:00:29.462)
[03:24:24]   [video 1249/1447] yt-dlp Ui9Z8DauE1U (1 clip(s) needed) ...
[03:24:44]     [1249/1447] cutting Ui9Z8DauE1U_13.mp4 (0:01:54.814 -> 0:02:01.121)
[03:24:45]   [video 1250/1447] yt-dlp goMNQ1s3MNU (1 clip(s) needed) ...
[03:25:37]     [1250/1447] cutting goMNQ1s3MNU_40.mp4 (0:08:51.564 -> 0:08:55.067)
[03:25:38]   [video 1251/1447] yt-dlp wSsvtJ6padc (1 clip(s) needed) ...
[03:26:09]     [1251/1447] cutting wSsvtJ6padc_14.mp4 (0:09:49.288 -> 0:09:55.962)
[03:26:10]   [video 1252/1447] yt-dlp ZlB6n6O9m7w (1 clip(s) needed) ...
[03:27:28]     [1252/1447] cutting ZlB6n6O9m7w_111.mp4 (0:19:45.250 -> 0:19:58.964)
[03:27:29]   [video 1253/1447] yt-dlp fu55ybOETcM (1 clip(s) needed) ...
[03:27:48]     [1253/1447] cutting fu55ybOETcM_1.mp4 (0:00:07.774 -> 0:00:16.216)
[03:27:49]   [video 1254/1447] yt-dlp RQOtAWiKcho (1 clip(s) needed) ...
[03:28:11]     [1254/1447] cutting RQOtAWiKcho_3.mp4 (0:01:21.014 -> 0:02:09.062)
[03:28:13]   [video 1255/1447] yt-dlp Ck6NySvGapE (1 clip(s) needed) ...
[03:28:32]     [1255/1447] cutting Ck6NySvGapE_2.mp4 (0:03:29.333 -> 0:04:17.333)
[03:28:33]   [video 1256/1447] yt-dlp 8uZefoNVQpQ (1 clip(s) needed) ...
[03:28:54]     [1256/1447] cutting 8uZefoNVQpQ_7.mp4 (0:01:47.774 -> 0:01:52.812)
[03:28:54]   [video 1257/1447] yt-dlp kR3GfBmZfgM (1 clip(s) needed) ...
[03:29:07]     [1257/1447] cutting kR3GfBmZfgM_2.mp4 (0:00:15.315 -> 0:00:24.124)
[03:29:07]   [video 1258/1447] yt-dlp 2VC8ldesvrY (1 clip(s) needed) ...
[03:29:17]     [1258/1447] cutting 2VC8ldesvrY_3.mp4 (0:00:31.765 -> 0:01:19.813)
[03:29:19]   [video 1259/1447] yt-dlp i-qLm06aBw0 (1 clip(s) needed) ...
[03:29:37]     [1259/1447] cutting i-qLm06aBw0_5.mp4 (0:03:56.965 -> 0:04:00.586)
[03:29:37]   [video 1260/1447] yt-dlp sATv0b2qD-8 (1 clip(s) needed) ...
[03:29:41]     FAILED: ERROR: [youtube] sATv0b2qD-8: This video is not available
[03:29:41]   [video 1261/1447] yt-dlp j12tCv0VJXM (1 clip(s) needed) ...
[03:29:50]     [1261/1447] cutting j12tCv0VJXM_4.mp4 (0:01:38.560 -> 0:02:09.160)
[03:29:51]   [video 1262/1447] yt-dlp WFmYFGY6A7A (1 clip(s) needed) ...
[03:30:19]     [1262/1447] cutting WFmYFGY6A7A_9.mp4 (0:03:29.475 -> 0:03:33.980)
[03:30:19]   [video 1263/1447] yt-dlp KyOSvrMr884 (1 clip(s) needed) ...
[03:30:50]     [1263/1447] cutting KyOSvrMr884_11.mp4 (0:01:24.960 -> 0:01:32.200)
[03:30:50]   [video 1264/1447] yt-dlp LZ0bby-gsVU (1 clip(s) needed) ...
[03:31:06]     [1264/1447] cutting LZ0bby-gsVU_9.mp4 (0:03:19.866 -> 0:03:24.033)
[03:31:07]   [video 1265/1447] yt-dlp kmRRldA7mf0 (1 clip(s) needed) ...
[03:31:17]     [1265/1447] cutting kmRRldA7mf0_31.mp4 (0:03:06.480 -> 0:03:09.840)
[03:31:18]   [video 1266/1447] yt-dlp qRWaYsDN2QI (1 clip(s) needed) ...
[03:31:29]     [1266/1447] cutting qRWaYsDN2QI_1.mp4 (0:00:51.968 -> 0:00:59.184)
[03:31:29]   [video 1267/1447] yt-dlp yeiXBao2YsY (1 clip(s) needed) ...
[03:32:39]     [1267/1447] cutting yeiXBao2YsY_11.mp4 (0:03:12.833 -> 0:03:21.300)
[03:32:40]   [video 1268/1447] yt-dlp YqzxI6ZYYTM (1 clip(s) needed) ...
[03:33:15]     [1268/1447] cutting YqzxI6ZYYTM_54.mp4 (0:08:45.708 -> 0:08:58.404)
[03:33:16]   [video 1269/1447] yt-dlp zUpGbFew8zM (1 clip(s) needed) ...
[03:33:32]     [1269/1447] cutting zUpGbFew8zM_4.mp4 (0:03:25.166 -> 0:03:37.166)
[03:33:33]   [video 1270/1447] yt-dlp OLvBpM7iwrk (1 clip(s) needed) ...
[03:33:51]     [1270/1447] cutting OLvBpM7iwrk_13.mp4 (0:05:23.760 -> 0:05:37.800)
[03:33:52]   [video 1271/1447] yt-dlp yxB1D2JuLso (1 clip(s) needed) ...
[03:34:44]     [1271/1447] cutting yxB1D2JuLso_2.mp4 (0:07:43.362 -> 0:08:31.410)
[03:34:46]   [video 1272/1447] yt-dlp jR8v4OOs16E (1 clip(s) needed) ...
[03:35:09]     [1272/1447] cutting jR8v4OOs16E_7.mp4 (0:02:05.592 -> 0:02:12.065)
[03:35:10]   [video 1273/1447] yt-dlp dIrBOmWuLkk (1 clip(s) needed) ...
[03:35:21]     [1273/1447] cutting dIrBOmWuLkk_6.mp4 (0:00:40.940 -> 0:01:01.528)
[03:35:22]   [video 1274/1447] yt-dlp wjYqtnVK2LU (1 clip(s) needed) ...
[03:36:06]     [1274/1447] cutting wjYqtnVK2LU_50.mp4 (0:08:31.744 -> 0:08:35.114)
[03:36:07]   [video 1275/1447] yt-dlp Hl1JtZH4kS8 (1 clip(s) needed) ...
[03:41:08]     FAILED: yt-dlp did not finish within 300s -- timed out
[03:41:08]   [video 1276/1447] yt-dlp CKkQNy4ZlLM (1 clip(s) needed) ...
[03:41:26]     FAILED: ERROR: unable to download video data: HTTP Error 403: Forbidden
[03:41:26]   [video 1277/1447] yt-dlp TogfGyuaDtM (1 clip(s) needed) ...
[03:41:41]     [1277/1447] cutting TogfGyuaDtM_24.mp4 (0:05:53.720 -> 0:05:58.825)
[03:41:42]   [video 1278/1447] yt-dlp PqSNwgt8-NU (1 clip(s) needed) ...
[03:42:24]     [1278/1447] cutting PqSNwgt8-NU_21.mp4 (0:02:19.372 -> 0:02:22.775)
[03:42:24]   [video 1279/1447] yt-dlp pTs61jAdhgw (1 clip(s) needed) ...
[03:42:44]     [1279/1447] cutting pTs61jAdhgw_12.mp4 (0:02:24.666 -> 0:02:47.366)
[03:42:45]   [video 1280/1447] yt-dlp CbWQBNvk574 (1 clip(s) needed) ...
[03:44:07]     [1280/1447] cutting CbWQBNvk574_51.mp4 (0:11:05.331 -> 0:11:12.638)
[03:44:07]   [video 1281/1447] yt-dlp 0nMVKONE99o (1 clip(s) needed) ...
[03:44:31]     [1281/1447] cutting 0nMVKONE99o_36.mp4 (0:06:20.947 -> 0:06:49.041)
[03:44:33]   [video 1282/1447] yt-dlp lWShCsXRPtU (1 clip(s) needed) ...
[03:44:58]     [1282/1447] cutting lWShCsXRPtU_0.mp4 (0:00:01.501 -> 0:00:13.646)
[03:44:59]   [video 1283/1447] yt-dlp TyMdY-EIz0E (1 clip(s) needed) ...
[03:45:39]     [1283/1447] cutting TyMdY-EIz0E_5.mp4 (0:04:38.244 -> 0:04:47.503)
[03:45:40]   [video 1284/1447] yt-dlp JL4FS4QOd0M (1 clip(s) needed) ...
[03:45:59]     [1284/1447] cutting JL4FS4QOd0M_0.mp4 (0:00:11.000 -> 0:00:59.000)
[03:46:00]   [video 1285/1447] yt-dlp Qq25hjIw7yE (1 clip(s) needed) ...
[03:46:03]     FAILED: ERROR: [youtube] Qq25hjIw7yE: Video unavailable
[03:46:03]   [video 1286/1447] yt-dlp LMYYSCPxNwo (1 clip(s) needed) ...
[03:46:05]     FAILED: ERROR: [youtube] LMYYSCPxNwo: Private video
[03:46:05]   [video 1287/1447] yt-dlp j6Kr6HrEPsg (1 clip(s) needed) ...
[03:46:44]     [1287/1447] cutting j6Kr6HrEPsg_56.mp4 (0:14:29.802 -> 0:14:37.660)
[03:46:44]   [video 1288/1447] yt-dlp 09KOFL_r0kY (1 clip(s) needed) ...
[03:46:55]     [1288/1447] cutting 09KOFL_r0kY_48.mp4 (0:07:25.044 -> 0:07:34.120)
[03:46:55]   [video 1289/1447] yt-dlp JUMOW1kQMOQ (1 clip(s) needed) ...
[03:47:07]     [1289/1447] cutting JUMOW1kQMOQ_8.mp4 (0:03:42.240 -> 0:04:08.360)
[03:47:08]   [video 1290/1447] yt-dlp ztQekwC0gqI (1 clip(s) needed) ...
[03:47:24]     [1290/1447] cutting ztQekwC0gqI_10.mp4 (0:01:20.205 -> 0:01:23.833)
[03:47:24]   [video 1291/1447] yt-dlp kKCJfjqLB5g (1 clip(s) needed) ...
[03:47:43]     [1291/1447] cutting kKCJfjqLB5g_7.mp4 (0:01:53.980 -> 0:02:01.287)
[03:47:44]   [video 1292/1447] yt-dlp PprYbcRobE8 (1 clip(s) needed) ...
[03:48:17]     [1292/1447] cutting PprYbcRobE8_3.mp4 (0:01:10.386 -> 0:01:25.618)
[03:48:18]   [video 1293/1447] yt-dlp B6MG6_rI5hs (1 clip(s) needed) ...
[03:50:19]     [1293/1447] cutting B6MG6_rI5hs_369.mp4 (0:52:59.576 -> 0:53:04.381)
[03:50:20]   [video 1294/1447] yt-dlp tWnfnt2rNO0 (1 clip(s) needed) ...
[03:50:30]     [1294/1447] cutting tWnfnt2rNO0_32.mp4 (0:05:11.978 -> 0:05:17.884)
[03:50:30]   [video 1295/1447] yt-dlp o3K2dGsECd8 (1 clip(s) needed) ...
[03:50:39]     [1295/1447] cutting o3K2dGsECd8_4.mp4 (0:01:01.440 -> 0:01:05.480)
[03:50:39]   [video 1296/1447] yt-dlp XrS-MSoUqSo (1 clip(s) needed) ...
[03:50:47]     [1296/1447] cutting XrS-MSoUqSo_6.mp4 (0:02:31.084 -> 0:02:34.754)
[03:50:47]   [video 1297/1447] yt-dlp mXyX8X9_dac (1 clip(s) needed) ...
[03:50:50]     FAILED: ERROR: [youtube] mXyX8X9_dac: Video unavailable
[03:50:50]   [video 1298/1447] yt-dlp eBP3vkdhWcM (1 clip(s) needed) ...
[03:51:45]     [1298/1447] cutting eBP3vkdhWcM_37.mp4 (0:15:10.233 -> 0:15:33.966)
[03:51:46]   [video 1299/1447] yt-dlp KEF6z3SvmTs (1 clip(s) needed) ...
[03:52:13]     [1299/1447] cutting KEF6z3SvmTs_12.mp4 (0:03:05.894 -> 0:03:10.857)
[03:52:14]   [video 1300/1447] yt-dlp uPhd2FWo5fQ (1 clip(s) needed) ...
[03:52:23]     [1300/1447] cutting uPhd2FWo5fQ_12.mp4 (0:03:05.810 -> 0:03:09.230)
[03:52:23]   [video 1301/1447] yt-dlp w2I-uwsEXKE (1 clip(s) needed) ...
[03:52:40]     [1301/1447] cutting w2I-uwsEXKE_0.mp4 (0:00:00.560 -> 0:00:05.040)
[03:52:41]   [video 1302/1447] yt-dlp EJxDQ4bVLBA (1 clip(s) needed) ...
[03:52:57]     [1302/1447] cutting EJxDQ4bVLBA_8.mp4 (0:04:10.733 -> 0:04:22.833)
[03:52:58]   [video 1303/1447] yt-dlp 95_LsUQj4EM (1 clip(s) needed) ...
[03:53:07]     [1303/1447] cutting 95_LsUQj4EM_1.mp4 (0:00:30.497 -> 0:00:35.835)
[03:53:07]   [video 1304/1447] yt-dlp rssL-LoTdv0 (1 clip(s) needed) ...
[03:53:10]     FAILED: ERROR: [youtube] rssL-LoTdv0: This video is not available
[03:53:10]   [video 1305/1447] yt-dlp 9iHYgj1iTM8 (1 clip(s) needed) ...
[03:53:23]     [1305/1447] cutting 9iHYgj1iTM8_2.mp4 (0:01:19.345 -> 0:02:07.393)
[03:53:25]   [video 1306/1447] yt-dlp BC7zrxPhei4 (1 clip(s) needed) ...
[03:55:58]     [1306/1447] cutting BC7zrxPhei4_20.mp4 (0:04:52.433 -> 0:05:20.400)
[03:56:00]   [video 1307/1447] yt-dlp NpsnfNmPiOw (1 clip(s) needed) ...
[03:56:27]     [1307/1447] cutting NpsnfNmPiOw_4.mp4 (0:00:33.240 -> 0:00:50.200)
[03:56:28]   [video 1308/1447] yt-dlp V9yX_tJsTYQ (1 clip(s) needed) ...
[03:56:36]     [1308/1447] cutting V9yX_tJsTYQ_0.mp4 (0:00:00.466 -> 0:00:04.533)
[03:56:36]   [video 1309/1447] yt-dlp Ph-Thidecow (1 clip(s) needed) ...
[03:56:45]     [1309/1447] cutting Ph-Thidecow_2.mp4 (0:00:16.416 -> 0:00:35.402)
[03:56:46]   [video 1310/1447] yt-dlp 4ch30NCj1b0 (1 clip(s) needed) ...
[03:56:57]     [1310/1447] cutting 4ch30NCj1b0_8.mp4 (0:03:03.516 -> 0:03:08.821)
[03:56:57]   [video 1311/1447] yt-dlp lqlCWAy8zM4 (1 clip(s) needed) ...
[03:57:00]     FAILED: ERROR: [youtube] lqlCWAy8zM4: Private video
[03:57:00]   [video 1312/1447] yt-dlp 34BNrlzZ-dA (1 clip(s) needed) ...
[03:57:07]     [1312/1447] cutting 34BNrlzZ-dA_7.mp4 (0:01:41.801 -> 0:01:46.406)
[03:57:07]   [video 1313/1447] yt-dlp lkjeWEbUI3A (1 clip(s) needed) ...
[03:57:40]     [1313/1447] cutting lkjeWEbUI3A_12.mp4 (0:03:24.204 -> 0:03:49.862)
[03:57:41]   [video 1314/1447] yt-dlp jY91dsys7_o (1 clip(s) needed) ...
[03:57:52]     [1314/1447] cutting jY91dsys7_o_11.mp4 (0:02:33.586 -> 0:02:44.030)
[03:57:53]   [video 1315/1447] yt-dlp fi4cdDq2xwI (1 clip(s) needed) ...
[03:58:00]     [1315/1447] cutting fi4cdDq2xwI_3.mp4 (0:00:22.055 -> 0:00:30.230)
[03:58:01]   [video 1316/1447] yt-dlp BuxYU8y59hA (1 clip(s) needed) ...
[03:58:11]     [1316/1447] cutting BuxYU8y59hA_0.mp4 (0:00:20.887 -> 0:01:08.935)
[03:58:12]   [video 1317/1447] yt-dlp 8moK1CBkZQc (1 clip(s) needed) ...
[03:58:33]     [1317/1447] cutting 8moK1CBkZQc_46.mp4 (0:09:42.732 -> 0:09:51.173)
[03:58:33]   [video 1318/1447] yt-dlp ZWfiLCilIbM (1 clip(s) needed) ...
[03:58:50]     [1318/1447] cutting ZWfiLCilIbM_3.mp4 (0:02:06.440 -> 0:02:54.440)
[03:58:52]   [video 1319/1447] yt-dlp ub1TXVU359o (1 clip(s) needed) ...
[04:00:48]     [1319/1447] cutting ub1TXVU359o_21.mp4 (0:06:07.133 -> 0:06:14.666)
[04:00:49]   [video 1320/1447] yt-dlp MsYGt_ZW-dI (1 clip(s) needed) ...
[04:01:01]     [1320/1447] cutting MsYGt_ZW-dI_15.mp4 (0:01:11.440 -> 0:01:16.160)
[04:01:01]   [video 1321/1447] yt-dlp gQ9rWcWr7qU (1 clip(s) needed) ...
[04:01:14]     [1321/1447] cutting gQ9rWcWr7qU_3.mp4 (0:01:02.228 -> 0:01:14.307)
[04:01:15]   [video 1322/1447] yt-dlp evJ7n1lbrWo (1 clip(s) needed) ...
[04:01:19]     FAILED: ERROR: [youtube] evJ7n1lbrWo: This video is not available
[04:01:19]   [video 1323/1447] yt-dlp XAhvqTipPq0 (1 clip(s) needed) ...
[04:01:27]     [1323/1447] cutting XAhvqTipPq0_0.mp4 (0:00:05.972 -> 0:00:54.020)
[04:01:29]   [video 1324/1447] yt-dlp fenWwYdq9Co (1 clip(s) needed) ...
[04:03:06]     [1324/1447] cutting fenWwYdq9Co_110.mp4 (0:14:40.279 -> 0:14:52.491)
[04:03:07]   [video 1325/1447] yt-dlp oP10qJrdndg (1 clip(s) needed) ...
[04:03:27]     [1325/1447] cutting oP10qJrdndg_10.mp4 (0:02:12.090 -> 0:02:18.721)
[04:03:28]   [video 1326/1447] yt-dlp Y5_Yg6YcnEY (1 clip(s) needed) ...
[04:03:46]     [1326/1447] cutting Y5_Yg6YcnEY_2.mp4 (0:03:31.511 -> 0:03:34.581)
[04:03:46]   [video 1327/1447] yt-dlp gODiwD6buuc (1 clip(s) needed) ...
[04:03:55]     [1327/1447] cutting gODiwD6buuc_4.mp4 (0:00:30.230 -> 0:00:33.500)
[04:03:55]   [video 1328/1447] yt-dlp mCuN1NI7XDA (1 clip(s) needed) ...
[04:04:09]     [1328/1447] cutting mCuN1NI7XDA_2.mp4 (0:01:13.039 -> 0:02:01.054)
[04:04:10]   [video 1329/1447] yt-dlp x-Q-pk3n5p8 (1 clip(s) needed) ...
[04:04:28]     [1329/1447] cutting x-Q-pk3n5p8_29.mp4 (0:05:31.880 -> 0:05:36.200)
[04:04:29]   [video 1330/1447] yt-dlp LTXL_YXjHk0 (1 clip(s) needed) ...
[04:05:24]     [1330/1447] cutting LTXL_YXjHk0_88.mp4 (0:11:59.260 -> 0:12:03.431)
[04:05:25]   [video 1331/1447] yt-dlp YRzz8DuUmnU (1 clip(s) needed) ...
[04:05:40]     [1331/1447] cutting YRzz8DuUmnU_10.mp4 (0:04:31.271 -> 0:04:44.350)
[04:05:41]   [video 1332/1447] yt-dlp ZWIMFOtzI6w (1 clip(s) needed) ...
[04:05:58]     [1332/1447] cutting ZWIMFOtzI6w_29.mp4 (0:03:10.148 -> 0:03:15.195)
[04:05:59]   [video 1333/1447] yt-dlp EdxvQNBiCkE (1 clip(s) needed) ...
[04:06:30]     FAILED: ERROR: unable to download video data: HTTP Error 403: Forbidden
[04:06:30]   [video 1334/1447] yt-dlp ddWYC9C1v0k (1 clip(s) needed) ...
[04:07:01]     [1334/1447] cutting ddWYC9C1v0k_39.mp4 (0:09:31.791 -> 0:09:43.000)
[04:07:02]   [video 1335/1447] yt-dlp pr9d9JgAlgA (1 clip(s) needed) ...
[04:07:18]     [1335/1447] cutting pr9d9JgAlgA_46.mp4 (0:04:33.673 -> 0:04:38.244)
[04:07:18]   [video 1336/1447] yt-dlp tAn8zPRPPco (1 clip(s) needed) ...
[04:07:28]     [1336/1447] cutting tAn8zPRPPco_7.mp4 (0:02:15.835 -> 0:02:22.275)
[04:07:28]   [video 1337/1447] yt-dlp DTUQUjU_INc (1 clip(s) needed) ...
[04:07:38]     [1337/1447] cutting DTUQUjU_INc_0.mp4 (0:00:05.805 -> 0:00:12.846)
[04:07:38]   [video 1338/1447] yt-dlp kww3XxLFA-0 (1 clip(s) needed) ...
[04:07:50]     FAILED: ERROR: unable to download video data: HTTP Error 403: Forbidden
[04:07:50]   [video 1339/1447] yt-dlp z0bof-1h3Yg (1 clip(s) needed) ...
[04:08:03]     [1339/1447] cutting z0bof-1h3Yg_1.mp4 (0:00:13.246 -> 0:00:53.219)
[04:08:04]   [video 1340/1447] yt-dlp e6Ecdb9gEKU (1 clip(s) needed) ...
[04:08:13]     [1340/1447] cutting e6Ecdb9gEKU_8.mp4 (0:01:02.166 -> 0:01:17.000)
[04:08:14]   [video 1341/1447] yt-dlp -2vbYokuhYs (1 clip(s) needed) ...
[04:08:57]     [1341/1447] cutting -2vbYokuhYs_15.mp4 (0:04:54.585 -> 0:05:18.443)
[04:08:58]   [video 1342/1447] yt-dlp TqXn0w7UlRY (1 clip(s) needed) ...
[04:09:48]     [1342/1447] cutting TqXn0w7UlRY_3.mp4 (0:01:27.587 -> 0:01:47.841)
[04:09:49]   [video 1343/1447] yt-dlp w2TJ-vwuzqg (1 clip(s) needed) ...
[04:09:58]     [1343/1447] cutting w2TJ-vwuzqg_10.mp4 (0:00:59.684 -> 0:01:04.564)
[04:09:58]   [video 1344/1447] yt-dlp 4er14XxKBVA (1 clip(s) needed) ...
[04:10:18]     [1344/1447] cutting 4er14XxKBVA_34.mp4 (0:03:58.920 -> 0:04:06.320)
[04:10:18]   [video 1345/1447] yt-dlp DX3Te5DcTms (1 clip(s) needed) ...
[04:10:32]     [1345/1447] cutting DX3Te5DcTms_3.mp4 (0:00:41.007 -> 0:00:49.549)
[04:10:32]   [video 1346/1447] yt-dlp 0DfB5mk7FFs (1 clip(s) needed) ...
[04:10:46]     [1346/1447] cutting 0DfB5mk7FFs_12.mp4 (0:01:57.408 -> 0:02:02.580)
[04:10:46]   [video 1347/1447] yt-dlp MdzPzFjiWi8 (1 clip(s) needed) ...
[04:11:09]     [1347/1447] cutting MdzPzFjiWi8_4.mp4 (0:04:14.295 -> 0:05:02.343)
[04:11:10]   [video 1348/1447] yt-dlp 1Hrhs25U_Gs (1 clip(s) needed) ...
[04:11:50]     FAILED: ERROR: unable to download video data: HTTP Error 403: Forbidden
[04:11:50]   [video 1349/1447] yt-dlp I-22vWKMHgM (1 clip(s) needed) ...
[04:12:01]     [1349/1447] cutting I-22vWKMHgM_13.mp4 (0:02:22.900 -> 0:02:27.400)
[04:12:02]   [video 1350/1447] yt-dlp sIlCR4eG8_o (1 clip(s) needed) ...
[04:12:15]     [1350/1447] cutting sIlCR4eG8_o_13.mp4 (0:01:14.407 -> 0:01:17.410)
[04:12:15]   [video 1351/1447] yt-dlp OlCZ2xqReLU (1 clip(s) needed) ...
[04:12:34]     [1351/1447] cutting OlCZ2xqReLU_23.mp4 (0:02:57.635 -> 0:03:03.850)
[04:12:35]   [video 1352/1447] yt-dlp nOFDrVXVviQ (1 clip(s) needed) ...
[04:12:53]     [1352/1447] cutting nOFDrVXVviQ_7.mp4 (0:03:40.840 -> 0:03:58.320)
[04:12:54]   [video 1353/1447] yt-dlp Dm5gI-rU9Mk (1 clip(s) needed) ...
[04:12:57]     FAILED: ERROR: [youtube] Dm5gI-rU9Mk: Private video
[04:12:57]   [video 1354/1447] yt-dlp cKZcJacAqJM (1 clip(s) needed) ...
[04:13:57]     [1354/1447] cutting cKZcJacAqJM_31.mp4 (0:09:05.945 -> 0:09:19.091)
[04:13:58]   [video 1355/1447] yt-dlp QBq0kmYeflA (1 clip(s) needed) ...
[04:14:14]     [1355/1447] cutting QBq0kmYeflA_11.mp4 (0:01:04.480 -> 0:01:08.680)
[04:14:14]   [video 1356/1447] yt-dlp 12F67Onylmo (1 clip(s) needed) ...
[04:14:17]     FAILED: ERROR: [youtube] 12F67Onylmo: Video unavailable
[04:14:17]   [video 1357/1447] yt-dlp sOhM-M2s_pw (1 clip(s) needed) ...
[04:14:27]     [1357/1447] cutting sOhM-M2s_pw_4.mp4 (0:01:04.397 -> 0:01:07.751)
[04:14:27]   [video 1358/1447] yt-dlp smFaqBnk5Qc (1 clip(s) needed) ...
[04:14:45]     [1358/1447] cutting smFaqBnk5Qc_0.mp4 (0:00:15.890 -> 0:01:03.938)
[04:14:47]   [video 1359/1447] yt-dlp ExAt-BaJ_eM (1 clip(s) needed) ...
[04:15:06]     [1359/1447] cutting ExAt-BaJ_eM_3.mp4 (0:05:11.861 -> 0:05:15.882)
[04:15:07]   [video 1360/1447] yt-dlp ayC6NJp_Ty4 (1 clip(s) needed) ...
[04:15:24]     [1360/1447] cutting ayC6NJp_Ty4_1.mp4 (0:01:37.866 -> 0:01:56.100)
[04:15:25]   [video 1361/1447] yt-dlp qSxHQtOv2JI (1 clip(s) needed) ...
[04:15:28]     FAILED: ERROR: [youtube] qSxHQtOv2JI: Please sign in. Use --cookies-from-browser or --cookies for the authentication. See  https://github.com/yt-dlp/yt-dlp/wiki/FAQ#how-do-i-pass-cookies-to-yt-dlp  for how to manually pass cookies. Also see  https://github.com/yt-dlp/yt-dlp/wiki/Extractors#exporting-youtube-cookies  for tips on effectively exporting YouTube cookies
[04:15:28]   [video 1362/1447] yt-dlp -4Gz0ZdBygU (1 clip(s) needed) ...
[04:15:31]     FAILED: ERROR: [youtube] -4Gz0ZdBygU: This video is not available
[04:15:31]   [video 1363/1447] yt-dlp HwgtTKUtqGo (1 clip(s) needed) ...
[04:15:34]     FAILED: ERROR: [youtube] HwgtTKUtqGo: This video is unavailable
[04:15:34]   [video 1364/1447] yt-dlp kH8qRWqhB5U (1 clip(s) needed) ...
[04:16:15]     [1364/1447] cutting kH8qRWqhB5U_74.mp4 (0:09:20.059 -> 0:09:24.897)
[04:16:15]   [video 1365/1447] yt-dlp Z9GkZCXscKY (1 clip(s) needed) ...
[04:16:28]     [1365/1447] cutting Z9GkZCXscKY_5.mp4 (0:00:51.480 -> 0:01:03.520)
[04:16:29]   [video 1366/1447] yt-dlp QZXQTwi4QLY (1 clip(s) needed) ...
[04:16:55]     [1366/1447] cutting QZXQTwi4QLY_19.mp4 (0:03:31.711 -> 0:04:04.369)
[04:16:57]   [video 1367/1447] yt-dlp zzCiJP9DtoM (1 clip(s) needed) ...
[04:18:21]     [1367/1447] cutting zzCiJP9DtoM_3.mp4 (0:00:32.399 -> 0:01:20.447)
[04:18:23]   [video 1368/1447] yt-dlp M_lusFczkA0 (1 clip(s) needed) ...
[04:18:51]     [1368/1447] cutting M_lusFczkA0_1.mp4 (0:00:11.233 -> 0:00:17.033)
[04:18:51]   [video 1369/1447] yt-dlp xQZv1D2en4o (1 clip(s) needed) ...
[04:18:54]     FAILED: ERROR: [youtube] xQZv1D2en4o: This video is not available
[04:18:54]   [video 1370/1447] yt-dlp PxItfSXdrL8 (1 clip(s) needed) ...
[04:19:37]     [1370/1447] cutting PxItfSXdrL8_0.mp4 (0:00:01.117 -> 0:00:07.490)
[04:19:37]   [video 1371/1447] yt-dlp esYuFNsrTNI (1 clip(s) needed) ...
[04:19:49]     [1371/1447] cutting esYuFNsrTNI_3.mp4 (0:00:40.373 -> 0:00:43.510)
[04:19:49]   [video 1372/1447] yt-dlp uIUbLF5cJrU (1 clip(s) needed) ...
[04:20:06]     [1372/1447] cutting uIUbLF5cJrU_57.mp4 (0:07:20.250 -> 0:07:28.875)
[04:20:06]   [video 1373/1447] yt-dlp XAT7UhoKltU (1 clip(s) needed) ...
[04:20:21]     [1373/1447] cutting XAT7UhoKltU_0.mp4 (0:00:01.768 -> 0:00:16.016)
[04:20:22]   [video 1374/1447] yt-dlp M_1PLY5z2pk (1 clip(s) needed) ...
[04:20:32]     [1374/1447] cutting M_1PLY5z2pk_0.mp4 (0:00:06.000 -> 0:00:54.000)
[04:20:34]   [video 1375/1447] yt-dlp 8U89bMBOz0M (1 clip(s) needed) ...
[04:20:52]     [1375/1447] cutting 8U89bMBOz0M_39.mp4 (0:04:10.720 -> 0:04:15.360)
[04:20:52]   [video 1376/1447] yt-dlp JOBwhjClpX4 (1 clip(s) needed) ...
[04:21:03]     [1376/1447] cutting JOBwhjClpX4_5.mp4 (0:00:46.833 -> 0:00:58.966)
[04:21:03]   [video 1377/1447] yt-dlp RReRaVERpJE (1 clip(s) needed) ...
[04:21:18]     [1377/1447] cutting RReRaVERpJE_6.mp4 (0:04:44.166 -> 0:05:32.166)
[04:21:20]   [video 1378/1447] yt-dlp JI9lIG4FKlw (1 clip(s) needed) ...
[04:21:47]     [1378/1447] cutting JI9lIG4FKlw_3.mp4 (0:01:10.837 -> 0:01:31.658)
[04:21:48]   [video 1379/1447] yt-dlp QdO7sr6U0M8 (1 clip(s) needed) ...
[04:21:52]     FAILED: ERROR: [youtube] QdO7sr6U0M8: Private video
[04:21:52]   [video 1380/1447] yt-dlp vU5LcICJZe4 (1 clip(s) needed) ...
[04:22:05]     [1380/1447] cutting vU5LcICJZe4_13.mp4 (0:03:12.592 -> 0:03:21.134)
[04:22:06]   [video 1381/1447] yt-dlp gNhPyNAI-rE (1 clip(s) needed) ...
[04:22:37]     [1381/1447] cutting gNhPyNAI-rE_4.mp4 (0:02:50.003 -> 0:03:09.923)
[04:22:38]   [video 1382/1447] yt-dlp _jb3nT5dMS8 (1 clip(s) needed) ...
[04:23:28]     [1382/1447] cutting _jb3nT5dMS8_8.mp4 (0:07:23.406 -> 0:08:11.406)
[04:23:30]   [video 1383/1447] yt-dlp VVcAjC5jltc (1 clip(s) needed) ...
[04:24:03]     [1383/1447] cutting VVcAjC5jltc_1.mp4 (0:00:45.078 -> 0:00:48.481)
[04:24:03]   [video 1384/1447] yt-dlp 5pNheTkLJOk (1 clip(s) needed) ...
[04:24:14]     [1384/1447] cutting 5pNheTkLJOk_2.mp4 (0:00:30.130 -> 0:00:36.403)
[04:24:15]   [video 1385/1447] yt-dlp n0VNytv9N0I (1 clip(s) needed) ...
[04:24:29]     [1385/1447] cutting n0VNytv9N0I_5.mp4 (0:01:08.701 -> 0:01:18.044)
[04:24:30]   [video 1386/1447] yt-dlp P6W6LVAnQ0g (1 clip(s) needed) ...
[04:24:49]     [1386/1447] cutting P6W6LVAnQ0g_1.mp4 (0:00:32.200 -> 0:00:37.240)
[04:24:50]   [video 1387/1447] yt-dlp 8rdIbV-OZQ0 (1 clip(s) needed) ...
[04:25:11]     [1387/1447] cutting 8rdIbV-OZQ0_34.mp4 (0:08:45.725 -> 0:09:04.710)
[04:25:11]   [video 1388/1447] yt-dlp k1Q5WbNZHR0 (1 clip(s) needed) ...
[04:25:26]     [1388/1447] cutting k1Q5WbNZHR0_2.mp4 (0:00:52.185 -> 0:01:12.105)
[04:25:27]   [video 1389/1447] yt-dlp 6_LLLAjFw7Q (1 clip(s) needed) ...
[04:25:44]     [1389/1447] cutting 6_LLLAjFw7Q_5.mp4 (0:02:27.247 -> 0:02:32.085)
[04:25:44]   [video 1390/1447] yt-dlp bHbEF6Binmc (1 clip(s) needed) ...
[04:27:35]     [1390/1447] cutting bHbEF6Binmc_2.mp4 (0:14:49.488 -> 0:15:28.727)
[04:27:37]   [video 1391/1447] yt-dlp yxGczEE3NSw (1 clip(s) needed) ...
[04:28:31]     [1391/1447] cutting yxGczEE3NSw_62.mp4 (0:08:42.104 -> 0:08:49.153)
[04:28:31]   [video 1392/1447] yt-dlp VU8iOFsqWx4 (1 clip(s) needed) ...
[04:29:04]     [1392/1447] cutting VU8iOFsqWx4_27.mp4 (0:03:01.200 -> 0:03:07.080)
[04:29:04]   [video 1393/1447] yt-dlp Y2o8upCxcqA (1 clip(s) needed) ...
[04:29:09]     FAILED: ERROR: unable to download video data: HTTP Error 403: Forbidden
[04:29:09]   [video 1394/1447] yt-dlp MDvmRV6_G9I (1 clip(s) needed) ...
[04:29:16]     [1394/1447] cutting MDvmRV6_G9I_0.mp4 (0:00:07.574 -> 0:00:28.361)
[04:29:17]   [video 1395/1447] yt-dlp V8DAFmGy55A (1 clip(s) needed) ...
[04:29:31]     [1395/1447] cutting V8DAFmGy55A_1.mp4 (0:00:19.541 -> 0:00:36.291)
[04:29:32]   [video 1396/1447] yt-dlp 8DnJFYIxxXc (1 clip(s) needed) ...
[04:29:42]     [1396/1447] cutting 8DnJFYIxxXc_9.mp4 (0:01:22.240 -> 0:01:26.640)
[04:29:42]   [video 1397/1447] yt-dlp d279iQiBY_4 (1 clip(s) needed) ...
[04:30:00]     [1397/1447] cutting d279iQiBY_4_79.mp4 (0:12:12.765 -> 0:12:18.704)
[04:30:01]   [video 1398/1447] yt-dlp hjhg683W8CA (1 clip(s) needed) ...
[04:30:15]     [1398/1447] cutting hjhg683W8CA_3.mp4 (0:00:45.200 -> 0:00:53.000)
[04:30:16]   [video 1399/1447] yt-dlp gbsuPoXaiec (1 clip(s) needed) ...
[04:30:33]     [1399/1447] cutting gbsuPoXaiec_13.mp4 (0:02:17.837 -> 0:02:27.614)
[04:30:34]   [video 1400/1447] yt-dlp ZSceXqM6sp0 (1 clip(s) needed) ...
[04:30:59]     [1400/1447] cutting ZSceXqM6sp0_21.mp4 (0:09:13.019 -> 0:09:27.950)
[04:31:00]   [video 1401/1447] yt-dlp 1Sfd46qyyww (1 clip(s) needed) ...
[04:31:15]     [1401/1447] cutting 1Sfd46qyyww_13.mp4 (0:02:44.440 -> 0:03:08.000)
[04:31:15]   [video 1402/1447] yt-dlp ZK-4EP5VReU (1 clip(s) needed) ...
[04:31:50]     [1402/1447] cutting ZK-4EP5VReU_51.mp4 (0:12:49.135 -> 0:13:01.213)
[04:31:50]   [video 1403/1447] yt-dlp aw2yhYipDw4 (1 clip(s) needed) ...
[04:32:04]     [1403/1447] cutting aw2yhYipDw4_4.mp4 (0:03:12.425 -> 0:04:00.473)
[04:32:04]   [video 1404/1447] yt-dlp riJZSkviI8w (1 clip(s) needed) ...
[04:32:16]     [1404/1447] cutting riJZSkviI8w_0.mp4 (0:00:01.400 -> 0:00:12.900)
[04:32:17]   [video 1405/1447] yt-dlp 7GzStsyDF5g (1 clip(s) needed) ...
[04:32:19]     FAILED: ERROR: [youtube] 7GzStsyDF5g: Private video
[04:32:19]   [video 1406/1447] yt-dlp ntuln49dq3U (1 clip(s) needed) ...
[04:32:22]     FAILED: ERROR: [youtube] ntuln49dq3U: Private video
[04:32:22]   [video 1407/1447] yt-dlp 2C25s0pGafI (1 clip(s) needed) ...
[04:32:32]     [1407/1447] cutting 2C25s0pGafI_5.mp4 (0:01:02.437 -> 0:01:06.483)
[04:32:33]   [video 1408/1447] yt-dlp TcsN-EyVTxk (1 clip(s) needed) ...
[04:32:51]     [1408/1447] cutting TcsN-EyVTxk_4.mp4 (0:00:44.728 -> 0:00:49.115)
[04:32:51]   [video 1409/1447] yt-dlp jZ9Mh0CVwVA (1 clip(s) needed) ...
[04:33:02]     [1409/1447] cutting jZ9Mh0CVwVA_0.mp4 (0:00:04.440 -> 0:00:15.680)
[04:33:02]   [video 1410/1447] yt-dlp hkVp0bPmV68 (1 clip(s) needed) ...
[04:33:52]     [1410/1447] cutting hkVp0bPmV68_4.mp4 (0:01:16.976 -> 0:01:23.917)
[04:33:53]   [video 1411/1447] yt-dlp __im2dNhYbU (1 clip(s) needed) ...
[04:34:03]     [1411/1447] cutting __im2dNhYbU_1.mp4 (0:00:13.120 -> 0:00:23.040)
[04:34:03]   [video 1412/1447] yt-dlp 0Wk6Nbml5JY (1 clip(s) needed) ...
[04:34:22]     [1412/1447] cutting 0Wk6Nbml5JY_17.mp4 (0:02:23.960 -> 0:02:34.600)
[04:34:22]   [video 1413/1447] yt-dlp N1RIaoB5wZA (1 clip(s) needed) ...
[04:34:25]     FAILED: ERROR: [youtube] N1RIaoB5wZA: This video is unavailable
[04:34:25]   [video 1414/1447] yt-dlp v11cX6eJZVM (1 clip(s) needed) ...
[04:34:38]     [1414/1447] cutting v11cX6eJZVM_2.mp4 (0:00:28.133 -> 0:00:53.233)
[04:34:39]   [video 1415/1447] yt-dlp 6wKFWplxFwQ (1 clip(s) needed) ...
[04:34:53]     [1415/1447] cutting 6wKFWplxFwQ_1.mp4 (0:01:51.000 -> 0:02:39.000)
[04:34:55]   [video 1416/1447] yt-dlp 1phkBuTJkXI (1 clip(s) needed) ...
[04:34:58]     FAILED: ERROR: [youtube] 1phkBuTJkXI: This video is not available
[04:34:58]   [video 1417/1447] yt-dlp -GnQTjOCrCk (1 clip(s) needed) ...
[04:35:14]     [1417/1447] cutting -GnQTjOCrCk_3.mp4 (0:00:38.004 -> 0:00:46.746)
[04:35:14]   [video 1418/1447] yt-dlp dEza9t3OeBU (1 clip(s) needed) ...
[04:35:27]     [1418/1447] cutting dEza9t3OeBU_8.mp4 (0:01:53.680 -> 0:02:18.271)
[04:35:27]   [video 1419/1447] yt-dlp jWvJ30s1aqU (1 clip(s) needed) ...
[04:35:42]     [1419/1447] cutting jWvJ30s1aqU_8.mp4 (0:03:10.633 -> 0:03:16.800)
[04:35:43]   [video 1420/1447] yt-dlp g7-6OCmIDzI (1 clip(s) needed) ...
[04:35:57]     [1420/1447] cutting g7-6OCmIDzI_30.mp4 (0:06:30.056 -> 0:06:33.559)
[04:35:57]   [video 1421/1447] yt-dlp nBLbkVU7xv0 (1 clip(s) needed) ...
[04:36:05]     [1421/1447] cutting nBLbkVU7xv0_7.mp4 (0:00:52.966 -> 0:01:10.866)
[04:36:06]   [video 1422/1447] yt-dlp kAyNJBzDNqw (1 clip(s) needed) ...
[04:36:44]     [1422/1447] cutting kAyNJBzDNqw_2.mp4 (0:00:24.491 -> 0:00:31.614)
[04:36:45]   [video 1423/1447] yt-dlp DaXTJdash24 (1 clip(s) needed) ...
[04:36:54]     [1423/1447] cutting DaXTJdash24_3.mp4 (0:00:31.400 -> 0:00:55.400)
[04:36:55]   [video 1424/1447] yt-dlp RhNBde3MuGY (1 clip(s) needed) ...
[04:37:38]     [1424/1447] cutting RhNBde3MuGY_34.mp4 (0:05:38.880 -> 0:05:43.384)
[04:37:38]   [video 1425/1447] yt-dlp 7kOjQog8-F8 (1 clip(s) needed) ...
[04:37:50]     [1425/1447] cutting 7kOjQog8-F8_23.mp4 (0:03:03.920 -> 0:03:09.040)
[04:37:50]   [video 1426/1447] yt-dlp 5Ni4INZbgNQ (1 clip(s) needed) ...
[04:37:53]     FAILED: ERROR: [youtube] 5Ni4INZbgNQ: This video has been removed for violating YouTube's Terms of Service
[04:37:53]   [video 1427/1447] yt-dlp RHWhvJF61U8 (1 clip(s) needed) ...
[04:38:11]     [1427/1447] cutting RHWhvJF61U8_13.mp4 (0:03:47.185 -> 0:03:58.863)
[04:38:11]   [video 1428/1447] yt-dlp rQq1htIU13Y (1 clip(s) needed) ...
[04:38:23]     [1428/1447] cutting rQq1htIU13Y_26.mp4 (0:02:53.520 -> 0:02:58.880)
[04:38:24]   [video 1429/1447] yt-dlp oRHk5IChr8w (1 clip(s) needed) ...
[04:38:27]     FAILED: ERROR: [youtube] oRHk5IChr8w: Private video
[04:38:27]   [video 1430/1447] yt-dlp 7BAixp3cMVw (1 clip(s) needed) ...
[04:40:07]     [1430/1447] cutting 7BAixp3cMVw_36.mp4 (0:05:01.234 -> 0:05:06.272)
[04:40:08]   [video 1431/1447] yt-dlp 3sMSmWiL61E (1 clip(s) needed) ...
[04:40:28]     [1431/1447] cutting 3sMSmWiL61E_40.mp4 (0:04:55.200 -> 0:05:04.800)
[04:40:28]   [video 1432/1447] yt-dlp p4WkwmUoFnU (1 clip(s) needed) ...
[04:40:40]     [1432/1447] cutting p4WkwmUoFnU_15.mp4 (0:01:40.567 -> 0:01:50.210)
[04:40:40]   [video 1433/1447] yt-dlp hBZQuJ8YVYM (1 clip(s) needed) ...
[04:40:56]     [1433/1447] cutting hBZQuJ8YVYM_5.mp4 (0:04:14.754 -> 0:05:02.802)
[04:40:57]   [video 1434/1447] yt-dlp xo9PsxhkEVc (1 clip(s) needed) ...
[04:41:25]     [1434/1447] cutting xo9PsxhkEVc_7.mp4 (0:07:07.800 -> 0:07:55.800)
[04:41:27]   [video 1435/1447] yt-dlp poxM0thPOAg (1 clip(s) needed) ...
[04:41:58]     [1435/1447] cutting poxM0thPOAg_1.mp4 (0:02:02.240 -> 0:02:50.240)
[04:42:00]   [video 1436/1447] yt-dlp lGOcCABRPfg (1 clip(s) needed) ...
[04:42:33]     [1436/1447] cutting lGOcCABRPfg_3.mp4 (0:00:15.233 -> 0:00:21.466)
[04:42:33]   [video 1437/1447] yt-dlp HX7Fk3A_LuQ (1 clip(s) needed) ...
[04:42:44]     [1437/1447] cutting HX7Fk3A_LuQ_10.mp4 (0:01:44.971 -> 0:01:50.310)
[04:42:44]   [video 1438/1447] yt-dlp 0cBhhnQwHo0 (1 clip(s) needed) ...
[04:43:15]     [1438/1447] cutting 0cBhhnQwHo0_12.mp4 (0:07:43.729 -> 0:07:51.737)
[04:43:15]   [video 1439/1447] yt-dlp kowUnAIaXFY (1 clip(s) needed) ...
[04:43:34]     [1439/1447] cutting kowUnAIaXFY_25.mp4 (0:04:48.360 -> 0:04:56.280)
[04:43:35]   [video 1440/1447] yt-dlp qtmDahohlGE (1 clip(s) needed) ...
[04:43:58]     [1440/1447] cutting qtmDahohlGE_3.mp4 (0:00:21.533 -> 0:00:38.333)
[04:43:59]   [video 1441/1447] yt-dlp XuNWlkIC6Og (1 clip(s) needed) ...
[04:44:19]     [1441/1447] cutting XuNWlkIC6Og_19.mp4 (0:02:58.480 -> 0:03:09.520)
[04:44:20]   [video 1442/1447] yt-dlp w0mjnAfh6G4 (1 clip(s) needed) ...
[04:44:32]     [1442/1447] cutting w0mjnAfh6G4_3.mp4 (0:03:21.968 -> 0:03:28.441)
[04:44:32]   [video 1443/1447] yt-dlp w8q6gcwLFQI (1 clip(s) needed) ...
[04:45:29]     [1443/1447] cutting w8q6gcwLFQI_35.mp4 (0:03:55.168 -> 0:03:58.254)
[04:45:29]   [video 1444/1447] yt-dlp Vok8alNtx0E (1 clip(s) needed) ...
[04:45:42]     [1444/1447] cutting Vok8alNtx0E_6.mp4 (0:01:50.143 -> 0:01:56.783)
[04:45:43]   [video 1445/1447] yt-dlp vvkGTyx6-og (1 clip(s) needed) ...
[04:46:33]     [1445/1447] cutting vvkGTyx6-og_20.mp4 (0:10:18.651 -> 0:10:26.659)
[04:46:33]   [video 1446/1447] yt-dlp pcAjQu8-HqQ (1 clip(s) needed) ...
[04:46:43]     [1446/1447] cutting pcAjQu8-HqQ_6.mp4 (0:00:41.520 -> 0:00:45.000)
[04:46:44]   [video 1447/1447] yt-dlp I7-AsnTtEkA (1 clip(s) needed) ...
[04:47:04]     FAILED: ERROR: unable to download video data: HTTP Error 403: Forbidden
[04:47:04] ======================================================================
[04:47:04] Cleaning up raw-download scratch dir (should already be empty -- per-video cleanup above)
[04:47:04] ======================================================================
[04:47:04] DONE. requested=1447 downloaded=943 youtube_download_failed=440 ffmpeg_cut_failed=0 already_exists=64
[04:47:04] Summary written to /scratch/users/anirban/tamaghnam/latentvans/data/panda70m_clips_val/download_summary.json
[04:47:04] ======================================================================
[04:47:04] IMPORTANT: run verify_panda70m_clips.py against this output before trusting it -- this script was just rewritten to use TwiFF's own meta_data.start/end instead of the old, confirmed-wrong Panda-70M-mirror index lookup, and that rewrite has never been verified against real downloaded content at any scale before this run. Spot-check a real sample of thumbnails (not just a couple) before trusting this for training, given the full-dataset size of this run. See this script's module docstring. If `already_exists` above is nonzero and --output_dir was ever used by an older version of this script, re-run with --force_recut to guarantee no stale clips survive -- see module docstring, 'CONFIRMED BUG (2026-09-08)'.
===== Download Panda-70M clips (full dataset) completed — see /scratch/users/anirban/tamaghnam/latentvans/data/panda70m_clips_val/download_summary.json =====
End: Sun Sep 13 04:47:06 AM IST 2026
