===== Download Panda-70M Clips (full dataset) =====
Job ID: 57535
Node: cn1.cds.iisc.in
Start: Tue Sep  8 09:56:03 PM IST 2026
Requirement already satisfied: yt-dlp in /scratch/users/anirban/tamaghnam/envs/latentvans/lib/python3.11/site-packages (2026.8.19)
Requirement already satisfied: datasets in /scratch/users/anirban/tamaghnam/envs/latentvans/lib/python3.11/site-packages (5.0.1)
Requirement already satisfied: filelock in /scratch/users/anirban/tamaghnam/envs/latentvans/lib/python3.11/site-packages (from datasets) (3.32.5)
Requirement already satisfied: numpy>=1.17 in /scratch/users/anirban/tamaghnam/envs/latentvans/lib/python3.11/site-packages (from datasets) (2.4.6)
Requirement already satisfied: pyarrow>=21.0.0 in /scratch/users/anirban/tamaghnam/envs/latentvans/lib/python3.11/site-packages (from datasets) (25.0.1)
Requirement already satisfied: dill<0.4.2,>=0.3.0 in /scratch/users/anirban/tamaghnam/envs/latentvans/lib/python3.11/site-packages (from datasets) (0.4.1)
Requirement already satisfied: pandas in /scratch/users/anirban/tamaghnam/envs/latentvans/lib/python3.11/site-packages (from datasets) (3.0.5)
Requirement already satisfied: requests>=2.32.2 in /scratch/users/anirban/tamaghnam/envs/latentvans/lib/python3.11/site-packages (from datasets) (2.34.2)
Requirement already satisfied: httpx<1.0.0 in /scratch/users/anirban/tamaghnam/envs/latentvans/lib/python3.11/site-packages (from datasets) (0.28.1)
Requirement already satisfied: tqdm>=4.66.3 in /scratch/users/anirban/tamaghnam/envs/latentvans/lib/python3.11/site-packages (from datasets) (4.70.0)
Requirement already satisfied: xxhash in /scratch/users/anirban/tamaghnam/envs/latentvans/lib/python3.11/site-packages (from datasets) (4.0.1)
Requirement already satisfied: multiprocess<0.70.20 in /scratch/users/anirban/tamaghnam/envs/latentvans/lib/python3.11/site-packages (from datasets) (0.70.19)
Requirement already satisfied: fsspec<=2026.6.0,>=2023.1.0 in /scratch/users/anirban/tamaghnam/envs/latentvans/lib/python3.11/site-packages (from fsspec[http]<=2026.6.0,>=2023.1.0->datasets) (2026.6.0)
Requirement already satisfied: huggingface-hub<2.0,>=0.25.0 in /scratch/users/anirban/tamaghnam/envs/latentvans/lib/python3.11/site-packages (from datasets) (1.30.0)
Requirement already satisfied: packaging in /scratch/users/anirban/tamaghnam/envs/latentvans/lib/python3.11/site-packages (from datasets) (26.3)
Requirement already satisfied: pyyaml>=5.1 in /scratch/users/anirban/tamaghnam/envs/latentvans/lib/python3.11/site-packages (from datasets) (6.0.3)
Requirement already satisfied: aiohttp!=4.0.0a0,!=4.0.0a1 in /scratch/users/anirban/tamaghnam/envs/latentvans/lib/python3.11/site-packages (from fsspec[http]<=2026.6.0,>=2023.1.0->datasets) (3.14.3)
Requirement already satisfied: anyio in /scratch/users/anirban/tamaghnam/envs/latentvans/lib/python3.11/site-packages (from httpx<1.0.0->datasets) (4.15.1)
Requirement already satisfied: certifi in /scratch/users/anirban/tamaghnam/envs/latentvans/lib/python3.11/site-packages (from httpx<1.0.0->datasets) (2026.7.22)
Requirement already satisfied: httpcore==1.* in /scratch/users/anirban/tamaghnam/envs/latentvans/lib/python3.11/site-packages (from httpx<1.0.0->datasets) (1.0.9)
Requirement already satisfied: idna in /scratch/users/anirban/tamaghnam/envs/latentvans/lib/python3.11/site-packages (from httpx<1.0.0->datasets) (3.19)
Requirement already satisfied: h11>=0.16 in /scratch/users/anirban/tamaghnam/envs/latentvans/lib/python3.11/site-packages (from httpcore==1.*->httpx<1.0.0->datasets) (0.16.0)
Requirement already satisfied: click<9.0.0,>=8.4.2 in /scratch/users/anirban/tamaghnam/envs/latentvans/lib/python3.11/site-packages (from huggingface-hub<2.0,>=0.25.0->datasets) (8.5.0)
Requirement already satisfied: hf-xet<2.0.0,>=1.5.2 in /scratch/users/anirban/tamaghnam/envs/latentvans/lib/python3.11/site-packages (from huggingface-hub<2.0,>=0.25.0->datasets) (1.6.0)
Requirement already satisfied: typing-extensions>=4.1.0 in /scratch/users/anirban/tamaghnam/envs/latentvans/lib/python3.11/site-packages (from huggingface-hub<2.0,>=0.25.0->datasets) (4.16.0)
Requirement already satisfied: aiohappyeyeballs>=2.5.0 in /scratch/users/anirban/tamaghnam/envs/latentvans/lib/python3.11/site-packages (from aiohttp!=4.0.0a0,!=4.0.0a1->fsspec[http]<=2026.6.0,>=2023.1.0->datasets) (2.7.1)
Requirement already satisfied: aiosignal>=1.4.0 in /scratch/users/anirban/tamaghnam/envs/latentvans/lib/python3.11/site-packages (from aiohttp!=4.0.0a0,!=4.0.0a1->fsspec[http]<=2026.6.0,>=2023.1.0->datasets) (1.4.0)
Requirement already satisfied: attrs>=17.3.0 in /scratch/users/anirban/tamaghnam/envs/latentvans/lib/python3.11/site-packages (from aiohttp!=4.0.0a0,!=4.0.0a1->fsspec[http]<=2026.6.0,>=2023.1.0->datasets) (26.1.0)
Requirement already satisfied: frozenlist>=1.1.1 in /scratch/users/anirban/tamaghnam/envs/latentvans/lib/python3.11/site-packages (from aiohttp!=4.0.0a0,!=4.0.0a1->fsspec[http]<=2026.6.0,>=2023.1.0->datasets) (1.8.0)
Requirement already satisfied: multidict<7.0,>=4.5 in /scratch/users/anirban/tamaghnam/envs/latentvans/lib/python3.11/site-packages (from aiohttp!=4.0.0a0,!=4.0.0a1->fsspec[http]<=2026.6.0,>=2023.1.0->datasets) (6.7.1)
Requirement already satisfied: propcache>=0.2.0 in /scratch/users/anirban/tamaghnam/envs/latentvans/lib/python3.11/site-packages (from aiohttp!=4.0.0a0,!=4.0.0a1->fsspec[http]<=2026.6.0,>=2023.1.0->datasets) (0.5.2)
Requirement already satisfied: yarl<2.0,>=1.17.0 in /scratch/users/anirban/tamaghnam/envs/latentvans/lib/python3.11/site-packages (from aiohttp!=4.0.0a0,!=4.0.0a1->fsspec[http]<=2026.6.0,>=2023.1.0->datasets) (1.24.5)
Requirement already satisfied: charset_normalizer<4,>=2 in /scratch/users/anirban/tamaghnam/envs/latentvans/lib/python3.11/site-packages (from requests>=2.32.2->datasets) (3.5.1)
Requirement already satisfied: urllib3<3,>=1.26 in /scratch/users/anirban/tamaghnam/envs/latentvans/lib/python3.11/site-packages (from requests>=2.32.2->datasets) (2.7.0)
Requirement already satisfied: python-dateutil>=2.8.2 in /scratch/users/anirban/tamaghnam/envs/latentvans/lib/python3.11/site-packages (from pandas->datasets) (2.9.0.post0)
Requirement already satisfied: six>=1.5 in /scratch/users/anirban/tamaghnam/envs/latentvans/lib/python3.11/site-packages (from python-dateutil>=2.8.2->pandas->datasets) (1.17.0)
FORCE_RECUT=1 -- passing --force_recut (one-time corrective re-cut: EVERY target clip will
be re-downloaded/re-cut and will overwrite whatever is currently in $OUTPUT_DIR).
[21:56:07] ======================================================================
[21:56:07] Loading all TwiFF targets from /scratch/users/anirban/tamaghnam/latentvans/data/twiff_metadata_2000
[21:56:07] ======================================================================
[21:56:09] 2000 distinct clip files targeted for this run (start/end taken directly from each row's own meta_data)
[21:56:09] --force_recut is set: the skip-if-already-exists resume check is DISABLED. Every target clip will be freshly re-downloaded/re-cut and will OVERWRITE whatever is currently in --output_dir. This is meant for a one-time corrective run over an --output_dir that may hold stale clips from an older/buggy run -- see module docstring, 'CONFIRMED BUG (2026-09-08)'.
[21:56:09] 1999 distinct source YouTube videos among those targets
[21:56:09] ======================================================================
[21:56:09] Downloading + cutting clips (grouped by source video)
[21:56:09] ======================================================================
[21:56:09]   [video 1/1999] yt-dlp GsTzCoJ89GI (1 clip(s) needed) ...
[21:56:18]     [1/2000] cutting GsTzCoJ89GI_4.mp4 (0:01:08.501 -> 0:01:14.307)
[21:56:19]   [video 2/1999] yt-dlp G252maEM8v8 (1 clip(s) needed) ...
[21:56:26]     [2/2000] cutting G252maEM8v8_1.mp4 (0:00:09.843 -> 0:00:16.950)
[21:56:26]   [video 3/1999] yt-dlp VJ7mgFe5xyQ (1 clip(s) needed) ...
[21:56:33]     [3/2000] cutting VJ7mgFe5xyQ_2.mp4 (0:01:36.629 -> 0:01:53.546)
[21:56:33]   [video 4/1999] yt-dlp -ulfn1GPrIo (1 clip(s) needed) ...
[21:56:37]     [4/2000] cutting -ulfn1GPrIo_4.mp4 (0:00:35.668 -> 0:00:39.939)
[21:56:37]   [video 5/1999] yt-dlp Ri83Je070eg (1 clip(s) needed) ...
[21:56:48]     [5/2000] cutting Ri83Je070eg_32.mp4 (0:06:01.360 -> 0:06:19.640)
[21:56:48]   [video 6/1999] yt-dlp 0hMAgSbOwxY (1 clip(s) needed) ...
[21:56:59]     [6/2000] cutting 0hMAgSbOwxY_47.mp4 (0:06:21.547 -> 0:06:31.624)
[21:56:59]   [video 7/1999] yt-dlp D8ENygSp1F8 (1 clip(s) needed) ...
[21:57:05]     [7/2000] cutting D8ENygSp1F8_6.mp4 (0:01:01.436 -> 0:01:06.483)
[21:57:05]   [video 8/1999] yt-dlp u1d8o0c_-BU (1 clip(s) needed) ...
[21:57:10]     [8/2000] cutting u1d8o0c_-BU_3.mp4 (0:00:31.400 -> 0:00:35.833)
[21:57:10]   [video 9/1999] yt-dlp ZrbrnpVlZpA (1 clip(s) needed) ...
[21:57:21]     [9/2000] cutting ZrbrnpVlZpA_26.mp4 (0:11:11.303 -> 0:11:59.351)
[21:57:22]   [video 10/1999] yt-dlp _YK6KrBDgzM (1 clip(s) needed) ...
[21:57:26]     [10/2000] cutting _YK6KrBDgzM_0.mp4 (0:00:06.006 -> 0:00:24.057)
[21:57:26]   [video 11/1999] yt-dlp Y9cVDpF2FEw (1 clip(s) needed) ...
[21:57:34]     [11/2000] cutting Y9cVDpF2FEw_37.mp4 (0:04:30.853 -> 0:04:34.857)
[21:57:34]   [video 12/1999] yt-dlp ZlM0Lony0bw (1 clip(s) needed) ...
[21:57:40]     [12/2000] cutting ZlM0Lony0bw_6.mp4 (0:01:51.080 -> 0:02:00.800)
[21:57:40]   [video 13/1999] yt-dlp ljpJ8sDFrOI (1 clip(s) needed) ...
[21:57:48]     [13/2000] cutting ljpJ8sDFrOI_9.mp4 (0:01:12.947 -> 0:01:17.243)
[21:57:48]   [video 14/1999] yt-dlp AtC3zQyLuwU (1 clip(s) needed) ...
[21:57:54]     [14/2000] cutting AtC3zQyLuwU_3.mp4 (0:00:18.118 -> 0:00:22.922)
[21:57:54]   [video 15/1999] yt-dlp 1Imci3bumD0 (1 clip(s) needed) ...
[21:58:02]     [15/2000] cutting 1Imci3bumD0_29.mp4 (0:05:02.719 -> 0:05:06.347)
[21:58:02]   [video 16/1999] yt-dlp c__Cxo62XaU (1 clip(s) needed) ...
[21:58:08]     [16/2000] cutting c__Cxo62XaU_8.mp4 (0:00:57.080 -> 0:01:00.200)
[21:58:08]   [video 17/1999] yt-dlp gb77Ab2VZ10 (1 clip(s) needed) ...
[21:58:14]     [17/2000] cutting gb77Ab2VZ10_0.mp4 (0:00:03.470 -> 0:00:31.331)
[21:58:14]   [video 18/1999] yt-dlp LzmSKWtL-RI (1 clip(s) needed) ...
[21:58:20]     [18/2000] cutting LzmSKWtL-RI_2.mp4 (0:01:16.176 -> 0:01:21.014)
[21:58:20]   [video 19/1999] yt-dlp 6wQOY-vZmlU (1 clip(s) needed) ...
[21:58:28]     [19/2000] cutting 6wQOY-vZmlU_3.mp4 (0:01:19.266 -> 0:01:30.233)
[21:58:29]   [video 20/1999] yt-dlp ugwuR8l1kD8 (1 clip(s) needed) ...
[21:58:40]     [20/2000] cutting ugwuR8l1kD8_18.mp4 (0:05:40.306 -> 0:06:00.660)
[21:58:41]   [video 21/1999] yt-dlp y6k8eucDKIc (1 clip(s) needed) ...
[21:58:46]     [21/2000] cutting y6k8eucDKIc_3.mp4 (0:00:17.984 -> 0:00:22.022)
[21:58:46]   [video 22/1999] yt-dlp WPyx-rcCNyk (1 clip(s) needed) ...
[21:58:56]     [22/2000] cutting WPyx-rcCNyk_1.mp4 (0:00:24.224 -> 0:01:12.272)
[21:58:56]   [video 23/1999] yt-dlp Lzb2MrGsUAw (1 clip(s) needed) ...
[21:59:03]     [23/2000] cutting Lzb2MrGsUAw_3.mp4 (0:01:11.433 -> 0:01:20.133)
[21:59:03]   [video 24/1999] yt-dlp fFzxpSG5irs (1 clip(s) needed) ...
[21:59:07]     [24/2000] cutting fFzxpSG5irs_4.mp4 (0:00:33.360 -> 0:00:37.520)
[21:59:07]   [video 25/1999] yt-dlp 5YEfj46Ta7w (1 clip(s) needed) ...
[21:59:13]     [25/2000] cutting 5YEfj46Ta7w_5.mp4 (0:00:48.798 -> 0:00:54.137)
[21:59:13]   [video 26/1999] yt-dlp bU0n8gAHgBQ (1 clip(s) needed) ...
[21:59:24]     [26/2000] cutting bU0n8gAHgBQ_1.mp4 (0:00:16.000 -> 0:01:04.000)
[21:59:24]   [video 27/1999] yt-dlp FPIaA85cLCE (1 clip(s) needed) ...
[21:59:35]     [27/2000] cutting FPIaA85cLCE_29.mp4 (0:05:21.708 -> 0:05:29.041)
[21:59:35]   [video 28/1999] yt-dlp mKUamkdeP8s (1 clip(s) needed) ...
[21:59:46]     [28/2000] cutting mKUamkdeP8s_7.mp4 (0:07:58.200 -> 0:08:17.320)
[21:59:46]   [video 29/1999] yt-dlp REi8y34Y8Bc (1 clip(s) needed) ...
[21:59:57]     [29/2000] cutting REi8y34Y8Bc_44.mp4 (0:05:52.320 -> 0:05:57.440)
[21:59:57]   [video 30/1999] yt-dlp 1padKLj7VVI (1 clip(s) needed) ...
[22:00:05]     [30/2000] cutting 1padKLj7VVI_15.mp4 (0:02:28.047 -> 0:02:33.319)
[22:00:05]   [video 31/1999] yt-dlp gg4zjsh-AGo (1 clip(s) needed) ...
[22:00:11]     [31/2000] cutting gg4zjsh-AGo_1.mp4 (0:00:41.800 -> 0:00:46.600)
[22:00:11]   [video 32/1999] yt-dlp LnjX6QKSRKg (1 clip(s) needed) ...
[22:00:17]     [32/2000] cutting LnjX6QKSRKg_1.mp4 (0:00:25.859 -> 0:01:13.907)
[22:00:17]   [video 33/1999] yt-dlp gkhS6eeL-Hs (1 clip(s) needed) ...
[22:00:23]     [33/2000] cutting gkhS6eeL-Hs_5.mp4 (0:00:30.463 -> 0:00:36.403)
[22:00:23]   [video 34/1999] yt-dlp Pt8ZzUw8YYQ (1 clip(s) needed) ...
[22:00:31]     [34/2000] cutting Pt8ZzUw8YYQ_2.mp4 (0:00:50.450 -> 0:01:38.498)
[22:00:32]   [video 35/1999] yt-dlp 440e-06EqLk (1 clip(s) needed) ...
[22:00:35]     FAILED: ERROR: [youtube] 440e-06EqLk: This video is not available
[22:00:35]   [video 36/1999] yt-dlp fXMCCUgGImI (1 clip(s) needed) ...
[22:00:47]     [36/2000] cutting fXMCCUgGImI_25.mp4 (0:07:37.256 -> 0:08:04.984)
[22:00:47]   [video 37/1999] yt-dlp olpiEuxAVgc (1 clip(s) needed) ...
[22:00:54]     [37/2000] cutting olpiEuxAVgc_13.mp4 (0:04:42.415 -> 0:05:06.406)
[22:00:54]   [video 38/1999] yt-dlp ujvBdwGWPM8 (1 clip(s) needed) ...
[22:01:04]     [38/2000] cutting ujvBdwGWPM8_14.mp4 (0:03:40.253 -> 0:04:28.301)
[22:01:04]   [video 39/1999] yt-dlp K_ysgHiFpEs (1 clip(s) needed) ...
[22:01:11]     [39/2000] cutting K_ysgHiFpEs_27.mp4 (0:04:25.421 -> 0:04:38.885)
[22:01:11]   [video 40/1999] yt-dlp uBn3UV2njIA (1 clip(s) needed) ...
[22:01:15]     [40/2000] cutting uBn3UV2njIA_3.mp4 (0:00:29.440 -> 0:00:32.640)
[22:01:15]   [video 41/1999] yt-dlp pwTmkmOU7uc (1 clip(s) needed) ...
[22:01:21]     [41/2000] cutting pwTmkmOU7uc_11.mp4 (0:01:16.976 -> 0:01:27.253)
[22:01:21]   [video 42/1999] yt-dlp dgFNNBTAoLk (1 clip(s) needed) ...
[22:01:25]     FAILED: ERROR: [youtube] dgFNNBTAoLk: This video is not available
[22:01:25]   [video 43/1999] yt-dlp PeBSIAPuMwk (1 clip(s) needed) ...
[22:01:31]     [43/2000] cutting PeBSIAPuMwk_5.mp4 (0:00:23.360 -> 0:00:28.480)
[22:01:31]   [video 44/1999] yt-dlp QwxMlpUo1CI (1 clip(s) needed) ...
[22:01:42]     [44/2000] cutting QwxMlpUo1CI_3.mp4 (0:02:24.500 -> 0:02:29.916)
[22:01:42]   [video 45/1999] yt-dlp M0-FGoTMD1s (1 clip(s) needed) ...
[22:01:53]     [45/2000] cutting M0-FGoTMD1s_4.mp4 (0:05:26.893 -> 0:05:50.883)
[22:01:53]   [video 46/1999] yt-dlp pSRJrkxtQ1Y (1 clip(s) needed) ...
[22:01:58]     [46/2000] cutting pSRJrkxtQ1Y_1.mp4 (0:00:24.774 -> 0:00:29.612)
[22:01:58]   [video 47/1999] yt-dlp cyZTbD3v8VE (1 clip(s) needed) ...
[22:02:05]     [47/2000] cutting cyZTbD3v8VE_3.mp4 (0:01:02.729 -> 0:01:07.859)
[22:02:05]   [video 48/1999] yt-dlp yGPPio8d63w (1 clip(s) needed) ...
[22:02:08]     FAILED: ERROR: [youtube] yGPPio8d63w: This video is unavailable
[22:02:08]   [video 49/1999] yt-dlp iLa3xQfmxC8 (1 clip(s) needed) ...
[22:02:15]     [49/2000] cutting iLa3xQfmxC8_3.mp4 (0:00:21.000 -> 0:00:27.120)
[22:02:15]   [video 50/1999] yt-dlp E4JxAJnxR4I (1 clip(s) needed) ...
[22:02:26]     [50/2000] cutting E4JxAJnxR4I_4.mp4 (0:05:52.819 -> 0:06:23.483)
[22:02:26]   [video 51/1999] yt-dlp 1cP1okQnuJ8 (1 clip(s) needed) ...
[22:02:36]     [51/2000] cutting 1cP1okQnuJ8_1.mp4 (0:02:29.749 -> 0:03:03.316)
[22:02:36]   [video 52/1999] yt-dlp CLtqXgviaP8 (1 clip(s) needed) ...
[22:02:48]     [52/2000] cutting CLtqXgviaP8_36.mp4 (0:09:35.441 -> 0:09:45.351)
[22:02:48]   [video 53/1999] yt-dlp z6DuzV18BeU (1 clip(s) needed) ...
[22:03:00]     [53/2000] cutting z6DuzV18BeU_3.mp4 (0:02:05.058 -> 0:02:53.106)
[22:03:01]   [video 54/1999] yt-dlp I1JcNB5xt-4 (1 clip(s) needed) ...
[22:03:10]     [54/2000] cutting I1JcNB5xt-4_19.mp4 (0:07:19.439 -> 0:07:23.476)
[22:03:10]   [video 55/1999] yt-dlp uxpMKkcQRgI (1 clip(s) needed) ...
[22:03:18]     [55/2000] cutting uxpMKkcQRgI_11.mp4 (0:01:43.133 -> 0:01:48.200)
[22:03:18]   [video 56/1999] yt-dlp 47SZiXscGS4 (1 clip(s) needed) ...
[22:03:25]     [56/2000] cutting 47SZiXscGS4_20.mp4 (0:02:56.280 -> 0:03:04.920)
[22:03:25]   [video 57/1999] yt-dlp SbcsmahANm0 (1 clip(s) needed) ...
[22:03:32]     [57/2000] cutting SbcsmahANm0_7.mp4 (0:00:58.200 -> 0:01:04.600)
[22:03:32]   [video 58/1999] yt-dlp -z8g01wuE5c (1 clip(s) needed) ...
[22:03:37]     [58/2000] cutting -z8g01wuE5c_3.mp4 (0:00:55.055 -> 0:01:43.103)
[22:03:37]   [video 59/1999] yt-dlp sOk-_dHAcYk (1 clip(s) needed) ...
[22:03:40]     FAILED: ERROR: [youtube] sOk-_dHAcYk: This video has been removed for violating YouTube's Terms of Service
[22:03:40]   [video 60/1999] yt-dlp DxsSXmgFhz0 (1 clip(s) needed) ...
[22:03:51]     [60/2000] cutting DxsSXmgFhz0_18.mp4 (0:07:29.920 -> 0:07:47.440)
[22:03:52]   [video 61/1999] yt-dlp CbJuPoNGmhk (1 clip(s) needed) ...
[22:03:59]     [61/2000] cutting CbJuPoNGmhk_7.mp4 (0:00:41.360 -> 0:00:44.560)
[22:03:59]   [video 62/1999] yt-dlp YOK7-3daecs (1 clip(s) needed) ...
[22:04:05]     [62/2000] cutting YOK7-3daecs_4.mp4 (0:00:37.704 -> 0:00:41.441)
[22:04:05]   [video 63/1999] yt-dlp BMi3N6ZRAGA (1 clip(s) needed) ...
[22:04:10]     [63/2000] cutting BMi3N6ZRAGA_10.mp4 (0:02:52.272 -> 0:03:00.547)
[22:04:10]   [video 64/1999] yt-dlp wbsUTESwOMY (1 clip(s) needed) ...
[22:04:16]     [64/2000] cutting wbsUTESwOMY_8.mp4 (0:01:07.267 -> 0:01:22.348)
[22:04:16]   [video 65/1999] yt-dlp jpJrSEMLiRQ (1 clip(s) needed) ...
[22:04:25]     [65/2000] cutting jpJrSEMLiRQ_6.mp4 (0:00:56.856 -> 0:01:08.334)
[22:04:25]   [video 66/1999] yt-dlp wSSSm2Af_qM (1 clip(s) needed) ...
[22:04:34]     [66/2000] cutting wSSSm2Af_qM_0.mp4 (0:00:10.443 -> 0:00:14.481)
[22:04:34]   [video 67/1999] yt-dlp Hq2j67veomk (1 clip(s) needed) ...
[22:04:39]     [67/2000] cutting Hq2j67veomk_3.mp4 (0:00:41.120 -> 0:00:46.800)
[22:04:39]   [video 68/1999] yt-dlp p2IECEG7F9k (1 clip(s) needed) ...
[22:04:49]     [68/2000] cutting p2IECEG7F9k_3.mp4 (0:02:42.662 -> 0:02:50.670)
[22:04:49]   [video 69/1999] yt-dlp HfQZztwbdJQ (1 clip(s) needed) ...
[22:04:54]     [69/2000] cutting HfQZztwbdJQ_0.mp4 (0:00:04.070 -> 0:00:12.112)
[22:04:54]   [video 70/1999] yt-dlp 9cYulkrZOMg (1 clip(s) needed) ...
[22:05:06]     [70/2000] cutting 9cYulkrZOMg_1.mp4 (0:03:14.110 -> 0:03:29.167)
[22:05:06]   [video 71/1999] yt-dlp TaBr9oS0pX8 (1 clip(s) needed) ...
[22:05:20]     [71/2000] cutting TaBr9oS0pX8_70.mp4 (0:07:46.365 -> 0:07:52.538)
[22:05:20]   [video 72/1999] yt-dlp doxAzKzOZjE (1 clip(s) needed) ...
[22:05:31]     [72/2000] cutting doxAzKzOZjE_33.mp4 (0:05:41.107 -> 0:05:45.378)
[22:05:31]   [video 73/1999] yt-dlp 0AdxqByLQkU (1 clip(s) needed) ...
[22:05:39]     [73/2000] cutting 0AdxqByLQkU_31.mp4 (0:03:53.080 -> 0:03:56.360)
[22:05:39]   [video 74/1999] yt-dlp na2XMhs8-YY (1 clip(s) needed) ...
[22:05:46]     [74/2000] cutting na2XMhs8-YY_1.mp4 (0:00:17.480 -> 0:00:37.520)
[22:05:46]   [video 75/1999] yt-dlp DPSzWeRCS7c (1 clip(s) needed) ...
[22:05:54]     [75/2000] cutting DPSzWeRCS7c_2.mp4 (0:00:30.030 -> 0:01:11.071)
[22:05:54]   [video 76/1999] yt-dlp 678JnccfL8I (1 clip(s) needed) ...
[22:06:09]     [76/2000] cutting 678JnccfL8I_3.mp4 (0:11:28.240 -> 0:12:16.240)
[22:06:10]   [video 77/1999] yt-dlp BslmaYBXl6o (1 clip(s) needed) ...
[22:06:18]     [77/2000] cutting BslmaYBXl6o_0.mp4 (0:00:56.633 -> 0:01:39.466)
[22:06:18]   [video 78/1999] yt-dlp D7oZUMzaLCo (1 clip(s) needed) ...
[22:06:28]     [78/2000] cutting D7oZUMzaLCo_5.mp4 (0:06:35.160 -> 0:06:55.200)
[22:06:28]   [video 79/1999] yt-dlp eD02AvZUKrM (1 clip(s) needed) ...
[22:06:35]     [79/2000] cutting eD02AvZUKrM_3.mp4 (0:01:50.743 -> 0:02:22.859)
[22:06:35]   [video 80/1999] yt-dlp LeQukWiSnE0 (1 clip(s) needed) ...
[22:06:53]     [80/2000] cutting LeQukWiSnE0_2.mp4 (0:07:16.000 -> 0:08:04.000)
[22:06:53]   [video 81/1999] yt-dlp Vtp0d3ecHGg (1 clip(s) needed) ...
[22:07:04]     [81/2000] cutting Vtp0d3ecHGg_29.mp4 (0:09:22.760 -> 0:09:28.160)
[22:07:04]   [video 82/1999] yt-dlp h65bT52SOwk (1 clip(s) needed) ...
[22:07:07]     FAILED: ERROR: [youtube] h65bT52SOwk: Private video
[22:07:07]   [video 83/1999] yt-dlp hVodeUgu69s (1 clip(s) needed) ...
[22:07:15]     [83/2000] cutting hVodeUgu69s_2.mp4 (0:00:19.786 -> 0:00:23.823)
[22:07:15]   [video 84/1999] yt-dlp FN2MKfbFrTg (1 clip(s) needed) ...
[22:07:22]     [84/2000] cutting FN2MKfbFrTg_11.mp4 (0:01:21.548 -> 0:01:26.920)
[22:07:22]   [video 85/1999] yt-dlp H-hgZIAFRiw (1 clip(s) needed) ...
[22:07:31]     [85/2000] cutting H-hgZIAFRiw_3.mp4 (0:00:17.951 -> 0:00:23.790)
[22:07:31]   [video 86/1999] yt-dlp RO9PU9OFimk (1 clip(s) needed) ...
[22:07:38]     [86/2000] cutting RO9PU9OFimk_0.mp4 (0:00:03.336 -> 0:00:30.155)
[22:07:38]   [video 87/1999] yt-dlp fM1xz_MWEMw (1 clip(s) needed) ...
[22:07:48]     [87/2000] cutting fM1xz_MWEMw_18.mp4 (0:03:47.333 -> 0:03:57.375)
[22:07:48]   [video 88/1999] yt-dlp -XwiF5yMKiU (1 clip(s) needed) ...
[22:08:03]     [88/2000] cutting -XwiF5yMKiU_4.mp4 (0:02:05.816 -> 0:02:53.816)
[22:08:03]   [video 89/1999] yt-dlp h7T6oZEfXzE (1 clip(s) needed) ...
[22:08:10]     [89/2000] cutting h7T6oZEfXzE_0.mp4 (0:00:04.504 -> 0:00:10.043)
[22:08:10]   [video 90/1999] yt-dlp eMnyDbZ-kWA (1 clip(s) needed) ...
[22:08:23]     [90/2000] cutting eMnyDbZ-kWA_5.mp4 (0:08:04.867 -> 0:08:52.882)
[22:08:23]   [video 91/1999] yt-dlp QzO6Ez6o7TE (1 clip(s) needed) ...
[22:08:32]     [91/2000] cutting QzO6Ez6o7TE_34.mp4 (0:05:03.680 -> 0:05:13.640)
[22:08:32]   [video 92/1999] yt-dlp 36WY9NRxlE4 (1 clip(s) needed) ...
[22:08:38]     [92/2000] cutting 36WY9NRxlE4_2.mp4 (0:03:30.510 -> 0:04:18.524)
[22:08:38]   [video 93/1999] yt-dlp AXaP9bqJUJU (1 clip(s) needed) ...
[22:08:50]     [93/2000] cutting AXaP9bqJUJU_6.mp4 (0:02:02.040 -> 0:02:16.480)
[22:08:50]   [video 94/1999] yt-dlp Bce2OAA8Hyw (1 clip(s) needed) ...
[22:08:55]     [94/2000] cutting Bce2OAA8Hyw_2.mp4 (0:00:30.263 -> 0:00:42.108)
[22:08:55]   [video 95/1999] yt-dlp OQADPAwGIiE (1 clip(s) needed) ...
[22:09:03]     [95/2000] cutting OQADPAwGIiE_5.mp4 (0:00:55.560 -> 0:01:00.840)
[22:09:03]   [video 96/1999] yt-dlp PsaPvtdmftg (1 clip(s) needed) ...
[22:09:14]     [96/2000] cutting PsaPvtdmftg_2.mp4 (0:02:05.725 -> 0:02:09.729)
[22:09:14]   [video 97/1999] yt-dlp 3bzzM3bFTWQ (1 clip(s) needed) ...
[22:09:20]     [97/2000] cutting 3bzzM3bFTWQ_4.mp4 (0:01:22.153 -> 0:02:04.655)
[22:09:20]   [video 98/1999] yt-dlp 5dH7ZpZ_x28 (1 clip(s) needed) ...
[22:09:30]     [98/2000] cutting 5dH7ZpZ_x28_13.mp4 (0:02:18.360 -> 0:02:29.400)
[22:09:30]   [video 99/1999] yt-dlp 5PKimQZVjqk (1 clip(s) needed) ...
[22:09:37]     [99/2000] cutting 5PKimQZVjqk_12.mp4 (0:01:17.760 -> 0:01:22.760)
[22:09:37]   [video 100/1999] yt-dlp 8FsLt_0epRg (1 clip(s) needed) ...
[22:09:44]     [100/2000] cutting 8FsLt_0epRg_4.mp4 (0:00:34.768 -> 0:00:44.778)
[22:09:45]   [video 101/1999] yt-dlp bweuuuhLirI (1 clip(s) needed) ...
[22:09:49]     [101/2000] cutting bweuuuhLirI_3.mp4 (0:00:14.314 -> 0:00:18.852)
[22:09:50]   [video 102/1999] yt-dlp H2nbFRy0awA (1 clip(s) needed) ...
[22:10:05]     [102/2000] cutting H2nbFRy0awA_7.mp4 (0:10:11.920 -> 0:10:46.440)
[22:10:05]   [video 103/1999] yt-dlp DwRnipWuU04 (1 clip(s) needed) ...
[22:10:12]     [103/2000] cutting DwRnipWuU04_4.mp4 (0:01:39.365 -> 0:01:55.348)
[22:10:13]   [video 104/1999] yt-dlp WW30WM8DEbU (1 clip(s) needed) ...
[22:10:20]     [104/2000] cutting WW30WM8DEbU_5.mp4 (0:01:31.324 -> 0:02:19.372)
[22:10:20]   [video 105/1999] yt-dlp f1jui5lElAo (1 clip(s) needed) ...
[22:10:28]     [105/2000] cutting f1jui5lElAo_3.mp4 (0:01:55.448 -> 0:02:00.870)
[22:10:28]   [video 106/1999] yt-dlp IzAf2jGH5n0 (1 clip(s) needed) ...
[22:10:33]     [106/2000] cutting IzAf2jGH5n0_2.mp4 (0:00:29.548 -> 0:00:37.571)
[22:10:33]   [video 107/1999] yt-dlp J9is61XA6gU (1 clip(s) needed) ...
[22:10:42]     [107/2000] cutting J9is61XA6gU_3.mp4 (0:04:10.483 -> 0:04:31.938)
[22:10:42]   [video 108/1999] yt-dlp LAs2sZRUi4I (1 clip(s) needed) ...
[22:10:52]     [108/2000] cutting LAs2sZRUi4I_4.mp4 (0:00:41.641 -> 0:00:52.318)
[22:10:52]   [video 109/1999] yt-dlp mLdgiSU9ZVc (1 clip(s) needed) ...
[22:11:06]     [109/2000] cutting mLdgiSU9ZVc_39.mp4 (0:10:18.284 -> 0:10:23.756)
[22:11:06]   [video 110/1999] yt-dlp UyCLLXE22yA (1 clip(s) needed) ...
[22:11:15]     [110/2000] cutting UyCLLXE22yA_1.mp4 (0:01:00.126 -> 0:01:04.164)
[22:11:15]   [video 111/1999] yt-dlp A8V1LFn7Be0 (1 clip(s) needed) ...
[22:11:24]     [111/2000] cutting A8V1LFn7Be0_5.mp4 (0:02:29.500 -> 0:02:37.000)
[22:11:24]   [video 112/1999] yt-dlp jdy4zLL0Dbk (1 clip(s) needed) ...
[22:11:37]     [112/2000] cutting jdy4zLL0Dbk_3.mp4 (0:01:11.233 -> 0:01:36.633)
[22:11:37]   [video 113/1999] yt-dlp vLx745EV8xs (1 clip(s) needed) ...
[22:11:49]     [113/2000] cutting vLx745EV8xs_19.mp4 (0:10:34.800 -> 0:10:51.117)
[22:11:49]   [video 114/1999] yt-dlp RCh7oQGj_RU (1 clip(s) needed) ...
[22:11:52]     FAILED: ERROR: [youtube] RCh7oQGj_RU: Private video
[22:11:52]   [video 115/1999] yt-dlp gwtdqhedEL4 (1 clip(s) needed) ...
[22:11:57]     [115/2000] cutting gwtdqhedEL4_9.mp4 (0:01:28.291 -> 0:01:31.291)
[22:11:57]   [video 116/1999] yt-dlp U49i9FKVcJ4 (1 clip(s) needed) ...
[22:12:00]     FAILED: ERROR: [youtube] U49i9FKVcJ4: Please sign in. Use --cookies-from-browser or --cookies for the authentication. See  https://github.com/yt-dlp/yt-dlp/wiki/FAQ#how-do-i-pass-cookies-to-yt-dlp  for how to manually pass cookies. Also see  https://github.com/yt-dlp/yt-dlp/wiki/Extractors#exporting-youtube-cookies  for tips on effectively exporting YouTube cookies
[22:12:00]   [video 117/1999] yt-dlp aOFnthn4DKo (1 clip(s) needed) ...
[22:12:19]     [117/2000] cutting aOFnthn4DKo_14.mp4 (0:09:44.333 -> 0:09:48.333)
[22:12:19]   [video 118/1999] yt-dlp MSrZNItrvHo (1 clip(s) needed) ...
[22:12:27]     [118/2000] cutting MSrZNItrvHo_3.mp4 (0:03:16.663 -> 0:03:20.700)
[22:12:27]   [video 119/1999] yt-dlp xpeOqXruBrk (1 clip(s) needed) ...
[22:12:33]     [119/2000] cutting xpeOqXruBrk_7.mp4 (0:03:19.365 -> 0:03:48.194)
[22:12:33]   [video 120/1999] yt-dlp AURhUArFyrw (1 clip(s) needed) ...
[22:12:45]     [120/2000] cutting AURhUArFyrw_4.mp4 (0:02:49.802 -> 0:03:17.030)
[22:12:45]   [video 121/1999] yt-dlp Oh4PzHKgkKY (1 clip(s) needed) ...
[22:12:51]     [121/2000] cutting Oh4PzHKgkKY_9.mp4 (0:01:02.395 -> 0:01:08.835)
[22:12:51]   [video 122/1999] yt-dlp aMyWNAWHJrY (1 clip(s) needed) ...
[22:13:04]     [122/2000] cutting aMyWNAWHJrY_19.mp4 (0:04:19.800 -> 0:04:23.800)
[22:13:04]   [video 123/1999] yt-dlp zoldtn36mo8 (1 clip(s) needed) ...
[22:13:16]     [123/2000] cutting zoldtn36mo8_9.mp4 (0:01:21.181 -> 0:01:25.218)
[22:13:16]   [video 124/1999] yt-dlp e7AuKmIA6Kk (1 clip(s) needed) ...
[22:13:26]     [124/2000] cutting e7AuKmIA6Kk_1.mp4 (0:04:57.500 -> 0:05:17.500)
[22:13:26]   [video 125/1999] yt-dlp 6XdRQAGi9LQ (1 clip(s) needed) ...
[22:13:35]     [125/2000] cutting 6XdRQAGi9LQ_3.mp4 (0:00:35.080 -> 0:00:39.520)
[22:13:35]   [video 126/1999] yt-dlp A9qLCrAewyY (1 clip(s) needed) ...
[22:13:43]     [126/2000] cutting A9qLCrAewyY_13.mp4 (0:01:30.990 -> 0:01:39.265)
[22:13:43]   [video 127/1999] yt-dlp OJTxMf9krx8 (1 clip(s) needed) ...
[22:13:51]     [127/2000] cutting OJTxMf9krx8_2.mp4 (0:00:35.500 -> 0:00:39.500)
[22:13:51]   [video 128/1999] yt-dlp ydhzwi5dFds (1 clip(s) needed) ...
[22:14:11]     [128/2000] cutting ydhzwi5dFds_7.mp4 (0:04:44.133 -> 0:04:55.566)
[22:14:11]   [video 129/1999] yt-dlp wKDlHiet3ZQ (1 clip(s) needed) ...
[22:14:20]     [129/2000] cutting wKDlHiet3ZQ_30.mp4 (0:06:23.182 -> 0:06:29.622)
[22:14:20]   [video 130/1999] yt-dlp 2Q7HZnFnLuQ (1 clip(s) needed) ...
[22:14:26]     [130/2000] cutting 2Q7HZnFnLuQ_3.mp4 (0:00:51.885 -> 0:01:01.494)
[22:14:26]   [video 131/1999] yt-dlp OTAXykiqsGs (1 clip(s) needed) ...
[22:14:43]     [131/2000] cutting OTAXykiqsGs_3.mp4 (0:03:09.939 -> 0:03:14.777)
[22:14:43]   [video 132/1999] yt-dlp IVi72WADebk (1 clip(s) needed) ...
[22:14:50]     [132/2000] cutting IVi72WADebk_34.mp4 (0:03:38.680 -> 0:03:43.160)
[22:14:50]   [video 133/1999] yt-dlp x9UgW8EdQCk (1 clip(s) needed) ...
[22:15:00]     [133/2000] cutting x9UgW8EdQCk_7.mp4 (0:03:25.400 -> 0:03:47.583)
[22:15:00]   [video 134/1999] yt-dlp PAI9dWlOSbg (1 clip(s) needed) ...
[22:15:06]     [134/2000] cutting PAI9dWlOSbg_17.mp4 (0:02:13.800 -> 0:02:19.800)
[22:15:06]   [video 135/1999] yt-dlp ZaoHEXBV0fI (1 clip(s) needed) ...
[22:15:18]     [135/2000] cutting ZaoHEXBV0fI_32.mp4 (0:05:42.880 -> 0:05:51.360)
[22:15:18]   [video 136/1999] yt-dlp 4ejo_Tkv-0o (1 clip(s) needed) ...
[22:15:24]     [136/2000] cutting 4ejo_Tkv-0o_1.mp4 (0:00:17.050 -> 0:00:23.189)
[22:15:24]   [video 137/1999] yt-dlp 1Gwrv6aL1aA (1 clip(s) needed) ...
[22:15:40]     [137/2000] cutting 1Gwrv6aL1aA_12.mp4 (0:07:45.565 -> 0:07:49.836)
[22:15:40]   [video 138/1999] yt-dlp l_TLNu-VcsI (1 clip(s) needed) ...
[22:15:46]     [138/2000] cutting l_TLNu-VcsI_4.mp4 (0:00:32.250 -> 0:00:37.583)
[22:15:46]   [video 139/1999] yt-dlp LDFhytZ7lX4 (1 clip(s) needed) ...
[22:15:52]     [139/2000] cutting LDFhytZ7lX4_2.mp4 (0:00:37.504 -> 0:00:52.719)
[22:15:52]   [video 140/1999] yt-dlp heSxSQsaFKg (1 clip(s) needed) ...
[22:15:59]     [140/2000] cutting heSxSQsaFKg_42.mp4 (0:04:15.960 -> 0:04:20.760)
[22:15:59]   [video 141/1999] yt-dlp EUf8nsAZuv8 (1 clip(s) needed) ...
[22:16:09]     [141/2000] cutting EUf8nsAZuv8_2.mp4 (0:00:37.303 -> 0:01:25.318)
[22:16:10]   [video 142/1999] yt-dlp jPeoqG6UIx8 (1 clip(s) needed) ...
[22:16:19]     [142/2000] cutting jPeoqG6UIx8_23.mp4 (0:07:25.778 -> 0:07:39.058)
[22:16:19]   [video 143/1999] yt-dlp zrORufDNgOs (1 clip(s) needed) ...
[22:16:24]     [143/2000] cutting zrORufDNgOs_2.mp4 (0:02:13.166 -> 0:02:48.968)
[22:16:25]   [video 144/1999] yt-dlp AGwBDabCo7s (1 clip(s) needed) ...
[22:16:31]     [144/2000] cutting AGwBDabCo7s_2.mp4 (0:01:52.566 -> 0:02:38.766)
[22:16:31]   [video 145/1999] yt-dlp IJgJ4Nr292I (1 clip(s) needed) ...
[22:16:40]     [145/2000] cutting IJgJ4Nr292I_1.mp4 (0:00:11.444 -> 0:00:24.657)
[22:16:40]   [video 146/1999] yt-dlp _dJF1Y2BVFg (1 clip(s) needed) ...
[22:16:45]     [146/2000] cutting _dJF1Y2BVFg_0.mp4 (0:00:03.560 -> 0:00:32.120)
[22:16:45]   [video 147/1999] yt-dlp ah-tuQ7imqM (1 clip(s) needed) ...
[22:16:56]     [147/2000] cutting ah-tuQ7imqM_7.mp4 (0:08:27.666 -> 0:09:15.666)
[22:16:57]   [video 148/1999] yt-dlp VVaQIwVM_JU (1 clip(s) needed) ...
[22:17:02]     [148/2000] cutting VVaQIwVM_JU_1.mp4 (0:00:11.160 -> 0:00:51.160)
[22:17:02]   [video 149/1999] yt-dlp sensMBNMlGQ (1 clip(s) needed) ...
[22:17:09]     [149/2000] cutting sensMBNMlGQ_9.mp4 (0:01:24.017 -> 0:01:29.355)
[22:17:09]   [video 150/1999] yt-dlp mbKJIl43oS0 (1 clip(s) needed) ...
[22:17:23]     [150/2000] cutting mbKJIl43oS0_32.mp4 (0:12:21.874 -> 0:12:36.155)
[22:17:23]   [video 151/1999] yt-dlp HGYo-u5L6CU (1 clip(s) needed) ...
[22:17:38]     [151/2000] cutting HGYo-u5L6CU_3.mp4 (0:04:27.300 -> 0:04:31.337)
[22:17:38]   [video 152/1999] yt-dlp nzveycM7hLk (1 clip(s) needed) ...
[22:17:46]     [152/2000] cutting nzveycM7hLk_6.mp4 (0:06:09.502 -> 0:06:27.153)
[22:17:47]   [video 153/1999] yt-dlp 4P9yN-W4o6E (1 clip(s) needed) ...
[22:17:53]     [153/2000] cutting 4P9yN-W4o6E_10.mp4 (0:01:30.023 -> 0:01:33.460)
[22:17:53]   [video 154/1999] yt-dlp LqP-MCZBo9Y (1 clip(s) needed) ...
[22:17:57]     [154/2000] cutting LqP-MCZBo9Y_0.mp4 (0:00:00.640 -> 0:00:06.000)
[22:17:57]   [video 155/1999] yt-dlp KhPbkdz9Xas (1 clip(s) needed) ...
[22:18:05]     [155/2000] cutting KhPbkdz9Xas_10.mp4 (0:04:50.123 -> 0:05:38.171)
[22:18:06]   [video 156/1999] yt-dlp TVsX47Q11Dw (1 clip(s) needed) ...
[22:18:11]     [156/2000] cutting TVsX47Q11Dw_28.mp4 (0:05:12.645 -> 0:05:23.323)
[22:18:11]   [video 157/1999] yt-dlp eUwYVlNQLxc (1 clip(s) needed) ...
[22:18:22]     [157/2000] cutting eUwYVlNQLxc_6.mp4 (0:08:04.000 -> 0:08:52.000)
[22:18:22]   [video 158/1999] yt-dlp 5rXbfGJ0cIY (1 clip(s) needed) ...
[22:18:32]     [158/2000] cutting 5rXbfGJ0cIY_17.mp4 (0:01:54.120 -> 0:01:59.920)
[22:18:32]   [video 159/1999] yt-dlp GZbOPglFmr8 (1 clip(s) needed) ...
[22:18:40]     [159/2000] cutting GZbOPglFmr8_0.mp4 (0:00:08.240 -> 0:00:34.400)
[22:18:40]   [video 160/1999] yt-dlp -O6trn9RpSM (1 clip(s) needed) ...
[22:18:46]     [160/2000] cutting -O6trn9RpSM_6.mp4 (0:00:48.448 -> 0:00:56.890)
[22:18:46]   [video 161/1999] yt-dlp 1fCOiejuQ7k (1 clip(s) needed) ...
[22:18:54]     [161/2000] cutting 1fCOiejuQ7k_2.mp4 (0:00:47.600 -> 0:01:35.600)
[22:18:54]   [video 162/1999] yt-dlp L1SkWyla5bI (1 clip(s) needed) ...
[22:19:01]     [162/2000] cutting L1SkWyla5bI_0.mp4 (0:00:16.000 -> 0:01:04.000)
[22:19:01]   [video 163/1999] yt-dlp Cb1J8BuFudw (1 clip(s) needed) ...
[22:19:08]     [163/2000] cutting Cb1J8BuFudw_24.mp4 (0:03:59.800 -> 0:04:06.480)
[22:19:08]   [video 164/1999] yt-dlp de6DF1HSYxI (1 clip(s) needed) ...
[22:19:14]     [164/2000] cutting de6DF1HSYxI_0.mp4 (0:00:10.080 -> 0:00:53.840)
[22:19:14]   [video 165/1999] yt-dlp _TLDx0KCM9g (1 clip(s) needed) ...
[22:19:17]     FAILED: ERROR: [youtube] _TLDx0KCM9g: Video unavailable
[22:19:17]   [video 166/1999] yt-dlp 2NBc1ZfZRXA (1 clip(s) needed) ...
[22:19:26]     [166/2000] cutting 2NBc1ZfZRXA_3.mp4 (0:00:43.300 -> 0:00:56.133)
[22:19:26]   [video 167/1999] yt-dlp qfwQVH9gGvM (1 clip(s) needed) ...
[22:19:32]     [167/2000] cutting qfwQVH9gGvM_32.mp4 (0:03:14.319 -> 0:03:17.780)
[22:19:32]   [video 168/1999] yt-dlp 2rJX6m4DiFc (1 clip(s) needed) ...
[22:19:39]     [168/2000] cutting 2rJX6m4DiFc_8.mp4 (0:03:02.500 -> 0:03:07.333)
[22:19:39]   [video 169/1999] yt-dlp aVRv0wzoP_U (1 clip(s) needed) ...
[22:19:48]     [169/2000] cutting aVRv0wzoP_U_1.mp4 (0:06:16.509 -> 0:06:21.013)
[22:19:48]   [video 170/1999] yt-dlp 2q067NO4dsg (1 clip(s) needed) ...
[22:19:51]     FAILED: ERROR: [youtube] 2q067NO4dsg: Private video
[22:19:51]   [video 171/1999] yt-dlp 60759uYt-Co (1 clip(s) needed) ...
[22:19:56]     [171/2000] cutting 60759uYt-Co_4.mp4 (0:00:51.117 -> 0:00:56.656)
[22:19:57]   [video 172/1999] yt-dlp 1xRKz0XNXuk (1 clip(s) needed) ...
[22:20:02]     [172/2000] cutting 1xRKz0XNXuk_12.mp4 (0:01:34.494 -> 0:01:38.832)
[22:20:02]   [video 173/1999] yt-dlp LI1hILgfSdE (1 clip(s) needed) ...
[22:20:09]     [173/2000] cutting LI1hILgfSdE_4.mp4 (0:01:22.849 -> 0:01:31.224)
[22:20:09]   [video 174/1999] yt-dlp 4ceXczYFHSg (1 clip(s) needed) ...
[22:20:15]     [174/2000] cutting 4ceXczYFHSg_0.mp4 (0:00:02.760 -> 0:00:24.840)
[22:20:15]   [video 175/1999] yt-dlp LlnQmzdpxNg (1 clip(s) needed) ...
[22:20:26]     [175/2000] cutting LlnQmzdpxNg_11.mp4 (0:05:46.379 -> 0:05:51.184)
[22:20:26]   [video 176/1999] yt-dlp 3bxZuLh3BbI (1 clip(s) needed) ...
[22:20:31]     [176/2000] cutting 3bxZuLh3BbI_0.mp4 (0:00:08.675 -> 0:00:14.597)
[22:20:31]   [video 177/1999] yt-dlp 87ymko4YRMc (1 clip(s) needed) ...
[22:20:38]     [177/2000] cutting 87ymko4YRMc_3.mp4 (0:00:44.544 -> 0:00:51.518)
[22:20:38]   [video 178/1999] yt-dlp yF34Pg30MiI (1 clip(s) needed) ...
[22:20:46]     [178/2000] cutting yF34Pg30MiI_0.mp4 (0:00:15.648 -> 0:01:03.696)
[22:20:46]   [video 179/1999] yt-dlp uj1R0wUzfsE (1 clip(s) needed) ...
[22:21:00]     [179/2000] cutting uj1R0wUzfsE_12.mp4 (0:01:12.266 -> 0:01:20.233)
[22:21:00]   [video 180/1999] yt-dlp OOtr_SfpOO0 (1 clip(s) needed) ...
[22:21:06]     [180/2000] cutting OOtr_SfpOO0_22.mp4 (0:01:54.840 -> 0:02:00.600)
[22:21:06]   [video 181/1999] yt-dlp Neb3Cq1J0u8 (1 clip(s) needed) ...
[22:21:14]     [181/2000] cutting Neb3Cq1J0u8_17.mp4 (0:02:36.489 -> 0:02:39.626)
[22:21:14]   [video 182/1999] yt-dlp laybwjBrT50 (1 clip(s) needed) ...
[22:21:17]     FAILED: ERROR: [youtube] laybwjBrT50: This video is not available
[22:21:17]   [video 183/1999] yt-dlp lCDykrCN86g (1 clip(s) needed) ...
[22:21:29]     [183/2000] cutting lCDykrCN86g_5.mp4 (0:00:49.349 -> 0:00:54.187)
[22:21:29]   [video 184/1999] yt-dlp zVb5eKZsZtk (1 clip(s) needed) ...
[22:21:38]     [184/2000] cutting zVb5eKZsZtk_16.mp4 (0:04:50.757 -> 0:05:30.630)
[22:21:38]   [video 185/1999] yt-dlp MzIZ53DDQQQ (1 clip(s) needed) ...
[22:21:55]     [185/2000] cutting MzIZ53DDQQQ_19.mp4 (0:10:01.767 -> 0:10:17.917)
[22:21:55]   [video 186/1999] yt-dlp 7ZUqESyVUxc (1 clip(s) needed) ...
[22:22:01]     [186/2000] cutting 7ZUqESyVUxc_13.mp4 (0:01:48.880 -> 0:01:53.160)
[22:22:01]   [video 187/1999] yt-dlp Wnc3ztq2Ark (1 clip(s) needed) ...
[22:22:07]     [187/2000] cutting Wnc3ztq2Ark_9.mp4 (0:01:31.991 -> 0:01:40.166)
[22:22:07]   [video 188/1999] yt-dlp Q4yCKXF_GC8 (1 clip(s) needed) ...
[22:22:19]     [188/2000] cutting Q4yCKXF_GC8_22.mp4 (0:13:52.800 -> 0:14:00.240)
[22:22:19]   [video 189/1999] yt-dlp 6vsho0NXyvk (1 clip(s) needed) ...
[22:22:29]     [189/2000] cutting 6vsho0NXyvk_2.mp4 (0:01:51.544 -> 0:02:31.317)
[22:22:30]   [video 190/1999] yt-dlp LSqhU8IYnRg (1 clip(s) needed) ...
[22:22:38]     [190/2000] cutting LSqhU8IYnRg_7.mp4 (0:04:25.732 -> 0:04:34.841)
[22:22:38]   [video 191/1999] yt-dlp fVnzuJfSbRU (1 clip(s) needed) ...
[22:22:44]     [191/2000] cutting fVnzuJfSbRU_8.mp4 (0:00:30.572 -> 0:00:34.951)
[22:22:44]   [video 192/1999] yt-dlp xRunRoUFZFE (1 clip(s) needed) ...
[22:22:50]     [192/2000] cutting xRunRoUFZFE_15.mp4 (0:02:44.330 -> 0:02:50.737)
[22:22:50]   [video 193/1999] yt-dlp kdiKU_Yk4Xs (1 clip(s) needed) ...
[22:22:58]     [193/2000] cutting kdiKU_Yk4Xs_10.mp4 (0:02:56.933 -> 0:03:20.233)
[22:22:58]   [video 194/1999] yt-dlp xOYC7mjp0iU (1 clip(s) needed) ...
[22:23:10]     [194/2000] cutting xOYC7mjp0iU_34.mp4 (0:09:34.240 -> 0:10:07.648)
[22:23:10]   [video 195/1999] yt-dlp PN012wqGnys (1 clip(s) needed) ...
[22:23:18]     [195/2000] cutting PN012wqGnys_1.mp4 (0:01:46.160 -> 0:02:23.600)
[22:23:18]   [video 196/1999] yt-dlp 5ohOshBXx_E (1 clip(s) needed) ...
[22:23:26]     [196/2000] cutting 5ohOshBXx_E_7.mp4 (0:00:54.320 -> 0:00:57.480)
[22:23:26]   [video 197/1999] yt-dlp XKIPqtRrU7o (1 clip(s) needed) ...
[22:23:33]     [197/2000] cutting XKIPqtRrU7o_3.mp4 (0:01:00.193 -> 0:01:14.007)
[22:23:33]   [video 198/1999] yt-dlp etVpJxscPGY (1 clip(s) needed) ...
[22:23:38]     [198/2000] cutting etVpJxscPGY_0.mp4 (0:00:01.501 -> 0:00:05.538)
[22:23:38]   [video 199/1999] yt-dlp 22vYxG6kPpI (1 clip(s) needed) ...
[22:23:50]     [199/2000] cutting 22vYxG6kPpI_6.mp4 (0:04:53.192 -> 0:05:00.133)
[22:23:50]   [video 200/1999] yt-dlp yDS6Umvh5gc (1 clip(s) needed) ...
[22:23:58]     [200/2000] cutting yDS6Umvh5gc_10.mp4 (0:02:46.033 -> 0:02:59.366)
[22:23:58]   [video 201/1999] yt-dlp XH-yLXW8oGs (1 clip(s) needed) ...
[22:24:08]     [201/2000] cutting XH-yLXW8oGs_12.mp4 (0:04:29.866 -> 0:05:06.700)
[22:24:08]   [video 202/1999] yt-dlp igvTJ645dog (1 clip(s) needed) ...
[22:24:13]     [202/2000] cutting igvTJ645dog_3.mp4 (0:00:36.770 -> 0:01:02.695)
[22:24:13]   [video 203/1999] yt-dlp TaRwMFuW6IA (1 clip(s) needed) ...
[22:24:19]     [203/2000] cutting TaRwMFuW6IA_5.mp4 (0:02:25.645 -> 0:02:29.682)
[22:24:19]   [video 204/1999] yt-dlp _rHyxUJZYSo (1 clip(s) needed) ...
[22:24:25]     [204/2000] cutting _rHyxUJZYSo_5.mp4 (0:01:04.330 -> 0:01:07.400)
[22:24:25]   [video 205/1999] yt-dlp nztRxBhr1fk (1 clip(s) needed) ...
[22:24:38]     [205/2000] cutting nztRxBhr1fk_26.mp4 (0:14:45.116 -> 0:14:53.083)
[22:24:38]   [video 206/1999] yt-dlp av7fCUYW364 (1 clip(s) needed) ...
[22:24:43]     [206/2000] cutting av7fCUYW364_3.mp4 (0:00:38.830 -> 0:00:56.389)
[22:24:43]   [video 207/1999] yt-dlp iwwFPQk7SJU (1 clip(s) needed) ...
[22:24:48]     [207/2000] cutting iwwFPQk7SJU_5.mp4 (0:01:16.480 -> 0:01:20.640)
[22:24:48]   [video 208/1999] yt-dlp DHOVkfbJ6nc (1 clip(s) needed) ...
[22:24:53]     [208/2000] cutting DHOVkfbJ6nc_4.mp4 (0:00:23.123 -> 0:00:28.528)
[22:24:53]   [video 209/1999] yt-dlp o4brTS34eaY (1 clip(s) needed) ...
[22:25:07]     [209/2000] cutting o4brTS34eaY_28.mp4 (0:15:45.486 -> 0:15:55.329)
[22:25:07]   [video 210/1999] yt-dlp Zyb34nO11xQ (1 clip(s) needed) ...
[22:25:14]     [210/2000] cutting Zyb34nO11xQ_3.mp4 (0:00:44.744 -> 0:01:24.517)
[22:25:15]   [video 211/1999] yt-dlp ZQWZgXOhCFA (1 clip(s) needed) ...
[22:25:18]     FAILED: ERROR: [youtube] ZQWZgXOhCFA: Private video
[22:25:18]   [video 212/1999] yt-dlp LSW-HBuLhkc (1 clip(s) needed) ...
[22:25:25]     [212/2000] cutting LSW-HBuLhkc_3.mp4 (0:02:35.900 -> 0:02:43.900)
[22:25:25]   [video 213/1999] yt-dlp jxeYiiBQM0Y (1 clip(s) needed) ...
[22:25:38]     [213/2000] cutting jxeYiiBQM0Y_31.mp4 (0:06:23.257 -> 0:06:30.306)
[22:25:38]   [video 214/1999] yt-dlp cLwpstZsdLw (1 clip(s) needed) ...
[22:25:52]     [214/2000] cutting cLwpstZsdLw_12.mp4 (0:06:50.743 -> 0:06:57.417)
[22:25:52]   [video 215/1999] yt-dlp 6vd8fCOdpG0 (1 clip(s) needed) ...
[22:25:58]     [215/2000] cutting 6vd8fCOdpG0_10.mp4 (0:01:15.520 -> 0:01:19.560)
[22:25:58]   [video 216/1999] yt-dlp Hxnx_VbN2A8 (1 clip(s) needed) ...
[22:26:03]     [216/2000] cutting Hxnx_VbN2A8_1.mp4 (0:00:09.509 -> 0:00:24.457)
[22:26:03]   [video 217/1999] yt-dlp 5OiMIoZM5s8 (1 clip(s) needed) ...
[22:26:11]     [217/2000] cutting 5OiMIoZM5s8_5.mp4 (0:06:18.266 -> 0:06:54.266)
[22:26:12]   [video 218/1999] yt-dlp WUxzwifwlpw (1 clip(s) needed) ...
[22:26:17]     [218/2000] cutting WUxzwifwlpw_14.mp4 (0:02:29.920 -> 0:02:36.840)
[22:26:17]   [video 219/1999] yt-dlp akvCRWqoQEo (1 clip(s) needed) ...
[22:26:29]     [219/2000] cutting akvCRWqoQEo_8.mp4 (0:00:56.156 -> 0:01:04.898)
[22:26:29]   [video 220/1999] yt-dlp TtJIqkcl6tA (1 clip(s) needed) ...
[22:26:35]     [220/2000] cutting TtJIqkcl6tA_4.mp4 (0:02:57.644 -> 0:03:18.798)
[22:26:36]   [video 221/1999] yt-dlp A2vIQkdwgL8 (1 clip(s) needed) ...
[22:26:43]     [221/2000] cutting A2vIQkdwgL8_1.mp4 (0:00:20.353 -> 0:01:08.401)
[22:26:43]   [video 222/1999] yt-dlp EFbrzoHvEVQ (1 clip(s) needed) ...
[22:26:51]     [222/2000] cutting EFbrzoHvEVQ_16.mp4 (0:05:35.920 -> 0:06:23.920)
[22:26:52]   [video 223/1999] yt-dlp _LyEumXLrDM (1 clip(s) needed) ...
[22:27:06]     [223/2000] cutting _LyEumXLrDM_49.mp4 (0:08:17.063 -> 0:08:28.808)
[22:27:06]   [video 224/1999] yt-dlp FdmJmdHsVHM (1 clip(s) needed) ...
[22:27:15]     [224/2000] cutting FdmJmdHsVHM_1.mp4 (0:00:14.647 -> 0:00:22.222)
[22:27:15]   [video 225/1999] yt-dlp kIMrPfBhQQw (1 clip(s) needed) ...
[22:27:25]     [225/2000] cutting kIMrPfBhQQw_0.mp4 (0:00:00.375 -> 0:00:03.375)
[22:27:25]   [video 226/1999] yt-dlp nqqUXKG266s (1 clip(s) needed) ...
[22:27:32]     [226/2000] cutting nqqUXKG266s_12.mp4 (0:01:16.576 -> 0:01:23.983)
[22:27:32]   [video 227/1999] yt-dlp d0HBbUYyPJ8 (1 clip(s) needed) ...
[22:27:38]     [227/2000] cutting d0HBbUYyPJ8_9.mp4 (0:15:30.596 -> 0:15:45.319)
[22:27:38]   [video 228/1999] yt-dlp PS4rCY5e9OI (1 clip(s) needed) ...
[22:27:43]     [228/2000] cutting PS4rCY5e9OI_1.mp4 (0:00:16.383 -> 0:00:28.361)
[22:27:43]   [video 229/1999] yt-dlp m7OlWOCNJgA (1 clip(s) needed) ...
[22:27:52]     [229/2000] cutting m7OlWOCNJgA_0.mp4 (0:00:03.680 -> 0:00:33.200)
[22:27:52]   [video 230/1999] yt-dlp FwodK6osj-E (1 clip(s) needed) ...
[22:28:02]     [230/2000] cutting FwodK6osj-E_1.mp4 (0:00:21.488 -> 0:01:09.536)
[22:28:02]   [video 231/1999] yt-dlp 3eLYsNR7g9E (1 clip(s) needed) ...
[22:28:08]     [231/2000] cutting 3eLYsNR7g9E_5.mp4 (0:00:31.498 -> 0:00:36.569)
[22:28:08]   [video 232/1999] yt-dlp rr4MKdesJfQ (1 clip(s) needed) ...
[22:28:16]     [232/2000] cutting rr4MKdesJfQ_4.mp4 (0:01:30.457 -> 0:01:38.465)
[22:28:16]   [video 233/1999] yt-dlp O6QAhmmFPZM (1 clip(s) needed) ...
[22:28:24]     [233/2000] cutting O6QAhmmFPZM_40.mp4 (0:04:47.600 -> 0:04:59.120)
[22:28:24]   [video 234/1999] yt-dlp oETgrtBrJ7g (1 clip(s) needed) ...
[22:28:41]     [234/2000] cutting oETgrtBrJ7g_23.mp4 (0:13:02.181 -> 0:13:50.229)
[22:28:41]   [video 235/1999] yt-dlp WP9NkAbGNcE (1 clip(s) needed) ...
[22:28:48]     [235/2000] cutting WP9NkAbGNcE_6.mp4 (0:01:56.116 -> 0:02:31.609)
[22:28:48]   [video 236/1999] yt-dlp 1pSI14zt_h4 (1 clip(s) needed) ...
[22:28:55]     [236/2000] cutting 1pSI14zt_h4_2.mp4 (0:00:22.655 -> 0:00:26.760)
[22:28:56]   [video 237/1999] yt-dlp wyo9EfC0ZyY (1 clip(s) needed) ...
[22:29:04]     [237/2000] cutting wyo9EfC0ZyY_5.mp4 (0:01:10.880 -> 0:01:40.680)
[22:29:04]   [video 238/1999] yt-dlp tv2xrPekP0M (1 clip(s) needed) ...
[22:29:16]     [238/2000] cutting tv2xrPekP0M_6.mp4 (0:05:55.563 -> 0:05:59.609)
[22:29:16]   [video 239/1999] yt-dlp SyMmkN6jhYE (1 clip(s) needed) ...
[22:29:24]     [239/2000] cutting SyMmkN6jhYE_4.mp4 (0:01:08.080 -> 0:01:16.640)
[22:29:24]   [video 240/1999] yt-dlp SHIFIclzv6Y (1 clip(s) needed) ...
[22:29:30]     [240/2000] cutting SHIFIclzv6Y_5.mp4 (0:00:55.722 -> 0:01:02.562)
[22:29:30]   [video 241/1999] yt-dlp S64s3GrZlSM (1 clip(s) needed) ...
[22:29:41]     [241/2000] cutting S64s3GrZlSM_2.mp4 (0:00:48.048 -> 0:00:54.137)
[22:29:41]   [video 242/1999] yt-dlp -OBCR1tcKFI (1 clip(s) needed) ...
[22:29:47]     [242/2000] cutting -OBCR1tcKFI_8.mp4 (0:01:33.633 -> 0:01:44.500)
[22:29:47]   [video 243/1999] yt-dlp 1GrLiLInZEM (1 clip(s) needed) ...
[22:29:53]     [243/2000] cutting 1GrLiLInZEM_1.mp4 (0:00:10.480 -> 0:00:54.520)
[22:29:53]   [video 244/1999] yt-dlp xpNszJd4l8k (1 clip(s) needed) ...
[22:29:58]     [244/2000] cutting xpNszJd4l8k_10.mp4 (0:01:57.550 -> 0:02:09.028)
[22:29:58]   [video 245/1999] yt-dlp rvXv5pFdTck (1 clip(s) needed) ...
[22:30:06]     [245/2000] cutting rvXv5pFdTck_11.mp4 (0:02:31.266 -> 0:02:42.166)
[22:30:06]   [video 246/1999] yt-dlp RIFNaoA6LV4 (1 clip(s) needed) ...
[22:30:11]     [246/2000] cutting RIFNaoA6LV4_0.mp4 (0:00:00.467 -> 0:00:04.504)
[22:30:11]   [video 247/1999] yt-dlp FgiWfYa5gbA (1 clip(s) needed) ...
[22:30:18]     [247/2000] cutting FgiWfYa5gbA_15.mp4 (0:03:51.965 -> 0:04:02.542)
[22:30:18]   [video 248/1999] yt-dlp q9MVyTZilYE (1 clip(s) needed) ...
[22:30:46]     FAILED: ad] Got error: HTTP Error 500: Internal Server Error. Giving up after 10 retries
ERROR: 
[download] Got error: HTTP Error 500: Internal Server Error. Giving up after 10 retries
ERROR: 
[download] Got error: HTTP Error 500: Internal Server Error. Giving up after 10 retries
ERROR: 
[download] Got error: HTTP Error 500: Internal Server Error. Giving up after 10 retries
ERROR: 
[download] Got error: HTTP Error 500: Internal Server Error. Giving up after 10 retries
ERROR: The downloaded file is empty
[22:30:46]   [video 249/1999] yt-dlp FKGANd4XDbM (1 clip(s) needed) ...
[22:30:54]     [249/2000] cutting FKGANd4XDbM_1.mp4 (0:03:44.190 -> 0:04:28.001)
[22:30:54]   [video 250/1999] yt-dlp uhc3gcAbcRs (1 clip(s) needed) ...
[22:31:04]     [250/2000] cutting uhc3gcAbcRs_17.mp4 (0:04:23.966 -> 0:04:28.933)
[22:31:04]   [video 251/1999] yt-dlp -C5lDM2QbUQ (1 clip(s) needed) ...
[22:31:10]     [251/2000] cutting -C5lDM2QbUQ_2.mp4 (0:00:29.480 -> 0:00:47.160)
[22:31:10]   [video 252/1999] yt-dlp BT3gUxaQ7bA (1 clip(s) needed) ...
[22:31:22]     [252/2000] cutting BT3gUxaQ7bA_15.mp4 (0:05:16.215 -> 0:06:04.263)
[22:31:22]   [video 253/1999] yt-dlp eVoOvS5FLeE (1 clip(s) needed) ...
[22:31:29]     [253/2000] cutting eVoOvS5FLeE_1.mp4 (0:00:37.033 -> 0:00:41.466)
[22:31:29]   [video 254/1999] yt-dlp YJ274Ogs0to (1 clip(s) needed) ...
[22:31:34]     [254/2000] cutting YJ274Ogs0to_0.mp4 (0:00:01.000 -> 0:00:09.000)
[22:31:34]   [video 255/1999] yt-dlp 0QiggOzwKok (1 clip(s) needed) ...
[22:31:40]     [255/2000] cutting 0QiggOzwKok_5.mp4 (0:00:50.240 -> 0:00:58.400)
[22:31:40]   [video 256/1999] yt-dlp rSvqlqaj8nQ (1 clip(s) needed) ...
[22:31:48]     [256/2000] cutting rSvqlqaj8nQ_1.mp4 (0:00:53.420 -> 0:01:05.165)
[22:31:48]   [video 257/1999] yt-dlp l5MRWNXPVQQ (1 clip(s) needed) ...
[22:31:56]     [257/2000] cutting l5MRWNXPVQQ_2.mp4 (0:05:05.805 -> 0:05:34.701)
[22:31:56]   [video 258/1999] yt-dlp cYeWakYqmrw (1 clip(s) needed) ...
[22:32:11]     [258/2000] cutting cYeWakYqmrw_16.mp4 (0:02:05.892 -> 0:02:14.334)
[22:32:11]   [video 259/1999] yt-dlp mK_JsDG0-Lc (1 clip(s) needed) ...
[22:32:20]     [259/2000] cutting mK_JsDG0-Lc_6.mp4 (0:02:36.766 -> 0:02:44.266)
[22:32:20]   [video 260/1999] yt-dlp S_hVytrFua4 (1 clip(s) needed) ...
[22:32:26]     [260/2000] cutting S_hVytrFua4_9.mp4 (0:02:03.056 -> 0:02:17.370)
[22:32:26]   [video 261/1999] yt-dlp WKq9YYisPgA (1 clip(s) needed) ...
[22:32:31]     [261/2000] cutting WKq9YYisPgA_19.mp4 (0:02:57.802 -> 0:03:03.308)
[22:32:31]   [video 262/1999] yt-dlp 2k9p2qxIjVI (1 clip(s) needed) ...
[22:32:36]     [262/2000] cutting 2k9p2qxIjVI_8.mp4 (0:02:16.102 -> 0:02:25.211)
[22:32:36]   [video 263/1999] yt-dlp uyUKNE18w0M (1 clip(s) needed) ...
[22:32:45]     [263/2000] cutting uyUKNE18w0M_8.mp4 (0:05:43.760 -> 0:05:51.809)
[22:32:45]   [video 264/1999] yt-dlp ECKGRsprE6E (1 clip(s) needed) ...
[22:32:52]     [264/2000] cutting ECKGRsprE6E_4.mp4 (0:00:59.626 -> 0:01:40.633)
[22:32:52]   [video 265/1999] yt-dlp dzgNq5KMw98 (1 clip(s) needed) ...
[22:33:02]     [265/2000] cutting dzgNq5KMw98_11.mp4 (0:09:35.433 -> 0:09:39.700)
[22:33:03]   [video 266/1999] yt-dlp Ze2fNRqAEG4 (1 clip(s) needed) ...
[22:33:15]     [266/2000] cutting Ze2fNRqAEG4_5.mp4 (0:02:51.137 -> 0:02:58.011)
[22:33:15]   [video 267/1999] yt-dlp Vir_Gw0Jbtw (1 clip(s) needed) ...
[22:33:23]     [267/2000] cutting Vir_Gw0Jbtw_5.mp4 (0:06:03.429 -> 0:06:26.119)
[22:33:23]   [video 268/1999] yt-dlp fNVEwo4azQs (1 clip(s) needed) ...
[22:33:31]     [268/2000] cutting fNVEwo4azQs_9.mp4 (0:03:31.794 -> 0:03:35.840)
[22:33:31]   [video 269/1999] yt-dlp ZT9ImKqohcg (1 clip(s) needed) ...
[22:33:38]     [269/2000] cutting ZT9ImKqohcg_1.mp4 (0:00:36.000 -> 0:01:24.000)
[22:33:38]   [video 270/1999] yt-dlp uteJzRslf40 (1 clip(s) needed) ...
[22:33:44]     [270/2000] cutting uteJzRslf40_1.mp4 (0:00:04.804 -> 0:00:14.414)
[22:33:44]   [video 271/1999] yt-dlp qqLBcmYfy_0 (1 clip(s) needed) ...
[22:33:51]     [271/2000] cutting qqLBcmYfy_0_3.mp4 (0:00:45.533 -> 0:00:50.666)
[22:33:51]   [video 272/1999] yt-dlp ulwlZkKPZuw (1 clip(s) needed) ...
[22:33:56]     [272/2000] cutting ulwlZkKPZuw_2.mp4 (0:00:11.166 -> 0:00:23.166)
[22:33:56]   [video 273/1999] yt-dlp 9lIGcKN7d7Y (1 clip(s) needed) ...
[22:34:01]     [273/2000] cutting 9lIGcKN7d7Y_4.mp4 (0:03:23.136 -> 0:03:27.941)
[22:34:02]   [video 274/1999] yt-dlp H_ZJCs5kgf4 (1 clip(s) needed) ...
[22:34:09]     [274/2000] cutting H_ZJCs5kgf4_4.mp4 (0:01:01.728 -> 0:01:16.576)
[22:34:10]   [video 275/1999] yt-dlp B96YQWYBkMI (1 clip(s) needed) ...
[22:34:15]     [275/2000] cutting B96YQWYBkMI_10.mp4 (0:01:38.064 -> 0:01:42.102)
[22:34:15]   [video 276/1999] yt-dlp QzIsDhSYkP8 (1 clip(s) needed) ...
[22:34:24]     [276/2000] cutting QzIsDhSYkP8_9.mp4 (0:03:26.573 -> 0:03:49.395)
[22:34:24]   [video 277/1999] yt-dlp osxBMaM1ZaU (1 clip(s) needed) ...
[22:34:31]     [277/2000] cutting osxBMaM1ZaU_14.mp4 (0:01:55.715 -> 0:02:00.086)
[22:34:31]   [video 278/1999] yt-dlp objfq4VwLV0 (1 clip(s) needed) ...
[22:34:36]     [278/2000] cutting objfq4VwLV0_8.mp4 (0:01:50.877 -> 0:02:05.792)
[22:34:36]   [video 279/1999] yt-dlp y9OPcVt1UAg (1 clip(s) needed) ...
[22:34:45]     [279/2000] cutting y9OPcVt1UAg_2.mp4 (0:00:45.078 -> 0:01:09.502)
[22:34:45]   [video 280/1999] yt-dlp iUgvkwSXozs (1 clip(s) needed) ...
[22:34:52]     [280/2000] cutting iUgvkwSXozs_39.mp4 (0:10:58.400 -> 0:11:02.433)
[22:34:52]   [video 281/1999] yt-dlp 8cPLiJz9RJc (1 clip(s) needed) ...
[22:35:01]     [281/2000] cutting 8cPLiJz9RJc_27.mp4 (0:05:40.340 -> 0:05:53.453)
[22:35:01]   [video 282/1999] yt-dlp 6rkmEDyXyXg (1 clip(s) needed) ...
[22:35:13]     [282/2000] cutting 6rkmEDyXyXg_15.mp4 (0:07:50.750 -> 0:07:53.983)
[22:35:13]   [video 283/1999] yt-dlp oJBIn_Auof4 (1 clip(s) needed) ...
[22:35:16]     FAILED: ERROR: [youtube] oJBIn_Auof4: Private video
[22:35:16]   [video 284/1999] yt-dlp Ox_-SXz3QYk (1 clip(s) needed) ...
[22:35:22]     [284/2000] cutting Ox_-SXz3QYk_0.mp4 (0:00:01.468 -> 0:00:13.446)
[22:35:22]   [video 285/1999] yt-dlp TkbjgnfPkDk (1 clip(s) needed) ...
[22:35:34]     [285/2000] cutting TkbjgnfPkDk_0.mp4 (0:00:09.192 -> 0:00:21.187)
[22:35:34]   [video 286/1999] yt-dlp tBd6kpwh6LM (1 clip(s) needed) ...
[22:35:45]     [286/2000] cutting tBd6kpwh6LM_23.mp4 (0:05:24.524 -> 0:05:28.528)
[22:35:45]   [video 287/1999] yt-dlp K25XmoQ6r7E (1 clip(s) needed) ...
[22:35:52]     [287/2000] cutting K25XmoQ6r7E_1.mp4 (0:00:36.269 -> 0:00:48.248)
[22:35:52]   [video 288/1999] yt-dlp v2Hcd1zjX8Y (1 clip(s) needed) ...
[22:35:58]     [288/2000] cutting v2Hcd1zjX8Y_6.mp4 (0:00:51.520 -> 0:00:57.760)
[22:35:58]   [video 289/1999] yt-dlp NcKYX0MJ6qo (1 clip(s) needed) ...
[22:36:08]     [289/2000] cutting NcKYX0MJ6qo_25.mp4 (0:03:45.925 -> 0:03:52.899)
[22:36:08]   [video 290/1999] yt-dlp 6qLeIQtb9cs (1 clip(s) needed) ...
[22:36:20]     [290/2000] cutting 6qLeIQtb9cs_30.mp4 (0:04:39.846 -> 0:04:47.353)
[22:36:20]   [video 291/1999] yt-dlp VYjj0rwriEA (1 clip(s) needed) ...
[22:36:26]     [291/2000] cutting VYjj0rwriEA_0.mp4 (0:00:20.153 -> 0:00:28.161)
[22:36:26]   [video 292/1999] yt-dlp Lxmmn_GS6PI (1 clip(s) needed) ...
[22:36:34]     [292/2000] cutting Lxmmn_GS6PI_4.mp4 (0:00:33.466 -> 0:01:07.901)
[22:36:35]   [video 293/1999] yt-dlp dEtEuwkO9ek (1 clip(s) needed) ...
[22:36:42]     [293/2000] cutting dEtEuwkO9ek_5.mp4 (0:02:11.097 -> 0:02:59.145)
[22:36:42]   [video 294/1999] yt-dlp fUDWZjn8lzI (1 clip(s) needed) ...
[22:36:52]     [294/2000] cutting fUDWZjn8lzI_9.mp4 (0:03:05.752 -> 0:03:53.800)
[22:36:52]   [video 295/1999] yt-dlp O7RT74Whf3s (1 clip(s) needed) ...
[22:36:58]     [295/2000] cutting O7RT74Whf3s_8.mp4 (0:02:04.320 -> 0:02:08.400)
[22:36:58]   [video 296/1999] yt-dlp 7m5Y6ACsr-I (1 clip(s) needed) ...
[22:37:04]     [296/2000] cutting 7m5Y6ACsr-I_4.mp4 (0:00:33.833 -> 0:00:44.444)
[22:37:05]   [video 297/1999] yt-dlp 0malLJNIUPk (1 clip(s) needed) ...
[22:37:16]     [297/2000] cutting 0malLJNIUPk_18.mp4 (0:02:36.948 -> 0:02:49.919)
[22:37:16]   [video 298/1999] yt-dlp RD4R-ocj1WM (1 clip(s) needed) ...
[22:37:23]     [298/2000] cutting RD4R-ocj1WM_5.mp4 (0:01:12.840 -> 0:01:16.120)
[22:37:23]   [video 299/1999] yt-dlp 3hvSTlg4d4Y (1 clip(s) needed) ...
[22:37:32]     [299/2000] cutting 3hvSTlg4d4Y_23.mp4 (0:04:04.040 -> 0:04:08.920)
[22:37:32]   [video 300/1999] yt-dlp TRkqKMDpt8g (1 clip(s) needed) ...
[22:37:39]     [300/2000] cutting TRkqKMDpt8g_8.mp4 (0:01:35.528 -> 0:01:48.274)
[22:37:39]   [video 301/1999] yt-dlp iaP2dtVBYV0 (1 clip(s) needed) ...
[22:37:51]     [301/2000] cutting iaP2dtVBYV0_0.mp4 (0:00:03.800 -> 0:00:34.360)
[22:37:51]   [video 302/1999] yt-dlp EWLNNDA1hK8 (1 clip(s) needed) ...
[22:38:00]     [302/2000] cutting EWLNNDA1hK8_4.mp4 (0:03:55.666 -> 0:04:43.666)
[22:38:01]   [video 303/1999] yt-dlp s_snxzHqXlk (1 clip(s) needed) ...
[22:38:15]     [303/2000] cutting s_snxzHqXlk_7.mp4 (0:07:49.035 -> 0:07:53.673)
[22:38:15]   [video 304/1999] yt-dlp k-skE9Loauc (1 clip(s) needed) ...
[22:38:25]     [304/2000] cutting k-skE9Loauc_15.mp4 (0:04:12.151 -> 0:04:21.761)
[22:38:25]   [video 305/1999] yt-dlp JQFoqTczVJ4 (1 clip(s) needed) ...
[22:38:32]     [305/2000] cutting JQFoqTczVJ4_2.mp4 (0:00:51.418 -> 0:00:55.889)
[22:38:32]   [video 306/1999] yt-dlp BShPyYDyJuA (1 clip(s) needed) ...
[22:38:35]     FAILED: ERROR: [youtube] BShPyYDyJuA: This video is unavailable
[22:38:35]   [video 307/1999] yt-dlp vMNtKykdNHs (1 clip(s) needed) ...
[22:38:49]     [307/2000] cutting vMNtKykdNHs_2.mp4 (0:00:44.044 -> 0:00:48.314)
[22:38:49]   [video 308/1999] yt-dlp 6K7T3slL9U8 (1 clip(s) needed) ...
[22:39:00]     [308/2000] cutting 6K7T3slL9U8_12.mp4 (0:02:57.844 -> 0:03:08.321)
[22:39:00]   [video 309/1999] yt-dlp ndIODH9NPeU (1 clip(s) needed) ...
[22:39:08]     [309/2000] cutting ndIODH9NPeU_3.mp4 (0:00:47.247 -> 0:01:35.295)
[22:39:08]   [video 310/1999] yt-dlp M1D1pDrWlVE (1 clip(s) needed) ...
[22:39:13]     FAILED: ERROR: [youtube] M1D1pDrWlVE: This video is not available
[22:39:13]   [video 311/1999] yt-dlp PU3LJGlyQi8 (1 clip(s) needed) ...
[22:39:21]     [311/2000] cutting PU3LJGlyQi8_11.mp4 (0:05:03.936 -> 0:05:19.118)
[22:39:21]   [video 312/1999] yt-dlp K8VfHkMmeZA (1 clip(s) needed) ...
[22:39:29]     [312/2000] cutting K8VfHkMmeZA_2.mp4 (0:00:27.127 -> 0:00:58.091)
[22:39:30]   [video 313/1999] yt-dlp xopnjiNQ5yQ (1 clip(s) needed) ...
[22:39:37]     [313/2000] cutting xopnjiNQ5yQ_8.mp4 (0:01:59.000 -> 0:02:07.000)
[22:39:37]   [video 314/1999] yt-dlp K7TV7cP3KVQ (1 clip(s) needed) ...
[22:39:45]     [314/2000] cutting K7TV7cP3KVQ_21.mp4 (0:07:13.133 -> 0:07:18.233)
[22:39:45]   [video 315/1999] yt-dlp boGgXcQIe-8 (1 clip(s) needed) ...
[22:39:52]     [315/2000] cutting boGgXcQIe-8_12.mp4 (0:01:07.358 -> 0:01:10.403)
[22:39:52]   [video 316/1999] yt-dlp -1Ud8_wNJac (1 clip(s) needed) ...
[22:40:04]     [316/2000] cutting -1Ud8_wNJac_14.mp4 (0:07:26.012 -> 0:07:41.194)
[22:40:04]   [video 317/1999] yt-dlp vatngq8x5q4 (1 clip(s) needed) ...
[22:40:14]     [317/2000] cutting vatngq8x5q4_4.mp4 (0:05:36.433 -> 0:05:41.266)
[22:40:14]   [video 318/1999] yt-dlp R37GjsSR-QY (1 clip(s) needed) ...
[22:40:20]     [318/2000] cutting R37GjsSR-QY_4.mp4 (0:00:30.130 -> 0:00:38.004)
[22:40:20]   [video 319/1999] yt-dlp tNnKOfvkJ_8 (1 clip(s) needed) ...
[22:40:27]     [319/2000] cutting tNnKOfvkJ_8_12.mp4 (0:02:46.994 -> 0:02:51.687)
[22:40:27]   [video 320/1999] yt-dlp V3IDcD029KU (1 clip(s) needed) ...
[22:40:35]     [320/2000] cutting V3IDcD029KU_0.mp4 (0:00:06.000 -> 0:00:54.000)
[22:40:35]   [video 321/1999] yt-dlp y8d8nbztJ-o (1 clip(s) needed) ...
[22:40:43]     [321/2000] cutting y8d8nbztJ-o_2.mp4 (0:02:23.276 -> 0:03:11.291)
[22:40:43]   [video 322/1999] yt-dlp XHqCVGuSqyQ (1 clip(s) needed) ...
[22:40:50]     [322/2000] cutting XHqCVGuSqyQ_4.mp4 (0:00:56.320 -> 0:01:44.320)
[22:40:51]   [video 323/1999] yt-dlp llRiYk6teSc (1 clip(s) needed) ...
[22:41:00]     [323/2000] cutting llRiYk6teSc_0.mp4 (0:00:15.915 -> 0:01:03.963)
[22:41:00]   [video 324/1999] yt-dlp kjm7fXRBlTs (1 clip(s) needed) ...
[22:41:10]     [324/2000] cutting kjm7fXRBlTs_2.mp4 (0:00:57.390 -> 0:01:01.428)
[22:41:10]   [video 325/1999] yt-dlp sXrZLtDHsy8 (1 clip(s) needed) ...
[22:41:20]     [325/2000] cutting sXrZLtDHsy8_3.mp4 (0:00:35.168 -> 0:00:39.205)
[22:41:20]   [video 326/1999] yt-dlp WhfgHYcrDoM (1 clip(s) needed) ...
[22:41:27]     [326/2000] cutting WhfgHYcrDoM_3.mp4 (0:00:49.816 -> 0:01:16.076)
[22:41:27]   [video 327/1999] yt-dlp fgHcijy_ofI (1 clip(s) needed) ...
[22:41:35]     [327/2000] cutting fgHcijy_ofI_5.mp4 (0:00:47.614 -> 0:00:57.190)
[22:41:36]   [video 328/1999] yt-dlp EUnEJVJCvOs (1 clip(s) needed) ...
[22:41:41]     [328/2000] cutting EUnEJVJCvOs_5.mp4 (0:01:03.830 -> 0:01:09.202)
[22:41:41]   [video 329/1999] yt-dlp 4zLAuO2cNLc (1 clip(s) needed) ...
[22:41:47]     FAILED: ERROR: [youtube] 4zLAuO2cNLc: This video is not available
[22:41:47]   [video 330/1999] yt-dlp 0_RAhPUAQLU (1 clip(s) needed) ...
[22:41:55]     [330/2000] cutting 0_RAhPUAQLU_1.mp4 (0:00:05.600 -> 0:00:20.533)
[22:41:55]   [video 331/1999] yt-dlp 1YToSkRWqmg (1 clip(s) needed) ...
[22:42:11]     [331/2000] cutting 1YToSkRWqmg_6.mp4 (0:01:07.560 -> 0:01:13.920)
[22:42:11]   [video 332/1999] yt-dlp UX9E6pP4T_Q (2 clip(s) needed) ...
[22:42:14]     FAILED: ERROR: [youtube] UX9E6pP4T_Q: This video is unavailable
[22:42:14]   [video 333/1999] yt-dlp eKPUGa_H_jo (1 clip(s) needed) ...
[22:42:26]     [334/2000] cutting eKPUGa_H_jo_0.mp4 (0:00:09.366 -> 0:00:44.300)
[22:42:26]   [video 334/1999] yt-dlp bugaWJmN3NA (1 clip(s) needed) ...
[22:42:42]     [335/2000] cutting bugaWJmN3NA_22.mp4 (0:18:15.794 -> 0:18:41.954)
[22:42:42]   [video 335/1999] yt-dlp 0PkMLZoYLKM (1 clip(s) needed) ...
[22:42:53]     [336/2000] cutting 0PkMLZoYLKM_1.mp4 (0:00:14.047 -> 0:01:02.095)
[22:42:53]   [video 336/1999] yt-dlp nYcYFBQMJpc (1 clip(s) needed) ...
[22:43:05]     [337/2000] cutting nYcYFBQMJpc_1.mp4 (0:00:35.965 -> 0:01:23.965)
[22:43:05]   [video 337/1999] yt-dlp zR4SZ9CrgrY (1 clip(s) needed) ...
[22:43:13]     [338/2000] cutting zR4SZ9CrgrY_31.mp4 (0:03:31.711 -> 0:03:36.516)
[22:43:13]   [video 338/1999] yt-dlp jbjUBbYxzU0 (1 clip(s) needed) ...
[22:43:18]     [339/2000] cutting jbjUBbYxzU0_4.mp4 (0:01:25.720 -> 0:01:36.480)
[22:43:18]   [video 339/1999] yt-dlp x9ehM-jEV2A (1 clip(s) needed) ...
[22:43:25]     [340/2000] cutting x9ehM-jEV2A_3.mp4 (0:01:08.368 -> 0:01:21.881)
[22:43:25]   [video 340/1999] yt-dlp YUP00Wpj5yI (1 clip(s) needed) ...
[22:43:33]     [341/2000] cutting YUP00Wpj5yI_0.mp4 (0:00:09.709 -> 0:00:27.427)
[22:43:33]   [video 341/1999] yt-dlp 1GRNRPs2z84 (1 clip(s) needed) ...
[22:43:42]     [342/2000] cutting 1GRNRPs2z84_1.mp4 (0:00:36.503 -> 0:00:51.251)
[22:43:42]   [video 342/1999] yt-dlp mIg0Q4s71dk (1 clip(s) needed) ...
[22:44:00]     [343/2000] cutting mIg0Q4s71dk_1.mp4 (0:09:17.823 -> 0:10:05.871)
[22:44:00]   [video 343/1999] yt-dlp BU-6Fudj1SQ (1 clip(s) needed) ...
[22:44:06]     [344/2000] cutting BU-6Fudj1SQ_3.mp4 (0:01:29.840 -> 0:01:57.160)
[22:44:06]   [video 344/1999] yt-dlp YHI2AdgW2L0 (1 clip(s) needed) ...
[22:44:12]     [345/2000] cutting YHI2AdgW2L0_1.mp4 (0:00:40.582 -> 0:01:28.630)
[22:44:13]   [video 345/1999] yt-dlp 2rUroLLTW0o (1 clip(s) needed) ...
[22:44:19]     FAILED: ERROR: [youtube] 2rUroLLTW0o: Sign in to confirm your age. Use --cookies-from-browser or --cookies for the authentication. See  https://github.com/yt-dlp/yt-dlp/wiki/FAQ#how-do-i-pass-cookies-to-yt-dlp  for how to manually pass cookies. Also see  https://github.com/yt-dlp/yt-dlp/wiki/Extractors#exporting-youtube-cookies  for tips on effectively exporting YouTube cookies
[22:44:19]   [video 346/1999] yt-dlp iCNpowiCRZM (1 clip(s) needed) ...
[22:44:29]     [347/2000] cutting iCNpowiCRZM_6.mp4 (0:04:30.000 -> 0:05:18.000)
[22:44:29]   [video 347/1999] yt-dlp k77VMXcLVHw (1 clip(s) needed) ...
[22:44:36]     [348/2000] cutting k77VMXcLVHw_2.mp4 (0:00:53.319 -> 0:00:58.158)
[22:44:36]   [video 348/1999] yt-dlp 2UJn_j6VMlU (1 clip(s) needed) ...
[22:44:42]     [349/2000] cutting 2UJn_j6VMlU_12.mp4 (0:05:35.120 -> 0:05:39.400)
[22:44:42]   [video 349/1999] yt-dlp C83ZoQY9ZFU (1 clip(s) needed) ...
[22:44:50]     [350/2000] cutting C83ZoQY9ZFU_8.mp4 (0:03:00.233 -> 0:03:41.333)
[22:44:50]   [video 350/1999] yt-dlp FcP21di3dqo (1 clip(s) needed) ...
[22:44:57]     [351/2000] cutting FcP21di3dqo_13.mp4 (0:01:41.468 -> 0:01:46.840)
[22:44:57]   [video 351/1999] yt-dlp 456Wbta0mZU (1 clip(s) needed) ...
[22:45:05]     [352/2000] cutting 456Wbta0mZU_9.mp4 (0:01:50.160 -> 0:01:55.600)
[22:45:05]   [video 352/1999] yt-dlp SCIi63p34Bw (1 clip(s) needed) ...
[22:45:12]     [353/2000] cutting SCIi63p34Bw_24.mp4 (0:02:28.982 -> 0:02:33.553)
[22:45:12]   [video 353/1999] yt-dlp pDGkSjaa-F0 (1 clip(s) needed) ...
[22:45:18]     [354/2000] cutting pDGkSjaa-F0_5.mp4 (0:03:31.960 -> 0:04:17.440)
[22:45:18]   [video 354/1999] yt-dlp 0lvHZSbMMHk (1 clip(s) needed) ...
[22:45:26]     [355/2000] cutting 0lvHZSbMMHk_11.mp4 (0:01:51.611 -> 0:01:55.281)
[22:45:26]   [video 355/1999] yt-dlp Gaf4E_taV70 (1 clip(s) needed) ...
[22:45:37]     [356/2000] cutting Gaf4E_taV70_5.mp4 (0:00:34.667 -> 0:00:43.109)
[22:45:38]   [video 356/1999] yt-dlp IeYrafBQOnM (1 clip(s) needed) ...
[22:45:46]     [357/2000] cutting IeYrafBQOnM_2.mp4 (0:01:14.080 -> 0:02:02.080)
[22:45:47]   [video 357/1999] yt-dlp rJNme14YvGg (1 clip(s) needed) ...
[22:46:00]     [358/2000] cutting rJNme14YvGg_9.mp4 (0:01:42.760 -> 0:01:52.720)
[22:46:00]   [video 358/1999] yt-dlp zSjdRNmEeDg (1 clip(s) needed) ...
[22:46:12]     [359/2000] cutting zSjdRNmEeDg_8.mp4 (0:07:01.721 -> 0:07:29.215)
[22:46:12]   [video 359/1999] yt-dlp mLqTfOavSzk (1 clip(s) needed) ...
[22:46:17]     FAILED: ERROR: [youtube] mLqTfOavSzk: Private video
[22:46:17]   [video 360/1999] yt-dlp dDjyqqPes_A (1 clip(s) needed) ...
[22:46:32]     [361/2000] cutting dDjyqqPes_A_74.mp4 (0:13:13.893 -> 0:13:17.696)
[22:46:32]   [video 361/1999] yt-dlp Yl-kskf5UvQ (1 clip(s) needed) ...
[22:46:38]     [362/2000] cutting Yl-kskf5UvQ_14.mp4 (0:06:01.294 -> 0:06:31.457)
[22:46:38]   [video 362/1999] yt-dlp 3IPIabdeaSw (1 clip(s) needed) ...
[22:46:51]     [363/2000] cutting 3IPIabdeaSw_2.mp4 (0:08:37.450 -> 0:09:25.498)
[22:46:51]   [video 363/1999] yt-dlp Ejwg5yegeok (1 clip(s) needed) ...
[22:46:56]     FAILED: ERROR: [youtube] Ejwg5yegeok: This video is not available
[22:46:56]   [video 364/1999] yt-dlp xRXlRkRBsI0 (1 clip(s) needed) ...
[22:47:01]     [365/2000] cutting xRXlRkRBsI0_10.mp4 (0:02:25.545 -> 0:02:31.851)
[22:47:01]   [video 365/1999] yt-dlp qS_FOlhgtwk (1 clip(s) needed) ...
[22:47:13]     [366/2000] cutting qS_FOlhgtwk_8.mp4 (0:05:18.501 -> 0:05:31.397)
[22:47:13]   [video 366/1999] yt-dlp ZAPQYayUIkk (1 clip(s) needed) ...
[22:47:18]     [367/2000] cutting ZAPQYayUIkk_14.mp4 (0:01:25.583 -> 0:01:34.500)
[22:47:18]   [video 367/1999] yt-dlp 3lOfX9iINQo (1 clip(s) needed) ...
[22:47:26]     [368/2000] cutting 3lOfX9iINQo_7.mp4 (0:04:09.000 -> 0:04:41.000)
[22:47:26]   [video 368/1999] yt-dlp Tm3j-wU8vA8 (1 clip(s) needed) ...
[22:47:36]     [369/2000] cutting Tm3j-wU8vA8_6.mp4 (0:01:20.566 -> 0:01:25.166)
[22:47:36]   [video 369/1999] yt-dlp apOc5vo5AYA (1 clip(s) needed) ...
[22:47:44]     [370/2000] cutting apOc5vo5AYA_3.mp4 (0:00:45.245 -> 0:01:31.825)
[22:47:44]   [video 370/1999] yt-dlp e3oF46txz0Y (1 clip(s) needed) ...
[22:47:51]     [371/2000] cutting e3oF46txz0Y_1.mp4 (0:00:14.806 -> 0:00:27.318)
[22:47:52]   [video 371/1999] yt-dlp soLQWmePmMs (1 clip(s) needed) ...
[22:47:58]     [372/2000] cutting soLQWmePmMs_2.mp4 (0:00:13.313 -> 0:00:19.986)
[22:47:58]   [video 372/1999] yt-dlp qVaaTlujP6I (1 clip(s) needed) ...
[22:48:08]     [373/2000] cutting qVaaTlujP6I_2.mp4 (0:00:26.359 -> 0:00:30.397)
[22:48:08]   [video 373/1999] yt-dlp JJIf1iI-u2s (1 clip(s) needed) ...
[22:48:21]     [374/2000] cutting JJIf1iI-u2s_23.mp4 (0:04:38.111 -> 0:04:50.540)
[22:48:21]   [video 374/1999] yt-dlp Wht3vHMSYUA (1 clip(s) needed) ...
[22:48:30]     [375/2000] cutting Wht3vHMSYUA_2.mp4 (0:00:15.265 -> 0:01:00.643)
[22:48:30]   [video 375/1999] yt-dlp he_JzK9TH3Q (1 clip(s) needed) ...
[22:48:36]     [376/2000] cutting he_JzK9TH3Q_0.mp4 (0:00:06.940 -> 0:00:22.889)
[22:48:36]   [video 376/1999] yt-dlp G8Qti-lANgY (1 clip(s) needed) ...
[22:48:43]     [377/2000] cutting G8Qti-lANgY_2.mp4 (0:01:16.409 -> 0:01:40.633)
[22:48:43]   [video 377/1999] yt-dlp 61XG0wksDXQ (1 clip(s) needed) ...
[22:48:50]     [378/2000] cutting 61XG0wksDXQ_0.mp4 (0:00:03.470 -> 0:00:31.331)
[22:48:50]   [video 378/1999] yt-dlp zgUJPpynZsE (1 clip(s) needed) ...
[22:49:01]     [379/2000] cutting zgUJPpynZsE_22.mp4 (0:06:30.200 -> 0:07:18.200)
[22:49:01]   [video 379/1999] yt-dlp 7CL7gLKpdcA (1 clip(s) needed) ...
[22:49:09]     [380/2000] cutting 7CL7gLKpdcA_10.mp4 (0:01:48.274 -> 0:01:59.452)
[22:49:09]   [video 380/1999] yt-dlp GTLErfJtB1k (1 clip(s) needed) ...
[22:49:15]     [381/2000] cutting GTLErfJtB1k_6.mp4 (0:02:04.866 -> 0:02:13.933)
[22:49:16]   [video 381/1999] yt-dlp pf4nwWkJWE4 (1 clip(s) needed) ...
[22:49:25]     [382/2000] cutting pf4nwWkJWE4_0.mp4 (0:00:15.915 -> 0:01:03.963)
[22:49:25]   [video 382/1999] yt-dlp K8xT58zCKcw (1 clip(s) needed) ...
[22:49:28]     FAILED: ERROR: [youtube] K8xT58zCKcw: This video is not available
[22:49:28]   [video 383/1999] yt-dlp gveq57usKDA (1 clip(s) needed) ...
[22:49:34]     [384/2000] cutting gveq57usKDA_2.mp4 (0:00:11.044 -> 0:00:14.848)
[22:49:34]   [video 384/1999] yt-dlp RPQYTb_5EAQ (1 clip(s) needed) ...
[22:49:43]     [385/2000] cutting RPQYTb_5EAQ_9.mp4 (0:04:01.100 -> 0:04:10.700)
[22:49:43]   [video 385/1999] yt-dlp hMDRc7JwJGU (1 clip(s) needed) ...
[22:49:55]     [386/2000] cutting hMDRc7JwJGU_22.mp4 (0:04:38.233 -> 0:04:42.033)
[22:49:55]   [video 386/1999] yt-dlp 62kYgtONf_M (1 clip(s) needed) ...
[22:50:02]     [387/2000] cutting 62kYgtONf_M_4.mp4 (0:02:06.566 -> 0:02:10.866)
[22:50:02]   [video 387/1999] yt-dlp JZdEjYPsTAo (1 clip(s) needed) ...
[22:50:07]     [388/2000] cutting JZdEjYPsTAo_3.mp4 (0:00:31.831 -> 0:00:37.604)
[22:50:07]   [video 388/1999] yt-dlp waEJ5do7s14 (1 clip(s) needed) ...
[22:50:15]     [389/2000] cutting waEJ5do7s14_0.mp4 (0:00:15.915 -> 0:01:03.963)
[22:50:16]   [video 389/1999] yt-dlp ZkVSRwFWjy0 (1 clip(s) needed) ...
[22:50:30]     [390/2000] cutting ZkVSRwFWjy0_37.mp4 (0:09:58.280 -> 0:10:02.320)
[22:50:30]   [video 390/1999] yt-dlp _vJM7M3TP8w (1 clip(s) needed) ...
[22:50:38]     [391/2000] cutting _vJM7M3TP8w_6.mp4 (0:00:37.600 -> 0:00:41.120)
[22:50:38]   [video 391/1999] yt-dlp MGhCTipS1ss (1 clip(s) needed) ...
[22:50:48]     [392/2000] cutting MGhCTipS1ss_26.mp4 (0:08:18.040 -> 0:08:32.880)
[22:50:48]   [video 392/1999] yt-dlp 4ljI3QedKFQ (1 clip(s) needed) ...
[22:51:02]     [393/2000] cutting 4ljI3QedKFQ_11.mp4 (0:12:52.705 -> 0:13:20.566)
[22:51:02]   [video 393/1999] yt-dlp -_eKmmYgYg8 (1 clip(s) needed) ...
[22:51:09]     [394/2000] cutting -_eKmmYgYg8_4.mp4 (0:00:36.336 -> 0:01:00.393)
[22:51:09]   [video 394/1999] yt-dlp aUc6eQkr2dc (1 clip(s) needed) ...
[22:51:16]     [395/2000] cutting aUc6eQkr2dc_10.mp4 (0:04:19.659 -> 0:04:23.763)
[22:51:17]   [video 395/1999] yt-dlp VcIlUg2nJZA (1 clip(s) needed) ...
[22:51:29]     [396/2000] cutting VcIlUg2nJZA_2.mp4 (0:03:41.688 -> 0:04:29.736)
[22:51:30]   [video 396/1999] yt-dlp -copZ50sHMg (1 clip(s) needed) ...
[22:51:36]     [397/2000] cutting -copZ50sHMg_3.mp4 (0:00:20.854 -> 0:00:27.427)
[22:51:36]   [video 397/1999] yt-dlp xbu2jnQ9f1g (1 clip(s) needed) ...
[22:51:47]     [398/2000] cutting xbu2jnQ9f1g_6.mp4 (0:02:08.595 -> 0:02:23.943)
[22:51:47]   [video 398/1999] yt-dlp -PLTXOJWvQA (1 clip(s) needed) ...
[22:52:00]     [399/2000] cutting -PLTXOJWvQA_10.mp4 (0:03:43.856 -> 0:03:57.937)
[22:52:00]   [video 399/1999] yt-dlp 0kGCoTjBF38 (1 clip(s) needed) ...
[22:52:08]     [400/2000] cutting 0kGCoTjBF38_2.mp4 (0:02:17.470 -> 0:02:28.381)
[22:52:08]   [video 400/1999] yt-dlp -OFmqG3VvUw (1 clip(s) needed) ...
[22:52:14]     [401/2000] cutting -OFmqG3VvUw_2.mp4 (0:00:23.133 -> 0:00:29.233)
[22:52:15]   [video 401/1999] yt-dlp X4Kv8uFm76U (1 clip(s) needed) ...
[22:52:35]     [402/2000] cutting X4Kv8uFm76U_1.mp4 (0:02:11.666 -> 0:02:32.466)
[22:52:35]   [video 402/1999] yt-dlp 6zWgTWd1WOo (1 clip(s) needed) ...
[22:52:38]     FAILED: ERROR: [youtube] 6zWgTWd1WOo: This video is not available
[22:52:38]   [video 403/1999] yt-dlp uM_G74Yxyng (1 clip(s) needed) ...
[22:52:46]     [404/2000] cutting uM_G74Yxyng_0.mp4 (0:00:02.720 -> 0:00:10.320)
[22:52:46]   [video 404/1999] yt-dlp BV4hLwFzLOA (1 clip(s) needed) ...
[22:52:53]     [405/2000] cutting BV4hLwFzLOA_6.mp4 (0:02:13.666 -> 0:02:19.233)
[22:52:53]   [video 405/1999] yt-dlp HNN8_hshkaQ (1 clip(s) needed) ...
[22:52:59]     [406/2000] cutting HNN8_hshkaQ_3.mp4 (0:00:30.600 -> 0:00:55.200)
[22:53:00]   [video 406/1999] yt-dlp QWLZYDMcu_Q (1 clip(s) needed) ...
[22:53:07]     [407/2000] cutting QWLZYDMcu_Q_2.mp4 (0:01:21.816 -> 0:01:52.483)
[22:53:07]   [video 407/1999] yt-dlp p-SYN0cUcEc (1 clip(s) needed) ...
[22:53:15]     [408/2000] cutting p-SYN0cUcEc_5.mp4 (0:01:47.774 -> 0:01:53.071)
[22:53:15]   [video 408/1999] yt-dlp YDOw7Rh42wk (1 clip(s) needed) ...
[22:53:30]     [409/2000] cutting YDOw7Rh42wk_43.mp4 (0:18:36.215 -> 0:18:42.888)
[22:53:30]   [video 409/1999] yt-dlp a17BYZItuNo (1 clip(s) needed) ...
[22:53:38]     [410/2000] cutting a17BYZItuNo_2.mp4 (0:00:30.797 -> 0:01:18.578)
[22:53:38]   [video 410/1999] yt-dlp YGTCKQU4E7Y (1 clip(s) needed) ...
[22:53:50]     [411/2000] cutting YGTCKQU4E7Y_12.mp4 (0:02:55.120 -> 0:03:01.480)
[22:53:51]   [video 411/1999] yt-dlp 0Hk4c_u-Uow (1 clip(s) needed) ...
[22:54:02]     [412/2000] cutting 0Hk4c_u-Uow_59.mp4 (0:08:45.820 -> 0:08:51.000)
[22:54:02]   [video 412/1999] yt-dlp 3M5Luc7jMZ8 (1 clip(s) needed) ...
[22:54:13]     [413/2000] cutting 3M5Luc7jMZ8_5.mp4 (0:02:44.981 -> 0:02:48.067)
[22:54:13]   [video 413/1999] yt-dlp VDBQyDG5NuE (1 clip(s) needed) ...
[22:54:25]     [414/2000] cutting VDBQyDG5NuE_16.mp4 (0:08:08.733 -> 0:08:28.733)
[22:54:25]   [video 414/1999] yt-dlp y4rdVATKpvo (1 clip(s) needed) ...
[22:54:33]     [415/2000] cutting y4rdVATKpvo_10.mp4 (0:01:07.560 -> 0:01:26.720)
[22:54:33]   [video 415/1999] yt-dlp rSxEJ8L4R3c (1 clip(s) needed) ...
[22:54:39]     [416/2000] cutting rSxEJ8L4R3c_19.mp4 (0:01:50.466 -> 0:01:53.866)
[22:54:40]   [video 416/1999] yt-dlp G5udBxgcNqA (1 clip(s) needed) ...
[22:54:49]     [417/2000] cutting G5udBxgcNqA_7.mp4 (0:01:16.600 -> 0:01:25.700)
[22:54:50]   [video 417/1999] yt-dlp HTMapT0OgNI (1 clip(s) needed) ...
[22:54:55]     [418/2000] cutting HTMapT0OgNI_2.mp4 (0:02:28.348 -> 0:02:44.731)
[22:54:55]   [video 418/1999] yt-dlp xo55by_fgdM (1 clip(s) needed) ...
[22:55:02]     [419/2000] cutting xo55by_fgdM_0.mp4 (0:00:05.964 -> 0:00:54.012)
[22:55:02]   [video 419/1999] yt-dlp b49hpFLmIvA (1 clip(s) needed) ...
[22:55:17]     [420/2000] cutting b49hpFLmIvA_24.mp4 (0:05:37.280 -> 0:05:43.640)
[22:55:17]   [video 420/1999] yt-dlp C4yusNoF4ac (1 clip(s) needed) ...
[22:55:27]     [421/2000] cutting C4yusNoF4ac_2.mp4 (0:02:52.705 -> 0:03:07.420)
[22:55:28]   [video 421/1999] yt-dlp mb5hShisIS4 (1 clip(s) needed) ...
[22:55:35]     [422/2000] cutting mb5hShisIS4_37.mp4 (0:12:05.324 -> 0:12:12.465)
[22:55:35]   [video 422/1999] yt-dlp hLzGy52NSZY (1 clip(s) needed) ...
[22:55:43]     [423/2000] cutting hLzGy52NSZY_8.mp4 (0:02:02.922 -> 0:02:06.960)
[22:55:43]   [video 423/1999] yt-dlp vUhWIDRulcg (1 clip(s) needed) ...
[22:55:49]     [424/2000] cutting vUhWIDRulcg_3.mp4 (0:00:32.365 -> 0:01:09.769)
[22:55:49]   [video 424/1999] yt-dlp r3w-2QOdTSo (1 clip(s) needed) ...
[22:55:56]     [425/2000] cutting r3w-2QOdTSo_4.mp4 (0:03:18.466 -> 0:03:26.466)
[22:55:56]   [video 425/1999] yt-dlp 61HoJtjm8fk (1 clip(s) needed) ...
[22:56:05]     [426/2000] cutting 61HoJtjm8fk_14.mp4 (0:03:59.120 -> 0:04:06.920)
[22:56:05]   [video 426/1999] yt-dlp 9MJX6Jt0T50 (1 clip(s) needed) ...
[22:56:11]     [427/2000] cutting 9MJX6Jt0T50_51.mp4 (0:06:20.346 -> 0:06:29.021)
[22:56:11]   [video 427/1999] yt-dlp hpdm7sdGxCo (1 clip(s) needed) ...
[22:56:19]     [428/2000] cutting hpdm7sdGxCo_19.mp4 (0:01:51.511 -> 0:01:58.918)
[22:56:19]   [video 428/1999] yt-dlp zK9Vzf5RK08 (1 clip(s) needed) ...
[22:56:31]     [429/2000] cutting zK9Vzf5RK08_4.mp4 (0:01:03.763 -> 0:01:11.371)
[22:56:31]   [video 429/1999] yt-dlp RuGwmyw8a5g (1 clip(s) needed) ...
[22:56:37]     [430/2000] cutting RuGwmyw8a5g_1.mp4 (0:01:02.495 -> 0:01:10.970)
[22:56:37]   [video 430/1999] yt-dlp AqR5VCCY_3k (1 clip(s) needed) ...
[22:56:43]     [431/2000] cutting AqR5VCCY_3k_9.mp4 (0:01:24.951 -> 0:01:29.355)
[22:56:43]   [video 431/1999] yt-dlp kBxzKNfhhFE (1 clip(s) needed) ...
[22:56:50]     [432/2000] cutting kBxzKNfhhFE_5.mp4 (0:01:36.696 -> 0:02:24.744)
[22:56:50]   [video 432/1999] yt-dlp 7PpXBOgD6oY (1 clip(s) needed) ...
[22:56:57]     [433/2000] cutting 7PpXBOgD6oY_9.mp4 (0:02:08.166 -> 0:02:12.875)
[22:56:58]   [video 433/1999] yt-dlp HZz4qNlOf2s (1 clip(s) needed) ...
[22:57:01]     FAILED: ERROR: [youtube] HZz4qNlOf2s: This video is not available
[22:57:01]   [video 434/1999] yt-dlp 8IMjbFMxDtQ (1 clip(s) needed) ...
[22:57:10]     [435/2000] cutting 8IMjbFMxDtQ_0.mp4 (0:00:03.200 -> 0:00:28.820)
[22:57:10]   [video 435/1999] yt-dlp aKFRLQKf9rg (1 clip(s) needed) ...
[22:57:18]     [436/2000] cutting aKFRLQKf9rg_0.mp4 (0:00:03.970 -> 0:00:35.802)
[22:57:18]   [video 436/1999] yt-dlp NYo_ZVBKYdU (1 clip(s) needed) ...
[22:57:25]     [437/2000] cutting NYo_ZVBKYdU_14.mp4 (0:02:52.463 -> 0:03:00.513)
[22:57:25]   [video 437/1999] yt-dlp FXU6aNT3bIg (1 clip(s) needed) ...
[22:57:36]     [438/2000] cutting FXU6aNT3bIg_4.mp4 (0:01:48.066 -> 0:02:24.352)
[22:57:36]   [video 438/1999] yt-dlp YTIHmPurg38 (1 clip(s) needed) ...
[22:57:45]     [439/2000] cutting YTIHmPurg38_0.mp4 (0:00:03.480 -> 0:00:31.520)
[22:57:45]   [video 439/1999] yt-dlp DmiCH-K9n4Y (1 clip(s) needed) ...
[22:58:13]     FAILED: ERROR: unable to download video data: HTTP Error 403: Forbidden
[22:58:13]   [video 440/1999] yt-dlp kjvQMMQWNGE (1 clip(s) needed) ...
[22:59:29]     [441/2000] cutting kjvQMMQWNGE_137.mp4 (0:18:23.435 -> 0:18:27.481)
[22:59:29]   [video 441/1999] yt-dlp aJOEo1XDW9w (1 clip(s) needed) ...
[22:59:37]     [442/2000] cutting aJOEo1XDW9w_12.mp4 (0:01:00.560 -> 0:01:04.230)
[22:59:37]   [video 442/1999] yt-dlp l80PKf3hk_4 (1 clip(s) needed) ...
[23:00:04]     [443/2000] cutting l80PKf3hk_4_18.mp4 (0:04:54.640 -> 0:05:02.160)
[23:00:04]   [video 443/1999] yt-dlp uDkBzlJV-f0 (1 clip(s) needed) ...
[23:00:22]     [444/2000] cutting uDkBzlJV-f0_14.mp4 (0:02:19.040 -> 0:02:28.560)
[23:00:22]   [video 444/1999] yt-dlp 2wH4VWFJjNc (1 clip(s) needed) ...
[23:01:35]     [445/2000] cutting 2wH4VWFJjNc_8.mp4 (0:00:52.552 -> 0:00:56.598)
[23:01:35]   [video 445/1999] yt-dlp Q0vNC3WQi5M (1 clip(s) needed) ...
[23:01:58]     [446/2000] cutting Q0vNC3WQi5M_10.mp4 (0:05:33.166 -> 0:05:51.900)
[23:01:59]   [video 446/1999] yt-dlp rrOqGCVbU28 (1 clip(s) needed) ...
[23:02:08]     [447/2000] cutting rrOqGCVbU28_10.mp4 (0:01:14.507 -> 0:01:17.710)
[23:02:08]   [video 447/1999] yt-dlp ZFsccIAkH9U (1 clip(s) needed) ...
[23:02:37]     [448/2000] cutting ZFsccIAkH9U_6.mp4 (0:02:11.960 -> 0:02:24.000)
[23:02:38]   [video 448/1999] yt-dlp uYQdFx2BALk (1 clip(s) needed) ...
[23:02:41]     FAILED: ERROR: [youtube] uYQdFx2BALk: Private video
[23:02:41]   [video 449/1999] yt-dlp 2le9Tu4LdC4 (1 clip(s) needed) ...
[23:02:51]     [450/2000] cutting 2le9Tu4LdC4_6.mp4 (0:00:52.419 -> 0:01:00.126)
[23:02:51]   [video 450/1999] yt-dlp 21SUrox-Hbo (1 clip(s) needed) ...
[23:03:10]     [451/2000] cutting 21SUrox-Hbo_17.mp4 (0:02:05.975 -> 0:02:09.879)
[23:03:10]   [video 451/1999] yt-dlp w82aSjLuD_8 (1 clip(s) needed) ...
[23:03:23]     [452/2000] cutting w82aSjLuD_8_1.mp4 (0:00:07.560 -> 0:00:23.280)
[23:03:23]   [video 452/1999] yt-dlp zCUxiH78gEM (1 clip(s) needed) ...
[23:03:53]     [453/2000] cutting zCUxiH78gEM_1.mp4 (0:00:26.393 -> 0:00:38.805)
[23:03:53]   [video 453/1999] yt-dlp nQERbSRT6UI (1 clip(s) needed) ...
[23:04:03]     [454/2000] cutting nQERbSRT6UI_5.mp4 (0:01:15.566 -> 0:01:24.966)
[23:04:03]   [video 454/1999] yt-dlp eMDwyqJy2r4 (1 clip(s) needed) ...
[23:04:25]     [455/2000] cutting eMDwyqJy2r4_2.mp4 (0:00:19.400 -> 0:00:27.633)
[23:04:25]   [video 455/1999] yt-dlp uaBwXAWw69s (1 clip(s) needed) ...
[23:04:44]     [456/2000] cutting uaBwXAWw69s_18.mp4 (0:01:57.534 -> 0:02:07.418)
[23:04:44]   [video 456/1999] yt-dlp wLHQstpc5Uk (1 clip(s) needed) ...
[23:05:08]     [457/2000] cutting wLHQstpc5Uk_9.mp4 (0:02:38.333 -> 0:02:48.933)
[23:05:08]   [video 457/1999] yt-dlp xByZLC6WJ5g (1 clip(s) needed) ...
[23:05:39]     [458/2000] cutting xByZLC6WJ5g_4.mp4 (0:02:20.666 -> 0:02:28.000)
[23:05:39]   [video 458/1999] yt-dlp CXWF11U4bQA (1 clip(s) needed) ...
[23:06:22]     [459/2000] cutting CXWF11U4bQA_10.mp4 (0:06:28.421 -> 0:06:37.497)
[23:06:22]   [video 459/1999] yt-dlp MrUE27r2B4A (1 clip(s) needed) ...
[23:06:54]     [460/2000] cutting MrUE27r2B4A_15.mp4 (0:01:33.800 -> 0:01:38.200)
[23:06:54]   [video 460/1999] yt-dlp HGRSTvM_Itw (1 clip(s) needed) ...
[23:07:37]     [461/2000] cutting HGRSTvM_Itw_32.mp4 (0:06:18.511 -> 0:06:23.049)
[23:07:37]   [video 461/1999] yt-dlp 66rpG_1B600 (1 clip(s) needed) ...
[23:07:40]     FAILED: ERROR: [youtube] 66rpG_1B600: This video is not available
[23:07:40]   [video 462/1999] yt-dlp mMPjhmQ_xUA (1 clip(s) needed) ...
[23:07:46]     [463/2000] cutting mMPjhmQ_xUA_1.mp4 (0:00:10.482 -> 0:00:14.517)
[23:07:46]   [video 463/1999] yt-dlp L5eZKx8EYus (1 clip(s) needed) ...
[23:07:53]     [464/2000] cutting L5eZKx8EYus_3.mp4 (0:01:13.450 -> 0:01:25.850)
[23:07:53]   [video 464/1999] yt-dlp qkXUU8RwmVY (1 clip(s) needed) ...
[23:08:02]     [465/2000] cutting qkXUU8RwmVY_5.mp4 (0:00:23.148 -> 0:00:28.194)
[23:08:02]   [video 465/1999] yt-dlp vQCKLEN_7ds (1 clip(s) needed) ...
[23:08:09]     [466/2000] cutting vQCKLEN_7ds_7.mp4 (0:00:55.764 -> 0:01:13.448)
[23:08:09]   [video 466/1999] yt-dlp EnVdwgVZgbY (1 clip(s) needed) ...
[23:08:17]     [467/2000] cutting EnVdwgVZgbY_8.mp4 (0:01:50.920 -> 0:01:56.400)
[23:08:17]   [video 467/1999] yt-dlp JBquz0rX3EU (1 clip(s) needed) ...
[23:08:29]     [468/2000] cutting JBquz0rX3EU_1.mp4 (0:00:11.266 -> 0:00:27.533)
[23:08:29]   [video 468/1999] yt-dlp zf3yKwSX0h0 (1 clip(s) needed) ...
[23:08:35]     [469/2000] cutting zf3yKwSX0h0_4.mp4 (0:01:57.150 -> 0:02:19.873)
[23:08:36]   [video 469/1999] yt-dlp uB16Q5XHBA0 (1 clip(s) needed) ...
[23:08:43]     [470/2000] cutting uB16Q5XHBA0_2.mp4 (0:01:04.664 -> 0:01:52.712)
[23:08:43]   [video 470/1999] yt-dlp ikyphEmeMSw (1 clip(s) needed) ...
[23:08:50]     [471/2000] cutting ikyphEmeMSw_1.mp4 (0:01:00.126 -> 0:01:48.174)
[23:08:50]   [video 471/1999] yt-dlp Exsd5MbbHyc (1 clip(s) needed) ...
[23:08:59]     [472/2000] cutting Exsd5MbbHyc_9.mp4 (0:02:53.750 -> 0:03:02.625)
[23:08:59]   [video 472/1999] yt-dlp GW_9fjeDANI (1 clip(s) needed) ...
[23:09:05]     [473/2000] cutting GW_9fjeDANI_6.mp4 (0:01:11.638 -> 0:01:19.079)
[23:09:05]   [video 473/1999] yt-dlp YmtyfCzVZ_U (1 clip(s) needed) ...
[23:09:15]     [474/2000] cutting YmtyfCzVZ_U_17.mp4 (0:03:45.959 -> 0:03:50.163)
[23:09:15]   [video 474/1999] yt-dlp eow6RcFpP0M (1 clip(s) needed) ...
[23:09:25]     [475/2000] cutting eow6RcFpP0M_7.mp4 (0:02:22.233 -> 0:02:26.233)
[23:09:25]   [video 475/1999] yt-dlp CGdcN3SUW9A (1 clip(s) needed) ...
[23:09:33]     [476/2000] cutting CGdcN3SUW9A_3.mp4 (0:03:39.319 -> 0:04:12.252)
[23:09:33]   [video 476/1999] yt-dlp GK08lE6vook (1 clip(s) needed) ...
[23:09:39]     [477/2000] cutting GK08lE6vook_0.mp4 (0:00:03.628 -> 0:00:15.598)
[23:09:39]   [video 477/1999] yt-dlp Y948yMO3CTY (1 clip(s) needed) ...
[23:09:44]     [478/2000] cutting Y948yMO3CTY_11.mp4 (0:04:29.466 -> 0:04:36.033)
[23:09:44]   [video 478/1999] yt-dlp O_glzc1Cc8M (1 clip(s) needed) ...
[23:09:52]     [479/2000] cutting O_glzc1Cc8M_7.mp4 (0:02:58.633 -> 0:03:17.133)
[23:09:52]   [video 479/1999] yt-dlp 2l9rt-dtajo (1 clip(s) needed) ...
[23:10:02]     [480/2000] cutting 2l9rt-dtajo_18.mp4 (0:04:17.620 -> 0:04:25.560)
[23:10:02]   [video 480/1999] yt-dlp -xIrareDBdA (1 clip(s) needed) ...
[23:10:11]     [481/2000] cutting -xIrareDBdA_10.mp4 (0:03:54.360 -> 0:03:59.560)
[23:10:11]   [video 481/1999] yt-dlp d87bU3-sW1g (1 clip(s) needed) ...
[23:10:22]     [482/2000] cutting d87bU3-sW1g_0.mp4 (0:00:06.000 -> 0:00:54.000)
[23:10:22]   [video 482/1999] yt-dlp hUL9SiQ8Erw (1 clip(s) needed) ...
[23:10:31]     [483/2000] cutting hUL9SiQ8Erw_40.mp4 (0:04:56.004 -> 0:05:00.216)
[23:10:31]   [video 483/1999] yt-dlp i4JKvyC20sI (1 clip(s) needed) ...
[23:10:41]     [484/2000] cutting i4JKvyC20sI_23.mp4 (0:03:26.072 -> 0:03:33.780)
[23:10:41]   [video 484/1999] yt-dlp KAE5JZAtjbw (1 clip(s) needed) ...
[23:10:50]     [485/2000] cutting KAE5JZAtjbw_10.mp4 (0:04:02.000 -> 0:04:12.100)
[23:10:50]   [video 485/1999] yt-dlp oQpUXs0MXaw (1 clip(s) needed) ...
[23:11:07]     [486/2000] cutting oQpUXs0MXaw_17.mp4 (0:05:33.966 -> 0:05:48.181)
[23:11:07]   [video 486/1999] yt-dlp GWThqsi9juQ (1 clip(s) needed) ...
[23:11:20]     [487/2000] cutting GWThqsi9juQ_6.mp4 (0:01:40.416 -> 0:02:09.625)
[23:11:20]   [video 487/1999] yt-dlp 2Gf4bEskQb8 (1 clip(s) needed) ...
[23:11:30]     [488/2000] cutting 2Gf4bEskQb8_7.mp4 (0:06:16.709 -> 0:06:32.925)
[23:11:30]   [video 488/1999] yt-dlp MeapL4W3inY (1 clip(s) needed) ...
[23:11:40]     [489/2000] cutting MeapL4W3inY_12.mp4 (0:05:12.078 -> 0:05:20.153)
[23:11:40]   [video 489/1999] yt-dlp jpZLuwLk_x4 (1 clip(s) needed) ...
[23:11:47]     [490/2000] cutting jpZLuwLk_x4_5.mp4 (0:01:03.188 -> 0:01:25.210)
[23:11:47]   [video 490/1999] yt-dlp PPqL9qswb-U (1 clip(s) needed) ...
[23:11:54]     [491/2000] cutting PPqL9qswb-U_3.mp4 (0:01:25.452 -> 0:01:33.793)
[23:11:54]   [video 491/1999] yt-dlp NT1CAS7XK-s (1 clip(s) needed) ...
[23:12:08]     [492/2000] cutting NT1CAS7XK-s_41.mp4 (0:07:03.714 -> 0:07:08.428)
[23:12:08]   [video 492/1999] yt-dlp UGQiPpupPug (1 clip(s) needed) ...
[23:12:14]     [493/2000] cutting UGQiPpupPug_6.mp4 (0:01:26.503 -> 0:01:31.216)
[23:12:14]   [video 493/1999] yt-dlp 3424970sj7M (1 clip(s) needed) ...
[23:12:18]     [494/2000] cutting 3424970sj7M_6.mp4 (0:00:58.440 -> 0:01:08.360)
[23:12:18]   [video 494/1999] yt-dlp 5_K03H5nnqc (1 clip(s) needed) ...
[23:12:26]     [495/2000] cutting 5_K03H5nnqc_1.mp4 (0:00:19.116 -> 0:00:23.600)
[23:12:26]   [video 495/1999] yt-dlp NUFXn7QajuE (1 clip(s) needed) ...
[23:12:34]     [496/2000] cutting NUFXn7QajuE_8.mp4 (0:02:04.200 -> 0:02:12.566)
[23:12:34]   [video 496/1999] yt-dlp 4QLSXxhbIkA (1 clip(s) needed) ...
[23:12:40]     [497/2000] cutting 4QLSXxhbIkA_0.mp4 (0:00:04.471 -> 0:00:40.273)
[23:12:41]   [video 497/1999] yt-dlp -0NWa0nj7fI (1 clip(s) needed) ...
[23:12:48]     [498/2000] cutting -0NWa0nj7fI_20.mp4 (0:02:54.207 -> 0:02:58.611)
[23:12:48]   [video 498/1999] yt-dlp 6_CP-jR-Jqo (1 clip(s) needed) ...
[23:12:55]     [499/2000] cutting 6_CP-jR-Jqo_4.mp4 (0:00:32.832 -> 0:00:49.682)
[23:12:55]   [video 499/1999] yt-dlp aki5sVVjavc (1 clip(s) needed) ...
[23:13:08]     [500/2000] cutting aki5sVVjavc_10.mp4 (0:06:11.040 -> 0:06:59.040)
[23:13:08]   [video 500/1999] yt-dlp Y9iXfiKKQaQ (1 clip(s) needed) ...
[23:13:16]     [501/2000] cutting Y9iXfiKKQaQ_4.mp4 (0:00:52.619 -> 0:01:00.627)
[23:13:16]   [video 501/1999] yt-dlp 6w9ecJLUodU (1 clip(s) needed) ...
[23:13:31]     [502/2000] cutting 6w9ecJLUodU_25.mp4 (0:15:32.800 -> 0:16:16.800)
[23:13:31]   [video 502/1999] yt-dlp IW67Y57VTEI (1 clip(s) needed) ...
[23:13:38]     [503/2000] cutting IW67Y57VTEI_9.mp4 (0:01:16.209 -> 0:01:21.214)
[23:13:38]   [video 503/1999] yt-dlp k4uIJf6Ql90 (1 clip(s) needed) ...
[23:13:52]     [504/2000] cutting k4uIJf6Ql90_6.mp4 (0:06:20.713 -> 0:06:44.604)
[23:13:52]   [video 504/1999] yt-dlp cUv9J0jqhqg (1 clip(s) needed) ...
[23:14:01]     [505/2000] cutting cUv9J0jqhqg_16.mp4 (0:02:50.970 -> 0:03:04.884)
[23:14:01]   [video 505/1999] yt-dlp 3c_YZbTZoAc (1 clip(s) needed) ...
[23:14:07]     [506/2000] cutting 3c_YZbTZoAc_29.mp4 (0:07:36.240 -> 0:07:40.280)
[23:14:07]   [video 506/1999] yt-dlp 8CejGESrRkc (1 clip(s) needed) ...
[23:14:11]     [507/2000] cutting 8CejGESrRkc_3.mp4 (0:00:18.833 -> 0:00:26.833)
[23:14:12]   [video 507/1999] yt-dlp lTxc1qd8aZE (1 clip(s) needed) ...
[23:14:18]     [508/2000] cutting lTxc1qd8aZE_13.mp4 (0:02:06.793 -> 0:02:15.260)
[23:14:19]   [video 508/1999] yt-dlp pzaG2Kfi1Pw (1 clip(s) needed) ...
[23:14:26]     [509/2000] cutting pzaG2Kfi1Pw_4.mp4 (0:04:21.628 -> 0:04:37.577)
[23:14:26]   [video 509/1999] yt-dlp wjIixRC7C9M (1 clip(s) needed) ...
[23:14:35]     [510/2000] cutting wjIixRC7C9M_9.mp4 (0:04:55.960 -> 0:05:34.840)
[23:14:35]   [video 510/1999] yt-dlp 8h1Nzx6kG80 (1 clip(s) needed) ...
[23:14:42]     [511/2000] cutting 8h1Nzx6kG80_30.mp4 (0:06:14.800 -> 0:06:21.300)
[23:14:42]   [video 511/1999] yt-dlp vmljTi_9A38 (1 clip(s) needed) ...
[23:14:50]     [512/2000] cutting vmljTi_9A38_12.mp4 (0:04:12.125 -> 0:04:36.125)
[23:14:50]   [video 512/1999] yt-dlp bAbdhn8lOfU (1 clip(s) needed) ...
[23:14:58]     [513/2000] cutting bAbdhn8lOfU_20.mp4 (0:03:17.050 -> 0:03:22.250)
[23:14:58]   [video 513/1999] yt-dlp C3dmfTzPwXE (1 clip(s) needed) ...
[23:15:10]     [514/2000] cutting C3dmfTzPwXE_4.mp4 (0:03:32.178 -> 0:03:51.064)
[23:15:11]   [video 514/1999] yt-dlp PzvKNj_BNcM (1 clip(s) needed) ...
[23:15:18]     [515/2000] cutting PzvKNj_BNcM_16.mp4 (0:03:12.300 -> 0:03:20.420)
[23:15:18]   [video 515/1999] yt-dlp R2ZNy-TQATY (1 clip(s) needed) ...
[23:15:28]     [516/2000] cutting R2ZNy-TQATY_14.mp4 (0:05:42.467 -> 0:06:10.286)
[23:15:28]   [video 516/1999] yt-dlp CNTu-ZcqrFQ (1 clip(s) needed) ...
[23:15:40]     [517/2000] cutting CNTu-ZcqrFQ_8.mp4 (0:03:04.117 -> 0:03:42.388)
[23:15:41]   [video 517/1999] yt-dlp L4dgjsVT31Q (1 clip(s) needed) ...
[23:15:50]     [518/2000] cutting L4dgjsVT31Q_16.mp4 (0:03:59.800 -> 0:04:08.600)
[23:15:50]   [video 518/1999] yt-dlp 3ipHjnrnrmo (1 clip(s) needed) ...
[23:15:55]     [519/2000] cutting 3ipHjnrnrmo_1.mp4 (0:00:04.804 -> 0:00:11.478)
[23:15:55]   [video 519/1999] yt-dlp ngCEPZThohQ (1 clip(s) needed) ...
[23:16:01]     [520/2000] cutting ngCEPZThohQ_21.mp4 (0:02:26.679 -> 0:02:33.887)
[23:16:01]   [video 520/1999] yt-dlp T2uFHN01-6U (1 clip(s) needed) ...
[23:16:08]     [521/2000] cutting T2uFHN01-6U_2.mp4 (0:00:48.348 -> 0:00:55.288)
[23:16:08]   [video 521/1999] yt-dlp 69sJheY0l64 (1 clip(s) needed) ...
[23:16:16]     [522/2000] cutting 69sJheY0l64_10.mp4 (0:05:43.100 -> 0:05:49.233)
[23:16:16]   [video 522/1999] yt-dlp wZcbEsrBidM (1 clip(s) needed) ...
[23:16:21]     [523/2000] cutting wZcbEsrBidM_3.mp4 (0:00:21.688 -> 0:00:26.192)
[23:16:21]   [video 523/1999] yt-dlp ChtaDb9SKlc (1 clip(s) needed) ...
[23:16:32]     [524/2000] cutting ChtaDb9SKlc_34.mp4 (0:03:38.551 -> 0:03:41.804)
[23:16:32]   [video 524/1999] yt-dlp Sb0HUIeW9YM (1 clip(s) needed) ...
[23:16:38]     [525/2000] cutting Sb0HUIeW9YM_2.mp4 (0:00:17.817 -> 0:00:27.961)
[23:16:38]   [video 525/1999] yt-dlp NM08R4kWcB8 (1 clip(s) needed) ...
[23:16:50]     [526/2000] cutting NM08R4kWcB8_38.mp4 (0:06:12.522 -> 0:06:18.077)
[23:16:50]   [video 526/1999] yt-dlp xNypOuZkEGI (1 clip(s) needed) ...
[23:16:55]     [527/2000] cutting xNypOuZkEGI_1.mp4 (0:00:48.615 -> 0:00:57.557)
[23:16:55]   [video 527/1999] yt-dlp nK7_rloUmBI (1 clip(s) needed) ...
[23:17:03]     [528/2000] cutting nK7_rloUmBI_5.mp4 (0:01:43.120 -> 0:02:31.120)
[23:17:03]   [video 528/1999] yt-dlp 9ajHvahYf7M (1 clip(s) needed) ...
[23:17:09]     [529/2000] cutting 9ajHvahYf7M_0.mp4 (0:00:00.560 -> 0:00:05.040)
[23:17:09]   [video 529/1999] yt-dlp taDu0shovtI (1 clip(s) needed) ...
[23:17:17]     [530/2000] cutting taDu0shovtI_24.mp4 (0:03:47.400 -> 0:03:53.080)
[23:17:17]   [video 530/1999] yt-dlp G2iPFfMXqhQ (1 clip(s) needed) ...
[23:17:23]     [531/2000] cutting G2iPFfMXqhQ_8.mp4 (0:01:15.542 -> 0:01:20.080)
[23:17:23]   [video 531/1999] yt-dlp fgkjxCm7vow (1 clip(s) needed) ...
[23:17:36]     [532/2000] cutting fgkjxCm7vow_23.mp4 (0:05:29.160 -> 0:05:51.120)
[23:17:36]   [video 532/1999] yt-dlp H8Nq5IJbw6o (1 clip(s) needed) ...
[23:17:46]     [533/2000] cutting H8Nq5IJbw6o_3.mp4 (0:02:19.856 -> 0:03:07.871)
[23:17:46]   [video 533/1999] yt-dlp PjMvceCMShs (1 clip(s) needed) ...
[23:17:55]     [534/2000] cutting PjMvceCMShs_69.mp4 (0:07:06.680 -> 0:07:13.080)
[23:17:56]   [video 534/1999] yt-dlp JiJ5WpTgYgY (1 clip(s) needed) ...
[23:18:03]     [535/2000] cutting JiJ5WpTgYgY_5.mp4 (0:01:58.384 -> 0:02:06.059)
[23:18:03]   [video 535/1999] yt-dlp NbjbFqBendA (1 clip(s) needed) ...
[23:18:10]     [536/2000] cutting NbjbFqBendA_12.mp4 (0:02:10.750 -> 0:02:16.958)
[23:18:10]   [video 536/1999] yt-dlp NQOPPNCATlM (1 clip(s) needed) ...
[23:18:14]     [537/2000] cutting NQOPPNCATlM_5.mp4 (0:00:28.728 -> 0:00:32.799)
[23:18:14]   [video 537/1999] yt-dlp _A-1tPTt4js (1 clip(s) needed) ...
[23:18:25]     [538/2000] cutting _A-1tPTt4js_6.mp4 (0:04:10.766 -> 0:04:31.333)
[23:18:26]   [video 538/1999] yt-dlp heYA7Popahs (1 clip(s) needed) ...
[23:18:40]     [539/2000] cutting heYA7Popahs_14.mp4 (0:04:26.432 -> 0:04:30.478)
[23:18:40]   [video 539/1999] yt-dlp 8x9MZwRGOdo (1 clip(s) needed) ...
[23:18:53]     [540/2000] cutting 8x9MZwRGOdo_9.mp4 (0:09:02.708 -> 0:09:50.156)
[23:18:53]   [video 540/1999] yt-dlp Xntc_5psxlU (1 clip(s) needed) ...
[23:18:58]     [541/2000] cutting Xntc_5psxlU_25.mp4 (0:03:32.960 -> 0:03:36.960)
[23:18:58]   [video 541/1999] yt-dlp byRcP3cFiP8 (1 clip(s) needed) ...
[23:19:11]     [542/2000] cutting byRcP3cFiP8_6.mp4 (0:00:37.440 -> 0:00:43.200)
[23:19:11]   [video 542/1999] yt-dlp cPRpD9aeE5s (1 clip(s) needed) ...
[23:19:19]     [543/2000] cutting cPRpD9aeE5s_25.mp4 (0:04:22.428 -> 0:04:30.103)
[23:19:19]   [video 543/1999] yt-dlp ouZkjbU-wTk (1 clip(s) needed) ...
[23:19:25]     [544/2000] cutting ouZkjbU-wTk_18.mp4 (0:02:37.200 -> 0:02:42.040)
[23:19:25]   [video 544/1999] yt-dlp oEiv_svZyIo (1 clip(s) needed) ...
[23:19:29]     FAILED: ERROR: [youtube] oEiv_svZyIo: This video is not available
[23:19:29]   [video 545/1999] yt-dlp tdZum9Tc6ds (1 clip(s) needed) ...
[23:19:34]     [546/2000] cutting tdZum9Tc6ds_0.mp4 (0:00:17.851 -> 0:00:23.189)
[23:19:34]   [video 546/1999] yt-dlp _5LSyrWfPek (1 clip(s) needed) ...
[23:19:51]     [547/2000] cutting _5LSyrWfPek_0.mp4 (0:00:08.942 -> 0:00:40.774)
[23:19:51]   [video 547/1999] yt-dlp NOvl8uNgT1Q (1 clip(s) needed) ...
[23:19:59]     [548/2000] cutting NOvl8uNgT1Q_7.mp4 (0:04:10.320 -> 0:04:22.360)
[23:19:59]   [video 548/1999] yt-dlp rUuzwZstrxo (1 clip(s) needed) ...
[23:20:04]     [549/2000] cutting rUuzwZstrxo_2.mp4 (0:00:11.400 -> 0:00:31.440)
[23:20:05]   [video 549/1999] yt-dlp um0Hd7Cumzc (1 clip(s) needed) ...
[23:20:11]     [550/2000] cutting um0Hd7Cumzc_10.mp4 (0:01:25.018 -> 0:01:29.789)
[23:20:11]   [video 550/1999] yt-dlp gor0Vloff8Y (1 clip(s) needed) ...
[23:20:21]     [551/2000] cutting gor0Vloff8Y_8.mp4 (0:02:56.376 -> 0:03:07.587)
[23:20:21]   [video 551/1999] yt-dlp Amtq7KhyVUI (1 clip(s) needed) ...
[23:20:27]     [552/2000] cutting Amtq7KhyVUI_18.mp4 (0:02:30.608 -> 0:02:46.082)
[23:20:27]   [video 552/1999] yt-dlp kyxmzeSNBeE (1 clip(s) needed) ...
[23:20:38]     [553/2000] cutting kyxmzeSNBeE_16.mp4 (0:04:17.857 -> 0:04:31.371)
[23:20:38]   [video 553/1999] yt-dlp HTfZDrkkHRM (1 clip(s) needed) ...
[23:20:43]     [554/2000] cutting HTfZDrkkHRM_11.mp4 (0:01:19.233 -> 0:01:26.466)
[23:20:44]   [video 554/1999] yt-dlp yK5hXpwQdUY (1 clip(s) needed) ...
[23:20:52]     [555/2000] cutting yK5hXpwQdUY_9.mp4 (0:02:47.200 -> 0:02:51.666)
[23:20:52]   [video 555/1999] yt-dlp NElU0YCJZC4 (1 clip(s) needed) ...
[23:20:55]     FAILED: ERROR: [youtube] NElU0YCJZC4: Video unavailable
[23:20:55]   [video 556/1999] yt-dlp 1LRu0p6q9jU (1 clip(s) needed) ...
[23:21:03]     [557/2000] cutting 1LRu0p6q9jU_6.mp4 (0:04:27.233 -> 0:04:35.241)
[23:21:03]   [video 557/1999] yt-dlp kEszcJk8GX0 (1 clip(s) needed) ...
[23:21:17]     [558/2000] cutting kEszcJk8GX0_12.mp4 (0:09:10.316 -> 0:09:15.688)
[23:21:17]   [video 558/1999] yt-dlp qxDutTEjNlM (1 clip(s) needed) ...
[23:21:26]     [559/2000] cutting qxDutTEjNlM_4.mp4 (0:04:18.925 -> 0:05:04.037)
[23:21:27]   [video 559/1999] yt-dlp YA-efoYACsM (1 clip(s) needed) ...
[23:21:30]     FAILED: ERROR: [youtube] YA-efoYACsM: This video is not available
[23:21:30]   [video 560/1999] yt-dlp p8Wj37aHsrA (1 clip(s) needed) ...
[23:21:36]     [561/2000] cutting p8Wj37aHsrA_1.mp4 (0:00:18.768 -> 0:00:53.178)
[23:21:37]   [video 561/1999] yt-dlp lVO6YcsZUEA (1 clip(s) needed) ...
[23:21:48]     [562/2000] cutting lVO6YcsZUEA_3.mp4 (0:04:41.600 -> 0:05:29.600)
[23:21:48]   [video 562/1999] yt-dlp xQgrEuce8dE (1 clip(s) needed) ...
[23:21:57]     [563/2000] cutting xQgrEuce8dE_0.mp4 (0:00:06.239 -> 0:00:16.649)
[23:21:57]   [video 563/1999] yt-dlp ueNcuKsvz8o (1 clip(s) needed) ...
[23:22:07]     [564/2000] cutting ueNcuKsvz8o_17.mp4 (0:05:42.942 -> 0:05:50.683)
[23:22:07]   [video 564/1999] yt-dlp Vu5PD5z54PQ (1 clip(s) needed) ...
[23:22:26]     [565/2000] cutting Vu5PD5z54PQ_4.mp4 (0:03:11.400 -> 0:03:31.833)
[23:22:26]   [video 565/1999] yt-dlp WT5jq-oIST8 (1 clip(s) needed) ...
[23:22:42]     [566/2000] cutting WT5jq-oIST8_49.mp4 (0:07:05.758 -> 0:07:11.130)
[23:22:42]   [video 566/1999] yt-dlp HmjWatNW8Ug (1 clip(s) needed) ...
[23:22:45]     FAILED: ERROR: [youtube] HmjWatNW8Ug: This video is unavailable
[23:22:45]   [video 567/1999] yt-dlp W3_E_LQcL5U (1 clip(s) needed) ...
[23:22:54]     [568/2000] cutting W3_E_LQcL5U_11.mp4 (0:04:14.854 -> 0:04:24.497)
[23:22:54]   [video 568/1999] yt-dlp tkxAy21rGeQ (1 clip(s) needed) ...
[23:22:57]     FAILED: ERROR: [youtube] tkxAy21rGeQ: This video is not available
[23:22:57]   [video 569/1999] yt-dlp 95_5L8B2ow4 (1 clip(s) needed) ...
[23:23:04]     [570/2000] cutting 95_5L8B2ow4_10.mp4 (0:04:15.355 -> 0:04:29.936)
[23:23:04]   [video 570/1999] yt-dlp K3tOm2t9t5M (1 clip(s) needed) ...
[23:23:12]     [571/2000] cutting K3tOm2t9t5M_5.mp4 (0:01:31.191 -> 0:02:04.324)
[23:23:12]   [video 571/1999] yt-dlp is6jNKfjofI (1 clip(s) needed) ...
[23:23:17]     [572/2000] cutting is6jNKfjofI_17.mp4 (0:04:05.745 -> 0:04:29.060)
[23:23:17]   [video 572/1999] yt-dlp F8HNUZ6SWKo (1 clip(s) needed) ...
[23:23:20]     FAILED: ERROR: [youtube] F8HNUZ6SWKo: This video is not available
[23:23:20]   [video 573/1999] yt-dlp uHWT_rDNJsk (1 clip(s) needed) ...
[23:23:26]     [574/2000] cutting uHWT_rDNJsk_5.mp4 (0:00:57.123 -> 0:01:26.519)
[23:23:26]   [video 574/1999] yt-dlp 1xt9cczodNw (1 clip(s) needed) ...
[23:23:37]     [575/2000] cutting 1xt9cczodNw_1.mp4 (0:01:23.283 -> 0:02:11.331)
[23:23:38]   [video 575/1999] yt-dlp MMMfgp3elDw (1 clip(s) needed) ...
[23:23:42]     [576/2000] cutting MMMfgp3elDw_2.mp4 (0:00:21.554 -> 0:00:32.599)
[23:23:43]   [video 576/1999] yt-dlp O4mSptCdRLk (1 clip(s) needed) ...
[23:23:59]     [577/2000] cutting O4mSptCdRLk_19.mp4 (0:04:47.387 -> 0:04:55.728)
[23:23:59]   [video 577/1999] yt-dlp yDM-VwT2AGw (1 clip(s) needed) ...
[23:24:05]     [578/2000] cutting yDM-VwT2AGw_5.mp4 (0:01:15.608 -> 0:01:27.587)
[23:24:05]   [video 578/1999] yt-dlp A6r1VRHrF9k (1 clip(s) needed) ...
[23:24:11]     [579/2000] cutting A6r1VRHrF9k_2.mp4 (0:00:27.761 -> 0:00:32.866)
[23:24:11]   [video 579/1999] yt-dlp X8NmLPg4ltw (1 clip(s) needed) ...
[23:24:20]     [580/2000] cutting X8NmLPg4ltw_1.mp4 (0:04:29.520 -> 0:04:43.320)
[23:24:20]   [video 580/1999] yt-dlp oAb795xYhCw (1 clip(s) needed) ...
[23:24:37]     [581/2000] cutting oAb795xYhCw_4.mp4 (0:01:10.336 -> 0:01:19.879)
[23:24:37]   [video 581/1999] yt-dlp olphdJ5Vfu0 (1 clip(s) needed) ...
[23:24:47]     [582/2000] cutting olphdJ5Vfu0_10.mp4 (0:04:48.988 -> 0:05:37.036)
[23:24:47]   [video 582/1999] yt-dlp NqOaY3IUv4s (1 clip(s) needed) ...
[23:24:56]     [583/2000] cutting NqOaY3IUv4s_16.mp4 (0:03:01.881 -> 0:03:06.619)
[23:24:56]   [video 583/1999] yt-dlp eh3bxXHqF2U (1 clip(s) needed) ...
[23:25:02]     [584/2000] cutting eh3bxXHqF2U_15.mp4 (0:03:15.361 -> 0:03:22.936)
[23:25:02]   [video 584/1999] yt-dlp vCUsDdr_b7g (1 clip(s) needed) ...
[23:25:05]     FAILED: ERROR: [youtube] vCUsDdr_b7g: This video is not available
[23:25:05]   [video 585/1999] yt-dlp BtQ2ozluqU0 (1 clip(s) needed) ...
[23:25:13]     [586/2000] cutting BtQ2ozluqU0_9.mp4 (0:05:05.366 -> 0:05:52.666)
[23:25:13]   [video 586/1999] yt-dlp iO-_mcqQFdk (1 clip(s) needed) ...
[23:25:18]     [587/2000] cutting iO-_mcqQFdk_9.mp4 (0:01:07.967 -> 0:01:11.704)
[23:25:18]   [video 587/1999] yt-dlp Ksx7zz0B2tw (1 clip(s) needed) ...
[23:25:28]     [588/2000] cutting Ksx7zz0B2tw_30.mp4 (0:04:39.946 -> 0:04:47.287)
[23:25:28]   [video 588/1999] yt-dlp CSKMLPgkd9I (1 clip(s) needed) ...
[23:25:34]     [589/2000] cutting CSKMLPgkd9I_8.mp4 (0:01:29.155 -> 0:01:33.259)
[23:25:34]   [video 589/1999] yt-dlp AqZIidaqXWI (1 clip(s) needed) ...
[23:25:43]     [590/2000] cutting AqZIidaqXWI_10.mp4 (0:02:12.006 -> 0:02:16.136)
[23:25:43]   [video 590/1999] yt-dlp JxO1Xm2gTXs (1 clip(s) needed) ...
[23:25:51]     [591/2000] cutting JxO1Xm2gTXs_8.mp4 (0:01:17.510 -> 0:01:22.949)
[23:25:51]   [video 591/1999] yt-dlp uxR8N7xqvr8 (1 clip(s) needed) ...
[23:25:57]     [592/2000] cutting uxR8N7xqvr8_10.mp4 (0:01:42.852 -> 0:01:52.070)
[23:25:57]   [video 592/1999] yt-dlp mdDKnXp3nso (1 clip(s) needed) ...
[23:26:03]     [593/2000] cutting mdDKnXp3nso_6.mp4 (0:00:42.809 -> 0:00:49.315)
[23:26:03]   [video 593/1999] yt-dlp 4T4P8tLp16I (1 clip(s) needed) ...
[23:26:10]     [594/2000] cutting 4T4P8tLp16I_2.mp4 (0:01:04.230 -> 0:01:08.268)
[23:26:10]   [video 594/1999] yt-dlp rzk6cC8kOsQ (1 clip(s) needed) ...
[23:26:23]     [595/2000] cutting rzk6cC8kOsQ_9.mp4 (0:06:57.483 -> 0:07:06.459)
[23:26:23]   [video 595/1999] yt-dlp yHkzsERUN84 (1 clip(s) needed) ...
[23:26:32]     [596/2000] cutting yHkzsERUN84_0.mp4 (0:00:08.916 -> 0:00:32.625)
[23:26:32]   [video 596/1999] yt-dlp dInqThaLTpk (1 clip(s) needed) ...
[23:26:46]     [597/2000] cutting dInqThaLTpk_32.mp4 (0:05:56.622 -> 0:06:08.618)
[23:26:46]   [video 597/1999] yt-dlp h3b0zn7IN0U (1 clip(s) needed) ...
[23:26:56]     [598/2000] cutting h3b0zn7IN0U_5.mp4 (0:05:01.900 -> 0:05:09.233)
[23:26:56]   [video 598/1999] yt-dlp fsHQTeTvHGM (1 clip(s) needed) ...
[23:27:06]     [599/2000] cutting fsHQTeTvHGM_13.mp4 (0:02:11.520 -> 0:02:18.120)
[23:27:06]   [video 599/1999] yt-dlp cBLjS0rVhtw (1 clip(s) needed) ...
[23:27:13]     [600/2000] cutting cBLjS0rVhtw_5.mp4 (0:00:52.966 -> 0:01:10.733)
[23:27:13]   [video 600/1999] yt-dlp 2QI3MErYMfk (1 clip(s) needed) ...
[23:27:20]     [601/2000] cutting 2QI3MErYMfk_1.mp4 (0:00:21.287 -> 0:00:25.308)
[23:27:20]   [video 601/1999] yt-dlp HwHeEI-Fjfg (1 clip(s) needed) ...
[23:27:27]     [602/2000] cutting HwHeEI-Fjfg_4.mp4 (0:00:53.053 -> 0:00:59.526)
[23:27:27]   [video 602/1999] yt-dlp ryP34OopgEU (1 clip(s) needed) ...
[23:27:36]     [603/2000] cutting ryP34OopgEU_4.mp4 (0:00:42.842 -> 0:01:30.890)
[23:27:36]   [video 603/1999] yt-dlp GCeUfp2p89s (1 clip(s) needed) ...
[23:27:41]     [604/2000] cutting GCeUfp2p89s_4.mp4 (0:01:04.664 -> 0:01:08.701)
[23:27:41]   [video 604/1999] yt-dlp GFpBVDItL68 (1 clip(s) needed) ...
[23:27:48]     [605/2000] cutting GFpBVDItL68_21.mp4 (0:02:39.360 -> 0:02:49.200)
[23:27:48]   [video 605/1999] yt-dlp ePJiVPY-qQE (1 clip(s) needed) ...
[23:28:01]     [606/2000] cutting ePJiVPY-qQE_33.mp4 (0:10:20.853 -> 0:10:26.859)
[23:28:01]   [video 606/1999] yt-dlp 2CPneXI3tiE (1 clip(s) needed) ...
[23:28:18]     [607/2000] cutting 2CPneXI3tiE_8.mp4 (0:02:04.557 -> 0:02:14.868)
[23:28:18]   [video 607/1999] yt-dlp D2CzMLL2kGA (1 clip(s) needed) ...
[23:28:26]     [608/2000] cutting D2CzMLL2kGA_29.mp4 (0:03:18.064 -> 0:03:23.102)
[23:28:26]   [video 608/1999] yt-dlp UGDSGHyrYQk (1 clip(s) needed) ...
[23:28:34]     [609/2000] cutting UGDSGHyrYQk_5.mp4 (0:03:35.048 -> 0:03:39.652)
[23:28:34]   [video 609/1999] yt-dlp eaBUGSCs2C8 (1 clip(s) needed) ...
[23:28:40]     [610/2000] cutting eaBUGSCs2C8_22.mp4 (0:02:32.600 -> 0:02:37.600)
[23:28:40]   [video 610/1999] yt-dlp TQoP08OILOQ (1 clip(s) needed) ...
[23:28:47]     [611/2000] cutting TQoP08OILOQ_10.mp4 (0:01:59.320 -> 0:02:46.760)
[23:28:47]   [video 611/1999] yt-dlp gm9F5MzOUbI (1 clip(s) needed) ...
[23:28:53]     [612/2000] cutting gm9F5MzOUbI_13.mp4 (0:02:17.920 -> 0:02:31.720)
[23:28:53]   [video 612/1999] yt-dlp Q0KzUojuL6c (1 clip(s) needed) ...
[23:28:56]     FAILED: ERROR: [youtube] Q0KzUojuL6c: Private video
[23:28:56]   [video 613/1999] yt-dlp wpNFsK9lxqc (1 clip(s) needed) ...
[23:29:03]     [614/2000] cutting wpNFsK9lxqc_9.mp4 (0:01:35.303 -> 0:01:41.101)
[23:29:03]   [video 614/1999] yt-dlp nTK2Gv95h3E (1 clip(s) needed) ...
[23:29:09]     [615/2000] cutting nTK2Gv95h3E_1.mp4 (0:00:11.945 -> 0:00:32.932)
[23:29:10]   [video 615/1999] yt-dlp c4-NSmYwRc0 (1 clip(s) needed) ...
[23:29:17]     [616/2000] cutting c4-NSmYwRc0_15.mp4 (0:03:01.598 -> 0:03:07.145)
[23:29:17]   [video 616/1999] yt-dlp Ms531YgmXZY (1 clip(s) needed) ...
[23:29:22]     [617/2000] cutting Ms531YgmXZY_7.mp4 (0:01:30.120 -> 0:01:35.200)
[23:29:22]   [video 617/1999] yt-dlp t6bRkSNYUBg (1 clip(s) needed) ...
[23:29:29]     [618/2000] cutting t6bRkSNYUBg_5.mp4 (0:02:35.355 -> 0:02:55.275)
[23:29:29]   [video 618/1999] yt-dlp 8fsByo_RmUo (1 clip(s) needed) ...
[23:29:37]     [619/2000] cutting 8fsByo_RmUo_4.mp4 (0:02:27.280 -> 0:02:42.128)
[23:29:37]   [video 619/1999] yt-dlp Z5GNsZW89vw (1 clip(s) needed) ...
[23:29:43]     [620/2000] cutting Z5GNsZW89vw_10.mp4 (0:00:44.252 -> 0:00:49.674)
[23:29:43]   [video 620/1999] yt-dlp VSYYebeWvfk (1 clip(s) needed) ...
[23:29:51]     [621/2000] cutting VSYYebeWvfk_8.mp4 (0:01:59.000 -> 0:02:09.666)
[23:29:52]   [video 621/1999] yt-dlp 2L9P6c4yUMg (1 clip(s) needed) ...
[23:29:57]     [622/2000] cutting 2L9P6c4yUMg_9.mp4 (0:01:20.920 -> 0:01:25.400)
[23:29:57]   [video 622/1999] yt-dlp Kutx13iSjYs (1 clip(s) needed) ...
[23:30:11]     [623/2000] cutting Kutx13iSjYs_32.mp4 (0:06:01.594 -> 0:06:34.310)
[23:30:11]   [video 623/1999] yt-dlp BeLQsDBu2t8 (1 clip(s) needed) ...
[23:30:19]     [624/2000] cutting BeLQsDBu2t8_3.mp4 (0:02:06.192 -> 0:02:54.240)
[23:30:19]   [video 624/1999] yt-dlp jVuh8xXKW0o (1 clip(s) needed) ...
[23:30:28]     [625/2000] cutting jVuh8xXKW0o_0.mp4 (0:00:05.833 -> 0:00:48.600)
[23:30:29]   [video 625/1999] yt-dlp oXy4qt9gTZI (1 clip(s) needed) ...
[23:30:34]     [626/2000] cutting oXy4qt9gTZI_5.mp4 (0:00:52.168 -> 0:01:14.524)
[23:30:34]   [video 626/1999] yt-dlp P6hVEa_pCus (1 clip(s) needed) ...
[23:30:42]     [627/2000] cutting P6hVEa_pCus_4.mp4 (0:01:37.464 -> 0:01:47.107)
[23:30:42]   [video 627/1999] yt-dlp kqhfROKQuZ4 (1 clip(s) needed) ...
[23:30:48]     [628/2000] cutting kqhfROKQuZ4_5.mp4 (0:01:39.632 -> 0:01:54.247)
[23:30:48]   [video 628/1999] yt-dlp SGq6ZioTsWM (1 clip(s) needed) ...
[23:30:54]     [629/2000] cutting SGq6ZioTsWM_3.mp4 (0:00:39.723 -> 0:00:42.859)
[23:30:54]   [video 629/1999] yt-dlp X-95kquH-xw (1 clip(s) needed) ...
[23:31:01]     [630/2000] cutting X-95kquH-xw_16.mp4 (0:02:16.736 -> 0:02:22.909)
[23:31:01]   [video 630/1999] yt-dlp g5YXlRg9FE0 (1 clip(s) needed) ...
[23:31:15]     [631/2000] cutting g5YXlRg9FE0_7.mp4 (0:04:53.226 -> 0:05:20.553)
[23:31:15]   [video 631/1999] yt-dlp FSUecMtuwjo (1 clip(s) needed) ...
[23:31:22]     [632/2000] cutting FSUecMtuwjo_0.mp4 (0:00:05.972 -> 0:00:54.020)
[23:31:22]   [video 632/1999] yt-dlp P48wJldlJ-o (1 clip(s) needed) ...
[23:31:31]     [633/2000] cutting P48wJldlJ-o_1.mp4 (0:01:20.814 -> 0:01:31.875)
[23:31:31]   [video 633/1999] yt-dlp opkwMWnTp6k (1 clip(s) needed) ...
[23:31:42]     [634/2000] cutting opkwMWnTp6k_1.mp4 (0:00:13.246 -> 0:01:01.294)
[23:31:42]   [video 634/1999] yt-dlp Rz65MEOuAI8 (1 clip(s) needed) ...
[23:31:48]     [635/2000] cutting Rz65MEOuAI8_20.mp4 (0:02:47.440 -> 0:02:51.480)
[23:31:48]   [video 635/1999] yt-dlp m7o6uNruSZA (1 clip(s) needed) ...
[23:31:56]     [636/2000] cutting m7o6uNruSZA_27.mp4 (0:03:16.160 -> 0:03:23.000)
[23:31:56]   [video 636/1999] yt-dlp sRwqd3eCNUY (1 clip(s) needed) ...
[23:32:01]     [637/2000] cutting sRwqd3eCNUY_1.mp4 (0:00:07.632 -> 0:00:16.683)
[23:32:01]   [video 637/1999] yt-dlp L6QyqkQ3KJ8 (1 clip(s) needed) ...
[23:32:09]     [638/2000] cutting L6QyqkQ3KJ8_2.mp4 (0:00:16.716 -> 0:00:23.890)
[23:32:09]   [video 638/1999] yt-dlp 01_K2eJbkkQ (1 clip(s) needed) ...
[23:32:14]     [639/2000] cutting 01_K2eJbkkQ_0.mp4 (0:00:00.520 -> 0:00:04.720)
[23:32:14]   [video 639/1999] yt-dlp P0lPoxNcvC0 (1 clip(s) needed) ...
[23:32:20]     [640/2000] cutting P0lPoxNcvC0_5.mp4 (0:00:54.900 -> 0:01:03.500)
[23:32:20]   [video 640/1999] yt-dlp pCzVDJzzuJw (1 clip(s) needed) ...
[23:32:26]     [641/2000] cutting pCzVDJzzuJw_1.mp4 (0:00:22.389 -> 0:00:27.660)
[23:32:26]   [video 641/1999] yt-dlp GMl4lU9KLYs (1 clip(s) needed) ...
[23:32:35]     [642/2000] cutting GMl4lU9KLYs_25.mp4 (0:03:57.283 -> 0:04:05.416)
[23:32:35]   [video 642/1999] yt-dlp WnXuJeTBF60 (1 clip(s) needed) ...
[23:32:49]     [643/2000] cutting WnXuJeTBF60_4.mp4 (0:00:45.145 -> 0:00:53.153)
[23:32:49]   [video 643/1999] yt-dlp 0ca1ibkgzxA (1 clip(s) needed) ...
[23:32:57]     [644/2000] cutting 0ca1ibkgzxA_3.mp4 (0:00:14.160 -> 0:00:19.360)
[23:32:57]   [video 644/1999] yt-dlp Rp-DTdem1gE (1 clip(s) needed) ...
[23:33:04]     [645/2000] cutting Rp-DTdem1gE_8.mp4 (0:01:04.597 -> 0:01:10.503)
[23:33:04]   [video 645/1999] yt-dlp 5vtfU6wusJs (1 clip(s) needed) ...
[23:33:09]     [646/2000] cutting 5vtfU6wusJs_7.mp4 (0:00:51.440 -> 0:00:55.920)
[23:33:09]   [video 646/1999] yt-dlp he39uhFNQw8 (1 clip(s) needed) ...
[23:33:17]     [647/2000] cutting he39uhFNQw8_21.mp4 (0:02:33.653 -> 0:02:38.158)
[23:33:17]   [video 647/1999] yt-dlp o-f-w5NAkC8 (1 clip(s) needed) ...
[23:33:23]     [648/2000] cutting o-f-w5NAkC8_5.mp4 (0:00:54.596 -> 0:00:59.434)
[23:33:23]   [video 648/1999] yt-dlp 3jESZlAyB5Q (1 clip(s) needed) ...
[23:33:31]     [649/2000] cutting 3jESZlAyB5Q_15.mp4 (0:03:30.343 -> 0:03:36.049)
[23:33:31]   [video 649/1999] yt-dlp zT-u1vWl04o (1 clip(s) needed) ...
[23:33:40]     [650/2000] cutting zT-u1vWl04o_4.mp4 (0:05:05.738 -> 0:05:13.513)
[23:33:40]   [video 650/1999] yt-dlp mVydPWEZ8e4 (1 clip(s) needed) ...
[23:33:50]     [651/2000] cutting mVydPWEZ8e4_4.mp4 (0:02:08.027 -> 0:02:14.134)
[23:33:50]   [video 651/1999] yt-dlp YxO_NLwYfGs (1 clip(s) needed) ...
[23:33:56]     [652/2000] cutting YxO_NLwYfGs_28.mp4 (0:03:32.712 -> 0:03:37.675)
[23:33:56]   [video 652/1999] yt-dlp RSQaXAUgS3I (1 clip(s) needed) ...
[23:34:02]     [653/2000] cutting RSQaXAUgS3I_32.mp4 (0:09:08.005 -> 0:09:34.740)
[23:34:02]   [video 653/1999] yt-dlp m0xw1bh79w4 (1 clip(s) needed) ...
[23:34:13]     [654/2000] cutting m0xw1bh79w4_15.mp4 (0:07:03.033 -> 0:07:11.033)
[23:34:13]   [video 654/1999] yt-dlp PHBCzi_fiNo (1 clip(s) needed) ...
[23:34:16]     FAILED: ERROR: [youtube] PHBCzi_fiNo: Private video
[23:34:16]   [video 655/1999] yt-dlp sfETt0PAtwo (1 clip(s) needed) ...
[23:34:25]     [656/2000] cutting sfETt0PAtwo_8.mp4 (0:03:05.618 -> 0:03:19.966)
[23:34:25]   [video 656/1999] yt-dlp vnwXrTKK2ks (1 clip(s) needed) ...
[23:34:38]     [657/2000] cutting vnwXrTKK2ks_6.mp4 (0:02:57.744 -> 0:03:02.899)
[23:34:38]   [video 657/1999] yt-dlp pTzC9Gy1NlE (1 clip(s) needed) ...
[23:34:45]     [658/2000] cutting pTzC9Gy1NlE_20.mp4 (0:02:55.074 -> 0:03:05.518)
[23:34:45]   [video 658/1999] yt-dlp 7beRz3cAT4Q (1 clip(s) needed) ...
[23:34:52]     [659/2000] cutting 7beRz3cAT4Q_5.mp4 (0:00:47.881 -> 0:00:58.850)
[23:34:52]   [video 659/1999] yt-dlp pLdIaPQ2UGk (1 clip(s) needed) ...
[23:35:04]     [660/2000] cutting pLdIaPQ2UGk_3.mp4 (0:03:09.440 -> 0:03:57.440)
[23:35:04]   [video 660/1999] yt-dlp _ZyD7htcesY (1 clip(s) needed) ...
[23:35:15]     [661/2000] cutting _ZyD7htcesY_13.mp4 (0:05:10.343 -> 0:05:34.400)
[23:35:15]   [video 661/1999] yt-dlp 4u8FoGnCuIM (1 clip(s) needed) ...
[23:35:32]     [662/2000] cutting 4u8FoGnCuIM_6.mp4 (0:02:15.668 -> 0:02:20.607)
[23:35:32]   [video 662/1999] yt-dlp NOZJ9kQb2co (1 clip(s) needed) ...
[23:35:44]     [663/2000] cutting NOZJ9kQb2co_2.mp4 (0:05:12.312 -> 0:06:00.360)
[23:35:45]   [video 663/1999] yt-dlp k8NSkeDecLo (1 clip(s) needed) ...
[23:35:54]     [664/2000] cutting k8NSkeDecLo_18.mp4 (0:04:37.766 -> 0:04:44.366)
[23:35:55]   [video 664/1999] yt-dlp U7-76r2YbxI (1 clip(s) needed) ...
[23:36:00]     [665/2000] cutting U7-76r2YbxI_1.mp4 (0:00:09.843 -> 0:00:49.049)
[23:36:01]   [video 665/1999] yt-dlp 53wiffzZl8E (1 clip(s) needed) ...
[23:36:08]     [666/2000] cutting 53wiffzZl8E_8.mp4 (0:01:13.800 -> 0:01:19.480)
[23:36:08]   [video 666/1999] yt-dlp 8_28hDMff7U (1 clip(s) needed) ...
[23:36:19]     [667/2000] cutting 8_28hDMff7U_3.mp4 (0:01:05.331 -> 0:01:21.281)
[23:36:19]   [video 667/1999] yt-dlp XO7vK693hsk (1 clip(s) needed) ...
[23:36:27]     [668/2000] cutting XO7vK693hsk_7.mp4 (0:01:13.440 -> 0:01:58.284)
[23:36:27]   [video 668/1999] yt-dlp 0zIUS7UMAfk (1 clip(s) needed) ...
[23:36:35]     [669/2000] cutting 0zIUS7UMAfk_1.mp4 (0:00:45.760 -> 0:01:29.883)
[23:36:35]   [video 669/1999] yt-dlp gs_63FY_I-I (1 clip(s) needed) ...
[23:36:46]     [670/2000] cutting gs_63FY_I-I_5.mp4 (0:01:40.733 -> 0:01:46.339)
[23:36:47]   [video 670/1999] yt-dlp QX0owyAuiVk (1 clip(s) needed) ...
[23:36:50]     FAILED: ERROR: [youtube] QX0owyAuiVk: This video is not available
[23:36:50]   [video 671/1999] yt-dlp bvrMhlhF1lw (1 clip(s) needed) ...
[23:37:00]     [672/2000] cutting bvrMhlhF1lw_4.mp4 (0:01:03.530 -> 0:01:07.801)
[23:37:00]   [video 672/1999] yt-dlp MhjNdRK-BPA (1 clip(s) needed) ...
[23:37:11]     [673/2000] cutting MhjNdRK-BPA_5.mp4 (0:01:09.436 -> 0:01:14.274)
[23:37:11]   [video 673/1999] yt-dlp s_uy78X8JRY (1 clip(s) needed) ...
[23:37:47]     [674/2000] cutting s_uy78X8JRY_12.mp4 (0:12:13.866 -> 0:12:52.671)
[23:37:48]   [video 674/1999] yt-dlp GnUaF0vSGFg (1 clip(s) needed) ...
[23:37:56]     [675/2000] cutting GnUaF0vSGFg_16.mp4 (0:02:24.144 -> 0:02:29.524)
[23:37:57]   [video 675/1999] yt-dlp uskI7ZWvqGM (1 clip(s) needed) ...
[23:38:14]     [676/2000] cutting uskI7ZWvqGM_24.mp4 (0:05:07.507 -> 0:05:21.154)
[23:38:14]   [video 676/1999] yt-dlp xGQ-l4wtsRs (1 clip(s) needed) ...
[23:38:33]     [677/2000] cutting xGQ-l4wtsRs_8.mp4 (0:03:48.661 -> 0:04:05.745)
[23:38:34]   [video 677/1999] yt-dlp dfpTgH0H7ds (1 clip(s) needed) ...
[23:38:46]     [678/2000] cutting dfpTgH0H7ds_15.mp4 (0:01:46.680 -> 0:01:51.400)
[23:38:47]   [video 678/1999] yt-dlp KLozWgR_voA (1 clip(s) needed) ...
[23:39:00]     [679/2000] cutting KLozWgR_voA_48.mp4 (0:10:02.602 -> 0:10:06.872)
[23:39:01]   [video 679/1999] yt-dlp KuNs8iK_ioc (1 clip(s) needed) ...
[23:39:16]     [680/2000] cutting KuNs8iK_ioc_7.mp4 (0:03:14.300 -> 0:03:19.166)
[23:39:17]   [video 680/1999] yt-dlp JqI0KQdoX-s (1 clip(s) needed) ...
[23:39:28]     [681/2000] cutting JqI0KQdoX-s_30.mp4 (0:02:45.148 -> 0:02:55.291)
[23:39:28]   [video 681/1999] yt-dlp J4r2ze4w32Q (1 clip(s) needed) ...
[23:39:33]     [682/2000] cutting J4r2ze4w32Q_3.mp4 (0:00:16.960 -> 0:00:21.920)
[23:39:33]   [video 682/1999] yt-dlp bHqecx_p9dc (1 clip(s) needed) ...
[23:39:45]     [683/2000] cutting bHqecx_p9dc_6.mp4 (0:00:49.015 -> 0:00:53.053)
[23:39:45]   [video 683/1999] yt-dlp wYfcWAPyqq4 (1 clip(s) needed) ...
[23:40:03]     [684/2000] cutting wYfcWAPyqq4_20.mp4 (0:04:52.158 -> 0:04:56.162)
[23:40:03]   [video 684/1999] yt-dlp uq3Z7t_xKgM (1 clip(s) needed) ...
[23:40:11]     [685/2000] cutting uq3Z7t_xKgM_0.mp4 (0:00:03.720 -> 0:00:33.600)
[23:40:12]   [video 685/1999] yt-dlp WYd9NtRnq-g (1 clip(s) needed) ...
[23:40:22]     [686/2000] cutting WYd9NtRnq-g_6.mp4 (0:01:29.622 -> 0:01:35.695)
[23:40:22]   [video 686/1999] yt-dlp qKzrRrvHKMg (1 clip(s) needed) ...
[23:40:30]     [687/2000] cutting qKzrRrvHKMg_6.mp4 (0:00:36.640 -> 0:00:45.360)
[23:40:30]   [video 687/1999] yt-dlp l5FmaW0KLJ4 (1 clip(s) needed) ...
[23:40:37]     [688/2000] cutting l5FmaW0KLJ4_2.mp4 (0:00:28.561 -> 0:01:03.830)
[23:40:37]   [video 688/1999] yt-dlp _cbQfBI-9rg (1 clip(s) needed) ...
[23:40:55]     [689/2000] cutting _cbQfBI-9rg_20.mp4 (0:02:40.426 -> 0:02:44.764)
[23:40:55]   [video 689/1999] yt-dlp cYFsebguizk (1 clip(s) needed) ...
[23:41:09]     [690/2000] cutting cYFsebguizk_18.mp4 (0:04:00.306 -> 0:04:08.348)
[23:41:09]   [video 690/1999] yt-dlp 3CeGOXido8Y (1 clip(s) needed) ...
[23:41:21]     [691/2000] cutting 3CeGOXido8Y_15.mp4 (0:08:03.749 -> 0:08:07.787)
[23:41:21]   [video 691/1999] yt-dlp jPNVULPB-TE (1 clip(s) needed) ...
[23:41:26]     [692/2000] cutting jPNVULPB-TE_2.mp4 (0:00:25.141 -> 0:00:35.485)
[23:41:27]   [video 692/1999] yt-dlp zpG0iWd1MY8 (1 clip(s) needed) ...
[23:41:38]     [693/2000] cutting zpG0iWd1MY8_32.mp4 (0:08:50.763 -> 0:08:57.603)
[23:41:38]   [video 693/1999] yt-dlp MURDGluoSpU (1 clip(s) needed) ...
[23:41:42]     FAILED: ERROR: [youtube] MURDGluoSpU: This video is not available
[23:41:42]   [video 694/1999] yt-dlp Do6iaeIrHf4 (1 clip(s) needed) ...
[23:41:48]     [695/2000] cutting Do6iaeIrHf4_4.mp4 (0:03:18.097 -> 0:03:31.477)
[23:41:48]   [video 695/1999] yt-dlp 8ySm1_Z8OD8 (1 clip(s) needed) ...
[23:41:56]     [696/2000] cutting 8ySm1_Z8OD8_11.mp4 (0:02:09.596 -> 0:02:16.703)
[23:41:57]   [video 696/1999] yt-dlp m2sxJNX8DSU (1 clip(s) needed) ...
[23:42:04]     [697/2000] cutting m2sxJNX8DSU_17.mp4 (0:03:06.200 -> 0:03:28.266)
[23:42:05]   [video 697/1999] yt-dlp wJAdwu48-Vg (1 clip(s) needed) ...
[23:42:10]     [698/2000] cutting wJAdwu48-Vg_8.mp4 (0:02:30.660 -> 0:02:35.020)
[23:42:10]   [video 698/1999] yt-dlp 1LYEQpnH-U8 (1 clip(s) needed) ...
[23:42:16]     [699/2000] cutting 1LYEQpnH-U8_13.mp4 (0:01:49.000 -> 0:01:56.840)
[23:42:16]   [video 699/1999] yt-dlp OUca35w-bGs (1 clip(s) needed) ...
[23:42:19]     FAILED: ERROR: [youtube] OUca35w-bGs: This video is not available
[23:42:19]   [video 700/1999] yt-dlp eXVY06u6_-w (1 clip(s) needed) ...
[23:42:26]     [701/2000] cutting eXVY06u6_-w_23.mp4 (0:03:02.400 -> 0:03:08.533)
[23:42:26]   [video 701/1999] yt-dlp Vlp6ufKYDzk (1 clip(s) needed) ...
[23:42:32]     [702/2000] cutting Vlp6ufKYDzk_10.mp4 (0:01:25.085 -> 0:01:33.593)
[23:42:32]   [video 702/1999] yt-dlp 3xNAtbXmDI8 (1 clip(s) needed) ...
[23:42:42]     [703/2000] cutting 3xNAtbXmDI8_11.mp4 (0:08:00.179 -> 0:08:48.227)
[23:42:42]   [video 703/1999] yt-dlp 1QHwlUssvVE (1 clip(s) needed) ...
[23:42:47]     [704/2000] cutting 1QHwlUssvVE_2.mp4 (0:00:18.852 -> 0:00:22.889)
[23:42:47]   [video 704/1999] yt-dlp n6TAf7DlE8Y (1 clip(s) needed) ...
[23:42:50]     FAILED: ERROR: [youtube] n6TAf7DlE8Y: This video is not available
[23:42:50]   [video 705/1999] yt-dlp CVE_-TRJqbw (1 clip(s) needed) ...
[23:42:59]     [706/2000] cutting CVE_-TRJqbw_3.mp4 (0:01:17.744 -> 0:01:29.355)
[23:42:59]   [video 706/1999] yt-dlp x6f4XMR3mLI (1 clip(s) needed) ...
[23:43:09]     [707/2000] cutting x6f4XMR3mLI_13.mp4 (0:04:33.273 -> 0:04:56.629)
[23:43:09]   [video 707/1999] yt-dlp TtHKsB5dX4E (1 clip(s) needed) ...
[23:43:13]     [708/2000] cutting TtHKsB5dX4E_0.mp4 (0:00:01.801 -> 0:00:16.282)
[23:43:14]   [video 708/1999] yt-dlp JdcQzvt6d7Y (1 clip(s) needed) ...
[23:43:21]     [709/2000] cutting JdcQzvt6d7Y_15.mp4 (0:02:13.174 -> 0:02:19.097)
[23:43:21]   [video 709/1999] yt-dlp lKBYCTNxsw4 (1 clip(s) needed) ...
[23:43:28]     [710/2000] cutting lKBYCTNxsw4_1.mp4 (0:01:58.633 -> 0:02:07.966)
[23:43:28]   [video 710/1999] yt-dlp b7a03z-eDi4 (1 clip(s) needed) ...
[23:43:35]     [711/2000] cutting b7a03z-eDi4_2.mp4 (0:01:44.404 -> 0:02:32.452)
[23:43:35]   [video 711/1999] yt-dlp mEM9mAPyqgA (1 clip(s) needed) ...
[23:43:44]     [712/2000] cutting mEM9mAPyqgA_12.mp4 (0:03:30.476 -> 0:03:42.455)
[23:43:44]   [video 712/1999] yt-dlp svONvLqXi8c (1 clip(s) needed) ...
[23:43:57]     [713/2000] cutting svONvLqXi8c_8.mp4 (0:04:42.900 -> 0:05:30.900)
[23:43:58]   [video 713/1999] yt-dlp JJEt4b8tuYs (1 clip(s) needed) ...
[23:44:01]     FAILED: ERROR: [youtube] JJEt4b8tuYs: This video is not available
[23:44:01]   [video 714/1999] yt-dlp Yr6FC8EQ5-o (1 clip(s) needed) ...
[23:44:07]     [715/2000] cutting Yr6FC8EQ5-o_15.mp4 (0:04:37.944 -> 0:04:43.883)
[23:44:07]   [video 715/1999] yt-dlp lKEU49keB3s (1 clip(s) needed) ...
[23:44:10]     FAILED: ERROR: [youtube] lKEU49keB3s: This video is not available
[23:44:10]   [video 716/1999] yt-dlp uiWfHTm5-Zo (1 clip(s) needed) ...
[23:44:17]     [717/2000] cutting uiWfHTm5-Zo_8.mp4 (0:02:00.875 -> 0:02:06.708)
[23:44:17]   [video 717/1999] yt-dlp jFSdPdvDg0A (1 clip(s) needed) ...
[23:44:29]     [718/2000] cutting jFSdPdvDg0A_37.mp4 (0:07:25.360 -> 0:07:39.280)
[23:44:29]   [video 718/1999] yt-dlp 8LQ5kWzBucI (1 clip(s) needed) ...
[23:44:35]     [719/2000] cutting 8LQ5kWzBucI_12.mp4 (0:01:26.319 -> 0:01:32.192)
[23:44:35]   [video 719/1999] yt-dlp YyNDqj37fZA (1 clip(s) needed) ...
[23:44:44]     [720/2000] cutting YyNDqj37fZA_1.mp4 (0:00:52.786 -> 0:01:40.834)
[23:44:44]   [video 720/1999] yt-dlp ThbBmMaLjzo (1 clip(s) needed) ...
[23:44:56]     [721/2000] cutting ThbBmMaLjzo_22.mp4 (0:03:00.180 -> 0:03:04.751)
[23:44:56]   [video 721/1999] yt-dlp WNsL4iJNJ6Y (1 clip(s) needed) ...
[23:45:05]     [722/2000] cutting WNsL4iJNJ6Y_4.mp4 (0:05:21.666 -> 0:05:29.800)
[23:45:05]   [video 722/1999] yt-dlp Qd5zJp50kT4 (1 clip(s) needed) ...
[23:45:10]     [723/2000] cutting Qd5zJp50kT4_4.mp4 (0:00:31.431 -> 0:00:36.302)
[23:45:10]   [video 723/1999] yt-dlp Zg3l5pix5yA (1 clip(s) needed) ...
[23:45:24]     [724/2000] cutting Zg3l5pix5yA_3.mp4 (0:05:00.000 -> 0:05:48.000)
[23:45:25]   [video 724/1999] yt-dlp 93yAoeZwtY8 (1 clip(s) needed) ...
[23:45:33]     [725/2000] cutting 93yAoeZwtY8_3.mp4 (0:03:17.266 -> 0:03:42.600)
[23:45:33]   [video 725/1999] yt-dlp XIxF0KPW_mE (1 clip(s) needed) ...
[23:45:39]     [726/2000] cutting XIxF0KPW_mE_24.mp4 (0:06:22.533 -> 0:06:34.533)
[23:45:39]   [video 726/1999] yt-dlp OATew228Xso (1 clip(s) needed) ...
[23:45:48]     [727/2000] cutting OATew228Xso_2.mp4 (0:00:33.199 -> 0:01:21.247)
[23:45:49]   [video 727/1999] yt-dlp ozo1bna2lTo (1 clip(s) needed) ...
[23:45:59]     [728/2000] cutting ozo1bna2lTo_1.mp4 (0:00:08.333 -> 0:00:27.166)
[23:45:59]   [video 728/1999] yt-dlp pdmwBr5k4jA (1 clip(s) needed) ...
[23:46:07]     [729/2000] cutting pdmwBr5k4jA_10.mp4 (0:06:50.076 -> 0:06:55.623)
[23:46:07]   [video 729/1999] yt-dlp 7KsY-Rg71Fk (1 clip(s) needed) ...
[23:46:12]     [730/2000] cutting 7KsY-Rg71Fk_4.mp4 (0:00:25.091 -> 0:00:29.095)
[23:46:12]   [video 730/1999] yt-dlp hEBe2ISbYrQ (1 clip(s) needed) ...
[23:46:18]     [731/2000] cutting hEBe2ISbYrQ_1.mp4 (0:00:10.833 -> 0:00:25.500)
[23:46:18]   [video 731/1999] yt-dlp WS7VfFQjGK4 (1 clip(s) needed) ...
[23:46:23]     [732/2000] cutting WS7VfFQjGK4_1.mp4 (0:00:08.942 -> 0:00:21.254)
[23:46:23]   [video 732/1999] yt-dlp HdM1RIhIDek (1 clip(s) needed) ...
[23:46:30]     [733/2000] cutting HdM1RIhIDek_14.mp4 (0:02:23.760 -> 0:02:33.040)
[23:46:30]   [video 733/1999] yt-dlp lxuD0mDbidk (1 clip(s) needed) ...
[23:46:37]     [734/2000] cutting lxuD0mDbidk_2.mp4 (0:00:42.500 -> 0:00:49.200)
[23:46:37]   [video 734/1999] yt-dlp EATiJd4Sx5Y (1 clip(s) needed) ...
[23:46:50]     [735/2000] cutting EATiJd4Sx5Y_13.mp4 (0:04:07.213 -> 0:04:22.528)
[23:46:50]   [video 735/1999] yt-dlp vFg_plC7WD4 (1 clip(s) needed) ...
[23:47:02]     [736/2000] cutting vFg_plC7WD4_49.mp4 (0:07:23.720 -> 0:07:33.840)
[23:47:02]   [video 736/1999] yt-dlp TVK8iOs1iHw (1 clip(s) needed) ...
[23:47:08]     [737/2000] cutting TVK8iOs1iHw_2.mp4 (0:00:40.390 -> 0:00:44.411)
[23:47:08]   [video 737/1999] yt-dlp NrML0uWS5x0 (1 clip(s) needed) ...
[23:47:18]     [738/2000] cutting NrML0uWS5x0_5.mp4 (0:01:07.566 -> 0:01:27.466)
[23:47:19]   [video 738/1999] yt-dlp RgOfpEJkhBE (1 clip(s) needed) ...
[23:47:27]     [739/2000] cutting RgOfpEJkhBE_6.mp4 (0:08:49.654 -> 0:08:56.452)
[23:47:27]   [video 739/1999] yt-dlp o1Q68VqLry0 (1 clip(s) needed) ...
[23:47:33]     [740/2000] cutting o1Q68VqLry0_4.mp4 (0:01:38.674 -> 0:01:44.623)
[23:47:33]   [video 740/1999] yt-dlp t4XbPSfNuZc (1 clip(s) needed) ...
[23:47:52]     [741/2000] cutting t4XbPSfNuZc_4.mp4 (0:07:24.243 -> 0:08:12.291)
[23:47:52]   [video 741/1999] yt-dlp TUQc5qZHXdw (1 clip(s) needed) ...
[23:47:59]     [742/2000] cutting TUQc5qZHXdw_5.mp4 (0:00:45.412 -> 0:00:52.385)
[23:47:59]   [video 742/1999] yt-dlp dn1m8Uy4A1E (1 clip(s) needed) ...
[23:48:07]     [743/2000] cutting dn1m8Uy4A1E_9.mp4 (0:04:00.340 -> 0:04:30.920)
[23:48:08]   [video 743/1999] yt-dlp YXxGSDmEIsc (1 clip(s) needed) ...
[23:48:16]     [744/2000] cutting YXxGSDmEIsc_1.mp4 (0:00:55.966 -> 0:01:09.700)
[23:48:16]   [video 744/1999] yt-dlp bLdaLJc24Cc (1 clip(s) needed) ...
[23:48:21]     [745/2000] cutting bLdaLJc24Cc_1.mp4 (0:00:27.761 -> 0:00:35.001)
[23:48:21]   [video 745/1999] yt-dlp SzmNmuf3v_4 (1 clip(s) needed) ...
[23:48:25]     [746/2000] cutting SzmNmuf3v_4_0.mp4 (0:00:09.968 -> 0:00:13.680)
[23:48:25]   [video 746/1999] yt-dlp zfAiekSLlQw (1 clip(s) needed) ...
[23:48:34]     [747/2000] cutting zfAiekSLlQw_6.mp4 (0:01:34.500 -> 0:01:42.500)
[23:48:34]   [video 747/1999] yt-dlp H-VVEIJ8GHo (1 clip(s) needed) ...
[23:48:42]     [748/2000] cutting H-VVEIJ8GHo_1.mp4 (0:00:21.240 -> 0:00:34.720)
[23:48:42]   [video 748/1999] yt-dlp UIx1m568Hlk (1 clip(s) needed) ...
[23:48:47]     [749/2000] cutting UIx1m568Hlk_1.mp4 (0:00:04.733 -> 0:00:16.533)
[23:48:48]   [video 749/1999] yt-dlp TkBMSXfho-c (1 clip(s) needed) ...
[23:48:53]     [750/2000] cutting TkBMSXfho-c_16.mp4 (0:01:37.764 -> 0:01:41.801)
[23:48:53]   [video 750/1999] yt-dlp wwvGwxwBwCk (1 clip(s) needed) ...
[23:49:09]     [751/2000] cutting wwvGwxwBwCk_7.mp4 (0:04:23.888 -> 0:04:43.074)
[23:49:09]   [video 751/1999] yt-dlp rrFd9g0-VF8 (1 clip(s) needed) ...
[23:49:19]     [752/2000] cutting rrFd9g0-VF8_5.mp4 (0:05:02.568 -> 0:05:27.393)
[23:49:20]   [video 752/1999] yt-dlp EMXBI8dYyWU (1 clip(s) needed) ...
[23:49:26]     [753/2000] cutting EMXBI8dYyWU_5.mp4 (0:00:51.418 -> 0:00:56.356)
[23:49:26]   [video 753/1999] yt-dlp Y6XR0qkaRbo (1 clip(s) needed) ...
[23:49:32]     [754/2000] cutting Y6XR0qkaRbo_4.mp4 (0:01:04.731 -> 0:01:20.288)
[23:49:32]   [video 754/1999] yt-dlp 2IVqsAJE85E (1 clip(s) needed) ...
[23:49:41]     [755/2000] cutting 2IVqsAJE85E_3.mp4 (0:03:15.495 -> 0:03:20.633)
[23:49:41]   [video 755/1999] yt-dlp aMT56Jqta18 (1 clip(s) needed) ...
[23:49:48]     [756/2000] cutting aMT56Jqta18_2.mp4 (0:00:25.759 -> 0:01:09.235)
[23:49:48]   [video 756/1999] yt-dlp eKISa1wipSw (1 clip(s) needed) ...
[23:49:56]     [757/2000] cutting eKISa1wipSw_4.mp4 (0:01:31.491 -> 0:01:49.309)
[23:49:56]   [video 757/1999] yt-dlp rPBLhif0ajo (1 clip(s) needed) ...
[23:50:02]     [758/2000] cutting rPBLhif0ajo_11.mp4 (0:02:05.600 -> 0:02:11.080)
[23:50:02]   [video 758/1999] yt-dlp PnKtPuQD4Ng (1 clip(s) needed) ...
[23:50:10]     [759/2000] cutting PnKtPuQD4Ng_23.mp4 (0:02:48.301 -> 0:03:01.447)
[23:50:10]   [video 759/1999] yt-dlp uGC6RMIQmM4 (1 clip(s) needed) ...
[23:50:16]     [760/2000] cutting uGC6RMIQmM4_6.mp4 (0:03:18.733 -> 0:03:35.233)
[23:50:16]   [video 760/1999] yt-dlp Fc0iJ_Yti98 (1 clip(s) needed) ...
[23:50:26]     [761/2000] cutting Fc0iJ_Yti98_20.mp4 (0:06:12.605 -> 0:06:20.530)
[23:50:26]   [video 761/1999] yt-dlp 5CvwzPGNbhY (1 clip(s) needed) ...
[23:50:34]     [762/2000] cutting 5CvwzPGNbhY_7.mp4 (0:03:38.918 -> 0:04:26.966)
[23:50:34]   [video 762/1999] yt-dlp VrFWHtNyfFw (1 clip(s) needed) ...
[23:50:38]     FAILED: ERROR: [youtube] VrFWHtNyfFw: Please sign in. Use --cookies-from-browser or --cookies for the authentication. See  https://github.com/yt-dlp/yt-dlp/wiki/FAQ#how-do-i-pass-cookies-to-yt-dlp  for how to manually pass cookies. Also see  https://github.com/yt-dlp/yt-dlp/wiki/Extractors#exporting-youtube-cookies  for tips on effectively exporting YouTube cookies
[23:50:38]   [video 763/1999] yt-dlp Hp1G6zD7eI8 (1 clip(s) needed) ...
[23:50:46]     [764/2000] cutting Hp1G6zD7eI8_8.mp4 (0:05:14.760 -> 0:05:55.640)
[23:50:46]   [video 764/1999] yt-dlp rhnNjuWgR4k (1 clip(s) needed) ...
[23:51:03]     [765/2000] cutting rhnNjuWgR4k_17.mp4 (0:02:35.155 -> 0:03:08.821)
[23:51:03]   [video 765/1999] yt-dlp XZSij_WRkkQ (1 clip(s) needed) ...
[23:51:09]     [766/2000] cutting XZSij_WRkkQ_1.mp4 (0:00:18.985 -> 0:01:02.796)
[23:51:09]   [video 766/1999] yt-dlp Vf96hYFNAug (1 clip(s) needed) ...
[23:51:21]     [767/2000] cutting Vf96hYFNAug_0.mp4 (0:00:06.000 -> 0:00:54.000)
[23:51:21]   [video 767/1999] yt-dlp 23MFLN2AIpE (1 clip(s) needed) ...
[23:51:27]     [768/2000] cutting 23MFLN2AIpE_7.mp4 (0:01:03.271 -> 0:01:06.483)
[23:51:27]   [video 768/1999] yt-dlp BI4SEHQbL5Y (1 clip(s) needed) ...
[23:51:31]     [769/2000] cutting BI4SEHQbL5Y_2.mp4 (0:00:20.754 -> 0:00:30.363)
[23:51:31]   [video 769/1999] yt-dlp Gb-bx1VpVUE (1 clip(s) needed) ...
[23:51:36]     [770/2000] cutting Gb-bx1VpVUE_1.mp4 (0:00:51.301 -> 0:01:39.349)
[23:51:36]   [video 770/1999] yt-dlp 1paxxwOI9VE (1 clip(s) needed) ...
[23:51:46]     [771/2000] cutting 1paxxwOI9VE_12.mp4 (0:02:37.824 -> 0:02:43.204)
[23:51:46]   [video 771/1999] yt-dlp dpKUF1m_-GQ (1 clip(s) needed) ...
[23:51:57]     [772/2000] cutting dpKUF1m_-GQ_1.mp4 (0:00:25.859 -> 0:01:13.907)
[23:51:57]   [video 772/1999] yt-dlp UEyktpeYg9A (1 clip(s) needed) ...
[23:52:05]     [773/2000] cutting UEyktpeYg9A_2.mp4 (0:00:47.640 -> 0:00:56.240)
[23:52:05]   [video 773/1999] yt-dlp W4u6Euqo2zQ (1 clip(s) needed) ...
[23:52:12]     [774/2000] cutting W4u6Euqo2zQ_24.mp4 (0:03:38.051 -> 0:03:43.139)
[23:52:12]   [video 774/1999] yt-dlp jjAUxupIOgw (1 clip(s) needed) ...
[23:52:35]     [775/2000] cutting jjAUxupIOgw_14.mp4 (0:12:31.584 -> 0:12:52.905)
[23:52:35]   [video 775/1999] yt-dlp 1AtE54HpXBM (1 clip(s) needed) ...
[23:52:42]     [776/2000] cutting 1AtE54HpXBM_2.mp4 (0:00:24.566 -> 0:00:31.573)
[23:52:42]   [video 776/1999] yt-dlp F2ia9JsYMf4 (1 clip(s) needed) ...
[23:52:53]     [777/2000] cutting F2ia9JsYMf4_0.mp4 (0:00:04.971 -> 0:00:44.744)
[23:52:53]   [video 777/1999] yt-dlp dq8sW2buC4o (1 clip(s) needed) ...
[23:53:00]     [778/2000] cutting dq8sW2buC4o_1.mp4 (0:00:20.854 -> 0:01:08.902)
[23:53:00]   [video 778/1999] yt-dlp 9112t6N3BzY (1 clip(s) needed) ...
[23:53:12]     [779/2000] cutting 9112t6N3BzY_5.mp4 (0:01:42.635 -> 0:01:46.673)
[23:53:12]   [video 779/1999] yt-dlp B5a-fe6fHoY (1 clip(s) needed) ...
[23:53:17]     [780/2000] cutting B5a-fe6fHoY_2.mp4 (0:00:32.832 -> 0:00:36.870)
[23:53:17]   [video 780/1999] yt-dlp j8LJ4XYmmd0 (1 clip(s) needed) ...
[23:53:36]     [781/2000] cutting j8LJ4XYmmd0_4.mp4 (0:01:19.480 -> 0:01:25.960)
[23:53:36]   [video 781/1999] yt-dlp U78CXBoYGXM (1 clip(s) needed) ...
[23:53:41]     [782/2000] cutting U78CXBoYGXM_1.mp4 (0:00:19.953 -> 0:01:07.634)
[23:53:41]   [video 782/1999] yt-dlp tmIENlYbamo (1 clip(s) needed) ...
[23:53:54]     [783/2000] cutting tmIENlYbamo_36.mp4 (0:06:06.366 -> 0:06:09.469)
[23:53:54]   [video 783/1999] yt-dlp 1mAycPTOjo4 (1 clip(s) needed) ...
[23:54:10]     [784/2000] cutting 1mAycPTOjo4_6.mp4 (0:10:37.870 -> 0:11:25.918)
[23:54:11]   [video 784/1999] yt-dlp xCUbQAVbMHg (1 clip(s) needed) ...
[23:54:19]     [785/2000] cutting xCUbQAVbMHg_1.mp4 (0:00:10.844 -> 0:00:21.554)
[23:54:19]   [video 785/1999] yt-dlp R1EGtzWDadI (1 clip(s) needed) ...
[23:54:26]     [786/2000] cutting R1EGtzWDadI_6.mp4 (0:01:00.894 -> 0:01:08.902)
[23:54:26]   [video 786/1999] yt-dlp 3hz04M6c2fw (1 clip(s) needed) ...
[23:54:34]     [787/2000] cutting 3hz04M6c2fw_5.mp4 (0:01:47.065 -> 0:02:00.537)
[23:54:34]   [video 787/1999] yt-dlp W89zn0xDkOg (1 clip(s) needed) ...
[23:54:43]     [788/2000] cutting W89zn0xDkOg_49.mp4 (0:06:41.818 -> 0:06:44.904)
[23:54:43]   [video 788/1999] yt-dlp _10dG_phPyM (1 clip(s) needed) ...
[23:54:50]     [789/2000] cutting _10dG_phPyM_6.mp4 (0:02:22.008 -> 0:02:53.840)
[23:54:50]   [video 789/1999] yt-dlp 61SRNsaewow (1 clip(s) needed) ...
[23:54:55]     [790/2000] cutting 61SRNsaewow_12.mp4 (0:01:24.334 -> 0:01:30.799)
[23:54:56]   [video 790/1999] yt-dlp _vG9EUT2vKc (1 clip(s) needed) ...
[23:55:05]     [791/2000] cutting _vG9EUT2vKc_14.mp4 (0:02:12.599 -> 0:02:22.742)
[23:55:05]   [video 791/1999] yt-dlp jVs8gfZEDjI (1 clip(s) needed) ...
[23:55:19]     [792/2000] cutting jVs8gfZEDjI_47.mp4 (0:11:25.600 -> 0:11:30.120)
[23:55:19]   [video 792/1999] yt-dlp XclsDGzAKq8 (1 clip(s) needed) ...
[23:55:27]     [793/2000] cutting XclsDGzAKq8_12.mp4 (0:04:04.410 -> 0:04:13.553)
[23:55:27]   [video 793/1999] yt-dlp JJ2QgqP_wdM (1 clip(s) needed) ...
[23:55:34]     [794/2000] cutting JJ2QgqP_wdM_2.mp4 (0:01:17.727 -> 0:01:33.710)
[23:55:34]   [video 794/1999] yt-dlp ZzRJP6SKFQE (1 clip(s) needed) ...
[23:55:41]     [795/2000] cutting ZzRJP6SKFQE_14.mp4 (0:01:35.433 -> 0:01:49.616)
[23:55:41]   [video 795/1999] yt-dlp PHZePd_kztE (1 clip(s) needed) ...
[23:55:47]     [796/2000] cutting PHZePd_kztE_3.mp4 (0:00:27.627 -> 0:00:35.368)
[23:55:47]   [video 796/1999] yt-dlp 1sMpPy0kHlA (1 clip(s) needed) ...
[23:55:57]     [797/2000] cutting 1sMpPy0kHlA_7.mp4 (0:01:17.077 -> 0:01:22.207)
[23:55:57]   [video 797/1999] yt-dlp Jrg83J37Vfg (1 clip(s) needed) ...
[23:56:08]     [798/2000] cutting Jrg83J37Vfg_8.mp4 (0:03:12.041 -> 0:03:24.037)
[23:56:09]   [video 798/1999] yt-dlp G28Pje3PmlQ (1 clip(s) needed) ...
[23:56:15]     [799/2000] cutting G28Pje3PmlQ_2.mp4 (0:02:30.049 -> 0:02:44.797)
[23:56:15]   [video 799/1999] yt-dlp wjtgaTLz0J8 (1 clip(s) needed) ...
[23:56:18]     FAILED: ERROR: [youtube] wjtgaTLz0J8: This video is not available
[23:56:18]   [video 800/1999] yt-dlp MvmoJAmcB6w (1 clip(s) needed) ...
[23:56:29]     [801/2000] cutting MvmoJAmcB6w_8.mp4 (0:02:39.792 -> 0:03:07.837)
[23:56:30]   [video 801/1999] yt-dlp aPItZhC_lVU (1 clip(s) needed) ...
[23:56:35]     [802/2000] cutting aPItZhC_lVU_2.mp4 (0:00:58.080 -> 0:01:14.080)
[23:56:35]   [video 802/1999] yt-dlp kppPsWTYXiQ (1 clip(s) needed) ...
[23:56:41]     [803/2000] cutting kppPsWTYXiQ_0.mp4 (0:00:20.653 -> 0:01:08.701)
[23:56:41]   [video 803/1999] yt-dlp IkZT-ae7-rM (1 clip(s) needed) ...
[23:56:57]     [804/2000] cutting IkZT-ae7-rM_20.mp4 (0:05:33.433 -> 0:05:37.704)
[23:56:57]   [video 804/1999] yt-dlp qsMnxVzNVts (1 clip(s) needed) ...
[23:57:05]     [805/2000] cutting qsMnxVzNVts_5.mp4 (0:01:16.733 -> 0:01:38.200)
[23:57:05]   [video 805/1999] yt-dlp KB26xOEbHYk (1 clip(s) needed) ...
[23:57:17]     [806/2000] cutting KB26xOEbHYk_15.mp4 (0:03:42.855 -> 0:04:08.648)
[23:57:17]   [video 806/1999] yt-dlp mgoXj9MLgAY (1 clip(s) needed) ...
[23:57:36]     [807/2000] cutting mgoXj9MLgAY_3.mp4 (0:05:08.600 -> 0:05:56.600)
[23:57:37]   [video 807/1999] yt-dlp QNEIFeH7rJ0 (1 clip(s) needed) ...
[23:58:28]     [808/2000] cutting QNEIFeH7rJ0_9.mp4 (0:23:45.357 -> 0:24:29.167)
[23:58:28]   [video 808/1999] yt-dlp a0v0n6tKPLc (1 clip(s) needed) ...
[23:58:37]     [809/2000] cutting a0v0n6tKPLc_22.mp4 (0:02:48.626 -> 0:02:52.672)
[23:58:37]   [video 809/1999] yt-dlp YquAvdhg394 (1 clip(s) needed) ...
[23:58:44]     [810/2000] cutting YquAvdhg394_21.mp4 (0:02:44.640 -> 0:02:49.220)
[23:58:44]   [video 810/1999] yt-dlp QB9S6hjYZZk (1 clip(s) needed) ...
[23:58:52]     [811/2000] cutting QB9S6hjYZZk_7.mp4 (0:02:38.057 -> 0:03:01.814)
[23:58:52]   [video 811/1999] yt-dlp U43wmtTQtpc (1 clip(s) needed) ...
[23:59:06]     [812/2000] cutting U43wmtTQtpc_18.mp4 (0:06:43.169 -> 0:06:50.410)
[23:59:07]   [video 812/1999] yt-dlp B_-ejy2FTfg (1 clip(s) needed) ...
[23:59:18]     [813/2000] cutting B_-ejy2FTfg_0.mp4 (0:00:05.840 -> 0:00:12.760)
[23:59:18]   [video 813/1999] yt-dlp UNxEldA8XcI (1 clip(s) needed) ...
[23:59:28]     [814/2000] cutting UNxEldA8XcI_31.mp4 (0:03:13.626 -> 0:03:18.464)
[23:59:28]   [video 814/1999] yt-dlp PrbVt3d6S6I (1 clip(s) needed) ...
[23:59:38]     [815/2000] cutting PrbVt3d6S6I_14.mp4 (0:04:40.363 -> 0:04:47.537)
[23:59:38]   [video 815/1999] yt-dlp 4O6xgW-66VY (1 clip(s) needed) ...
[23:59:51]     [816/2000] cutting 4O6xgW-66VY_2.mp4 (0:00:17.917 -> 0:00:24.824)
[23:59:51]   [video 816/1999] yt-dlp h5WwQ__HsfY (1 clip(s) needed) ...
[00:00:00]     [817/2000] cutting h5WwQ__HsfY_3.mp4 (0:04:31.371 -> 0:04:52.759)
[00:00:00]   [video 817/1999] yt-dlp BYLfDitChuE (1 clip(s) needed) ...
[00:00:05]     [818/2000] cutting BYLfDitChuE_1.mp4 (0:00:13.046 -> 0:00:35.502)
[00:00:05]   [video 818/1999] yt-dlp lziRzurt9jE (1 clip(s) needed) ...
[00:00:13]     [819/2000] cutting lziRzurt9jE_0.mp4 (0:00:08.960 -> 0:00:30.440)
[00:00:13]   [video 819/1999] yt-dlp lXOtAyVdG6c (1 clip(s) needed) ...
[00:00:26]     [820/2000] cutting lXOtAyVdG6c_1.mp4 (0:00:45.245 -> 0:01:33.293)
[00:00:26]   [video 820/1999] yt-dlp -0swTwdcJU4 (1 clip(s) needed) ...
[00:00:35]     [821/2000] cutting -0swTwdcJU4_1.mp4 (0:00:19.919 -> 0:01:07.967)
[00:00:35]   [video 821/1999] yt-dlp aP98Qb61IG4 (1 clip(s) needed) ...
[00:00:41]     [822/2000] cutting aP98Qb61IG4_1.mp4 (0:00:23.890 -> 0:00:32.532)
[00:00:41]   [video 822/1999] yt-dlp PnlOFRNmBHc (1 clip(s) needed) ...
[00:00:48]     [823/2000] cutting PnlOFRNmBHc_2.mp4 (0:00:18.080 -> 0:00:28.160)
[00:00:48]   [video 823/1999] yt-dlp vF6WOov_wT8 (1 clip(s) needed) ...
[00:01:08]     [824/2000] cutting vF6WOov_wT8_51.mp4 (0:12:41.710 -> 0:12:49.785)
[00:01:08]   [video 824/1999] yt-dlp j-cEeK261og (1 clip(s) needed) ...
[00:01:19]     [825/2000] cutting j-cEeK261og_13.mp4 (0:03:04.417 -> 0:03:14.294)
[00:01:19]   [video 825/1999] yt-dlp q00bnfB8Y9o (1 clip(s) needed) ...
[00:01:36]     [826/2000] cutting q00bnfB8Y9o_7.mp4 (0:03:40.019 -> 0:03:43.423)
[00:01:37]   [video 826/1999] yt-dlp -4gyzoQAFXA (1 clip(s) needed) ...
[00:01:45]     [827/2000] cutting -4gyzoQAFXA_0.mp4 (0:00:16.483 -> 0:01:04.531)
[00:01:45]   [video 827/1999] yt-dlp Gz7NZg6GEx0 (1 clip(s) needed) ...
[00:01:55]     [828/2000] cutting Gz7NZg6GEx0_9.mp4 (0:02:02.480 -> 0:02:29.240)
[00:01:55]   [video 828/1999] yt-dlp 9M284xaVFV4 (1 clip(s) needed) ...
[00:02:03]     [829/2000] cutting 9M284xaVFV4_0.mp4 (0:00:05.005 -> 0:00:45.145)
[00:02:03]   [video 829/1999] yt-dlp sje4llXfhOA (1 clip(s) needed) ...
[00:02:22]     [830/2000] cutting sje4llXfhOA_13.mp4 (0:15:00.433 -> 0:15:40.433)
[00:02:22]   [video 830/1999] yt-dlp Z8gxDSZRbig (1 clip(s) needed) ...
[00:02:25]     FAILED: ERROR: [youtube] Z8gxDSZRbig: This video is unavailable
[00:02:25]   [video 831/1999] yt-dlp mS40DddCIrE (1 clip(s) needed) ...
[00:02:33]     [832/2000] cutting mS40DddCIrE_1.mp4 (0:00:12.112 -> 0:00:29.729)
[00:02:33]   [video 832/1999] yt-dlp 3dmfjEfkvBU (1 clip(s) needed) ...
[00:02:36]     FAILED: ERROR: [youtube] 3dmfjEfkvBU: This video is unavailable
[00:02:36]   [video 833/1999] yt-dlp VlLFsRzd9MI (1 clip(s) needed) ...
[00:02:41]     [834/2000] cutting VlLFsRzd9MI_16.mp4 (0:04:59.065 -> 0:05:04.971)
[00:02:42]   [video 834/1999] yt-dlp V4n6a1K9H_M (1 clip(s) needed) ...
[00:02:52]     [835/2000] cutting V4n6a1K9H_M_10.mp4 (0:02:45.415 -> 0:02:50.453)
[00:02:52]   [video 835/1999] yt-dlp 06yrXh6MEtE (1 clip(s) needed) ...
[00:02:58]     [836/2000] cutting 06yrXh6MEtE_7.mp4 (0:02:12.048 -> 0:02:16.970)
[00:02:58]   [video 836/1999] yt-dlp V8Rx8YlBOO8 (1 clip(s) needed) ...
[00:03:04]     [837/2000] cutting V8Rx8YlBOO8_1.mp4 (0:00:06.206 -> 0:00:25.959)
[00:03:05]   [video 837/1999] yt-dlp qVZeDnQUDh0 (1 clip(s) needed) ...
[00:03:10]     [838/2000] cutting qVZeDnQUDh0_2.mp4 (0:00:18.600 -> 0:00:22.680)
[00:03:10]   [video 838/1999] yt-dlp rAqrkaFlzi4 (1 clip(s) needed) ...
[00:03:19]     [839/2000] cutting rAqrkaFlzi4_3.mp4 (0:03:10.400 -> 0:03:51.120)
[00:03:19]   [video 839/1999] yt-dlp j2mrkkk-hAE (1 clip(s) needed) ...
[00:03:34]     [840/2000] cutting j2mrkkk-hAE_28.mp4 (0:03:53.200 -> 0:03:59.200)
[00:03:34]   [video 840/1999] yt-dlp YNw757UMwe8 (1 clip(s) needed) ...
[00:03:41]     [841/2000] cutting YNw757UMwe8_3.mp4 (0:02:21.774 -> 0:03:09.822)
[00:03:41]   [video 841/1999] yt-dlp uIKJgxbhAzM (1 clip(s) needed) ...
[00:03:49]     [842/2000] cutting uIKJgxbhAzM_89.mp4 (0:13:55.680 -> 0:13:59.880)
[00:03:49]   [video 842/1999] yt-dlp DgQENnvHBqA (1 clip(s) needed) ...
[00:03:55]     [843/2000] cutting DgQENnvHBqA_1.mp4 (0:00:45.680 -> 0:01:08.520)
[00:03:56]   [video 843/1999] yt-dlp Pt7Dn0Z55GM (1 clip(s) needed) ...
[00:04:01]     [844/2000] cutting Pt7Dn0Z55GM_46.mp4 (0:06:52.440 -> 0:06:58.200)
[00:04:01]   [video 844/1999] yt-dlp MxzuGlrrLiE (1 clip(s) needed) ...
[00:04:11]     [845/2000] cutting MxzuGlrrLiE_13.mp4 (0:04:02.976 -> 0:04:15.521)
[00:04:11]   [video 845/1999] yt-dlp LOOEa8YRnbI (1 clip(s) needed) ...
[00:04:16]     [846/2000] cutting LOOEa8YRnbI_4.mp4 (0:01:51.044 -> 0:02:10.964)
[00:04:17]   [video 846/1999] yt-dlp Kcu3m6yZdak (1 clip(s) needed) ...
[00:04:23]     [847/2000] cutting Kcu3m6yZdak_2.mp4 (0:05:02.566 -> 0:05:50.566)
[00:04:24]   [video 847/1999] yt-dlp 7Mhp52D6JcM (1 clip(s) needed) ...
[00:04:30]     [848/2000] cutting 7Mhp52D6JcM_1.mp4 (0:00:26.000 -> 0:00:36.400)
[00:04:30]   [video 848/1999] yt-dlp sOXcrqwD620 (1 clip(s) needed) ...
[00:04:33]     FAILED: ERROR: [youtube] sOXcrqwD620: This video is not available
[00:04:33]   [video 849/1999] yt-dlp eXDCkS8RSEM (1 clip(s) needed) ...
[00:04:46]     [850/2000] cutting eXDCkS8RSEM_40.mp4 (0:06:05.381 -> 0:06:11.204)
[00:04:46]   [video 850/1999] yt-dlp 7uBiDSnio5o (1 clip(s) needed) ...
[00:04:55]     [851/2000] cutting 7uBiDSnio5o_16.mp4 (0:02:16.736 -> 0:02:25.645)
[00:04:56]   [video 851/1999] yt-dlp _f-XhTRda04 (1 clip(s) needed) ...
[00:05:06]     [852/2000] cutting _f-XhTRda04_12.mp4 (0:04:16.080 -> 0:04:20.120)
[00:05:06]   [video 852/1999] yt-dlp zWJhuANWhrI (1 clip(s) needed) ...
[00:05:20]     [853/2000] cutting zWJhuANWhrI_3.mp4 (0:00:53.511 -> 0:00:57.223)
[00:05:20]   [video 853/1999] yt-dlp h1IzNaxaOOU (1 clip(s) needed) ...
[00:05:29]     [854/2000] cutting h1IzNaxaOOU_24.mp4 (0:04:55.495 -> 0:04:59.499)
[00:05:29]   [video 854/1999] yt-dlp inZqoyXjgJ8 (1 clip(s) needed) ...
[00:05:35]     [855/2000] cutting inZqoyXjgJ8_3.mp4 (0:00:32.240 -> 0:00:38.079)
[00:05:35]   [video 855/1999] yt-dlp rMkeLNBUwv8 (1 clip(s) needed) ...
[00:05:44]     [856/2000] cutting rMkeLNBUwv8_55.mp4 (0:11:00.693 -> 0:11:09.769)
[00:05:44]   [video 856/1999] yt-dlp yPucbkUFscU (1 clip(s) needed) ...
[00:05:50]     [857/2000] cutting yPucbkUFscU_0.mp4 (0:00:00.984 -> 0:00:08.992)
[00:05:50]   [video 857/1999] yt-dlp mcebybKYLWY (1 clip(s) needed) ...
[00:05:58]     [858/2000] cutting mcebybKYLWY_5.mp4 (0:02:07.260 -> 0:02:25.612)
[00:05:58]   [video 858/1999] yt-dlp zlnerirtp9Y (1 clip(s) needed) ...
[00:06:09]     [859/2000] cutting zlnerirtp9Y_2.mp4 (0:00:28.528 -> 0:00:37.287)
[00:06:09]   [video 859/1999] yt-dlp CESP8-yAhks (1 clip(s) needed) ...
[00:06:16]     [860/2000] cutting CESP8-yAhks_17.mp4 (0:02:03.623 -> 0:02:07.127)
[00:06:16]   [video 860/1999] yt-dlp z3-0j5PYB50 (1 clip(s) needed) ...
[00:06:23]     [861/2000] cutting z3-0j5PYB50_0.mp4 (0:00:05.972 -> 0:00:54.020)
[00:06:24]   [video 861/1999] yt-dlp uZFBecgvtQU (1 clip(s) needed) ...
[00:06:31]     [862/2000] cutting uZFBecgvtQU_18.mp4 (0:08:52.798 -> 0:09:05.378)
[00:06:31]   [video 862/1999] yt-dlp _K1B516PuA8 (1 clip(s) needed) ...
[00:06:45]     [863/2000] cutting _K1B516PuA8_20.mp4 (0:09:38.160 -> 0:09:59.240)
[00:06:45]   [video 863/1999] yt-dlp UlmxeWHdFOo (1 clip(s) needed) ...
[00:06:54]     [864/2000] cutting UlmxeWHdFOo_2.mp4 (0:00:34.567 -> 0:01:11.137)
[00:06:54]   [video 864/1999] yt-dlp J8HI58YzHTE (1 clip(s) needed) ...
[00:07:00]     [865/2000] cutting J8HI58YzHTE_8.mp4 (0:01:40.567 -> 0:01:47.540)
[00:07:00]   [video 865/1999] yt-dlp 1iJhbe6-0aI (1 clip(s) needed) ...
[00:07:17]     [866/2000] cutting 1iJhbe6-0aI_19.mp4 (0:04:00.490 -> 0:04:09.457)
[00:07:17]   [video 866/1999] yt-dlp SI_20mexYq0 (1 clip(s) needed) ...
[00:07:27]     [867/2000] cutting SI_20mexYq0_6.mp4 (0:01:14.007 -> 0:01:22.182)
[00:07:27]   [video 867/1999] yt-dlp GuSiLhiCLDE (1 clip(s) needed) ...
[00:07:34]     [868/2000] cutting GuSiLhiCLDE_13.mp4 (0:08:41.921 -> 0:09:29.969)
[00:07:34]   [video 868/1999] yt-dlp JQUid-HlDXY (1 clip(s) needed) ...
[00:07:45]     [869/2000] cutting JQUid-HlDXY_6.mp4 (0:04:21.928 -> 0:04:26.432)
[00:07:45]   [video 869/1999] yt-dlp aGkSeFw8MdQ (1 clip(s) needed) ...
[00:07:48]     FAILED: ERROR: [youtube] aGkSeFw8MdQ: This video is not available
[00:07:48]   [video 870/1999] yt-dlp jD1pvO1TkWY (1 clip(s) needed) ...
[00:08:08]     [871/2000] cutting jD1pvO1TkWY_1.mp4 (0:00:08.341 -> 0:00:43.835)
[00:08:09]   [video 871/1999] yt-dlp 1uBl8wj6Ki8 (1 clip(s) needed) ...
[00:08:23]     [872/2000] cutting 1uBl8wj6Ki8_30.mp4 (0:08:40.700 -> 0:08:44.733)
[00:08:23]   [video 872/1999] yt-dlp dU4GPkZbN-8 (1 clip(s) needed) ...
[00:08:33]     [873/2000] cutting dU4GPkZbN-8_7.mp4 (0:02:41.361 -> 0:03:29.409)
[00:08:33]   [video 873/1999] yt-dlp oOs8H3SvQew (1 clip(s) needed) ...
[00:08:38]     [874/2000] cutting oOs8H3SvQew_13.mp4 (0:01:17.633 -> 0:01:22.233)
[00:08:38]   [video 874/1999] yt-dlp _1dlx-t5OaM (1 clip(s) needed) ...
[00:08:48]     [875/2000] cutting _1dlx-t5OaM_39.mp4 (0:08:41.153 -> 0:08:54.634)
[00:08:48]   [video 875/1999] yt-dlp rEnWj9PXszI (1 clip(s) needed) ...
[00:08:51]     FAILED: ERROR: [youtube] rEnWj9PXszI: This video is not available
[00:08:51]   [video 876/1999] yt-dlp MzBiCEHP47w (1 clip(s) needed) ...
[00:08:57]     [877/2000] cutting MzBiCEHP47w_15.mp4 (0:01:54.733 -> 0:02:01.466)
[00:08:57]   [video 877/1999] yt-dlp ajJtuPdoMe0 (1 clip(s) needed) ...
[00:09:04]     [878/2000] cutting ajJtuPdoMe0_3.mp4 (0:01:51.044 -> 0:02:39.092)
[00:09:04]   [video 878/1999] yt-dlp _SelYgjRioU (1 clip(s) needed) ...
[00:09:10]     [879/2000] cutting _SelYgjRioU_6.mp4 (0:01:12.040 -> 0:01:15.720)
[00:09:10]   [video 879/1999] yt-dlp XhIuJU6F7rc (1 clip(s) needed) ...
[00:09:15]     [880/2000] cutting XhIuJU6F7rc_4.mp4 (0:01:23.866 -> 0:01:32.600)
[00:09:15]   [video 880/1999] yt-dlp XdJGp4e2wNk (1 clip(s) needed) ...
[00:09:22]     [881/2000] cutting XdJGp4e2wNk_3.mp4 (0:02:23.580 -> 0:03:11.580)
[00:09:22]   [video 881/1999] yt-dlp 9vAw7kNJKwE (1 clip(s) needed) ...
[00:09:31]     [882/2000] cutting 9vAw7kNJKwE_35.mp4 (0:06:47.740 -> 0:06:54.981)
[00:09:31]   [video 882/1999] yt-dlp pMnFzXEIWtQ (1 clip(s) needed) ...
[00:09:37]     [883/2000] cutting pMnFzXEIWtQ_10.mp4 (0:02:27.983 -> 0:02:35.000)
[00:09:37]   [video 883/1999] yt-dlp 1Vgotb7TUBM (1 clip(s) needed) ...
[00:09:43]     [884/2000] cutting 1Vgotb7TUBM_3.mp4 (0:01:15.700 -> 0:01:24.751)
[00:09:43]   [video 884/1999] yt-dlp F4TiN-tHZXk (1 clip(s) needed) ...
[00:09:53]     [885/2000] cutting F4TiN-tHZXk_3.mp4 (0:00:29.829 -> 0:00:37.837)
[00:09:53]   [video 885/1999] yt-dlp IpDIdPFeguU (1 clip(s) needed) ...
[00:09:58]     [886/2000] cutting IpDIdPFeguU_4.mp4 (0:00:35.493 -> 0:00:38.496)
[00:09:58]   [video 886/1999] yt-dlp O6TVlLlhWoQ (1 clip(s) needed) ...
[00:10:01]     FAILED: ERROR: [youtube] O6TVlLlhWoQ: This video is not available
[00:10:01]   [video 887/1999] yt-dlp MscdUT0Enxg (1 clip(s) needed) ...
[00:10:08]     [888/2000] cutting MscdUT0Enxg_5.mp4 (0:05:03.569 -> 0:05:19.252)
[00:10:08]   [video 888/1999] yt-dlp ND0o_RmVuwE (1 clip(s) needed) ...
[00:10:13]     [889/2000] cutting ND0o_RmVuwE_9.mp4 (0:02:51.304 -> 0:02:55.341)
[00:10:14]   [video 889/1999] yt-dlp 6n2vS91E6d0 (1 clip(s) needed) ...
[00:10:28]     [890/2000] cutting 6n2vS91E6d0_19.mp4 (0:08:50.066 -> 0:09:14.133)
[00:10:28]   [video 890/1999] yt-dlp 3GzPFFKTHaY (1 clip(s) needed) ...
[00:10:35]     [891/2000] cutting 3GzPFFKTHaY_9.mp4 (0:03:00.713 -> 0:03:12.692)
[00:10:35]   [video 891/1999] yt-dlp DZixw5ZgH6k (1 clip(s) needed) ...
[00:10:42]     [892/2000] cutting DZixw5ZgH6k_7.mp4 (0:00:44.127 -> 0:00:48.565)
[00:10:42]   [video 892/1999] yt-dlp zVJEx-FcgzA (1 clip(s) needed) ...
[00:10:56]     [893/2000] cutting zVJEx-FcgzA_5.mp4 (0:04:57.096 -> 0:05:04.537)
[00:10:56]   [video 893/1999] yt-dlp aH2KEbmYE6I (1 clip(s) needed) ...
[00:11:04]     [894/2000] cutting aH2KEbmYE6I_5.mp4 (0:03:08.666 -> 0:03:22.666)
[00:11:04]   [video 894/1999] yt-dlp j3COFDXr1S8 (1 clip(s) needed) ...
[00:11:13]     [895/2000] cutting j3COFDXr1S8_13.mp4 (0:05:52.819 -> 0:06:01.561)
[00:11:13]   [video 895/1999] yt-dlp OXtwwJYMfQk (1 clip(s) needed) ...
[00:11:19]     [896/2000] cutting OXtwwJYMfQk_17.mp4 (0:01:33.051 -> 0:01:37.722)
[00:11:20]   [video 896/1999] yt-dlp 1usBOSBwtgE (1 clip(s) needed) ...
[00:11:25]     [897/2000] cutting 1usBOSBwtgE_7.mp4 (0:01:13.200 -> 0:01:16.733)
[00:11:25]   [video 897/1999] yt-dlp WllRdqu_WnA (1 clip(s) needed) ...
[00:11:32]     [898/2000] cutting WllRdqu_WnA_4.mp4 (0:03:42.522 -> 0:04:29.502)
[00:11:32]   [video 898/1999] yt-dlp sWwam2mtpUY (1 clip(s) needed) ...
[00:11:40]     [899/2000] cutting sWwam2mtpUY_9.mp4 (0:02:47.733 -> 0:03:06.166)
[00:11:40]   [video 899/1999] yt-dlp YGBkJYdiuik (1 clip(s) needed) ...
[00:11:45]     [900/2000] cutting YGBkJYdiuik_8.mp4 (0:03:19.440 -> 0:03:24.840)
[00:11:45]   [video 900/1999] yt-dlp whJ0R1cyt1U (1 clip(s) needed) ...
[00:11:54]     [901/2000] cutting whJ0R1cyt1U_2.mp4 (0:00:35.268 -> 0:00:39.305)
[00:11:54]   [video 901/1999] yt-dlp 8zmymrPhA9g (1 clip(s) needed) ...
[00:11:59]     [902/2000] cutting 8zmymrPhA9g_3.mp4 (0:05:43.609 -> 0:06:00.593)
[00:11:59]   [video 902/1999] yt-dlp y1RcRZ5NE9s (1 clip(s) needed) ...
[00:12:05]     [903/2000] cutting y1RcRZ5NE9s_6.mp4 (0:01:39.599 -> 0:01:52.412)
[00:12:05]   [video 903/1999] yt-dlp JQx3NqNIfCY (1 clip(s) needed) ...
[00:12:11]     [904/2000] cutting JQx3NqNIfCY_13.mp4 (0:03:26.673 -> 0:03:34.414)
[00:12:11]   [video 904/1999] yt-dlp J2Ah9DUlk2s (1 clip(s) needed) ...
[00:12:23]     [905/2000] cutting J2Ah9DUlk2s_10.mp4 (0:01:04.522 -> 0:01:12.363)
[00:12:23]   [video 905/1999] yt-dlp 2i_mlbSnYzs (1 clip(s) needed) ...
[00:12:29]     [906/2000] cutting 2i_mlbSnYzs_10.mp4 (0:02:57.610 -> 0:03:11.724)
[00:12:29]   [video 906/1999] yt-dlp PH5o6v73Jww (1 clip(s) needed) ...
[00:12:39]     [907/2000] cutting PH5o6v73Jww_14.mp4 (0:07:29.882 -> 0:08:06.118)
[00:12:39]   [video 907/1999] yt-dlp GE5MnxzG_p4 (1 clip(s) needed) ...
[00:12:42]     FAILED: ERROR: [youtube] GE5MnxzG_p4: Private video
[00:12:42]   [video 908/1999] yt-dlp 8ExbE_3GOdE (1 clip(s) needed) ...
[00:12:50]     [909/2000] cutting 8ExbE_3GOdE_1.mp4 (0:00:37.871 -> 0:00:41.341)
[00:12:50]   [video 909/1999] yt-dlp kD_QVyK3MI8 (1 clip(s) needed) ...
[00:12:56]     [910/2000] cutting kD_QVyK3MI8_3.mp4 (0:02:53.840 -> 0:02:57.877)
[00:12:56]   [video 910/1999] yt-dlp inJwrShJX7I (1 clip(s) needed) ...
[00:13:01]     [911/2000] cutting inJwrShJX7I_6.mp4 (0:00:39.472 -> 0:00:48.314)
[00:13:01]   [video 911/1999] yt-dlp 8Fdit1E0_ig (1 clip(s) needed) ...
[00:13:07]     [912/2000] cutting 8Fdit1E0_ig_13.mp4 (0:02:09.963 -> 0:02:18.555)
[00:13:07]   [video 912/1999] yt-dlp qWNIyI2IzX4 (1 clip(s) needed) ...
[00:13:14]     [913/2000] cutting qWNIyI2IzX4_4.mp4 (0:01:14.600 -> 0:01:20.833)
[00:13:14]   [video 913/1999] yt-dlp CeDc7ShSP3o (1 clip(s) needed) ...
[00:13:38]     [914/2000] cutting CeDc7ShSP3o_16.mp4 (0:25:06.505 -> 0:25:54.553)
[00:13:39]   [video 914/1999] yt-dlp 7r_CUZJnsKA (1 clip(s) needed) ...
[00:13:51]     [915/2000] cutting 7r_CUZJnsKA_51.mp4 (0:08:33.963 -> 0:08:42.572)
[00:13:51]   [video 915/1999] yt-dlp Q9ESSgCKAGE (1 clip(s) needed) ...
[00:13:57]     [916/2000] cutting Q9ESSgCKAGE_4.mp4 (0:00:57.920 -> 0:01:10.720)
[00:13:57]   [video 916/1999] yt-dlp UqvTng-qMp0 (1 clip(s) needed) ...
[00:14:02]     [917/2000] cutting UqvTng-qMp0_10.mp4 (0:02:36.189 -> 0:03:15.962)
[00:14:03]   [video 917/1999] yt-dlp 5Sdmgl52llA (1 clip(s) needed) ...
[00:14:09]     [918/2000] cutting 5Sdmgl52llA_2.mp4 (0:00:42.760 -> 0:00:49.520)
[00:14:09]   [video 918/1999] yt-dlp i_CL8PJzH8A (1 clip(s) needed) ...
[00:14:14]     [919/2000] cutting i_CL8PJzH8A_17.mp4 (0:01:48.108 -> 0:01:59.319)
[00:14:14]   [video 919/1999] yt-dlp JWWMF_40uGY (1 clip(s) needed) ...
[00:14:21]     [920/2000] cutting JWWMF_40uGY_0.mp4 (0:00:14.981 -> 0:01:03.029)
[00:14:21]   [video 920/1999] yt-dlp 2Fe5iv3r8_c (1 clip(s) needed) ...
[00:14:26]     [921/2000] cutting 2Fe5iv3r8_c_1.mp4 (0:00:18.080 -> 0:01:02.120)
[00:14:26]   [video 921/1999] yt-dlp GEIv7zfEKUw (1 clip(s) needed) ...
[00:14:33]     [922/2000] cutting GEIv7zfEKUw_1.mp4 (0:00:23.500 -> 0:00:35.066)
[00:14:33]   [video 922/1999] yt-dlp uRtXpbk5CVI (1 clip(s) needed) ...
[00:14:44]     [923/2000] cutting uRtXpbk5CVI_2.mp4 (0:02:20.000 -> 0:02:52.360)
[00:14:44]   [video 923/1999] yt-dlp Ly8yhIuzFtA (1 clip(s) needed) ...
[00:14:51]     [924/2000] cutting Ly8yhIuzFtA_2.mp4 (0:00:24.457 -> 0:00:40.240)
[00:14:51]   [video 924/1999] yt-dlp Vq3J9mTBBmE (1 clip(s) needed) ...
[00:14:56]     [925/2000] cutting Vq3J9mTBBmE_5.mp4 (0:01:52.579 -> 0:02:01.654)
[00:14:56]   [video 925/1999] yt-dlp KZJRmkuo8ik (1 clip(s) needed) ...
[00:15:08]     [926/2000] cutting KZJRmkuo8ik_2.mp4 (0:08:04.666 -> 0:08:52.666)
[00:15:09]   [video 926/1999] yt-dlp zHtstOXrquA (1 clip(s) needed) ...
[00:15:14]     [927/2000] cutting zHtstOXrquA_1.mp4 (0:00:52.189 -> 0:01:12.071)
[00:15:15]   [video 927/1999] yt-dlp l5zpZWdeUUA (1 clip(s) needed) ...
[00:15:20]     [928/2000] cutting l5zpZWdeUUA_0.mp4 (0:00:01.880 -> 0:00:17.120)
[00:15:20]   [video 928/1999] yt-dlp m5F4dRu3IfY (1 clip(s) needed) ...
[00:15:27]     [929/2000] cutting m5F4dRu3IfY_24.mp4 (0:03:39.041 -> 0:03:46.708)
[00:15:27]   [video 929/1999] yt-dlp 3W6t1Y0zPEg (1 clip(s) needed) ...
[00:15:34]     [930/2000] cutting 3W6t1Y0zPEg_26.mp4 (0:05:52.051 -> 0:06:40.099)
[00:15:34]   [video 930/1999] yt-dlp aaDs3aYtGy4 (1 clip(s) needed) ...
[00:15:41]     [931/2000] cutting aaDs3aYtGy4_0.mp4 (0:00:02.802 -> 0:00:25.325)
[00:15:42]   [video 931/1999] yt-dlp Xmni995n2VA (1 clip(s) needed) ...
[00:15:50]     [932/2000] cutting Xmni995n2VA_11.mp4 (0:04:44.150 -> 0:04:54.594)
[00:15:50]   [video 932/1999] yt-dlp HQXSxOeyj4Y (1 clip(s) needed) ...
[00:15:57]     [933/2000] cutting HQXSxOeyj4Y_12.mp4 (0:02:35.196 -> 0:02:42.579)
[00:15:58]   [video 933/1999] yt-dlp Xb15_IRzTo0 (1 clip(s) needed) ...
[00:16:00]     FAILED: ERROR: [youtube] Xb15_IRzTo0: Private video
[00:16:00]   [video 934/1999] yt-dlp xVM2--pv5j0 (1 clip(s) needed) ...
[00:16:08]     [935/2000] cutting xVM2--pv5j0_4.mp4 (0:03:42.021 -> 0:04:08.514)
[00:16:08]   [video 935/1999] yt-dlp Ung5qACWheQ (1 clip(s) needed) ...
[00:16:32]     [936/2000] cutting Ung5qACWheQ_9.mp4 (0:20:26.800 -> 0:20:47.700)
[00:16:32]   [video 936/1999] yt-dlp DvHBOZ_67Bg (1 clip(s) needed) ...
[00:16:39]     [937/2000] cutting DvHBOZ_67Bg_11.mp4 (0:02:06.526 -> 0:02:10.563)
[00:16:39]   [video 937/1999] yt-dlp E6nIKg0BnDI (1 clip(s) needed) ...
[00:16:45]     [938/2000] cutting E6nIKg0BnDI_19.mp4 (0:02:26.446 -> 0:02:33.953)
[00:16:45]   [video 938/1999] yt-dlp qfWJSX70tMk (1 clip(s) needed) ...
[00:16:52]     [939/2000] cutting qfWJSX70tMk_8.mp4 (0:03:48.728 -> 0:03:56.736)
[00:16:52]   [video 939/1999] yt-dlp fG_snZZ8KH8 (1 clip(s) needed) ...
[00:17:30]     [940/2000] cutting fG_snZZ8KH8_30.mp4 (0:13:44.233 -> 0:13:48.533)
[00:17:31]   [video 940/1999] yt-dlp IqdFoe81_kY (1 clip(s) needed) ...
[00:17:37]     [941/2000] cutting IqdFoe81_kY_4.mp4 (0:01:40.500 -> 0:01:56.116)
[00:17:38]   [video 941/1999] yt-dlp u5I1vmHYLLo (1 clip(s) needed) ...
[00:17:47]     [942/2000] cutting u5I1vmHYLLo_38.mp4 (0:05:38.880 -> 0:05:44.177)
[00:17:47]   [video 942/1999] yt-dlp pwRr9P56puY (1 clip(s) needed) ...
[00:17:54]     [943/2000] cutting pwRr9P56puY_4.mp4 (0:03:16.433 -> 0:03:50.433)
[00:17:54]   [video 943/1999] yt-dlp 4Jibuw5LQdg (1 clip(s) needed) ...
[00:18:02]     [944/2000] cutting 4Jibuw5LQdg_4.mp4 (0:01:10.703 -> 0:01:15.909)
[00:18:02]   [video 944/1999] yt-dlp 0wsBwXSxzXE (1 clip(s) needed) ...
[00:18:12]     [945/2000] cutting 0wsBwXSxzXE_31.mp4 (0:04:54.427 -> 0:05:00.700)
[00:18:12]   [video 945/1999] yt-dlp KgbIBNcuxpw (1 clip(s) needed) ...
[00:18:19]     [946/2000] cutting KgbIBNcuxpw_5.mp4 (0:02:06.926 -> 0:02:28.181)
[00:18:19]   [video 946/1999] yt-dlp kyofg46vg_s (1 clip(s) needed) ...
[00:18:25]     [947/2000] cutting kyofg46vg_s_5.mp4 (0:01:00.133 -> 0:01:48.133)
[00:18:25]   [video 947/1999] yt-dlp JlRf7jIMy8E (1 clip(s) needed) ...
[00:18:31]     [948/2000] cutting JlRf7jIMy8E_18.mp4 (0:02:41.995 -> 0:02:50.537)
[00:18:31]   [video 948/1999] yt-dlp RaWka2QukpY (1 clip(s) needed) ...
[00:18:39]     [949/2000] cutting RaWka2QukpY_0.mp4 (0:00:11.960 -> 0:00:35.960)
[00:18:39]   [video 949/1999] yt-dlp W4cZZhYepUA (1 clip(s) needed) ...
[00:18:50]     [950/2000] cutting W4cZZhYepUA_38.mp4 (0:07:51.137 -> 0:07:54.340)
[00:18:51]   [video 950/1999] yt-dlp 67ugrKut7SE (1 clip(s) needed) ...
[00:18:58]     [951/2000] cutting 67ugrKut7SE_1.mp4 (0:00:31.880 -> 0:00:38.720)
[00:18:58]   [video 951/1999] yt-dlp z12m3v_L_gg (1 clip(s) needed) ...
[00:19:05]     [952/2000] cutting z12m3v_L_gg_3.mp4 (0:01:56.950 -> 0:02:15.101)
[00:19:05]   [video 952/1999] yt-dlp vI7cHm0qNSA (1 clip(s) needed) ...
[00:19:15]     [953/2000] cutting vI7cHm0qNSA_8.mp4 (0:02:48.766 -> 0:02:57.333)
[00:19:15]   [video 953/1999] yt-dlp CYIhoMZ0GEE (1 clip(s) needed) ...
[00:19:21]     [954/2000] cutting CYIhoMZ0GEE_1.mp4 (0:00:16.950 -> 0:00:28.962)
[00:19:21]   [video 954/1999] yt-dlp l0G8MKQYD9E (1 clip(s) needed) ...
[00:19:28]     [955/2000] cutting l0G8MKQYD9E_4.mp4 (0:02:17.762 -> 0:02:36.823)
[00:19:28]   [video 955/1999] yt-dlp fqvw8l4HLEw (1 clip(s) needed) ...
[00:19:30]     FAILED: ERROR: [youtube] fqvw8l4HLEw: Video unavailable
[00:19:30]   [video 956/1999] yt-dlp Kx5R-wG5haM (1 clip(s) needed) ...
[00:19:35]     [957/2000] cutting Kx5R-wG5haM_14.mp4 (0:02:43.229 -> 0:02:47.250)
[00:19:35]   [video 957/1999] yt-dlp H93YL_-qphg (1 clip(s) needed) ...
[00:19:38]     FAILED: ERROR: [youtube] H93YL_-qphg: Video unavailable
[00:19:38]   [video 958/1999] yt-dlp CrHq4tCDJHo (1 clip(s) needed) ...
[00:19:45]     [959/2000] cutting CrHq4tCDJHo_13.mp4 (0:01:28.488 -> 0:01:31.724)
[00:19:45]   [video 959/1999] yt-dlp qtW68YHnQrw (1 clip(s) needed) ...
[00:19:56]     [960/2000] cutting qtW68YHnQrw_10.mp4 (0:06:30.356 -> 0:06:48.207)
[00:19:56]   [video 960/1999] yt-dlp R1RWjc8yt_s (1 clip(s) needed) ...
[00:20:02]     [961/2000] cutting R1RWjc8yt_s_9.mp4 (0:02:12.432 -> 0:02:23.643)
[00:20:02]   [video 961/1999] yt-dlp W7O4H42Qce0 (1 clip(s) needed) ...
[00:20:13]     [962/2000] cutting W7O4H42Qce0_57.mp4 (0:09:55.394 -> 0:10:00.199)
[00:20:13]   [video 962/1999] yt-dlp okQYO10MT3c (1 clip(s) needed) ...
[00:20:18]     [963/2000] cutting okQYO10MT3c_4.mp4 (0:00:44.878 -> 0:00:50.950)
[00:20:18]   [video 963/1999] yt-dlp VYsd5bFXeQM (1 clip(s) needed) ...
[00:20:31]     [964/2000] cutting VYsd5bFXeQM_42.mp4 (0:14:03.709 -> 0:14:16.355)
[00:20:31]   [video 964/1999] yt-dlp r3xq7LpKetw (1 clip(s) needed) ...
[00:20:38]     [965/2000] cutting r3xq7LpKetw_17.mp4 (0:01:42.902 -> 0:01:47.373)
[00:20:38]   [video 965/1999] yt-dlp 0ahtqHzJ3Ys (1 clip(s) needed) ...
[00:20:44]     [966/2000] cutting 0ahtqHzJ3Ys_2.mp4 (0:00:29.200 -> 0:00:33.440)
[00:20:44]   [video 966/1999] yt-dlp TZFCEruec_Q (1 clip(s) needed) ...
[00:20:54]     [967/2000] cutting TZFCEruec_Q_2.mp4 (0:00:32.065 -> 0:00:41.608)
[00:20:55]   [video 967/1999] yt-dlp RYJeFYgrX_U (1 clip(s) needed) ...
[00:21:05]     [968/2000] cutting RYJeFYgrX_U_18.mp4 (0:08:35.848 -> 0:09:23.112)
[00:21:05]   [video 968/1999] yt-dlp 16vR_m_SBRk (1 clip(s) needed) ...
[00:21:11]     [969/2000] cutting 16vR_m_SBRk_4.mp4 (0:01:30.600 -> 0:02:03.760)
[00:21:11]   [video 969/1999] yt-dlp 3Y5Cu7Pznfw (1 clip(s) needed) ...
[00:21:16]     [970/2000] cutting 3Y5Cu7Pznfw_10.mp4 (0:02:09.000 -> 0:02:30.800)
[00:21:16]   [video 970/1999] yt-dlp Q5rlvGijwQM (1 clip(s) needed) ...
[00:21:22]     [971/2000] cutting Q5rlvGijwQM_11.mp4 (0:03:47.560 -> 0:04:09.415)
[00:21:22]   [video 971/1999] yt-dlp nhyJjxEgsrE (1 clip(s) needed) ...
[00:21:27]     [972/2000] cutting nhyJjxEgsrE_4.mp4 (0:00:52.719 -> 0:01:04.064)
[00:21:27]   [video 972/1999] yt-dlp 28lNJVq4kY8 (1 clip(s) needed) ...
[00:21:36]     [973/2000] cutting 28lNJVq4kY8_27.mp4 (0:09:32.321 -> 0:09:54.093)
[00:21:37]   [video 973/1999] yt-dlp jjPV5oXf0Wo (1 clip(s) needed) ...
[00:21:41]     [974/2000] cutting jjPV5oXf0Wo_5.mp4 (0:05:09.909 -> 0:05:57.690)
[00:21:42]   [video 974/1999] yt-dlp 7oLwLKTQo5Y (1 clip(s) needed) ...
[00:21:51]     [975/2000] cutting 7oLwLKTQo5Y_16.mp4 (0:04:27.033 -> 0:04:58.064)
[00:21:51]   [video 975/1999] yt-dlp Y_Ougw_ZcXM (1 clip(s) needed) ...
[00:21:57]     [976/2000] cutting Y_Ougw_ZcXM_5.mp4 (0:00:56.289 -> 0:01:04.130)
[00:21:57]   [video 976/1999] yt-dlp SvqrderPP_Q (1 clip(s) needed) ...
[00:22:09]     [977/2000] cutting SvqrderPP_Q_7.mp4 (0:02:24.120 -> 0:03:12.120)
[00:22:10]   [video 977/1999] yt-dlp 646Q4B1WSH8 (1 clip(s) needed) ...
[00:22:12]     FAILED: ERROR: [youtube] 646Q4B1WSH8: This video is not available
[00:22:12]   [video 978/1999] yt-dlp EfHaH3Mr0U0 (1 clip(s) needed) ...
[00:22:18]     [979/2000] cutting EfHaH3Mr0U0_10.mp4 (0:01:53.613 -> 0:02:00.153)
[00:22:18]   [video 979/1999] yt-dlp Q4BtDbBvyWY (1 clip(s) needed) ...
[00:22:25]     [980/2000] cutting Q4BtDbBvyWY_19.mp4 (0:04:27.300 -> 0:04:33.172)
[00:22:25]   [video 980/1999] yt-dlp Bkbazc_7u9Q (1 clip(s) needed) ...
[00:22:31]     [981/2000] cutting Bkbazc_7u9Q_0.mp4 (0:00:02.168 -> 0:00:19.786)
[00:22:31]   [video 981/1999] yt-dlp yTvqDU9A9Lw (1 clip(s) needed) ...
[00:22:37]     [982/2000] cutting yTvqDU9A9Lw_15.mp4 (0:02:00.787 -> 0:02:05.925)
[00:22:37]   [video 982/1999] yt-dlp eYrLXkR4BGY (1 clip(s) needed) ...
[00:22:45]     [983/2000] cutting eYrLXkR4BGY_43.mp4 (0:05:06.039 -> 0:05:09.609)
[00:22:45]   [video 983/1999] yt-dlp N6D4RPxK72Y (1 clip(s) needed) ...
[00:22:52]     [984/2000] cutting N6D4RPxK72Y_5.mp4 (0:04:03.409 -> 0:04:09.457)
[00:22:52]   [video 984/1999] yt-dlp zwONfDHxmCA (1 clip(s) needed) ...
[00:23:00]     [985/2000] cutting zwONfDHxmCA_10.mp4 (0:02:39.959 -> 0:03:10.690)
[00:23:00]   [video 985/1999] yt-dlp yenA35ZGa2A (1 clip(s) needed) ...
[00:23:09]     [986/2000] cutting yenA35ZGa2A_0.mp4 (0:00:08.258 -> 0:00:34.784)
[00:23:09]   [video 986/1999] yt-dlp tG-AK2r34Fw (1 clip(s) needed) ...
[00:23:14]     [987/2000] cutting tG-AK2r34Fw_0.mp4 (0:00:06.000 -> 0:00:54.000)
[00:23:14]   [video 987/1999] yt-dlp an439yP_utc (1 clip(s) needed) ...
[00:23:25]     [988/2000] cutting an439yP_utc_2.mp4 (0:04:01.107 -> 0:04:21.027)
[00:23:25]   [video 988/1999] yt-dlp Mwf-R6oKW_g (1 clip(s) needed) ...
[00:23:31]     [989/2000] cutting Mwf-R6oKW_g_5.mp4 (0:04:03.776 -> 0:04:07.780)
[00:23:32]   [video 989/1999] yt-dlp To_v-MWJRxc (1 clip(s) needed) ...
[00:23:35]     FAILED: ERROR: [youtube] To_v-MWJRxc: This video is not available
[00:23:35]   [video 990/1999] yt-dlp GlaAU6RbXoc (1 clip(s) needed) ...
[00:23:42]     [991/2000] cutting GlaAU6RbXoc_3.mp4 (0:00:32.120 -> 0:00:50.720)
[00:23:42]   [video 991/1999] yt-dlp UOBcBCdA82o (1 clip(s) needed) ...
[00:23:49]     [992/2000] cutting UOBcBCdA82o_14.mp4 (0:02:10.730 -> 0:02:15.602)
[00:23:49]   [video 992/1999] yt-dlp SM0jSpV_Q0Q (1 clip(s) needed) ...
[00:23:59]     [993/2000] cutting SM0jSpV_Q0Q_4.mp4 (0:03:38.751 -> 0:04:08.248)
[00:24:00]   [video 993/1999] yt-dlp fPZQu5hC8Xo (1 clip(s) needed) ...
[00:24:08]     [994/2000] cutting fPZQu5hC8Xo_4.mp4 (0:03:21.117 -> 0:03:25.288)
[00:24:08]   [video 994/1999] yt-dlp uiZk65NX1z0 (1 clip(s) needed) ...
[00:24:18]     [995/2000] cutting uiZk65NX1z0_4.mp4 (0:07:04.957 -> 0:07:16.702)
[00:24:18]   [video 995/1999] yt-dlp wukUK0Nuxx8 (1 clip(s) needed) ...
[00:24:25]     [996/2000] cutting wukUK0Nuxx8_3.mp4 (0:04:29.636 -> 0:04:53.526)
[00:24:25]   [video 996/1999] yt-dlp SRixnqjL6tE (1 clip(s) needed) ...
[00:24:30]     [997/2000] cutting SRixnqjL6tE_3.mp4 (0:00:28.795 -> 0:00:33.566)
[00:24:30]   [video 997/1999] yt-dlp zCrjwJXG7YE (1 clip(s) needed) ...
[00:24:37]     [998/2000] cutting zCrjwJXG7YE_17.mp4 (0:02:51.171 -> 0:02:57.877)
[00:24:38]   [video 998/1999] yt-dlp 7K7kumJmgHY (1 clip(s) needed) ...
[00:24:49]     [999/2000] cutting 7K7kumJmgHY_10.mp4 (0:13:46.525 -> 0:14:02.474)
[00:24:50]   [video 999/1999] yt-dlp HkEOLp6hZ9M (1 clip(s) needed) ...
[00:24:54]     [1000/2000] cutting HkEOLp6hZ9M_1.mp4 (0:00:15.615 -> 0:00:21.388)
[00:24:54]   [video 1000/1999] yt-dlp ChVh0V3g8m0 (1 clip(s) needed) ...
[00:25:03]     [1001/2000] cutting ChVh0V3g8m0_4.mp4 (0:00:46.958 -> 0:00:53.833)
[00:25:03]   [video 1001/1999] yt-dlp n6ektj-FVgo (1 clip(s) needed) ...
[00:25:12]     [1002/2000] cutting n6ektj-FVgo_2.mp4 (0:00:47.380 -> 0:01:05.081)
[00:25:13]   [video 1002/1999] yt-dlp r1XrmQyWJoE (1 clip(s) needed) ...
[00:25:21]     [1003/2000] cutting r1XrmQyWJoE_15.mp4 (0:06:42.368 -> 0:07:30.416)
[00:25:21]   [video 1003/1999] yt-dlp xf1Ro44E7FI (1 clip(s) needed) ...
[00:25:26]     [1004/2000] cutting xf1Ro44E7FI_1.mp4 (0:00:03.370 -> 0:00:07.640)
[00:25:26]   [video 1004/1999] yt-dlp oKWQbyQgYis (1 clip(s) needed) ...
[00:25:41]     [1005/2000] cutting oKWQbyQgYis_17.mp4 (0:09:36.500 -> 0:09:57.300)
[00:25:41]   [video 1005/1999] yt-dlp fCK3hXiT6lk (1 clip(s) needed) ...
[00:25:44]     FAILED: ERROR: [youtube] fCK3hXiT6lk: Private video
[00:25:44]   [video 1006/1999] yt-dlp bljN9D0HaEU (1 clip(s) needed) ...
[00:25:56]     [1007/2000] cutting bljN9D0HaEU_5.mp4 (0:02:44.000 -> 0:02:56.040)
[00:25:56]   [video 1007/1999] yt-dlp 39NO45BpGac (1 clip(s) needed) ...
[00:26:03]     [1008/2000] cutting 39NO45BpGac_1.mp4 (0:00:55.909 -> 0:00:59.932)
[00:26:03]   [video 1008/1999] yt-dlp xJ7si2CxJ0A (1 clip(s) needed) ...
[00:26:11]     [1009/2000] cutting xJ7si2CxJ0A_8.mp4 (0:02:51.466 -> 0:03:34.700)
[00:26:12]   [video 1009/1999] yt-dlp FGrPV9uOFAo (1 clip(s) needed) ...
[00:26:21]     [1010/2000] cutting FGrPV9uOFAo_19.mp4 (0:02:41.928 -> 0:02:53.907)
[00:26:21]   [video 1010/1999] yt-dlp BgSh8H6zhAE (1 clip(s) needed) ...
[00:26:29]     [1011/2000] cutting BgSh8H6zhAE_10.mp4 (0:02:14.901 -> 0:02:45.999)
[00:26:29]   [video 1011/1999] yt-dlp F0XUfk8SGoI (1 clip(s) needed) ...
[00:26:40]     [1012/2000] cutting F0XUfk8SGoI_33.mp4 (0:07:49.360 -> 0:08:08.280)
[00:26:41]   [video 1012/1999] yt-dlp KG9H_0aoICM (1 clip(s) needed) ...
[00:26:46]     [1013/2000] cutting KG9H_0aoICM_4.mp4 (0:01:07.840 -> 0:01:16.200)
[00:26:46]   [video 1013/1999] yt-dlp aysfNLA8DU0 (1 clip(s) needed) ...
[00:26:52]     [1014/2000] cutting aysfNLA8DU0_2.mp4 (0:00:13.640 -> 0:00:45.480)
[00:26:52]   [video 1014/1999] yt-dlp P1DguQvbtkI (1 clip(s) needed) ...
[00:26:55]     FAILED: ERROR: [youtube] P1DguQvbtkI: This video is not available
[00:26:55]   [video 1015/1999] yt-dlp Wi5CGT9I7QQ (1 clip(s) needed) ...
[00:26:58]     FAILED: ERROR: [youtube] Wi5CGT9I7QQ: This video is not available
[00:26:58]   [video 1016/1999] yt-dlp mJVnFN4CmAI (1 clip(s) needed) ...
[00:27:06]     [1017/2000] cutting mJVnFN4CmAI_2.mp4 (0:00:16.840 -> 0:00:33.800)
[00:27:06]   [video 1017/1999] yt-dlp fWZmUK3ygAI (1 clip(s) needed) ...
[00:27:12]     [1018/2000] cutting fWZmUK3ygAI_7.mp4 (0:02:42.720 -> 0:03:30.720)
[00:27:13]   [video 1018/1999] yt-dlp xbrJ8RA7V4A (1 clip(s) needed) ...
[00:27:18]     [1019/2000] cutting xbrJ8RA7V4A_0.mp4 (0:00:10.944 -> 0:00:58.992)
[00:27:18]   [video 1019/1999] yt-dlp 3B_iHMl_ztM (1 clip(s) needed) ...
[00:27:24]     [1020/2000] cutting 3B_iHMl_ztM_0.mp4 (0:00:05.972 -> 0:00:54.020)
[00:27:24]   [video 1020/1999] yt-dlp wp-fbxFzncs (1 clip(s) needed) ...
[00:27:29]     [1021/2000] cutting wp-fbxFzncs_6.mp4 (0:00:32.440 -> 0:00:36.480)
[00:27:30]   [video 1021/1999] yt-dlp 4g88OzU9fl8 (1 clip(s) needed) ...
[00:27:35]     [1022/2000] cutting 4g88OzU9fl8_4.mp4 (0:00:43.309 -> 0:00:49.015)
[00:27:35]   [video 1022/1999] yt-dlp Hw5ZJiu8qEU (1 clip(s) needed) ...
[00:27:41]     [1023/2000] cutting Hw5ZJiu8qEU_22.mp4 (0:03:04.167 -> 0:03:08.521)
[00:27:41]   [video 1023/1999] yt-dlp plfo1Si2QsI (1 clip(s) needed) ...
[00:27:48]     [1024/2000] cutting plfo1Si2QsI_42.mp4 (0:05:34.840 -> 0:05:41.080)
[00:27:48]   [video 1024/1999] yt-dlp SO8hom2dsyA (1 clip(s) needed) ...
[00:28:00]     [1025/2000] cutting SO8hom2dsyA_15.mp4 (0:12:17.169 -> 0:12:26.245)
[00:28:00]   [video 1025/1999] yt-dlp 2krPjHuEhq8 (1 clip(s) needed) ...
[00:28:06]     [1026/2000] cutting 2krPjHuEhq8_1.mp4 (0:00:47.313 -> 0:01:07.901)
[00:28:06]   [video 1026/1999] yt-dlp ulvTrUjIHnU (1 clip(s) needed) ...
[00:28:15]     [1027/2000] cutting ulvTrUjIHnU_4.mp4 (0:01:29.900 -> 0:01:44.733)
[00:28:15]   [video 1027/1999] yt-dlp QBSGuUq2D9E (1 clip(s) needed) ...
[00:28:22]     [1028/2000] cutting QBSGuUq2D9E_18.mp4 (0:01:58.533 -> 0:02:03.233)
[00:28:22]   [video 1028/1999] yt-dlp rbcw3xC2Zu0 (1 clip(s) needed) ...
[00:28:30]     [1029/2000] cutting rbcw3xC2Zu0_8.mp4 (0:03:57.136 -> 0:04:19.325)
[00:28:30]   [video 1029/1999] yt-dlp Ee5yuOHjpm4 (1 clip(s) needed) ...
[00:28:35]     [1030/2000] cutting Ee5yuOHjpm4_1.mp4 (0:00:14.381 -> 0:01:02.429)
[00:28:35]   [video 1030/1999] yt-dlp S5-TjxuENAQ (1 clip(s) needed) ...
[00:28:42]     [1031/2000] cutting S5-TjxuENAQ_0.mp4 (0:00:05.972 -> 0:00:54.020)
[00:28:42]   [video 1031/1999] yt-dlp IT6Z_9Vt3dc (1 clip(s) needed) ...
[00:28:50]     [1032/2000] cutting IT6Z_9Vt3dc_12.mp4 (0:05:23.690 -> 0:05:48.114)
[00:28:50]   [video 1032/1999] yt-dlp 3PQN7kh_C3M (1 clip(s) needed) ...
[00:28:58]     [1033/2000] cutting 3PQN7kh_C3M_8.mp4 (0:01:41.291 -> 0:02:06.791)
[00:28:58]   [video 1033/1999] yt-dlp tQIbrD8KY7I (1 clip(s) needed) ...
[00:29:04]     [1034/2000] cutting tQIbrD8KY7I_4.mp4 (0:01:06.833 -> 0:01:27.233)
[00:29:04]   [video 1034/1999] yt-dlp HsMVFxZ43iU (1 clip(s) needed) ...
[00:29:10]     [1035/2000] cutting HsMVFxZ43iU_14.mp4 (0:02:07.794 -> 0:02:12.382)
[00:29:10]   [video 1035/1999] yt-dlp Abq6LJKXVFE (1 clip(s) needed) ...
[00:29:17]     [1036/2000] cutting Abq6LJKXVFE_8.mp4 (0:03:32.445 -> 0:04:00.306)
[00:29:17]   [video 1036/1999] yt-dlp RhCeh_Dd6NI (1 clip(s) needed) ...
[00:29:25]     [1037/2000] cutting RhCeh_Dd6NI_3.mp4 (0:00:38.238 -> 0:01:26.286)
[00:29:25]   [video 1037/1999] yt-dlp 7N4eKJlHrKY (1 clip(s) needed) ...
[00:29:34]     [1038/2000] cutting 7N4eKJlHrKY_4.mp4 (0:01:15.200 -> 0:02:03.248)
[00:29:34]   [video 1038/1999] yt-dlp wBk2NeV-eUc (1 clip(s) needed) ...
[00:29:45]     [1039/2000] cutting wBk2NeV-eUc_6.mp4 (0:02:50.503 -> 0:03:02.482)
[00:29:45]   [video 1039/1999] yt-dlp 0VwLXV5k5GM (1 clip(s) needed) ...
[00:29:53]     [1040/2000] cutting 0VwLXV5k5GM_2.mp4 (0:02:03.428 -> 0:02:19.375)
[00:29:54]   [video 1040/1999] yt-dlp 7AzuY3RfrN0 (1 clip(s) needed) ...
[00:30:00]     [1041/2000] cutting 7AzuY3RfrN0_12.mp4 (0:01:45.939 -> 0:01:52.645)
[00:30:00]   [video 1041/1999] yt-dlp XfD-O2C0SmY (1 clip(s) needed) ...
[00:30:08]     [1042/2000] cutting XfD-O2C0SmY_10.mp4 (0:02:45.131 -> 0:03:33.146)
[00:30:09]   [video 1042/1999] yt-dlp eeKCCNhPwNY (1 clip(s) needed) ...
[00:30:17]     [1043/2000] cutting eeKCCNhPwNY_0.mp4 (0:00:00.834 -> 0:00:07.607)
[00:30:18]   [video 1043/1999] yt-dlp XAQ286C4NqM (1 clip(s) needed) ...
[00:30:22]     [1044/2000] cutting XAQ286C4NqM_1.mp4 (0:00:10.944 -> 0:00:20.520)
[00:30:22]   [video 1044/1999] yt-dlp 2Nri2mHBWyA (1 clip(s) needed) ...
[00:30:29]     [1045/2000] cutting 2Nri2mHBWyA_19.mp4 (0:03:19.160 -> 0:03:26.520)
[00:30:29]   [video 1045/1999] yt-dlp vVqGkOAF8Nc (1 clip(s) needed) ...
[00:30:38]     [1046/2000] cutting vVqGkOAF8Nc_5.mp4 (0:02:17.537 -> 0:02:44.964)
[00:30:38]   [video 1046/1999] yt-dlp 2XHQ5nmpW3s (1 clip(s) needed) ...
[00:30:42]     [1047/2000] cutting 2XHQ5nmpW3s_1.mp4 (0:00:03.970 -> 0:00:08.942)
[00:30:42]   [video 1047/1999] yt-dlp e92EYycd880 (1 clip(s) needed) ...
[00:30:51]     [1048/2000] cutting e92EYycd880_17.mp4 (0:04:56.125 -> 0:05:05.500)
[00:30:51]   [video 1048/1999] yt-dlp Q3a725PoZ4w (1 clip(s) needed) ...
[00:31:02]     [1049/2000] cutting Q3a725PoZ4w_23.mp4 (0:06:36.366 -> 0:07:24.366)
[00:31:02]   [video 1049/1999] yt-dlp GreGTuHNMg0 (1 clip(s) needed) ...
[00:31:08]     [1050/2000] cutting GreGTuHNMg0_0.mp4 (0:00:01.300 -> 0:00:12.000)
[00:31:08]   [video 1050/1999] yt-dlp Dyy6q07oFk0 (1 clip(s) needed) ...
[00:31:15]     [1051/2000] cutting Dyy6q07oFk0_2.mp4 (0:00:48.782 -> 0:00:54.487)
[00:31:15]   [video 1051/1999] yt-dlp C2m61dVJs3U (1 clip(s) needed) ...
[00:31:21]     [1052/2000] cutting C2m61dVJs3U_8.mp4 (0:01:45.789 -> 0:01:49.793)
[00:31:21]   [video 1052/1999] yt-dlp xBqpCvp-_-Y (1 clip(s) needed) ...
[00:31:26]     [1053/2000] cutting xBqpCvp-_-Y_0.mp4 (0:00:06.214 -> 0:00:11.136)
[00:31:26]   [video 1053/1999] yt-dlp Kcn-NUZaUWQ (1 clip(s) needed) ...
[00:31:32]     [1054/2000] cutting Kcn-NUZaUWQ_26.mp4 (0:03:05.880 -> 0:03:10.120)
[00:31:33]   [video 1054/1999] yt-dlp tUjSoX398UU (1 clip(s) needed) ...
[00:31:40]     [1055/2000] cutting tUjSoX398UU_17.mp4 (0:02:45.365 -> 0:02:52.605)
[00:31:40]   [video 1055/1999] yt-dlp cTOcVu9dSbE (1 clip(s) needed) ...
[00:31:51]     [1056/2000] cutting cTOcVu9dSbE_30.mp4 (0:06:24.167 -> 0:06:38.714)
[00:31:51]   [video 1056/1999] yt-dlp ZYhL_wCJwW8 (1 clip(s) needed) ...
[00:31:59]     [1057/2000] cutting ZYhL_wCJwW8_33.mp4 (0:05:27.727 -> 0:05:45.478)
[00:32:00]   [video 1057/1999] yt-dlp CJrH4zrl_pI (1 clip(s) needed) ...
[00:32:07]     [1058/2000] cutting CJrH4zrl_pI_1.mp4 (0:00:14.414 -> 0:00:30.263)
[00:32:07]   [video 1058/1999] yt-dlp qwI_-x-QE1c (1 clip(s) needed) ...
[00:32:13]     [1059/2000] cutting qwI_-x-QE1c_0.mp4 (0:00:05.964 -> 0:00:54.012)
[00:32:13]   [video 1059/1999] yt-dlp Rvy3hbNXEhE (1 clip(s) needed) ...
[00:32:24]     [1060/2000] cutting Rvy3hbNXEhE_6.mp4 (0:02:16.302 -> 0:02:30.216)
[00:32:24]   [video 1060/1999] yt-dlp omgiDyrTp_E (1 clip(s) needed) ...
[00:32:33]     [1061/2000] cutting omgiDyrTp_E_4.mp4 (0:02:00.320 -> 0:02:48.368)
[00:32:33]   [video 1061/1999] yt-dlp 9C6aHEoUWYg (1 clip(s) needed) ...
[00:32:38]     [1062/2000] cutting 9C6aHEoUWYg_4.mp4 (0:03:16.000 -> 0:04:04.000)
[00:32:38]   [video 1062/1999] yt-dlp LuX9d-QedmY (1 clip(s) needed) ...
[00:32:51]     [1063/2000] cutting LuX9d-QedmY_93.mp4 (0:11:22.615 -> 0:11:29.889)
[00:32:51]   [video 1063/1999] yt-dlp 5X_RiGK72SI (1 clip(s) needed) ...
[00:32:56]     [1064/2000] cutting 5X_RiGK72SI_5.mp4 (0:00:38.538 -> 0:00:51.134)
[00:32:56]   [video 1064/1999] yt-dlp Qs_gfJDMRls (1 clip(s) needed) ...
[00:33:08]     [1065/2000] cutting Qs_gfJDMRls_0.mp4 (0:00:06.000 -> 0:00:54.000)
[00:33:08]   [video 1065/1999] yt-dlp HPDNBU2XM2U (1 clip(s) needed) ...
[00:33:13]     [1066/2000] cutting HPDNBU2XM2U_2.mp4 (0:00:10.240 -> 0:00:17.680)
[00:33:13]   [video 1066/1999] yt-dlp _LTXuiZBqKI (1 clip(s) needed) ...
[00:33:19]     [1067/2000] cutting _LTXuiZBqKI_11.mp4 (0:02:10.920 -> 0:02:17.320)
[00:33:20]   [video 1067/1999] yt-dlp u9guuJHqbU0 (1 clip(s) needed) ...
[00:33:23]     FAILED: ERROR: [youtube] u9guuJHqbU0: Private video
[00:33:23]   [video 1068/1999] yt-dlp eloovQQDLKc (1 clip(s) needed) ...
[00:33:29]     [1069/2000] cutting eloovQQDLKc_28.mp4 (0:03:49.529 -> 0:03:52.966)
[00:33:29]   [video 1069/1999] yt-dlp JQfywfV2AxI (1 clip(s) needed) ...
[00:33:37]     [1070/2000] cutting JQfywfV2AxI_2.mp4 (0:00:10.677 -> 0:00:16.182)
[00:33:37]   [video 1070/1999] yt-dlp 3X1q6-Pp-J0 (1 clip(s) needed) ...
[00:33:47]     [1071/2000] cutting 3X1q6-Pp-J0_1.mp4 (0:00:38.171 -> 0:00:51.418)
[00:33:47]   [video 1071/1999] yt-dlp gUcbfFpnz3Y (1 clip(s) needed) ...
[00:33:55]     [1072/2000] cutting gUcbfFpnz3Y_24.mp4 (0:02:42.662 -> 0:02:46.791)
[00:33:55]   [video 1072/1999] yt-dlp fPIDQFwFsvo (1 clip(s) needed) ...
[00:34:01]     [1073/2000] cutting fPIDQFwFsvo_1.mp4 (0:00:21.421 -> 0:00:46.579)
[00:34:01]   [video 1073/1999] yt-dlp lIxsU55718g (1 clip(s) needed) ...
[00:34:09]     [1074/2000] cutting lIxsU55718g_22.mp4 (0:04:43.825 -> 0:05:02.176)
[00:34:09]   [video 1074/1999] yt-dlp Yg3SgD4Z4P4 (1 clip(s) needed) ...
[00:34:15]     [1075/2000] cutting Yg3SgD4Z4P4_1.mp4 (0:00:10.844 -> 0:00:16.016)
[00:34:15]   [video 1075/1999] yt-dlp NhD3ikiKGnc (1 clip(s) needed) ...
[00:34:21]     [1076/2000] cutting NhD3ikiKGnc_8.mp4 (0:01:29.556 -> 0:02:17.604)
[00:34:21]   [video 1076/1999] yt-dlp W2y4Ig4y6bM (1 clip(s) needed) ...
[00:34:35]     [1077/2000] cutting W2y4Ig4y6bM_18.mp4 (0:13:59.104 -> 0:14:03.142)
[00:34:35]   [video 1077/1999] yt-dlp 1hAnSjjgMzg (1 clip(s) needed) ...
[00:34:42]     [1078/2000] cutting 1hAnSjjgMzg_4.mp4 (0:01:13.940 -> 0:01:17.977)
[00:34:42]   [video 1078/1999] yt-dlp agAY_MuwsQ4 (1 clip(s) needed) ...
[00:34:50]     [1079/2000] cutting agAY_MuwsQ4_32.mp4 (0:04:03.676 -> 0:04:15.688)
[00:34:50]   [video 1079/1999] yt-dlp K9LD43B3A00 (1 clip(s) needed) ...
[00:34:57]     [1080/2000] cutting K9LD43B3A00_2.mp4 (0:00:20.487 -> 0:00:49.849)
[00:34:57]   [video 1080/1999] yt-dlp zwHj9UuNp1o (1 clip(s) needed) ...
[00:35:05]     [1081/2000] cutting zwHj9UuNp1o_5.mp4 (0:00:34.768 -> 0:00:43.510)
[00:35:05]   [video 1081/1999] yt-dlp VqIx1jj5mIo (1 clip(s) needed) ...
[00:35:11]     [1082/2000] cutting VqIx1jj5mIo_1.mp4 (0:00:35.702 -> 0:01:22.849)
[00:35:11]   [video 1082/1999] yt-dlp etshIeAEs74 (1 clip(s) needed) ...
[00:36:00]     [1083/2000] cutting etshIeAEs74_2.mp4 (0:01:16.493 -> 0:01:21.247)
[00:36:00]   [video 1083/1999] yt-dlp MdUYRO1rdOY (1 clip(s) needed) ...
[00:36:11]     [1084/2000] cutting MdUYRO1rdOY_1.mp4 (0:00:10.710 -> 0:00:19.285)
[00:36:11]   [video 1084/1999] yt-dlp 4siu0AxX85M (1 clip(s) needed) ...
[00:36:13]     FAILED: ERROR: [youtube] 4siu0AxX85M: Private video
[00:36:13]   [video 1085/1999] yt-dlp grUDCn6ArWY (1 clip(s) needed) ...
[00:36:21]     [1086/2000] cutting grUDCn6ArWY_25.mp4 (0:04:14.760 -> 0:04:25.680)
[00:36:21]   [video 1086/1999] yt-dlp p4l41-yfoJ4 (1 clip(s) needed) ...
[00:36:30]     [1087/2000] cutting p4l41-yfoJ4_13.mp4 (0:02:55.258 -> 0:03:00.638)
[00:36:30]   [video 1087/1999] yt-dlp rt9gmYbCuPg (1 clip(s) needed) ...
[00:36:38]     [1088/2000] cutting rt9gmYbCuPg_4.mp4 (0:01:58.418 -> 0:02:14.601)
[00:36:38]   [video 1088/1999] yt-dlp v7u65_uN09Q (1 clip(s) needed) ...
[00:36:46]     [1089/2000] cutting v7u65_uN09Q_0.mp4 (0:00:05.972 -> 0:00:54.020)
[00:36:46]   [video 1089/1999] yt-dlp boCXJT1PZQs (1 clip(s) needed) ...
[00:36:53]     [1090/2000] cutting boCXJT1PZQs_13.mp4 (0:03:17.263 -> 0:03:21.634)
[00:36:53]   [video 1090/1999] yt-dlp qZaag4_fB8k (1 clip(s) needed) ...
[00:37:01]     [1091/2000] cutting qZaag4_fB8k_3.mp4 (0:00:32.880 -> 0:00:37.720)
[00:37:01]   [video 1091/1999] yt-dlp jIsCaUcJKRU (1 clip(s) needed) ...
[00:37:10]     [1092/2000] cutting jIsCaUcJKRU_16.mp4 (0:06:25.118 -> 0:06:33.126)
[00:37:10]   [video 1092/1999] yt-dlp ZiAz00ogzgY (1 clip(s) needed) ...
[00:37:17]     [1093/2000] cutting ZiAz00ogzgY_7.mp4 (0:03:33.446 -> 0:04:08.648)
[00:37:17]   [video 1093/1999] yt-dlp 9L5gprCMKX0 (1 clip(s) needed) ...
[00:37:22]     [1094/2000] cutting 9L5gprCMKX0_5.mp4 (0:02:21.541 -> 0:02:37.824)
[00:37:23]   [video 1094/1999] yt-dlp VhtebTR7RVs (1 clip(s) needed) ...
[00:37:28]     [1095/2000] cutting VhtebTR7RVs_0.mp4 (0:00:24.280 -> 0:00:32.280)
[00:37:28]   [video 1095/1999] yt-dlp nVPOuVmNJUI (1 clip(s) needed) ...
[00:37:32]     [1096/2000] cutting nVPOuVmNJUI_0.mp4 (0:00:05.238 -> 0:00:10.810)
[00:37:33]   [video 1096/1999] yt-dlp TOyYs6-usck (1 clip(s) needed) ...
[00:37:42]     [1097/2000] cutting TOyYs6-usck_13.mp4 (0:04:08.514 -> 0:04:39.178)
[00:37:42]   [video 1097/1999] yt-dlp nOZ0E9Ka4b4 (1 clip(s) needed) ...
[00:37:48]     [1098/2000] cutting nOZ0E9Ka4b4_4.mp4 (0:01:18.178 -> 0:01:42.569)
[00:37:48]   [video 1098/1999] yt-dlp ajALO1JVIDs (1 clip(s) needed) ...
[00:37:53]     [1099/2000] cutting ajALO1JVIDs_12.mp4 (0:01:36.029 -> 0:01:42.001)
[00:37:54]   [video 1099/1999] yt-dlp 3Sj3Y3Yxv8M (1 clip(s) needed) ...
[00:38:06]     [1100/2000] cutting 3Sj3Y3Yxv8M_15.mp4 (0:05:51.617 -> 0:06:15.908)
[00:38:06]   [video 1100/1999] yt-dlp 2QdH_K2joDQ (1 clip(s) needed) ...
[00:38:12]     [1101/2000] cutting 2QdH_K2joDQ_12.mp4 (0:01:30.723 -> 0:01:36.529)
[00:38:12]   [video 1101/1999] yt-dlp wdDwd2vjmvI (1 clip(s) needed) ...
[00:38:19]     [1102/2000] cutting wdDwd2vjmvI_1.mp4 (0:00:35.410 -> 0:00:54.888)
[00:38:19]   [video 1102/1999] yt-dlp L1bZN3k7RrY (1 clip(s) needed) ...
[00:38:30]     [1103/2000] cutting L1bZN3k7RrY_54.mp4 (0:05:43.520 -> 0:05:46.940)
[00:38:30]   [video 1103/1999] yt-dlp ArAawcNffeY (1 clip(s) needed) ...
[00:38:44]     FAILED: ERROR: unable to download video data: HTTP Error 403: Forbidden
[00:38:44]   [video 1104/1999] yt-dlp wTqPrjvr0vA (1 clip(s) needed) ...
[00:38:56]     [1105/2000] cutting wTqPrjvr0vA_6.mp4 (0:01:42.051 -> 0:01:58.034)
[00:38:56]   [video 1105/1999] yt-dlp LgZEeSmYh_Y (1 clip(s) needed) ...
[00:38:59]     FAILED: ERROR: [youtube] LgZEeSmYh_Y: This video is not available
[00:38:59]   [video 1106/1999] yt-dlp Vi2xfg8PwIE (1 clip(s) needed) ...
[00:39:07]     [1107/2000] cutting Vi2xfg8PwIE_20.mp4 (0:04:11.583 -> 0:04:17.583)
[00:39:07]   [video 1107/1999] yt-dlp WJ0g97usmAk (1 clip(s) needed) ...
[00:39:13]     [1108/2000] cutting WJ0g97usmAk_8.mp4 (0:01:35.000 -> 0:01:43.533)
[00:39:13]   [video 1108/1999] yt-dlp fG2tVLTqXoE (1 clip(s) needed) ...
[00:39:22]     [1109/2000] cutting fG2tVLTqXoE_20.mp4 (0:02:23.176 -> 0:02:27.213)
[00:39:22]   [video 1109/1999] yt-dlp xlnS-x7rzpM (1 clip(s) needed) ...
[00:39:31]     [1110/2000] cutting xlnS-x7rzpM_4.mp4 (0:01:29.360 -> 0:01:36.520)
[00:39:31]   [video 1110/1999] yt-dlp jkX9tjvHFiI (1 clip(s) needed) ...
[00:39:41]     [1111/2000] cutting jkX9tjvHFiI_11.mp4 (0:04:22.295 -> 0:04:38.244)
[00:39:41]   [video 1111/1999] yt-dlp RsrfBzQXhZ4 (1 clip(s) needed) ...
[00:39:49]     [1112/2000] cutting RsrfBzQXhZ4_1.mp4 (0:01:55.315 -> 0:02:03.323)
[00:39:49]   [video 1112/1999] yt-dlp 8o2r-C6kPhk (1 clip(s) needed) ...
[00:39:56]     [1113/2000] cutting 8o2r-C6kPhk_33.mp4 (0:04:22.829 -> 0:04:27.100)
[00:39:56]   [video 1113/1999] yt-dlp TVfYtj31xQc (1 clip(s) needed) ...
[00:40:07]     [1114/2000] cutting TVfYtj31xQc_21.mp4 (0:04:47.020 -> 0:04:50.723)
[00:40:07]   [video 1114/1999] yt-dlp mrxy_jif-Ik (1 clip(s) needed) ...
[00:40:18]     [1115/2000] cutting mrxy_jif-Ik_0.mp4 (0:00:12.112 -> 0:00:59.893)
[00:40:18]   [video 1115/1999] yt-dlp QTeuSt4BINw (1 clip(s) needed) ...
[00:40:25]     [1116/2000] cutting QTeuSt4BINw_19.mp4 (0:03:24.671 -> 0:03:28.708)
[00:40:25]   [video 1116/1999] yt-dlp g8GdIitoMnU (1 clip(s) needed) ...
[00:40:31]     [1117/2000] cutting g8GdIitoMnU_3.mp4 (0:02:09.033 -> 0:02:30.100)
[00:40:31]   [video 1117/1999] yt-dlp OndM8jZymkg (1 clip(s) needed) ...
[00:40:40]     [1118/2000] cutting OndM8jZymkg_29.mp4 (0:09:34.625 -> 0:09:41.333)
[00:40:40]   [video 1118/1999] yt-dlp TmrtlYREYiU (1 clip(s) needed) ...
[00:40:46]     [1119/2000] cutting TmrtlYREYiU_6.mp4 (0:00:47.247 -> 0:01:05.598)
[00:40:46]   [video 1119/1999] yt-dlp GmPaS4VCAI8 (1 clip(s) needed) ...
[00:40:53]     [1120/2000] cutting GmPaS4VCAI8_21.mp4 (0:03:31.211 -> 0:03:35.006)
[00:40:53]   [video 1120/1999] yt-dlp j3ZFjwTNSpg (1 clip(s) needed) ...
[00:41:05]     [1121/2000] cutting j3ZFjwTNSpg_23.mp4 (0:05:52.985 -> 0:05:58.891)
[00:41:05]   [video 1121/1999] yt-dlp Nv5pbNNf4IE (1 clip(s) needed) ...
[00:41:07]     FAILED: ERROR: [youtube] Nv5pbNNf4IE: This video is unavailable
[00:41:07]   [video 1122/1999] yt-dlp 1sXu4RaUHhw (1 clip(s) needed) ...
[00:41:15]     [1123/2000] cutting 1sXu4RaUHhw_1.mp4 (0:00:18.418 -> 0:00:32.165)
[00:41:15]   [video 1123/1999] yt-dlp BNV0CRq0mwM (1 clip(s) needed) ...
[00:41:23]     [1124/2000] cutting BNV0CRq0mwM_0.mp4 (0:00:18.200 -> 0:00:25.800)
[00:41:23]   [video 1124/1999] yt-dlp vuemO_STWyE (1 clip(s) needed) ...
[00:41:34]     [1125/2000] cutting vuemO_STWyE_9.mp4 (0:01:12.800 -> 0:01:31.000)
[00:41:34]   [video 1125/1999] yt-dlp 956vjph45No (1 clip(s) needed) ...
[00:41:41]     [1126/2000] cutting 956vjph45No_3.mp4 (0:02:43.500 -> 0:03:11.500)
[00:41:41]   [video 1126/1999] yt-dlp Dw_E1e60aaE (1 clip(s) needed) ...
[00:41:47]     [1127/2000] cutting Dw_E1e60aaE_12.mp4 (0:01:31.360 -> 0:01:45.720)
[00:41:47]   [video 1127/1999] yt-dlp MkVB5wTGyi0 (1 clip(s) needed) ...
[00:41:54]     [1128/2000] cutting MkVB5wTGyi0_5.mp4 (0:02:17.036 -> 0:02:52.305)
[00:41:54]   [video 1128/1999] yt-dlp EMaNoVcxUiM (1 clip(s) needed) ...
[00:42:03]     [1129/2000] cutting EMaNoVcxUiM_12.mp4 (0:06:39.833 -> 0:07:03.433)
[00:42:03]   [video 1129/1999] yt-dlp RNfKGmsYifg (1 clip(s) needed) ...
[00:42:10]     [1130/2000] cutting RNfKGmsYifg_0.mp4 (0:00:05.983 -> 0:00:54.016)
[00:42:10]   [video 1130/1999] yt-dlp wgwlh0nA2yI (1 clip(s) needed) ...
[00:42:22]     [1131/2000] cutting wgwlh0nA2yI_57.mp4 (0:09:14.733 -> 0:09:19.500)
[00:42:22]   [video 1131/1999] yt-dlp __H9ze3O9nY (1 clip(s) needed) ...
[00:42:28]     [1132/2000] cutting __H9ze3O9nY_10.mp4 (0:01:23.750 -> 0:01:27.787)
[00:42:28]   [video 1132/1999] yt-dlp 4eJ_2JjXysg (1 clip(s) needed) ...
[00:42:35]     [1133/2000] cutting 4eJ_2JjXysg_54.mp4 (0:07:56.225 -> 0:08:09.405)
[00:42:35]   [video 1133/1999] yt-dlp E9PH5gDPmBQ (1 clip(s) needed) ...
[00:42:42]     [1134/2000] cutting E9PH5gDPmBQ_1.mp4 (0:01:28.121 -> 0:01:45.105)
[00:42:42]   [video 1134/1999] yt-dlp RMwNcxtvWH4 (1 clip(s) needed) ...
[00:42:51]     [1135/2000] cutting RMwNcxtvWH4_2.mp4 (0:00:31.664 -> 0:01:19.579)
[00:42:51]   [video 1135/1999] yt-dlp jM-W4o5Uy2s (1 clip(s) needed) ...
[00:43:00]     [1136/2000] cutting jM-W4o5Uy2s_10.mp4 (0:02:21.574 -> 0:02:25.612)
[00:43:00]   [video 1136/1999] yt-dlp r-SdP2pqpDs (1 clip(s) needed) ...
[00:43:07]     [1137/2000] cutting r-SdP2pqpDs_9.mp4 (0:02:35.440 -> 0:02:43.920)
[00:43:08]   [video 1137/1999] yt-dlp t9Ncxmm-4Uw (1 clip(s) needed) ...
[00:43:14]     [1138/2000] cutting t9Ncxmm-4Uw_2.mp4 (0:00:45.078 -> 0:00:54.087)
[00:43:15]   [video 1138/1999] yt-dlp jBZF6ygEdF0 (1 clip(s) needed) ...
[00:43:29]     [1139/2000] cutting jBZF6ygEdF0_131.mp4 (0:16:48.107 -> 0:16:52.678)
[00:43:29]   [video 1139/1999] yt-dlp v_6R1YzMn1s (1 clip(s) needed) ...
[00:43:36]     [1140/2000] cutting v_6R1YzMn1s_1.mp4 (0:00:24.324 -> 0:01:12.372)
[00:43:36]   [video 1140/1999] yt-dlp 6CkRQcytQVM (1 clip(s) needed) ...
[00:43:44]     [1141/2000] cutting 6CkRQcytQVM_6.mp4 (0:00:48.314 -> 0:00:59.559)
[00:43:44]   [video 1141/1999] yt-dlp GxNSLGBmBPI (1 clip(s) needed) ...
[00:43:47]     FAILED: ERROR: [youtube] GxNSLGBmBPI: This video is not available
[00:43:47]   [video 1142/1999] yt-dlp wDFigGBbXuE (1 clip(s) needed) ...
[00:43:55]     [1143/2000] cutting wDFigGBbXuE_1.mp4 (0:00:06.039 -> 0:00:14.647)
[00:43:55]   [video 1143/1999] yt-dlp LkMBpx5IO0k (1 clip(s) needed) ...
[00:44:03]     [1144/2000] cutting LkMBpx5IO0k_3.mp4 (0:00:50.750 -> 0:01:38.798)
[00:44:04]   [video 1144/1999] yt-dlp IsvXkCLFkRI (1 clip(s) needed) ...
[00:44:13]     [1145/2000] cutting IsvXkCLFkRI_0.mp4 (0:00:09.033 -> 0:00:57.033)
[00:44:13]   [video 1145/1999] yt-dlp V5natZW2qPQ (1 clip(s) needed) ...
[00:44:23]     [1146/2000] cutting V5natZW2qPQ_4.mp4 (0:00:36.102 -> 0:00:45.211)
[00:44:23]   [video 1146/1999] yt-dlp o6xr7uDD96U (1 clip(s) needed) ...
[00:44:28]     [1147/2000] cutting o6xr7uDD96U_4.mp4 (0:00:26.593 -> 0:00:30.663)
[00:44:28]   [video 1147/1999] yt-dlp LvhsCmXF1xU (1 clip(s) needed) ...
[00:44:41]     [1148/2000] cutting LvhsCmXF1xU_4.mp4 (0:06:02.278 -> 0:06:21.089)
[00:44:41]   [video 1148/1999] yt-dlp RBPy-UBHlGU (1 clip(s) needed) ...
[00:44:47]     [1149/2000] cutting RBPy-UBHlGU_6.mp4 (0:01:18.545 -> 0:01:46.406)
[00:44:48]   [video 1149/1999] yt-dlp TgzKXnKS3ZQ (1 clip(s) needed) ...
[00:44:56]     [1150/2000] cutting TgzKXnKS3ZQ_4.mp4 (0:04:43.733 -> 0:05:31.733)
[00:44:56]   [video 1150/1999] yt-dlp zPvgd1uGxM8 (1 clip(s) needed) ...
[00:45:04]     [1151/2000] cutting zPvgd1uGxM8_20.mp4 (0:06:40.000 -> 0:06:48.000)
[00:45:04]   [video 1151/1999] yt-dlp h2OolZEvS-A (1 clip(s) needed) ...
[00:45:10]     [1152/2000] cutting h2OolZEvS-A_6.mp4 (0:00:45.945 -> 0:00:57.290)
[00:45:10]   [video 1152/1999] yt-dlp dSQDfIuQqAA (1 clip(s) needed) ...
[00:45:16]     [1153/2000] cutting dSQDfIuQqAA_2.mp4 (0:00:14.766 -> 0:00:48.066)
[00:45:16]   [video 1153/1999] yt-dlp 3Qg4UYEl5hQ (1 clip(s) needed) ...
[00:45:27]     [1154/2000] cutting 3Qg4UYEl5hQ_8.mp4 (0:02:22.458 -> 0:02:41.578)
[00:45:27]   [video 1154/1999] yt-dlp -tAhdo0WbO8 (1 clip(s) needed) ...
[00:45:33]     [1155/2000] cutting -tAhdo0WbO8_22.mp4 (0:04:42.615 -> 0:05:02.135)
[00:45:33]   [video 1155/1999] yt-dlp iJDJ1g0Ds4M (1 clip(s) needed) ...
[00:45:47]     [1156/2000] cutting iJDJ1g0Ds4M_39.mp4 (0:06:42.500 -> 0:06:51.566)
[00:45:47]   [video 1156/1999] yt-dlp 697d4RnOmsU (1 clip(s) needed) ...
[00:45:54]     [1157/2000] cutting 697d4RnOmsU_6.mp4 (0:02:23.333 -> 0:02:44.233)
[00:45:55]   [video 1157/1999] yt-dlp 81kyWsuZKLU (1 clip(s) needed) ...
[00:46:00]     [1158/2000] cutting 81kyWsuZKLU_4.mp4 (0:02:13.233 -> 0:02:58.311)
[00:46:01]   [video 1158/1999] yt-dlp pgnfXy2RBtk (1 clip(s) needed) ...
[00:46:10]     [1159/2000] cutting pgnfXy2RBtk_2.mp4 (0:01:35.462 -> 0:02:23.510)
[00:46:10]   [video 1159/1999] yt-dlp gPgCdy5ZLqQ (1 clip(s) needed) ...
[00:46:15]     [1160/2000] cutting gPgCdy5ZLqQ_0.mp4 (0:00:11.094 -> 0:00:20.770)
[00:46:15]   [video 1160/1999] yt-dlp dqCxzhFfcIg (1 clip(s) needed) ...
[00:46:22]     [1161/2000] cutting dqCxzhFfcIg_9.mp4 (0:01:53.746 -> 0:02:01.754)
[00:46:22]   [video 1161/1999] yt-dlp D9eraggDWA0 (1 clip(s) needed) ...
[00:46:35]     [1162/2000] cutting D9eraggDWA0_7.mp4 (0:11:50.242 -> 0:12:38.257)
[00:46:35]   [video 1162/1999] yt-dlp 84ZMkww4xXs (1 clip(s) needed) ...
[00:46:45]     [1163/2000] cutting 84ZMkww4xXs_1.mp4 (0:00:14.781 -> 0:00:23.857)
[00:46:45]   [video 1163/1999] yt-dlp 2RaY0Y6r9Lc (1 clip(s) needed) ...
[00:46:52]     [1164/2000] cutting 2RaY0Y6r9Lc_2.mp4 (0:01:01.315 -> 0:01:13.536)
[00:46:52]   [video 1164/1999] yt-dlp uOr_o8r7kJs (1 clip(s) needed) ...
[00:46:59]     [1165/2000] cutting uOr_o8r7kJs_27.mp4 (0:07:26.779 -> 0:07:37.256)
[00:46:59]   [video 1165/1999] yt-dlp l99Z6_iH9Lk (1 clip(s) needed) ...
[00:47:06]     [1166/2000] cutting l99Z6_iH9Lk_3.mp4 (0:00:51.584 -> 0:01:39.599)
[00:47:07]   [video 1166/1999] yt-dlp -wEclVQt2Yc (1 clip(s) needed) ...
[00:47:12]     [1167/2000] cutting -wEclVQt2Yc_6.mp4 (0:00:50.817 -> 0:01:06.699)
[00:47:12]   [video 1167/1999] yt-dlp xEp1t7HHCA4 (1 clip(s) needed) ...
[00:47:18]     [1168/2000] cutting xEp1t7HHCA4_2.mp4 (0:02:27.733 -> 0:02:39.833)
[00:47:18]   [video 1168/1999] yt-dlp 9V9HMCVGto8 (1 clip(s) needed) ...
[00:47:21]     FAILED: ERROR: [youtube] 9V9HMCVGto8: This video is not available
[00:47:21]   [video 1169/1999] yt-dlp VMD6xqZ8ejY (1 clip(s) needed) ...
[00:47:28]     [1170/2000] cutting VMD6xqZ8ejY_12.mp4 (0:03:50.230 -> 0:03:57.303)
[00:47:28]   [video 1170/1999] yt-dlp hAWGyAITSQw (1 clip(s) needed) ...
[00:47:36]     [1171/2000] cutting hAWGyAITSQw_9.mp4 (0:02:22.041 -> 0:02:31.551)
[00:47:36]   [video 1171/1999] yt-dlp rdEkyNR4gkA (1 clip(s) needed) ...
[00:47:39]     FAILED: ERROR: [youtube] rdEkyNR4gkA: This video is not available
[00:47:39]   [video 1172/1999] yt-dlp 1OMGljkhbYc (1 clip(s) needed) ...
[00:47:45]     [1173/2000] cutting 1OMGljkhbYc_3.mp4 (0:04:30.770 -> 0:05:18.818)
[00:47:45]   [video 1173/1999] yt-dlp L2FcmSHE6Rg (1 clip(s) needed) ...
[00:47:59]     [1174/2000] cutting L2FcmSHE6Rg_19.mp4 (0:04:29.602 -> 0:05:17.650)
[00:47:59]   [video 1174/1999] yt-dlp zZ6_HOFVWuU (1 clip(s) needed) ...
[00:48:07]     [1175/2000] cutting zZ6_HOFVWuU_29.mp4 (0:05:36.766 -> 0:05:47.366)
[00:48:07]   [video 1175/1999] yt-dlp ZjEyK7dis1Y (1 clip(s) needed) ...
[00:48:13]     [1176/2000] cutting ZjEyK7dis1Y_5.mp4 (0:01:33.993 -> 0:01:48.174)
[00:48:13]   [video 1176/1999] yt-dlp 4i_utPuXoA8 (1 clip(s) needed) ...
[00:48:21]     [1177/2000] cutting 4i_utPuXoA8_3.mp4 (0:00:47.213 -> 0:01:08.668)
[00:48:21]   [video 1177/1999] yt-dlp PNvwevK45q0 (1 clip(s) needed) ...
[00:48:27]     [1178/2000] cutting PNvwevK45q0_1.mp4 (0:03:23.303 -> 0:03:37.350)
[00:48:27]   [video 1178/1999] yt-dlp TpTuertAUWY (1 clip(s) needed) ...
[00:48:33]     [1179/2000] cutting TpTuertAUWY_9.mp4 (0:01:36.029 -> 0:01:40.166)
[00:48:33]   [video 1179/1999] yt-dlp lEUhPf54OoU (1 clip(s) needed) ...
[00:48:38]     [1180/2000] cutting lEUhPf54OoU_4.mp4 (0:01:06.566 -> 0:01:54.614)
[00:48:39]   [video 1180/1999] yt-dlp 0e1vqCFojJk (1 clip(s) needed) ...
[00:48:47]     [1181/2000] cutting 0e1vqCFojJk_15.mp4 (0:02:04.840 -> 0:02:08.680)
[00:48:48]   [video 1181/1999] yt-dlp hGxv1raCuSU (1 clip(s) needed) ...
[00:48:54]     [1182/2000] cutting hGxv1raCuSU_3.mp4 (0:01:25.018 -> 0:01:29.055)
[00:48:54]   [video 1182/1999] yt-dlp 0Ugt0PPokxw (1 clip(s) needed) ...
[00:49:08]     [1183/2000] cutting 0Ugt0PPokxw_5.mp4 (0:03:29.100 -> 0:04:17.100)
[00:49:08]   [video 1183/1999] yt-dlp eXBYWjD2qJ0 (1 clip(s) needed) ...
[00:49:11]     FAILED: ERROR: [youtube] eXBYWjD2qJ0: Video unavailable
[00:49:11]   [video 1184/1999] yt-dlp G9LxRSAKBys (1 clip(s) needed) ...
[00:49:19]     [1185/2000] cutting G9LxRSAKBys_5.mp4 (0:06:19.278 -> 0:06:23.950)
[00:49:19]   [video 1185/1999] yt-dlp KoU0E_ab36Q (1 clip(s) needed) ...
[00:49:22]     FAILED: ERROR: [youtube] KoU0E_ab36Q: Sign in to confirm your age. Use --cookies-from-browser or --cookies for the authentication. See  https://github.com/yt-dlp/yt-dlp/wiki/FAQ#how-do-i-pass-cookies-to-yt-dlp  for how to manually pass cookies. Also see  https://github.com/yt-dlp/yt-dlp/wiki/Extractors#exporting-youtube-cookies  for tips on effectively exporting YouTube cookies
[00:49:22]   [video 1186/1999] yt-dlp fBvWFt7eYe8 (1 clip(s) needed) ...
[00:49:30]     [1187/2000] cutting fBvWFt7eYe8_1.mp4 (0:04:51.280 -> 0:05:39.280)
[00:49:30]   [video 1187/1999] yt-dlp daJUkuzrqW8 (1 clip(s) needed) ...
[00:49:43]     [1188/2000] cutting daJUkuzrqW8_89.mp4 (0:11:45.454 -> 0:11:50.793)
[00:49:44]   [video 1188/1999] yt-dlp CTnc6fKpVPc (1 clip(s) needed) ...
[00:49:49]     [1189/2000] cutting CTnc6fKpVPc_1.mp4 (0:00:43.960 -> 0:00:59.960)
[00:49:49]   [video 1189/1999] yt-dlp MgBwvsArd9Y (1 clip(s) needed) ...
[00:49:57]     [1190/2000] cutting MgBwvsArd9Y_28.mp4 (0:03:53.433 -> 0:04:04.110)
[00:49:58]   [video 1190/1999] yt-dlp VhCIpza4S6A (1 clip(s) needed) ...
[00:50:03]     [1191/2000] cutting VhCIpza4S6A_0.mp4 (0:00:15.400 -> 0:00:43.280)
[00:50:03]   [video 1191/1999] yt-dlp ISCNMYIzk8U (1 clip(s) needed) ...
[00:50:13]     [1192/2000] cutting ISCNMYIzk8U_4.mp4 (0:00:30.447 -> 0:00:42.125)
[00:50:13]   [video 1192/1999] yt-dlp xjK-N0vaRtY (1 clip(s) needed) ...
[00:50:20]     [1193/2000] cutting xjK-N0vaRtY_2.mp4 (0:00:21.300 -> 0:01:09.300)
[00:50:21]   [video 1193/1999] yt-dlp hUO3T1TcNaY (1 clip(s) needed) ...
[00:50:26]     [1194/2000] cutting hUO3T1TcNaY_6.mp4 (0:01:42.033 -> 0:02:30.033)
[00:50:26]   [video 1194/1999] yt-dlp wzAOq99GvUE (1 clip(s) needed) ...
[00:50:34]     [1195/2000] cutting wzAOq99GvUE_2.mp4 (0:01:22.148 -> 0:01:27.020)
[00:50:34]   [video 1195/1999] yt-dlp uFyLyp_vih8 (1 clip(s) needed) ...
[00:50:39]     [1196/2000] cutting uFyLyp_vih8_1.mp4 (0:00:20.640 -> 0:00:24.680)
[00:50:39]   [video 1196/1999] yt-dlp 4buOUPiBjRI (1 clip(s) needed) ...
[00:50:49]     [1197/2000] cutting 4buOUPiBjRI_3.mp4 (0:02:15.800 -> 0:03:03.800)
[00:50:49]   [video 1197/1999] yt-dlp Mc1UPFbJPZs (1 clip(s) needed) ...
[00:50:55]     [1198/2000] cutting Mc1UPFbJPZs_5.mp4 (0:00:52.240 -> 0:01:04.160)
[00:50:55]   [video 1198/1999] yt-dlp 6fMw4oAHRKo (1 clip(s) needed) ...
[00:51:02]     [1199/2000] cutting 6fMw4oAHRKo_4.mp4 (0:00:29.229 -> 0:00:36.603)
[00:51:02]   [video 1199/1999] yt-dlp 2jNAqIUAOVk (1 clip(s) needed) ...
[00:51:12]     [1200/2000] cutting 2jNAqIUAOVk_48.mp4 (0:10:01.734 -> 0:10:13.713)
[00:51:12]   [video 1200/1999] yt-dlp Vld_-kOrR7U (1 clip(s) needed) ...
[00:51:18]     [1201/2000] cutting Vld_-kOrR7U_0.mp4 (0:00:02.102 -> 0:00:19.085)
[00:51:18]   [video 1201/1999] yt-dlp jQ6aVMPnjzk (1 clip(s) needed) ...
[00:51:24]     [1202/2000] cutting jQ6aVMPnjzk_5.mp4 (0:02:25.879 -> 0:02:59.879)
[00:51:24]   [video 1202/1999] yt-dlp wwYKLBM0zEM (1 clip(s) needed) ...
[00:51:33]     [1203/2000] cutting wwYKLBM0zEM_0.mp4 (0:00:05.605 -> 0:00:50.583)
[00:51:33]   [video 1203/1999] yt-dlp YfbOwAkl06U (1 clip(s) needed) ...
[00:51:39]     [1204/2000] cutting YfbOwAkl06U_5.mp4 (0:01:35.280 -> 0:01:39.520)
[00:51:39]   [video 1204/1999] yt-dlp NVmoCSZXp6c (1 clip(s) needed) ...
[00:51:46]     [1205/2000] cutting NVmoCSZXp6c_20.mp4 (0:03:37.283 -> 0:03:47.827)
[00:51:46]   [video 1205/1999] yt-dlp PoFdk3XbfyI (1 clip(s) needed) ...
[00:51:51]     [1206/2000] cutting PoFdk3XbfyI_3.mp4 (0:00:35.168 -> 0:00:40.006)
[00:51:52]   [video 1206/1999] yt-dlp LILXOb5g-fk (1 clip(s) needed) ...
[00:51:59]     [1207/2000] cutting LILXOb5g-fk_12.mp4 (0:04:45.084 -> 0:05:20.586)
[00:51:59]   [video 1207/1999] yt-dlp 5E_JL5xBA5I (1 clip(s) needed) ...
[00:52:07]     [1208/2000] cutting 5E_JL5xBA5I_2.mp4 (0:00:18.885 -> 0:01:06.933)
[00:52:07]   [video 1208/1999] yt-dlp SNFQ2SJhFpA (1 clip(s) needed) ...
[00:52:21]     [1209/2000] cutting SNFQ2SJhFpA_8.mp4 (0:18:19.480 -> 0:18:43.480)
[00:52:21]   [video 1209/1999] yt-dlp fv63vCSK_-0 (1 clip(s) needed) ...
[00:52:24]     FAILED: ERROR: [youtube] fv63vCSK_-0: This video is unavailable
[00:52:24]   [video 1210/1999] yt-dlp mJBg5uVSMIo (1 clip(s) needed) ...
[00:52:33]     [1211/2000] cutting mJBg5uVSMIo_1.mp4 (0:01:11.938 -> 0:01:15.408)
[00:52:33]   [video 1211/1999] yt-dlp ZD4F-GHt2aA (1 clip(s) needed) ...
[00:52:40]     [1212/2000] cutting ZD4F-GHt2aA_3.mp4 (0:04:56.195 -> 0:05:06.939)
[00:52:40]   [video 1212/1999] yt-dlp 5dtVcr9LUbw (1 clip(s) needed) ...
[00:52:49]     [1213/2000] cutting 5dtVcr9LUbw_5.mp4 (0:02:50.770 -> 0:03:17.530)
[00:52:49]   [video 1213/1999] yt-dlp jKLbOcktj1U (1 clip(s) needed) ...
[00:52:56]     [1214/2000] cutting jKLbOcktj1U_8.mp4 (0:01:59.866 -> 0:02:10.000)
[00:52:56]   [video 1214/1999] yt-dlp H3_prHiFOy8 (1 clip(s) needed) ...
[00:53:11]     [1215/2000] cutting H3_prHiFOy8_3.mp4 (0:07:34.362 -> 0:08:07.320)
[00:53:12]   [video 1215/1999] yt-dlp xDl3JdFWfI4 (1 clip(s) needed) ...
[00:53:16]     [1216/2000] cutting xDl3JdFWfI4_2.mp4 (0:00:08.308 -> 0:00:11.411)
[00:53:16]   [video 1216/1999] yt-dlp ihG7yu5xn9U (1 clip(s) needed) ...
[00:53:26]     [1217/2000] cutting ihG7yu5xn9U_12.mp4 (0:02:58.360 -> 0:03:05.740)
[00:53:27]   [video 1217/1999] yt-dlp 7ppYPSf5_Sk (1 clip(s) needed) ...
[00:53:34]     [1218/2000] cutting 7ppYPSf5_Sk_1.mp4 (0:00:12.178 -> 0:00:23.490)
[00:53:34]   [video 1218/1999] yt-dlp 1CY88Cw3OEE (1 clip(s) needed) ...
[00:53:37]     FAILED: ERROR: [youtube] 1CY88Cw3OEE: This video is not available
[00:53:37]   [video 1219/1999] yt-dlp QQmlVX2EBxg (1 clip(s) needed) ...
[00:53:43]     [1220/2000] cutting QQmlVX2EBxg_0.mp4 (0:00:16.249 -> 0:01:04.297)
[00:53:43]   [video 1220/1999] yt-dlp zc9Hz3N6wqo (1 clip(s) needed) ...
[00:53:53]     [1221/2000] cutting zc9Hz3N6wqo_20.mp4 (0:02:28.880 -> 0:02:40.560)
[00:53:53]   [video 1221/1999] yt-dlp Qeogm5rn6qY (1 clip(s) needed) ...
[00:53:59]     [1222/2000] cutting Qeogm5rn6qY_22.mp4 (0:02:10.964 -> 0:02:15.969)
[00:53:59]   [video 1222/1999] yt-dlp uzO-QUknWrw (1 clip(s) needed) ...
[00:54:08]     [1223/2000] cutting uzO-QUknWrw_1.mp4 (0:00:22.322 -> 0:01:10.370)
[00:54:08]   [video 1223/1999] yt-dlp ve-mFPKH9R8 (1 clip(s) needed) ...
[00:54:16]     [1224/2000] cutting ve-mFPKH9R8_6.mp4 (0:02:21.474 -> 0:02:37.190)
[00:54:16]   [video 1224/1999] yt-dlp P8Hub1Bxh2Q (1 clip(s) needed) ...
[00:54:22]     [1225/2000] cutting P8Hub1Bxh2Q_1.mp4 (0:00:48.533 -> 0:01:32.233)
[00:54:22]   [video 1225/1999] yt-dlp odVJp3maIG0 (1 clip(s) needed) ...
[00:54:28]     [1226/2000] cutting odVJp3maIG0_0.mp4 (0:00:01.440 -> 0:00:13.080)
[00:54:28]   [video 1226/1999] yt-dlp 1GMh0Alq9lk (1 clip(s) needed) ...
[00:54:34]     [1227/2000] cutting 1GMh0Alq9lk_18.mp4 (0:02:05.425 -> 0:02:09.429)
[00:54:34]   [video 1227/1999] yt-dlp U4kpzyqW3Js (1 clip(s) needed) ...
[00:54:36]     FAILED: ERROR: [youtube] U4kpzyqW3Js: Private video
[00:54:36]   [video 1228/1999] yt-dlp rSyRJR0XhsY (1 clip(s) needed) ...
[00:54:42]     [1229/2000] cutting rSyRJR0XhsY_5.mp4 (0:01:04.564 -> 0:01:10.703)
[00:54:42]   [video 1229/1999] yt-dlp vSZ0PcBRSjc (1 clip(s) needed) ...
[00:54:46]     [1230/2000] cutting vSZ0PcBRSjc_1.mp4 (0:00:08.375 -> 0:00:12.078)
[00:54:46]   [video 1230/1999] yt-dlp 3LfsfIvaLQw (1 clip(s) needed) ...
[00:54:54]     [1231/2000] cutting 3LfsfIvaLQw_7.mp4 (0:01:34.661 -> 0:01:38.331)
[00:54:54]   [video 1231/1999] yt-dlp DlF4s2PN9AM (1 clip(s) needed) ...
[00:55:03]     [1232/2000] cutting DlF4s2PN9AM_18.mp4 (0:04:02.020 -> 0:04:22.020)
[00:55:04]   [video 1232/1999] yt-dlp pMKP5rac0z0 (1 clip(s) needed) ...
[00:55:12]     [1233/2000] cutting pMKP5rac0z0_24.mp4 (0:03:50.120 -> 0:03:54.080)
[00:55:12]   [video 1233/1999] yt-dlp 7NdxqsB6nqE (1 clip(s) needed) ...
[00:55:20]     [1234/2000] cutting 7NdxqsB6nqE_8.mp4 (0:02:14.080 -> 0:02:41.680)
[00:55:20]   [video 1234/1999] yt-dlp c8KuI4Pquco (1 clip(s) needed) ...
[00:55:30]     [1235/2000] cutting c8KuI4Pquco_12.mp4 (0:01:52.840 -> 0:01:58.600)
[00:55:30]   [video 1235/1999] yt-dlp -4x5nABT6s0 (1 clip(s) needed) ...
[00:55:35]     [1236/2000] cutting -4x5nABT6s0_1.mp4 (0:00:07.474 -> 0:00:27.394)
[00:55:35]   [video 1236/1999] yt-dlp -bvs8xPGSfE (1 clip(s) needed) ...
[00:55:46]     [1237/2000] cutting -bvs8xPGSfE_30.mp4 (0:06:21.397 -> 0:06:32.942)
[00:55:46]   [video 1237/1999] yt-dlp G1v6opfyvNk (1 clip(s) needed) ...
[00:55:52]     [1238/2000] cutting G1v6opfyvNk_15.mp4 (0:02:55.840 -> 0:03:11.840)
[00:55:52]   [video 1238/1999] yt-dlp 0f4sRmWLCfs (1 clip(s) needed) ...
[00:56:02]     [1239/2000] cutting 0f4sRmWLCfs_2.mp4 (0:00:53.253 -> 0:01:41.301)
[00:56:02]   [video 1239/1999] yt-dlp Y8Vzn2ERD_s (1 clip(s) needed) ...
[00:56:21]     [1240/2000] cutting Y8Vzn2ERD_s_75.mp4 (0:11:27.920 -> 0:11:33.680)
[00:56:21]   [video 1240/1999] yt-dlp -J3k5PZyqoA (1 clip(s) needed) ...
[00:56:26]     [1241/2000] cutting -J3k5PZyqoA_0.mp4 (0:00:05.972 -> 0:00:54.020)
[00:56:26]   [video 1241/1999] yt-dlp gMDVoJbexZY (1 clip(s) needed) ...
[00:56:43]     [1242/2000] cutting gMDVoJbexZY_0.mp4 (0:00:01.900 -> 0:00:17.133)
[00:56:43]   [video 1242/1999] yt-dlp BG3FJhPa9jI (1 clip(s) needed) ...
[00:56:48]     [1243/2000] cutting BG3FJhPa9jI_5.mp4 (0:01:49.309 -> 0:02:25.111)
[00:56:48]   [video 1243/1999] yt-dlp fScYriYzxss (1 clip(s) needed) ...
[00:56:54]     [1244/2000] cutting fScYriYzxss_17.mp4 (0:01:50.560 -> 0:01:54.600)
[00:56:54]   [video 1244/1999] yt-dlp H-jwCeIedbY (1 clip(s) needed) ...
[00:57:01]     [1245/2000] cutting H-jwCeIedbY_1.mp4 (0:00:29.948 -> 0:00:46.270)
[00:57:01]   [video 1245/1999] yt-dlp 3O3S0eWqT_8 (1 clip(s) needed) ...
[00:57:07]     [1246/2000] cutting 3O3S0eWqT_8_11.mp4 (0:01:28.120 -> 0:01:33.640)
[00:57:07]   [video 1246/1999] yt-dlp c70WreUQqJo (1 clip(s) needed) ...
[00:57:13]     [1247/2000] cutting c70WreUQqJo_5.mp4 (0:01:19.840 -> 0:01:36.040)
[00:57:13]   [video 1247/1999] yt-dlp TtCIi8aY5RA (1 clip(s) needed) ...
[00:57:25]     [1248/2000] cutting TtCIi8aY5RA_3.mp4 (0:02:54.474 -> 0:03:02.248)
[00:57:25]   [video 1248/1999] yt-dlp 2WdrbT4PaQo (1 clip(s) needed) ...
[00:57:32]     [1249/2000] cutting 2WdrbT4PaQo_1.mp4 (0:00:23.590 -> 0:01:10.870)
[00:57:32]   [video 1249/1999] yt-dlp DRGdHXPq2_Y (1 clip(s) needed) ...
[00:57:37]     [1250/2000] cutting DRGdHXPq2_Y_5.mp4 (0:00:43.933 -> 0:00:49.533)
[00:57:37]   [video 1250/1999] yt-dlp GJsJ0gPn3Z8 (1 clip(s) needed) ...
[00:57:45]     [1251/2000] cutting GJsJ0gPn3Z8_2.mp4 (0:05:46.713 -> 0:06:32.392)
[00:57:45]   [video 1251/1999] yt-dlp rnD61CAFweM (1 clip(s) needed) ...
[00:57:56]     [1252/2000] cutting rnD61CAFweM_47.mp4 (0:07:52.004 -> 0:08:06.586)
[00:57:56]   [video 1252/1999] yt-dlp riB0XSUr44A (1 clip(s) needed) ...
[00:58:02]     [1253/2000] cutting riB0XSUr44A_17.mp4 (0:02:54.320 -> 0:02:59.360)
[00:58:03]   [video 1253/1999] yt-dlp _wg5N668GaA (1 clip(s) needed) ...
[00:58:09]     [1254/2000] cutting _wg5N668GaA_12.mp4 (0:03:39.185 -> 0:04:01.074)
[00:58:09]   [video 1254/1999] yt-dlp uJPaM1Uo3Ao (1 clip(s) needed) ...
[00:58:20]     [1255/2000] cutting uJPaM1Uo3Ao_18.mp4 (0:02:39.840 -> 0:02:49.720)
[00:58:20]   [video 1255/1999] yt-dlp YbCLhdJ6WHI (1 clip(s) needed) ...
[00:58:22]     FAILED: ERROR: [youtube] YbCLhdJ6WHI: This video is unavailable
[00:58:22]   [video 1256/1999] yt-dlp nTMJNrFIwXI (1 clip(s) needed) ...
[00:58:28]     [1257/2000] cutting nTMJNrFIwXI_3.mp4 (0:00:55.760 -> 0:00:58.960)
[00:58:28]   [video 1257/1999] yt-dlp f4GtaYKO3zI (1 clip(s) needed) ...
[00:58:42]     [1258/2000] cutting f4GtaYKO3zI_118.mp4 (0:13:44.480 -> 0:13:51.360)
[00:58:42]   [video 1258/1999] yt-dlp 4TuuPUYnv44 (1 clip(s) needed) ...
[00:58:47]     [1259/2000] cutting 4TuuPUYnv44_0.mp4 (0:00:06.000 -> 0:00:54.000)
[00:58:47]   [video 1259/1999] yt-dlp agzQSi0IvFk (1 clip(s) needed) ...
[00:58:53]     [1260/2000] cutting agzQSi0IvFk_11.mp4 (0:02:28.900 -> 0:02:35.333)
[00:58:53]   [video 1260/1999] yt-dlp Mxo9Ab2i6rQ (1 clip(s) needed) ...
[00:59:03]     [1261/2000] cutting Mxo9Ab2i6rQ_17.mp4 (0:02:47.834 -> 0:02:53.590)
[00:59:03]   [video 1261/1999] yt-dlp iP7wUGiRbfE (1 clip(s) needed) ...
[00:59:10]     [1262/2000] cutting iP7wUGiRbfE_8.mp4 (0:01:30.250 -> 0:01:38.400)
[00:59:10]   [video 1262/1999] yt-dlp HKowPcVNvKM (1 clip(s) needed) ...
[00:59:16]     [1263/2000] cutting HKowPcVNvKM_3.mp4 (0:01:18.445 -> 0:01:39.783)
[00:59:17]   [video 1263/1999] yt-dlp 3CgbbLThuvM (1 clip(s) needed) ...
[00:59:23]     [1264/2000] cutting 3CgbbLThuvM_2.mp4 (0:00:17.517 -> 0:00:41.074)
[00:59:23]   [video 1264/1999] yt-dlp F72K1s8Zph8 (1 clip(s) needed) ...
[00:59:30]     [1265/2000] cutting F72K1s8Zph8_32.mp4 (0:03:34.840 -> 0:03:38.880)
[00:59:30]   [video 1265/1999] yt-dlp -yS8MF5yPsQ (1 clip(s) needed) ...
[00:59:37]     [1266/2000] cutting -yS8MF5yPsQ_4.mp4 (0:00:20.820 -> 0:00:23.823)
[00:59:37]   [video 1266/1999] yt-dlp UiBftPFmkBA (1 clip(s) needed) ...
[00:59:52]     [1267/2000] cutting UiBftPFmkBA_51.mp4 (0:14:52.892 -> 0:15:01.166)
[00:59:52]   [video 1267/1999] yt-dlp kABCYl9NZqk (1 clip(s) needed) ...
[00:59:59]     [1268/2000] cutting kABCYl9NZqk_4.mp4 (0:00:26.192 -> 0:00:46.112)
[00:59:59]   [video 1268/1999] yt-dlp viIHmiIMSDI (1 clip(s) needed) ...
[01:00:06]     [1269/2000] cutting viIHmiIMSDI_8.mp4 (0:01:53.780 -> 0:02:10.430)
[01:00:06]   [video 1269/1999] yt-dlp cCH7lQQJwDk (1 clip(s) needed) ...
[01:00:12]     [1270/2000] cutting cCH7lQQJwDk_2.mp4 (0:00:13.546 -> 0:00:26.026)
[01:00:12]   [video 1270/1999] yt-dlp sBUcG7xqSaA (1 clip(s) needed) ...
[01:00:20]     [1271/2000] cutting sBUcG7xqSaA_3.mp4 (0:00:53.033 -> 0:01:02.366)
[01:00:20]   [video 1271/1999] yt-dlp 0r4lH8Ioivo (1 clip(s) needed) ...
[01:00:29]     [1272/2000] cutting 0r4lH8Ioivo_2.mp4 (0:07:19.866 -> 0:07:56.966)
[01:00:29]   [video 1272/1999] yt-dlp QR4BEIGzQAc (1 clip(s) needed) ...
[01:00:32]     FAILED: ERROR: [youtube] QR4BEIGzQAc: This video is not available
[01:00:32]   [video 1273/1999] yt-dlp LQvLGSA99J4 (1 clip(s) needed) ...
[01:00:37]     [1274/2000] cutting LQvLGSA99J4_12.mp4 (0:01:52.479 -> 0:01:58.084)
[01:00:37]   [video 1274/1999] yt-dlp DLj9El7OgrA (1 clip(s) needed) ...
[01:00:43]     [1275/2000] cutting DLj9El7OgrA_20.mp4 (0:02:40.000 -> 0:02:46.833)
[01:00:43]   [video 1275/1999] yt-dlp _Ry24TkkZHM (1 clip(s) needed) ...
[01:00:50]     [1276/2000] cutting _Ry24TkkZHM_3.mp4 (0:02:39.742 -> 0:03:18.214)
[01:00:51]   [video 1276/1999] yt-dlp 6KOpSFWKlho (1 clip(s) needed) ...
[01:00:59]     [1277/2000] cutting 6KOpSFWKlho_5.mp4 (0:05:03.736 -> 0:05:07.774)
[01:00:59]   [video 1277/1999] yt-dlp eVpXm2EvhEU (1 clip(s) needed) ...
[01:01:04]     [1278/2000] cutting eVpXm2EvhEU_1.mp4 (0:00:21.454 -> 0:00:27.727)
[01:01:04]   [video 1278/1999] yt-dlp B3R9XdsSWkM (1 clip(s) needed) ...
[01:01:12]     [1279/2000] cutting B3R9XdsSWkM_5.mp4 (0:04:15.154 -> 0:04:27.133)
[01:01:13]   [video 1279/1999] yt-dlp DXM_sAz99tY (1 clip(s) needed) ...
[01:01:19]     [1280/2000] cutting DXM_sAz99tY_6.mp4 (0:01:06.866 -> 0:01:11.204)
[01:01:19]   [video 1280/1999] yt-dlp Wjeu2gWJdX8 (1 clip(s) needed) ...
[01:01:27]     [1281/2000] cutting Wjeu2gWJdX8_9.mp4 (0:03:57.666 -> 0:04:01.800)
[01:01:28]   [video 1281/1999] yt-dlp AJQi-YWNzks (1 clip(s) needed) ...
[01:01:33]     [1282/2000] cutting AJQi-YWNzks_0.mp4 (0:00:04.633 -> 0:00:41.700)
[01:01:33]   [video 1282/1999] yt-dlp Yngqb78bGuU (1 clip(s) needed) ...
[01:01:40]     [1283/2000] cutting Yngqb78bGuU_4.mp4 (0:01:08.935 -> 0:01:15.608)
[01:01:40]   [video 1283/1999] yt-dlp Zyr9Mpctxgg (1 clip(s) needed) ...
[01:01:42]     FAILED: ERROR: [youtube] Zyr9Mpctxgg: Private video
[01:01:42]   [video 1284/1999] yt-dlp U4IDDj9kFrI (1 clip(s) needed) ...
[01:01:48]     [1285/2000] cutting U4IDDj9kFrI_5.mp4 (0:02:00.933 -> 0:02:05.166)
[01:01:48]   [video 1285/1999] yt-dlp zYdtdRHua3g (1 clip(s) needed) ...
[01:01:52]     [1286/2000] cutting zYdtdRHua3g_13.mp4 (0:01:18.000 -> 0:01:23.120)
[01:01:52]   [video 1286/1999] yt-dlp FPHXlNWspx0 (1 clip(s) needed) ...
[01:02:00]     [1287/2000] cutting FPHXlNWspx0_2.mp4 (0:00:20.233 -> 0:00:24.366)
[01:02:00]   [video 1287/1999] yt-dlp FAdNtst4vRE (1 clip(s) needed) ...
[01:02:05]     [1288/2000] cutting FAdNtst4vRE_65.mp4 (0:08:16.412 -> 0:08:20.917)
[01:02:06]   [video 1288/1999] yt-dlp K9bOTEo02CU (1 clip(s) needed) ...
[01:02:14]     [1289/2000] cutting K9bOTEo02CU_6.mp4 (0:01:24.801 -> 0:02:04.707)
[01:02:15]   [video 1289/1999] yt-dlp CFbxPcsoOyQ (1 clip(s) needed) ...
[01:02:23]     [1290/2000] cutting CFbxPcsoOyQ_5.mp4 (0:02:24.561 -> 0:03:12.609)
[01:02:23]   [video 1290/1999] yt-dlp JechYbIfmcY (1 clip(s) needed) ...
[01:02:29]     [1291/2000] cutting JechYbIfmcY_5.mp4 (0:00:52.619 -> 0:00:58.925)
[01:02:29]   [video 1291/1999] yt-dlp bmQQqREaUqY (1 clip(s) needed) ...
[01:02:34]     [1292/2000] cutting bmQQqREaUqY_3.mp4 (0:01:16.443 -> 0:01:33.193)
[01:02:35]   [video 1292/1999] yt-dlp HvAZTCMLvXQ (1 clip(s) needed) ...
[01:02:40]     [1293/2000] cutting HvAZTCMLvXQ_4.mp4 (0:00:32.115 -> 0:00:50.675)
[01:02:40]   [video 1293/1999] yt-dlp QZY7RxpQClI (1 clip(s) needed) ...
[01:02:45]     [1294/2000] cutting QZY7RxpQClI_2.mp4 (0:00:34.701 -> 0:00:51.151)
[01:02:45]   [video 1294/1999] yt-dlp H-TcPlc4KXA (1 clip(s) needed) ...
[01:02:48]     FAILED: ERROR: [youtube] H-TcPlc4KXA: Private video
[01:02:48]   [video 1295/1999] yt-dlp Zy-9VhUe7O0 (1 clip(s) needed) ...
[01:03:01]     [1296/2000] cutting Zy-9VhUe7O0_2.mp4 (0:00:16.649 -> 0:00:24.657)
[01:03:01]   [video 1296/1999] yt-dlp CCV3an5RN1w (1 clip(s) needed) ...
[01:03:06]     [1297/2000] cutting CCV3an5RN1w_0.mp4 (0:00:09.909 -> 0:00:49.516)
[01:03:06]   [video 1297/1999] yt-dlp e_0OmNUcdCM (1 clip(s) needed) ...
[01:03:14]     [1298/2000] cutting e_0OmNUcdCM_9.mp4 (0:01:03.440 -> 0:01:08.400)
[01:03:14]   [video 1298/1999] yt-dlp GiDSOiH-wrs (1 clip(s) needed) ...
[01:03:26]     [1299/2000] cutting GiDSOiH-wrs_0.mp4 (0:00:00.467 -> 0:00:04.504)
[01:03:26]   [video 1299/1999] yt-dlp 7OBY8GR5jcE (1 clip(s) needed) ...
[01:03:31]     [1300/2000] cutting 7OBY8GR5jcE_4.mp4 (0:00:22.560 -> 0:00:35.440)
[01:03:31]   [video 1300/1999] yt-dlp 0vVmlHtnQXc (1 clip(s) needed) ...
[01:03:40]     [1301/2000] cutting 0vVmlHtnQXc_5.mp4 (0:00:41.341 -> 0:00:49.149)
[01:03:40]   [video 1301/1999] yt-dlp -D5e8cc92dc (1 clip(s) needed) ...
[01:03:59]     [1302/2000] cutting -D5e8cc92dc_12.mp4 (0:08:17.333 -> 0:09:05.333)
[01:03:59]   [video 1302/1999] yt-dlp 7jIf-KlKgzU (1 clip(s) needed) ...
[01:04:12]     [1303/2000] cutting 7jIf-KlKgzU_6.mp4 (0:04:07.680 -> 0:04:55.728)
[01:04:12]   [video 1303/1999] yt-dlp rxJXhRNTayU (1 clip(s) needed) ...
[01:04:18]     [1304/2000] cutting rxJXhRNTayU_6.mp4 (0:01:49.609 -> 0:01:59.252)
[01:04:18]   [video 1304/1999] yt-dlp t7Fp-pHdu7c (1 clip(s) needed) ...
[01:04:25]     [1305/2000] cutting t7Fp-pHdu7c_6.mp4 (0:05:42.158 -> 0:06:30.173)
[01:04:25]   [video 1305/1999] yt-dlp 4fDvS9434Ms (1 clip(s) needed) ...
[01:04:32]     [1306/2000] cutting 4fDvS9434Ms_15.mp4 (0:03:49.270 -> 0:04:02.659)
[01:04:32]   [video 1306/1999] yt-dlp PPN5pmW7sl4 (1 clip(s) needed) ...
[01:04:37]     [1307/2000] cutting PPN5pmW7sl4_5.mp4 (0:04:07.947 -> 0:04:55.995)
[01:04:37]   [video 1307/1999] yt-dlp gCYmKRP0ttQ (1 clip(s) needed) ...
[01:04:43]     [1308/2000] cutting gCYmKRP0ttQ_21.mp4 (0:02:43.760 -> 0:02:47.320)
[01:04:43]   [video 1308/1999] yt-dlp RmkiNbq6ukY (1 clip(s) needed) ...
[01:04:47]     [1309/2000] cutting RmkiNbq6ukY_6.mp4 (0:00:59.066 -> 0:01:02.433)
[01:04:47]   [video 1309/1999] yt-dlp qQh4tEwVLo0 (1 clip(s) needed) ...
[01:04:57]     [1310/2000] cutting qQh4tEwVLo0_10.mp4 (0:05:07.520 -> 0:05:55.520)
[01:04:57]   [video 1310/1999] yt-dlp sSanemDCCX8 (1 clip(s) needed) ...
[01:05:06]     [1311/2000] cutting sSanemDCCX8_17.mp4 (0:03:12.901 -> 0:03:21.743)
[01:05:06]   [video 1311/1999] yt-dlp z0lp9pZCs6g (1 clip(s) needed) ...
[01:05:13]     [1312/2000] cutting z0lp9pZCs6g_3.mp4 (0:02:34.754 -> 0:02:56.109)
[01:05:13]   [video 1312/1999] yt-dlp dW_f0tQFdp8 (1 clip(s) needed) ...
[01:05:24]     [1313/2000] cutting dW_f0tQFdp8_17.mp4 (0:13:58.487 -> 0:14:19.074)
[01:05:25]   [video 1313/1999] yt-dlp 5KtkRUTupAM (1 clip(s) needed) ...
[01:05:30]     [1314/2000] cutting 5KtkRUTupAM_6.mp4 (0:00:46.212 -> 0:00:51.259)
[01:05:30]   [video 1314/1999] yt-dlp V3igFRCYnWU (1 clip(s) needed) ...
[01:05:35]     [1315/2000] cutting V3igFRCYnWU_5.mp4 (0:02:37.733 -> 0:02:55.933)
[01:05:35]   [video 1315/1999] yt-dlp 0UOk7VdguuA (1 clip(s) needed) ...
[01:05:40]     [1316/2000] cutting 0UOk7VdguuA_1.mp4 (0:01:10.670 -> 0:01:58.718)
[01:05:40]   [video 1316/1999] yt-dlp DvmqsYFPtMk (1 clip(s) needed) ...
[01:05:47]     [1317/2000] cutting DvmqsYFPtMk_4.mp4 (0:00:54.954 -> 0:00:59.993)
[01:05:47]   [video 1317/1999] yt-dlp WHiyIRHZ8k0 (1 clip(s) needed) ...
[01:05:52]     [1318/2000] cutting WHiyIRHZ8k0_0.mp4 (0:00:05.120 -> 0:00:22.320)
[01:05:52]   [video 1318/1999] yt-dlp 8Ao_-BzOAv4 (1 clip(s) needed) ...
[01:06:00]     [1319/2000] cutting 8Ao_-BzOAv4_24.mp4 (0:06:45.640 -> 0:06:50.920)
[01:06:00]   [video 1319/1999] yt-dlp qGFwhK0j7Z8 (1 clip(s) needed) ...
[01:06:08]     [1320/2000] cutting qGFwhK0j7Z8_1.mp4 (0:00:39.706 -> 0:01:27.754)
[01:06:08]   [video 1320/1999] yt-dlp 4ZHcHxyBjkU (1 clip(s) needed) ...
[01:06:18]     [1321/2000] cutting 4ZHcHxyBjkU_1.mp4 (0:02:09.504 -> 0:02:13.550)
[01:06:18]   [video 1321/1999] yt-dlp EFgZ-OinuIM (1 clip(s) needed) ...
[01:06:27]     [1322/2000] cutting EFgZ-OinuIM_8.mp4 (0:02:54.200 -> 0:02:58.440)
[01:06:27]   [video 1322/1999] yt-dlp 9lIvUT3hvAQ (1 clip(s) needed) ...
[01:06:36]     [1323/2000] cutting 9lIvUT3hvAQ_1.mp4 (0:00:12.433 -> 0:00:31.966)
[01:06:36]   [video 1323/1999] yt-dlp k-2RSIgupkw (1 clip(s) needed) ...
[01:06:44]     [1324/2000] cutting k-2RSIgupkw_1.mp4 (0:00:24.290 -> 0:00:28.061)
[01:06:44]   [video 1324/1999] yt-dlp ntH-MFUpaJY (1 clip(s) needed) ...
[01:06:52]     [1325/2000] cutting ntH-MFUpaJY_19.mp4 (0:03:06.386 -> 0:03:30.944)
[01:06:52]   [video 1325/1999] yt-dlp slVA2CQt1OA (1 clip(s) needed) ...
[01:06:55]     FAILED: ERROR: [youtube] slVA2CQt1OA: This video is not available
[01:06:55]   [video 1326/1999] yt-dlp jw_TQr6pw8Q (1 clip(s) needed) ...
[01:07:06]     [1327/2000] cutting jw_TQr6pw8Q_20.mp4 (0:02:15.702 -> 0:02:18.738)
[01:07:06]   [video 1327/1999] yt-dlp D44Gd97jJvU (1 clip(s) needed) ...
[01:07:18]     [1328/2000] cutting D44Gd97jJvU_73.mp4 (0:08:56.800 -> 0:09:02.320)
[01:07:19]   [video 1328/1999] yt-dlp 57R7Wi5yBuA (1 clip(s) needed) ...
[01:07:25]     [1329/2000] cutting 57R7Wi5yBuA_3.mp4 (0:03:09.233 -> 0:03:29.233)
[01:07:25]   [video 1329/1999] yt-dlp oefEteoRIc0 (1 clip(s) needed) ...
[01:07:39]     [1330/2000] cutting oefEteoRIc0_22.mp4 (0:07:36.155 -> 0:07:41.727)
[01:07:39]   [video 1330/1999] yt-dlp uwslOCjXaPE (1 clip(s) needed) ...
[01:07:47]     [1331/2000] cutting uwslOCjXaPE_14.mp4 (0:04:19.166 -> 0:04:29.166)
[01:07:47]   [video 1331/1999] yt-dlp X2NL1t00zog (1 clip(s) needed) ...
[01:07:54]     [1332/2000] cutting X2NL1t00zog_6.mp4 (0:04:23.966 -> 0:04:39.944)
[01:07:54]   [video 1332/1999] yt-dlp lRHtLhI6-mY (1 clip(s) needed) ...
[01:08:01]     [1333/2000] cutting lRHtLhI6-mY_3.mp4 (0:00:42.920 -> 0:01:06.800)
[01:08:02]   [video 1333/1999] yt-dlp 5gs9qckOIBk (1 clip(s) needed) ...
[01:08:07]     [1334/2000] cutting 5gs9qckOIBk_11.mp4 (0:01:37.597 -> 0:01:44.003)
[01:08:07]   [video 1334/1999] yt-dlp z9LlecSHMvo (1 clip(s) needed) ...
[01:08:16]     [1335/2000] cutting z9LlecSHMvo_0.mp4 (0:00:01.868 -> 0:00:16.883)
[01:08:16]   [video 1335/1999] yt-dlp kw3rNhZVo1o (1 clip(s) needed) ...
[01:08:23]     [1336/2000] cutting kw3rNhZVo1o_0.mp4 (0:00:01.067 -> 0:00:09.609)
[01:08:23]   [video 1336/1999] yt-dlp YvkOYli87_0 (1 clip(s) needed) ...
[01:08:29]     [1337/2000] cutting YvkOYli87_0_14.mp4 (0:02:37.223 -> 0:02:42.595)
[01:08:29]   [video 1337/1999] yt-dlp 5UwjwVquaq4 (1 clip(s) needed) ...
[01:08:36]     [1338/2000] cutting 5UwjwVquaq4_5.mp4 (0:01:10.800 -> 0:01:21.866)
[01:08:37]   [video 1338/1999] yt-dlp rcPght0KTjs (1 clip(s) needed) ...
[01:08:43]     [1339/2000] cutting rcPght0KTjs_1.mp4 (0:00:09.320 -> 0:00:33.400)
[01:08:43]   [video 1339/1999] yt-dlp STbp5OVhC4I (1 clip(s) needed) ...
[01:08:50]     [1340/2000] cutting STbp5OVhC4I_20.mp4 (0:02:11.440 -> 0:02:18.240)
[01:08:50]   [video 1340/1999] yt-dlp W-pA0lOGLR0 (1 clip(s) needed) ...
[01:08:57]     [1341/2000] cutting W-pA0lOGLR0_2.mp4 (0:00:44.878 -> 0:01:04.364)
[01:08:58]   [video 1341/1999] yt-dlp jVBtEAk1Zg4 (1 clip(s) needed) ...
[01:09:04]     [1342/2000] cutting jVBtEAk1Zg4_1.mp4 (0:00:23.440 -> 0:00:34.320)
[01:09:04]   [video 1342/1999] yt-dlp rDnepkzu8DQ (1 clip(s) needed) ...
[01:09:07]     FAILED: ERROR: [youtube] rDnepkzu8DQ: This video is not available
[01:09:07]   [video 1343/1999] yt-dlp nhk0R-1_Ik0 (1 clip(s) needed) ...
[01:09:15]     [1344/2000] cutting nhk0R-1_Ik0_0.mp4 (0:00:01.900 -> 0:00:17.233)
[01:09:15]   [video 1344/1999] yt-dlp 1rYFRTyXBwk (1 clip(s) needed) ...
[01:09:24]     [1345/2000] cutting 1rYFRTyXBwk_3.mp4 (0:01:38.458 -> 0:02:04.125)
[01:09:24]   [video 1345/1999] yt-dlp Cs3rP8lyqaQ (1 clip(s) needed) ...
[01:09:32]     [1346/2000] cutting Cs3rP8lyqaQ_27.mp4 (0:04:35.720 -> 0:04:44.520)
[01:09:32]   [video 1346/1999] yt-dlp Pf4RjsdJE0I (1 clip(s) needed) ...
[01:09:36]     FAILED: ERROR: [youtube] Pf4RjsdJE0I: This video is not available
[01:09:36]   [video 1347/1999] yt-dlp _p-oI7E8WhU (1 clip(s) needed) ...
[01:09:46]     [1348/2000] cutting _p-oI7E8WhU_28.mp4 (0:05:43.009 -> 0:05:50.683)
[01:09:46]   [video 1348/1999] yt-dlp gB3v9piQv3s (1 clip(s) needed) ...
[01:09:51]     [1349/2000] cutting gB3v9piQv3s_3.mp4 (0:01:33.593 -> 0:01:41.601)
[01:09:52]   [video 1349/1999] yt-dlp O_qAiSmAcwI (1 clip(s) needed) ...
[01:09:59]     [1350/2000] cutting O_qAiSmAcwI_7.mp4 (0:01:01.580 -> 0:01:15.940)
[01:09:59]   [video 1350/1999] yt-dlp vZhxGH21JKY (1 clip(s) needed) ...
[01:10:04]     [1351/2000] cutting vZhxGH21JKY_2.mp4 (0:00:08.942 -> 0:00:17.250)
[01:10:05]   [video 1351/1999] yt-dlp XkBCCY19Vy8 (1 clip(s) needed) ...
[01:10:09]     [1352/2000] cutting XkBCCY19Vy8_8.mp4 (0:02:03.700 -> 0:02:11.266)
[01:10:09]   [video 1352/1999] yt-dlp 2Kblnr9De-Y (1 clip(s) needed) ...
[01:10:23]     [1353/2000] cutting 2Kblnr9De-Y_32.mp4 (0:16:55.247 -> 0:17:26.845)
[01:10:23]   [video 1353/1999] yt-dlp V1DcwTsYTOo (1 clip(s) needed) ...
[01:10:30]     [1354/2000] cutting V1DcwTsYTOo_7.mp4 (0:01:02.429 -> 0:01:10.236)
[01:10:30]   [video 1354/1999] yt-dlp 6740Q-x5RZ0 (1 clip(s) needed) ...
[01:10:36]     [1355/2000] cutting 6740Q-x5RZ0_6.mp4 (0:03:11.224 -> 0:03:59.272)
[01:10:36]   [video 1355/1999] yt-dlp VamBzxl9HhI (1 clip(s) needed) ...
[01:10:42]     [1356/2000] cutting VamBzxl9HhI_2.mp4 (0:00:20.220 -> 0:00:26.292)
[01:10:42]   [video 1356/1999] yt-dlp Unc-KfUNW78 (1 clip(s) needed) ...
[01:10:47]     [1357/2000] cutting Unc-KfUNW78_11.mp4 (0:01:53.920 -> 0:01:57.960)
[01:10:48]   [video 1357/1999] yt-dlp XUhJHF4dtX4 (1 clip(s) needed) ...
[01:10:51]     FAILED: ERROR: [youtube] XUhJHF4dtX4: Sign in to confirm your age. Use --cookies-from-browser or --cookies for the authentication. See  https://github.com/yt-dlp/yt-dlp/wiki/FAQ#how-do-i-pass-cookies-to-yt-dlp  for how to manually pass cookies. Also see  https://github.com/yt-dlp/yt-dlp/wiki/Extractors#exporting-youtube-cookies  for tips on effectively exporting YouTube cookies
[01:10:51]   [video 1358/1999] yt-dlp D8d8yWLpujI (1 clip(s) needed) ...
[01:10:56]     [1359/2000] cutting D8d8yWLpujI_1.mp4 (0:00:30.840 -> 0:00:35.320)
[01:10:56]   [video 1359/1999] yt-dlp 1jh36zUNLlY (1 clip(s) needed) ...
[01:11:02]     [1360/2000] cutting 1jh36zUNLlY_5.mp4 (0:01:49.008 -> 0:02:37.056)
[01:11:02]   [video 1360/1999] yt-dlp SbJah45TBNI (1 clip(s) needed) ...
[01:11:08]     [1361/2000] cutting SbJah45TBNI_1.mp4 (0:00:43.543 -> 0:00:52.118)
[01:11:08]   [video 1361/1999] yt-dlp 54Rhy3l7hGY (1 clip(s) needed) ...
[01:11:18]     [1362/2000] cutting 54Rhy3l7hGY_33.mp4 (0:05:22.640 -> 0:05:26.680)
[01:11:18]   [video 1362/1999] yt-dlp RNLMvp4HuCI (1 clip(s) needed) ...
[01:11:22]     [1363/2000] cutting RNLMvp4HuCI_2.mp4 (0:00:13.040 -> 0:00:46.640)
[01:11:23]   [video 1363/1999] yt-dlp OV9u8R1uqJA (1 clip(s) needed) ...
[01:11:29]     [1364/2000] cutting OV9u8R1uqJA_24.mp4 (0:03:09.230 -> 0:03:19.699)
[01:11:29]   [video 1364/1999] yt-dlp S-_uTDBAhTw (1 clip(s) needed) ...
[01:11:34]     [1365/2000] cutting S-_uTDBAhTw_3.mp4 (0:00:20.754 -> 0:00:25.325)
[01:11:34]   [video 1365/1999] yt-dlp 8wn0kthg_qs (1 clip(s) needed) ...
[01:11:48]     [1366/2000] cutting 8wn0kthg_qs_20.mp4 (0:07:30.900 -> 0:07:38.200)
[01:11:48]   [video 1366/1999] yt-dlp kZL-v8mvVp8 (1 clip(s) needed) ...
[01:11:53]     [1367/2000] cutting kZL-v8mvVp8_3.mp4 (0:00:47.497 -> 0:00:59.492)
[01:11:53]   [video 1367/1999] yt-dlp rU-X0xYNKLI (1 clip(s) needed) ...
[01:12:02]     [1368/2000] cutting rU-X0xYNKLI_3.mp4 (0:02:57.133 -> 0:03:45.133)
[01:12:02]   [video 1368/1999] yt-dlp -Y_5Z7bOy_s (1 clip(s) needed) ...
[01:12:08]     [1369/2000] cutting -Y_5Z7bOy_s_1.mp4 (0:00:05.933 -> 0:00:12.633)
[01:12:08]   [video 1369/1999] yt-dlp qxEwcYjWBnY (1 clip(s) needed) ...
[01:12:15]     [1370/2000] cutting qxEwcYjWBnY_14.mp4 (0:03:33.360 -> 0:03:38.240)
[01:12:15]   [video 1370/1999] yt-dlp cw4JmW5Zx4U (1 clip(s) needed) ...
[01:12:35]     [1371/2000] cutting cw4JmW5Zx4U_33.mp4 (0:13:41.840 -> 0:14:04.160)
[01:12:35]   [video 1371/1999] yt-dlp 3XllYLvV0x0 (1 clip(s) needed) ...
[01:12:42]     [1372/2000] cutting 3XllYLvV0x0_10.mp4 (0:03:16.350 -> 0:03:31.150)
[01:12:42]   [video 1372/1999] yt-dlp X3d5hezHs4A (1 clip(s) needed) ...
[01:12:48]     [1373/2000] cutting X3d5hezHs4A_1.mp4 (0:00:11.444 -> 0:00:39.305)
[01:12:48]   [video 1373/1999] yt-dlp T3XT172EYbY (1 clip(s) needed) ...
[01:12:56]     [1374/2000] cutting T3XT172EYbY_7.mp4 (0:01:03.296 -> 0:01:07.834)
[01:12:56]   [video 1374/1999] yt-dlp obLX2CcJFek (1 clip(s) needed) ...
[01:13:07]     [1375/2000] cutting obLX2CcJFek_4.mp4 (0:01:10.236 -> 0:01:18.011)
[01:13:07]   [video 1375/1999] yt-dlp XzN_UdsIhtQ (1 clip(s) needed) ...
[01:13:13]     [1376/2000] cutting XzN_UdsIhtQ_2.mp4 (0:02:56.910 -> 0:03:00.947)
[01:13:13]   [video 1376/1999] yt-dlp eZDktfedx70 (1 clip(s) needed) ...
[01:13:16]     FAILED: ERROR: [youtube] eZDktfedx70: Private video
[01:13:16]   [video 1377/1999] yt-dlp 44w2RPxIz5s (1 clip(s) needed) ...
[01:13:23]     [1378/2000] cutting 44w2RPxIz5s_10.mp4 (0:01:45.105 -> 0:01:50.076)
[01:13:23]   [video 1378/1999] yt-dlp 2lqynSZMl_I (1 clip(s) needed) ...
[01:13:28]     [1379/2000] cutting 2lqynSZMl_I_2.mp4 (0:01:28.621 -> 0:01:42.001)
[01:13:28]   [video 1379/1999] yt-dlp h02C-pQAgDQ (1 clip(s) needed) ...
[01:13:33]     [1380/2000] cutting h02C-pQAgDQ_12.mp4 (0:01:17.640 -> 0:01:20.860)
[01:13:33]   [video 1380/1999] yt-dlp g51IAahllzY (1 clip(s) needed) ...
[01:13:46]     [1381/2000] cutting g51IAahllzY_5.mp4 (0:06:35.294 -> 0:06:45.405)
[01:13:46]   [video 1381/1999] yt-dlp jU8P7bNhoYQ (1 clip(s) needed) ...
[01:13:57]     [1382/2000] cutting jU8P7bNhoYQ_12.mp4 (0:04:55.420 -> 0:05:05.054)
[01:13:57]   [video 1382/1999] yt-dlp 516n3VdZXnY (1 clip(s) needed) ...
[01:14:11]     [1383/2000] cutting 516n3VdZXnY_13.mp4 (0:07:19.338 -> 0:07:37.256)
[01:14:11]   [video 1383/1999] yt-dlp si0GWzPiR-U (1 clip(s) needed) ...
[01:14:17]     [1384/2000] cutting si0GWzPiR-U_3.mp4 (0:01:21.548 -> 0:02:00.987)
[01:14:18]   [video 1384/1999] yt-dlp OkLm6f1YMnM (1 clip(s) needed) ...
[01:14:23]     [1385/2000] cutting OkLm6f1YMnM_7.mp4 (0:01:31.508 -> 0:01:37.931)
[01:14:23]   [video 1385/1999] yt-dlp esZweBpmgBM (1 clip(s) needed) ...
[01:14:32]     [1386/2000] cutting esZweBpmgBM_3.mp4 (0:00:28.111 -> 0:01:16.159)
[01:14:32]   [video 1386/1999] yt-dlp 2QYz1TwEyhA (1 clip(s) needed) ...
[01:14:41]     [1387/2000] cutting 2QYz1TwEyhA_1.mp4 (0:00:15.882 -> 0:00:23.890)
[01:14:41]   [video 1387/1999] yt-dlp 7FIkY0VRcdI (1 clip(s) needed) ...
[01:14:53]     [1388/2000] cutting 7FIkY0VRcdI_8.mp4 (0:01:13.706 -> 0:02:01.754)
[01:14:53]   [video 1388/1999] yt-dlp E73BhQOrO5I (1 clip(s) needed) ...
[01:15:01]     [1389/2000] cutting E73BhQOrO5I_2.mp4 (0:03:38.600 -> 0:04:26.600)
[01:15:01]   [video 1389/1999] yt-dlp MH66j2UMSOs (1 clip(s) needed) ...
[01:15:06]     [1390/2000] cutting MH66j2UMSOs_1.mp4 (0:00:39.105 -> 0:00:47.047)
[01:15:06]   [video 1390/1999] yt-dlp 5WOAf0Kmwwc (1 clip(s) needed) ...
[01:15:16]     [1391/2000] cutting 5WOAf0Kmwwc_24.mp4 (0:05:55.104 -> 0:06:20.505)
[01:15:16]   [video 1391/1999] yt-dlp 12XWXCf_vtU (1 clip(s) needed) ...
[01:15:19]     FAILED: ERROR: [youtube] 12XWXCf_vtU: This video is not available
[01:15:19]   [video 1392/1999] yt-dlp uAsKRBLGNi0 (1 clip(s) needed) ...
[01:15:25]     [1393/2000] cutting uAsKRBLGNi0_1.mp4 (0:00:16.240 -> 0:00:22.680)
[01:15:25]   [video 1393/1999] yt-dlp dt0nnhG7PbQ (1 clip(s) needed) ...
[01:15:27]     FAILED: ERROR: [youtube] dt0nnhG7PbQ: This video is not available
[01:15:27]   [video 1394/1999] yt-dlp V8MDUFhg7SM (1 clip(s) needed) ...
[01:15:33]     [1395/2000] cutting V8MDUFhg7SM_16.mp4 (0:07:47.133 -> 0:08:01.939)
[01:15:33]   [video 1395/1999] yt-dlp NHnrVQ53HeA (1 clip(s) needed) ...
[01:15:39]     [1396/2000] cutting NHnrVQ53HeA_1.mp4 (0:00:47.380 -> 0:00:50.800)
[01:15:39]   [video 1396/1999] yt-dlp K_8howDT2wA (1 clip(s) needed) ...
[01:15:42]     FAILED: ERROR: [youtube] K_8howDT2wA: Video unavailable
[01:15:42]   [video 1397/1999] yt-dlp gbLMKlmVBRs (1 clip(s) needed) ...
[01:15:48]     [1398/2000] cutting gbLMKlmVBRs_23.mp4 (0:02:38.233 -> 0:02:46.133)
[01:15:48]   [video 1398/1999] yt-dlp hepkERzJ7kg (1 clip(s) needed) ...
[01:15:54]     [1399/2000] cutting hepkERzJ7kg_8.mp4 (0:01:34.027 -> 0:01:38.381)
[01:15:54]   [video 1399/1999] yt-dlp DuOKpF7iFWA (1 clip(s) needed) ...
[01:16:01]     [1400/2000] cutting DuOKpF7iFWA_14.mp4 (0:01:22.040 -> 0:01:26.086)
[01:16:01]   [video 1400/1999] yt-dlp 0HA2A-8iuLY (1 clip(s) needed) ...
[01:16:12]     [1401/2000] cutting 0HA2A-8iuLY_13.mp4 (0:06:14.040 -> 0:06:26.252)
[01:16:13]   [video 1401/1999] yt-dlp Pv_5j_q9gXY (1 clip(s) needed) ...
[01:16:15]     FAILED: ERROR: [youtube] Pv_5j_q9gXY: This video is not available
[01:16:15]   [video 1402/1999] yt-dlp Z99UeAaeZJ4 (1 clip(s) needed) ...
[01:16:20]     [1403/2000] cutting Z99UeAaeZJ4_16.mp4 (0:03:59.166 -> 0:04:07.250)
[01:16:20]   [video 1403/1999] yt-dlp alRpbChjW_Y (1 clip(s) needed) ...
[01:16:27]     [1404/2000] cutting alRpbChjW_Y_1.mp4 (0:00:13.179 -> 0:00:25.892)
[01:16:27]   [video 1404/1999] yt-dlp iDzKzBVbfm8 (1 clip(s) needed) ...
[01:16:32]     [1405/2000] cutting iDzKzBVbfm8_9.mp4 (0:01:34.627 -> 0:01:38.398)
[01:16:32]   [video 1405/1999] yt-dlp SXw6sWS82U0 (1 clip(s) needed) ...
[01:16:41]     [1406/2000] cutting SXw6sWS82U0_32.mp4 (0:08:53.799 -> 0:09:00.006)
[01:16:41]   [video 1406/1999] yt-dlp Whb9jf2r1Lo (1 clip(s) needed) ...
[01:16:48]     [1407/2000] cutting Whb9jf2r1Lo_9.mp4 (0:04:54.000 -> 0:05:02.000)
[01:16:48]   [video 1407/1999] yt-dlp yR0SWawKX14 (1 clip(s) needed) ...
[01:16:53]     [1408/2000] cutting yR0SWawKX14_0.mp4 (0:00:08.742 -> 0:00:56.790)
[01:16:53]   [video 1408/1999] yt-dlp JNtQ203CjB8 (1 clip(s) needed) ...
[01:17:01]     [1409/2000] cutting JNtQ203CjB8_19.mp4 (0:06:24.416 -> 0:06:29.125)
[01:17:01]   [video 1409/1999] yt-dlp -QHc9irnBVk (1 clip(s) needed) ...
[01:17:10]     [1410/2000] cutting -QHc9irnBVk_0.mp4 (0:00:06.000 -> 0:00:54.000)
[01:17:10]   [video 1410/1999] yt-dlp Vr05vKSEMj0 (1 clip(s) needed) ...
[01:17:15]     [1411/2000] cutting Vr05vKSEMj0_2.mp4 (0:00:48.214 -> 0:01:05.965)
[01:17:15]   [video 1411/1999] yt-dlp gI-nsvyuIAI (1 clip(s) needed) ...
[01:17:28]     [1412/2000] cutting gI-nsvyuIAI_54.mp4 (0:11:39.323 -> 0:11:43.661)
[01:17:28]   [video 1412/1999] yt-dlp loJsCF2_K5c (1 clip(s) needed) ...
[01:17:31]     FAILED: ERROR: [youtube] loJsCF2_K5c: Please sign in. Use --cookies-from-browser or --cookies for the authentication. See  https://github.com/yt-dlp/yt-dlp/wiki/FAQ#how-do-i-pass-cookies-to-yt-dlp  for how to manually pass cookies. Also see  https://github.com/yt-dlp/yt-dlp/wiki/Extractors#exporting-youtube-cookies  for tips on effectively exporting YouTube cookies
[01:17:31]   [video 1413/1999] yt-dlp 1A0TLgqXp78 (1 clip(s) needed) ...
[01:17:37]     [1414/2000] cutting 1A0TLgqXp78_3.mp4 (0:00:49.616 -> 0:01:37.664)
[01:17:37]   [video 1414/1999] yt-dlp ZNTJL3Lpssk (1 clip(s) needed) ...
[01:17:43]     [1415/2000] cutting ZNTJL3Lpssk_14.mp4 (0:02:34.404 -> 0:02:43.580)
[01:17:43]   [video 1415/1999] yt-dlp vJgu_chDs6A (1 clip(s) needed) ...
[01:17:46]     FAILED: ERROR: [youtube] vJgu_chDs6A: This video is not available
[01:17:46]   [video 1416/1999] yt-dlp uxBqQbROqxQ (1 clip(s) needed) ...
[01:17:53]     [1417/2000] cutting uxBqQbROqxQ_2.mp4 (0:01:29.756 -> 0:01:35.095)
[01:17:53]   [video 1417/1999] yt-dlp jHUJNc57jT0 (1 clip(s) needed) ...
[01:17:59]     [1418/2000] cutting jHUJNc57jT0_2.mp4 (0:00:59.726 -> 0:01:12.806)
[01:17:59]   [video 1418/1999] yt-dlp JSL_d-N0Czk (1 clip(s) needed) ...
[01:18:01]     FAILED: ERROR: [youtube] JSL_d-N0Czk: Private video
[01:18:01]   [video 1419/1999] yt-dlp sgaiEjmA8As (1 clip(s) needed) ...
[01:18:11]     [1420/2000] cutting sgaiEjmA8As_2.mp4 (0:01:02.128 -> 0:01:33.026)
[01:18:11]   [video 1420/1999] yt-dlp k8xW9nZejiI (1 clip(s) needed) ...
[01:18:18]     [1421/2000] cutting k8xW9nZejiI_4.mp4 (0:00:54.521 -> 0:01:04.364)
[01:18:18]   [video 1421/1999] yt-dlp 6QSvdAZeOxw (1 clip(s) needed) ...
[01:18:26]     [1422/2000] cutting 6QSvdAZeOxw_6.mp4 (0:02:07.680 -> 0:02:11.800)
[01:18:26]   [video 1422/1999] yt-dlp Xa-WHalxBRc (1 clip(s) needed) ...
[01:18:34]     [1423/2000] cutting Xa-WHalxBRc_9.mp4 (0:02:02.000 -> 0:02:08.375)
[01:18:34]   [video 1423/1999] yt-dlp bZGn5DYUKRQ (1 clip(s) needed) ...
[01:18:40]     [1424/2000] cutting bZGn5DYUKRQ_0.mp4 (0:00:01.067 -> 0:00:09.709)
[01:18:40]   [video 1424/1999] yt-dlp TkXy_6I2xBc (1 clip(s) needed) ...
[01:18:46]     [1425/2000] cutting TkXy_6I2xBc_0.mp4 (0:00:18.785 -> 0:01:06.833)
[01:18:46]   [video 1425/1999] yt-dlp ivmqBizMu7w (1 clip(s) needed) ...
[01:18:53]     [1426/2000] cutting ivmqBizMu7w_46.mp4 (0:04:19.280 -> 0:04:25.880)
[01:18:53]   [video 1426/1999] yt-dlp kS1NeznQH_E (1 clip(s) needed) ...
[01:19:04]     [1427/2000] cutting kS1NeznQH_E_13.mp4 (0:05:12.979 -> 0:05:17.016)
[01:19:05]   [video 1427/1999] yt-dlp t5k7feqZUD0 (1 clip(s) needed) ...
[01:19:11]     [1428/2000] cutting t5k7feqZUD0_25.mp4 (0:04:02.200 -> 0:04:06.412)
[01:19:11]   [video 1428/1999] yt-dlp RrNIvxbb26g (1 clip(s) needed) ...
[01:19:19]     [1429/2000] cutting RrNIvxbb26g_4.mp4 (0:03:54.500 -> 0:04:30.500)
[01:19:19]   [video 1429/1999] yt-dlp c_U_1iykonY (1 clip(s) needed) ...
[01:19:25]     [1430/2000] cutting c_U_1iykonY_0.mp4 (0:00:07.874 -> 0:00:11.077)
[01:19:25]   [video 1430/1999] yt-dlp nb1HGJUMLZ0 (1 clip(s) needed) ...
[01:19:32]     [1431/2000] cutting nb1HGJUMLZ0_16.mp4 (0:03:09.789 -> 0:03:16.296)
[01:19:32]   [video 1431/1999] yt-dlp 2ZAB8f_bx8w (1 clip(s) needed) ...
[01:19:40]     [1432/2000] cutting 2ZAB8f_bx8w_4.mp4 (0:06:47.373 -> 0:07:35.421)
[01:19:40]   [video 1432/1999] yt-dlp NgV3Ne5YheU (1 clip(s) needed) ...
[01:19:46]     [1433/2000] cutting NgV3Ne5YheU_9.mp4 (0:01:15.875 -> 0:01:23.883)
[01:19:46]   [video 1433/1999] yt-dlp 8Hti8veX4Yc (1 clip(s) needed) ...
[01:19:50]     [1434/2000] cutting 8Hti8veX4Yc_1.mp4 (0:00:08.000 -> 0:00:19.500)
[01:19:50]   [video 1434/1999] yt-dlp 7BoQjtRnEfs (1 clip(s) needed) ...
[01:19:57]     [1435/2000] cutting 7BoQjtRnEfs_2.mp4 (0:01:53.947 -> 0:02:08.094)
[01:19:57]   [video 1435/1999] yt-dlp ugFV5OdOpZo (1 clip(s) needed) ...
[01:20:04]     [1436/2000] cutting ugFV5OdOpZo_6.mp4 (0:00:47.840 -> 0:00:57.520)
[01:20:04]   [video 1436/1999] yt-dlp gOh86Y4_5G8 (1 clip(s) needed) ...
[01:20:10]     [1437/2000] cutting gOh86Y4_5G8_8.mp4 (0:02:46.120 -> 0:02:54.120)
[01:20:10]   [video 1437/1999] yt-dlp 8cA0tiWPO_c (1 clip(s) needed) ...
[01:20:16]     [1438/2000] cutting 8cA0tiWPO_c_13.mp4 (0:01:37.130 -> 0:01:41.618)
[01:20:16]   [video 1438/1999] yt-dlp 4WHzdUJEa3g (1 clip(s) needed) ...
[01:20:24]     [1439/2000] cutting 4WHzdUJEa3g_2.mp4 (0:00:53.520 -> 0:01:16.476)
[01:20:24]   [video 1439/1999] yt-dlp 2cLs9NpuhGQ (1 clip(s) needed) ...
[01:20:33]     [1440/2000] cutting 2cLs9NpuhGQ_15.mp4 (0:07:09.862 -> 0:07:19.639)
[01:20:33]   [video 1440/1999] yt-dlp ZBXBjWuOUWU (1 clip(s) needed) ...
[01:20:41]     [1441/2000] cutting ZBXBjWuOUWU_7.mp4 (0:01:59.224 -> 0:02:14.629)
[01:20:41]   [video 1441/1999] yt-dlp iocYqf1wOWI (1 clip(s) needed) ...
[01:20:49]     [1442/2000] cutting iocYqf1wOWI_14.mp4 (0:02:38.958 -> 0:02:47.000)
[01:20:49]   [video 1442/1999] yt-dlp DVTGhXFXMaU (1 clip(s) needed) ...
[01:20:52]     FAILED: ERROR: [youtube] DVTGhXFXMaU: This video is not available
[01:20:52]   [video 1443/1999] yt-dlp 0dEI23h7-e4 (1 clip(s) needed) ...
[01:20:57]     [1444/2000] cutting 0dEI23h7-e4_3.mp4 (0:00:26.880 -> 0:00:30.640)
[01:20:57]   [video 1444/1999] yt-dlp lpTqhVRxkE0 (1 clip(s) needed) ...
[01:21:02]     [1445/2000] cutting lpTqhVRxkE0_3.mp4 (0:00:26.880 -> 0:00:31.200)
[01:21:02]   [video 1445/1999] yt-dlp kUYST1ilrqY (1 clip(s) needed) ...
[01:21:08]     [1446/2000] cutting kUYST1ilrqY_4.mp4 (0:01:48.241 -> 0:02:26.546)
[01:21:08]   [video 1446/1999] yt-dlp 78nBiyOP7Zw (1 clip(s) needed) ...
[01:21:16]     [1447/2000] cutting 78nBiyOP7Zw_10.mp4 (0:04:03.840 -> 0:04:17.720)
[01:21:16]   [video 1447/1999] yt-dlp iXACS3lFHWY (1 clip(s) needed) ...
[01:21:23]     [1448/2000] cutting iXACS3lFHWY_0.mp4 (0:00:08.008 -> 0:00:14.481)
[01:21:23]   [video 1448/1999] yt-dlp ocDXngboB0Q (1 clip(s) needed) ...
[01:21:38]     [1449/2000] cutting ocDXngboB0Q_77.mp4 (0:14:57.496 -> 0:15:08.424)
[01:21:38]   [video 1449/1999] yt-dlp t5wk1Eb4dyA (1 clip(s) needed) ...
[01:21:43]     [1450/2000] cutting t5wk1Eb4dyA_10.mp4 (0:03:51.231 -> 0:03:55.468)
[01:21:43]   [video 1450/1999] yt-dlp -88fbA4Pl60 (1 clip(s) needed) ...
[01:21:47]     FAILED: ERROR: [youtube] -88fbA4Pl60: This video is not available
[01:21:47]   [video 1451/1999] yt-dlp EHRhOLsRLqc (1 clip(s) needed) ...
[01:22:14]     [1452/2000] cutting EHRhOLsRLqc_252.mp4 (0:43:13.891 -> 0:43:18.662)
[01:22:14]   [video 1452/1999] yt-dlp gPiPFzgUKBI (1 clip(s) needed) ...
[01:22:20]     [1453/2000] cutting gPiPFzgUKBI_14.mp4 (0:02:26.980 -> 0:02:57.977)
[01:22:20]   [video 1453/1999] yt-dlp Ye1hac3ZNRU (1 clip(s) needed) ...
[01:22:27]     [1454/2000] cutting Ye1hac3ZNRU_0.mp4 (0:00:09.966 -> 0:00:49.966)
[01:22:27]   [video 1454/1999] yt-dlp Zw-LQR_r-74 (1 clip(s) needed) ...
[01:22:34]     [1455/2000] cutting Zw-LQR_r-74_8.mp4 (0:03:42.120 -> 0:03:46.600)
[01:22:34]   [video 1455/1999] yt-dlp C7Lovgwmtuc (1 clip(s) needed) ...
[01:22:42]     [1456/2000] cutting C7Lovgwmtuc_30.mp4 (0:06:13.240 -> 0:06:18.280)
[01:22:42]   [video 1456/1999] yt-dlp viQeqm_V1tc (1 clip(s) needed) ...
[01:22:50]     [1457/2000] cutting viQeqm_V1tc_4.mp4 (0:06:40.700 -> 0:07:04.590)
[01:22:50]   [video 1457/1999] yt-dlp KsGnwBUqkK0 (1 clip(s) needed) ...
[01:23:03]     [1458/2000] cutting KsGnwBUqkK0_20.mp4 (0:02:55.925 -> 0:03:02.432)
[01:23:03]   [video 1458/1999] yt-dlp ob3xypEV1GU (1 clip(s) needed) ...
[01:23:09]     [1459/2000] cutting ob3xypEV1GU_13.mp4 (0:03:08.788 -> 0:03:17.530)
[01:23:09]   [video 1459/1999] yt-dlp R3sksTuhdTE (1 clip(s) needed) ...
[01:23:19]     [1460/2000] cutting R3sksTuhdTE_6.mp4 (0:01:43.733 -> 0:01:48.066)
[01:23:20]   [video 1460/1999] yt-dlp wgXyBDq05SU (1 clip(s) needed) ...
[01:23:25]     [1461/2000] cutting wgXyBDq05SU_1.mp4 (0:00:26.680 -> 0:00:30.200)
[01:23:25]   [video 1461/1999] yt-dlp jS6GLENYUWY (1 clip(s) needed) ...
[01:23:32]     [1462/2000] cutting jS6GLENYUWY_13.mp4 (0:01:00.600 -> 0:01:04.200)
[01:23:32]   [video 1462/1999] yt-dlp bK4bjAyqhko (1 clip(s) needed) ...
[01:23:37]     [1463/2000] cutting bK4bjAyqhko_0.mp4 (0:00:15.890 -> 0:01:03.938)
[01:23:38]   [video 1463/1999] yt-dlp XXEaIVJCAxQ (1 clip(s) needed) ...
[01:23:45]     [1464/2000] cutting XXEaIVJCAxQ_9.mp4 (0:03:11.457 -> 0:03:36.316)
[01:23:45]   [video 1464/1999] yt-dlp lH07ycChBgg (1 clip(s) needed) ...
[01:23:58]     [1465/2000] cutting lH07ycChBgg_11.mp4 (0:01:37.764 -> 0:01:54.881)
[01:23:58]   [video 1465/1999] yt-dlp gAg0W6GHc9s (1 clip(s) needed) ...
[01:24:06]     [1466/2000] cutting gAg0W6GHc9s_1.mp4 (0:01:47.000 -> 0:02:03.320)
[01:24:06]   [video 1466/1999] yt-dlp X-FLb5MiI4c (1 clip(s) needed) ...
[01:24:14]     [1467/2000] cutting X-FLb5MiI4c_3.mp4 (0:01:20.280 -> 0:01:23.483)
[01:24:14]   [video 1467/1999] yt-dlp 7TBoDdLCLkQ (1 clip(s) needed) ...
[01:24:20]     [1468/2000] cutting 7TBoDdLCLkQ_54.mp4 (0:08:53.120 -> 0:09:03.480)
[01:24:20]   [video 1468/1999] yt-dlp rU6T0K3zoYg (1 clip(s) needed) ...
[01:24:23]     FAILED: ERROR: [youtube] rU6T0K3zoYg: This video is not available
[01:24:23]   [video 1469/1999] yt-dlp q7nVuSBxT4o (1 clip(s) needed) ...
[01:24:26]     FAILED: ERROR: [youtube] q7nVuSBxT4o: Private video
[01:24:26]   [video 1470/1999] yt-dlp Z9kMH22nTLU (1 clip(s) needed) ...
[01:24:34]     [1471/2000] cutting Z9kMH22nTLU_3.mp4 (0:00:25.325 -> 0:00:29.362)
[01:24:34]   [video 1471/1999] yt-dlp ygaBS8MXzNY (1 clip(s) needed) ...
[01:24:37]     FAILED: ERROR: [youtube] ygaBS8MXzNY: Please sign in. Use --cookies-from-browser or --cookies for the authentication. See  https://github.com/yt-dlp/yt-dlp/wiki/FAQ#how-do-i-pass-cookies-to-yt-dlp  for how to manually pass cookies. Also see  https://github.com/yt-dlp/yt-dlp/wiki/Extractors#exporting-youtube-cookies  for tips on effectively exporting YouTube cookies
[01:24:37]   [video 1472/1999] yt-dlp GF4TQWgHU6U (1 clip(s) needed) ...
[01:24:45]     [1473/2000] cutting GF4TQWgHU6U_3.mp4 (0:03:58.471 -> 0:04:46.519)
[01:24:46]   [video 1473/1999] yt-dlp iVK4MsT1WCg (1 clip(s) needed) ...
[01:24:51]     [1474/2000] cutting iVK4MsT1WCg_3.mp4 (0:01:46.906 -> 0:02:14.734)
[01:24:52]   [video 1474/1999] yt-dlp Ha5HlZtq9AU (1 clip(s) needed) ...
[01:25:02]     [1475/2000] cutting Ha5HlZtq9AU_5.mp4 (0:02:29.400 -> 0:02:34.600)
[01:25:02]   [video 1475/1999] yt-dlp hy96Z-CAZtU (1 clip(s) needed) ...
[01:25:10]     [1476/2000] cutting hy96Z-CAZtU_0.mp4 (0:00:01.968 -> 0:00:17.817)
[01:25:10]   [video 1476/1999] yt-dlp -ve2DsmdQIw (1 clip(s) needed) ...
[01:25:15]     [1477/2000] cutting -ve2DsmdQIw_6.mp4 (0:00:59.392 -> 0:01:06.441)
[01:25:16]   [video 1477/1999] yt-dlp V-zIsK56qMM (1 clip(s) needed) ...
[01:25:25]     [1478/2000] cutting V-zIsK56qMM_1.mp4 (0:02:05.291 -> 0:02:53.339)
[01:25:25]   [video 1478/1999] yt-dlp QXIUeu4L8vE (1 clip(s) needed) ...
[01:25:39]     [1479/2000] cutting QXIUeu4L8vE_5.mp4 (0:02:47.901 -> 0:03:14.561)
[01:25:39]   [video 1479/1999] yt-dlp 6Cmaz0Gs568 (1 clip(s) needed) ...
[01:25:55]     [1480/2000] cutting 6Cmaz0Gs568_11.mp4 (0:01:51.120 -> 0:01:55.160)
[01:25:55]   [video 1480/1999] yt-dlp D72UM-WR3_g (1 clip(s) needed) ...
[01:25:59]     [1481/2000] cutting D72UM-WR3_g_1.mp4 (0:00:09.876 -> 0:00:14.948)
[01:25:59]   [video 1481/1999] yt-dlp K-BjC3fX50o (1 clip(s) needed) ...
[01:26:06]     [1482/2000] cutting K-BjC3fX50o_2.mp4 (0:00:41.280 -> 0:00:48.120)
[01:26:07]   [video 1482/1999] yt-dlp 0Pz36ylv1gk (1 clip(s) needed) ...
[01:26:12]     [1483/2000] cutting 0Pz36ylv1gk_0.mp4 (0:00:07.240 -> 0:00:18.440)
[01:26:12]   [video 1483/1999] yt-dlp fZ0li6spbnY (1 clip(s) needed) ...
[01:26:18]     [1484/2000] cutting fZ0li6spbnY_0.mp4 (0:00:06.506 -> 0:00:19.052)
[01:26:18]   [video 1484/1999] yt-dlp 7NKl952rO7E (1 clip(s) needed) ...
[01:26:23]     [1485/2000] cutting 7NKl952rO7E_9.mp4 (0:01:11.971 -> 0:01:16.109)
[01:26:23]   [video 1485/1999] yt-dlp sjdkHRAUUrQ (1 clip(s) needed) ...
[01:26:29]     [1486/2000] cutting sjdkHRAUUrQ_1.mp4 (0:00:24.357 -> 0:00:31.431)
[01:26:29]   [video 1486/1999] yt-dlp UizZS_kkE14 (1 clip(s) needed) ...
[01:26:35]     [1487/2000] cutting UizZS_kkE14_23.mp4 (0:03:25.066 -> 0:03:30.816)
[01:26:35]   [video 1487/1999] yt-dlp 0LDLCmckK0o (1 clip(s) needed) ...
[01:26:38]     FAILED: ERROR: [youtube] 0LDLCmckK0o: Video unavailable
[01:26:38]   [video 1488/1999] yt-dlp YpijI3Cs9P0 (1 clip(s) needed) ...
[01:26:47]     [1489/2000] cutting YpijI3Cs9P0_22.mp4 (0:07:39.692 -> 0:07:49.969)
[01:26:47]   [video 1489/1999] yt-dlp MUt2Xs-_6uc (1 clip(s) needed) ...
[01:26:53]     [1490/2000] cutting MUt2Xs-_6uc_5.mp4 (0:01:00.860 -> 0:01:04.898)
[01:26:53]   [video 1490/1999] yt-dlp uJ2ocC1POYI (1 clip(s) needed) ...
[01:27:01]     [1491/2000] cutting uJ2ocC1POYI_6.mp4 (0:01:12.238 -> 0:01:21.815)
[01:27:01]   [video 1491/1999] yt-dlp c-vTFAgbF0k (1 clip(s) needed) ...
[01:27:08]     [1492/2000] cutting c-vTFAgbF0k_43.mp4 (0:06:02.300 -> 0:06:08.366)
[01:27:09]   [video 1492/1999] yt-dlp nng2Pms8J0k (1 clip(s) needed) ...
[01:27:11]     FAILED: ERROR: [youtube] nng2Pms8J0k: Video unavailable
[01:27:11]   [video 1493/1999] yt-dlp 6ZzuFGw4XCg (1 clip(s) needed) ...
[01:27:15]     [1494/2000] cutting 6ZzuFGw4XCg_1.mp4 (0:00:06.333 -> 0:00:22.066)
[01:27:16]   [video 1494/1999] yt-dlp c1uB-fZchLU (1 clip(s) needed) ...
[01:27:21]     [1495/2000] cutting c1uB-fZchLU_11.mp4 (0:02:05.959 -> 0:02:17.570)
[01:27:22]   [video 1495/1999] yt-dlp a0tNPkoXkBg (1 clip(s) needed) ...
[01:27:28]     [1496/2000] cutting a0tNPkoXkBg_15.mp4 (0:03:06.352 -> 0:03:15.595)
[01:27:28]   [video 1496/1999] yt-dlp MNK12VLyXWw (1 clip(s) needed) ...
[01:27:38]     [1497/2000] cutting MNK12VLyXWw_2.mp4 (0:01:03.797 -> 0:01:51.845)
[01:27:38]   [video 1497/1999] yt-dlp eOMhzsFhapg (1 clip(s) needed) ...
[01:27:49]     [1498/2000] cutting eOMhzsFhapg_7.mp4 (0:02:55.633 -> 0:02:59.679)
[01:27:49]   [video 1498/1999] yt-dlp sVmp_0z8PsY (1 clip(s) needed) ...
[01:27:56]     [1499/2000] cutting sVmp_0z8PsY_7.mp4 (0:00:54.800 -> 0:01:04.766)
[01:27:56]   [video 1499/1999] yt-dlp _ZmVckmnFbs (1 clip(s) needed) ...
[01:28:03]     [1500/2000] cutting _ZmVckmnFbs_7.mp4 (0:03:06.200 -> 0:03:34.200)
[01:28:03]   [video 1500/1999] yt-dlp OhORM1RXqLg (1 clip(s) needed) ...
[01:28:12]     [1501/2000] cutting OhORM1RXqLg_1.mp4 (0:00:48.200 -> 0:01:36.200)
[01:28:12]   [video 1501/1999] yt-dlp NgvTfbmr3Mg (1 clip(s) needed) ...
[01:28:18]     [1502/2000] cutting NgvTfbmr3Mg_29.mp4 (0:03:19.840 -> 0:03:24.840)
[01:28:18]   [video 1502/1999] yt-dlp 7kEE4QEjJzs (1 clip(s) needed) ...
[01:28:21]     FAILED: ERROR: [youtube] 7kEE4QEjJzs: This video is not available
[01:28:21]   [video 1503/1999] yt-dlp JvHyk2ESFCI (1 clip(s) needed) ...
[01:28:26]     [1504/2000] cutting JvHyk2ESFCI_14.mp4 (0:02:39.959 -> 0:02:44.497)
[01:28:26]   [video 1504/1999] yt-dlp VHhtI2mTYlU (1 clip(s) needed) ...
[01:28:31]     [1505/2000] cutting VHhtI2mTYlU_2.mp4 (0:00:28.995 -> 0:00:36.503)
[01:28:31]   [video 1505/1999] yt-dlp zXB74yb37ho (1 clip(s) needed) ...
[01:28:38]     [1506/2000] cutting zXB74yb37ho_0.mp4 (0:00:18.960 -> 0:01:06.960)
[01:28:38]   [video 1506/1999] yt-dlp fTrqCWv_3nM (1 clip(s) needed) ...
[01:28:45]     [1507/2000] cutting fTrqCWv_3nM_4.mp4 (0:01:51.366 -> 0:02:06.566)
[01:28:45]   [video 1507/1999] yt-dlp LnhWV12IVhs (1 clip(s) needed) ...
[01:28:52]     [1508/2000] cutting LnhWV12IVhs_4.mp4 (0:03:35.648 -> 0:04:03.509)
[01:28:53]   [video 1508/1999] yt-dlp sfHavZhMHuQ (1 clip(s) needed) ...
[01:28:59]     [1509/2000] cutting sfHavZhMHuQ_3.mp4 (0:00:37.804 -> 0:00:46.880)
[01:28:59]   [video 1509/1999] yt-dlp DgPfp6wzp2g (1 clip(s) needed) ...
[01:29:04]     [1510/2000] cutting DgPfp6wzp2g_0.mp4 (0:00:17.433 -> 0:00:31.133)
[01:29:04]   [video 1510/1999] yt-dlp h8KeC3ksDtY (1 clip(s) needed) ...
[01:29:11]     [1511/2000] cutting h8KeC3ksDtY_6.mp4 (0:02:40.460 -> 0:02:45.298)
[01:29:11]   [video 1511/1999] yt-dlp IyshYidIskc (1 clip(s) needed) ...
[01:29:17]     [1512/2000] cutting IyshYidIskc_6.mp4 (0:01:11.504 -> 0:01:27.487)
[01:29:18]   [video 1512/1999] yt-dlp Gr2oFPfAg90 (1 clip(s) needed) ...
[01:29:41]     [1513/2000] cutting Gr2oFPfAg90_7.mp4 (0:11:39.465 -> 0:12:02.688)
[01:29:41]   [video 1513/1999] yt-dlp N7yXUwq4bXk (1 clip(s) needed) ...
[01:29:46]     [1514/2000] cutting N7yXUwq4bXk_1.mp4 (0:00:11.125 -> 0:00:15.000)
[01:29:46]   [video 1514/1999] yt-dlp dnb3mna3B9Y (1 clip(s) needed) ...
[01:29:52]     [1515/2000] cutting dnb3mna3B9Y_5.mp4 (0:02:39.259 -> 0:02:46.733)
[01:29:53]   [video 1515/1999] yt-dlp WJLtlrg_dOc (1 clip(s) needed) ...
[01:30:04]     [1516/2000] cutting WJLtlrg_dOc_28.mp4 (0:02:38.024 -> 0:02:45.131)
[01:30:04]   [video 1516/1999] yt-dlp ojwe_bo13FQ (1 clip(s) needed) ...
[01:30:15]     [1517/2000] cutting ojwe_bo13FQ_0.mp4 (0:00:15.915 -> 0:01:03.963)
[01:30:16]   [video 1517/1999] yt-dlp RrTm78yJcnE (1 clip(s) needed) ...
[01:30:21]     [1518/2000] cutting RrTm78yJcnE_2.mp4 (0:00:30.597 -> 0:01:18.645)
[01:30:22]   [video 1518/1999] yt-dlp OG0g76AEY2o (1 clip(s) needed) ...
[01:30:30]     [1519/2000] cutting OG0g76AEY2o_7.mp4 (0:01:34.133 -> 0:01:37.700)
[01:30:30]   [video 1519/1999] yt-dlp 6u3oOeEeaKU (1 clip(s) needed) ...
[01:30:35]     [1520/2000] cutting 6u3oOeEeaKU_10.mp4 (0:02:07.527 -> 0:02:11.564)
[01:30:35]   [video 1520/1999] yt-dlp 20b1hFNjUnA (1 clip(s) needed) ...
[01:30:42]     [1521/2000] cutting 20b1hFNjUnA_2.mp4 (0:00:21.154 -> 0:01:09.202)
[01:30:42]   [video 1521/1999] yt-dlp CmN2dRAiuj0 (1 clip(s) needed) ...
[01:30:48]     [1522/2000] cutting CmN2dRAiuj0_3.mp4 (0:08:01.948 -> 0:08:24.170)
[01:30:48]   [video 1522/1999] yt-dlp J2vZdi-xUoQ (1 clip(s) needed) ...
[01:30:53]     [1523/2000] cutting J2vZdi-xUoQ_10.mp4 (0:01:24.751 -> 0:01:31.291)
[01:30:54]   [video 1523/1999] yt-dlp 9svtUnhiHrs (1 clip(s) needed) ...
[01:31:00]     [1524/2000] cutting 9svtUnhiHrs_1.mp4 (0:01:41.000 -> 0:01:52.979)
[01:31:00]   [video 1524/1999] yt-dlp 1CTGUKkwA-A (1 clip(s) needed) ...
[01:31:08]     [1525/2000] cutting 1CTGUKkwA-A_2.mp4 (0:00:24.024 -> 0:01:12.038)
[01:31:09]   [video 1525/1999] yt-dlp hEGwYvyIyhI (1 clip(s) needed) ...
[01:31:11]     FAILED: ERROR: [youtube] hEGwYvyIyhI: This video is unavailable
[01:31:11]   [video 1526/1999] yt-dlp 6tsmrSLl_Qw (1 clip(s) needed) ...
[01:31:19]     [1527/2000] cutting 6tsmrSLl_Qw_3.mp4 (0:01:23.066 -> 0:01:52.433)
[01:31:19]   [video 1527/1999] yt-dlp cf3feHZg7FE (1 clip(s) needed) ...
[01:31:32]     [1528/2000] cutting cf3feHZg7FE_10.mp4 (0:13:17.160 -> 0:13:46.560)
[01:31:32]   [video 1528/1999] yt-dlp LW6CuTbgqpk (1 clip(s) needed) ...
[01:31:37]     [1529/2000] cutting LW6CuTbgqpk_3.mp4 (0:02:18.720 -> 0:02:34.720)
[01:31:37]   [video 1529/1999] yt-dlp JUINQW3Z28c (1 clip(s) needed) ...
[01:31:39]     FAILED: ERROR: [youtube] JUINQW3Z28c: This video is not available
[01:31:39]   [video 1530/1999] yt-dlp BW_ENUTafFU (1 clip(s) needed) ...
[01:31:47]     [1531/2000] cutting BW_ENUTafFU_6.mp4 (0:02:31.117 -> 0:02:47.066)
[01:31:47]   [video 1531/1999] yt-dlp J7oFSMK_Jfg (1 clip(s) needed) ...
[01:31:52]     [1532/2000] cutting J7oFSMK_Jfg_12.mp4 (0:02:18.666 -> 0:02:38.933)
[01:31:52]   [video 1532/1999] yt-dlp QmngWOirxnI (1 clip(s) needed) ...
[01:31:58]     [1533/2000] cutting QmngWOirxnI_2.mp4 (0:01:13.760 -> 0:01:25.920)
[01:31:59]   [video 1533/1999] yt-dlp 457Mxddg0N4 (1 clip(s) needed) ...
[01:32:13]     [1534/2000] cutting 457Mxddg0N4_14.mp4 (0:09:10.600 -> 0:09:27.920)
[01:32:13]   [video 1534/1999] yt-dlp IBeElvAbDuo (1 clip(s) needed) ...
[01:32:20]     [1535/2000] cutting IBeElvAbDuo_4.mp4 (0:02:36.458 -> 0:02:49.750)
[01:32:20]   [video 1535/1999] yt-dlp f7Li03ALNG8 (1 clip(s) needed) ...
[01:32:26]     [1536/2000] cutting f7Li03ALNG8_13.mp4 (0:05:40.273 -> 0:05:48.281)
[01:32:26]   [video 1536/1999] yt-dlp xH5SR3slews (1 clip(s) needed) ...
[01:32:32]     [1537/2000] cutting xH5SR3slews_9.mp4 (0:01:43.566 -> 0:01:51.566)
[01:32:32]   [video 1537/1999] yt-dlp K8lqWzfbEao (1 clip(s) needed) ...
[01:32:40]     [1538/2000] cutting K8lqWzfbEao_1.mp4 (0:00:05.900 -> 0:00:16.700)
[01:32:40]   [video 1538/1999] yt-dlp 4pf-8La09To (1 clip(s) needed) ...
[01:32:46]     [1539/2000] cutting 4pf-8La09To_11.mp4 (0:01:36.096 -> 0:01:43.978)
[01:32:46]   [video 1539/1999] yt-dlp i6wnsFE8oHs (1 clip(s) needed) ...
[01:32:56]     [1540/2000] cutting i6wnsFE8oHs_42.mp4 (0:06:12.171 -> 0:06:18.010)
[01:32:56]   [video 1540/1999] yt-dlp s6cPJkD0Ew8 (1 clip(s) needed) ...
[01:33:03]     [1541/2000] cutting s6cPJkD0Ew8_4.mp4 (0:03:33.713 -> 0:03:52.131)
[01:33:03]   [video 1541/1999] yt-dlp Mk-0yvTDu_o (1 clip(s) needed) ...
[01:33:09]     [1542/2000] cutting Mk-0yvTDu_o_3.mp4 (0:00:46.866 -> 0:00:50.666)
[01:33:09]   [video 1542/1999] yt-dlp XQdISQjONW4 (1 clip(s) needed) ...
[01:33:14]     [1543/2000] cutting XQdISQjONW4_3.mp4 (0:00:50.316 -> 0:01:12.272)
[01:33:14]   [video 1543/1999] yt-dlp wBjMEuViuPU (1 clip(s) needed) ...
[01:33:20]     [1544/2000] cutting wBjMEuViuPU_0.mp4 (0:00:05.005 -> 0:00:14.514)
[01:33:21]   [video 1544/1999] yt-dlp _ghL3oY90E8 (1 clip(s) needed) ...
[01:33:26]     [1545/2000] cutting _ghL3oY90E8_2.mp4 (0:00:41.674 -> 0:00:47.514)
[01:33:26]   [video 1545/1999] yt-dlp COIBImt6T1g (1 clip(s) needed) ...
[01:33:30]     [1546/2000] cutting COIBImt6T1g_4.mp4 (0:00:27.761 -> 0:00:33.400)
[01:33:30]   [video 1546/1999] yt-dlp at_BDwc-0W8 (1 clip(s) needed) ...
[01:33:38]     [1547/2000] cutting at_BDwc-0W8_12.mp4 (0:02:28.097 -> 0:02:33.987)
[01:33:38]   [video 1547/1999] yt-dlp 6xzkqES4AOk (1 clip(s) needed) ...
[01:33:44]     [1548/2000] cutting 6xzkqES4AOk_32.mp4 (0:05:00.583 -> 0:05:07.523)
[01:33:44]   [video 1548/1999] yt-dlp me7HHHbqvvw (1 clip(s) needed) ...
[01:33:51]     [1549/2000] cutting me7HHHbqvvw_7.mp4 (0:01:21.815 -> 0:01:33.793)
[01:33:51]   [video 1549/1999] yt-dlp 4cxvPt2_sOA (1 clip(s) needed) ...
[01:33:57]     [1550/2000] cutting 4cxvPt2_sOA_8.mp4 (0:02:02.120 -> 0:02:13.960)
[01:33:57]   [video 1550/1999] yt-dlp UsxqMb6br38 (1 clip(s) needed) ...
[01:34:08]     [1551/2000] cutting UsxqMb6br38_1.mp4 (0:00:31.120 -> 0:00:52.880)
[01:34:08]   [video 1551/1999] yt-dlp 5cCa3nhctow (1 clip(s) needed) ...
[01:34:14]     [1552/2000] cutting 5cCa3nhctow_5.mp4 (0:00:40.373 -> 0:00:43.376)
[01:34:14]   [video 1552/1999] yt-dlp _qL2DPM_gaI (1 clip(s) needed) ...
[01:34:16]     FAILED: ERROR: [youtube] _qL2DPM_gaI: This video is not available
[01:34:16]   [video 1553/1999] yt-dlp FBXjPIPPa9Y (1 clip(s) needed) ...
[01:34:25]     [1554/2000] cutting FBXjPIPPa9Y_1.mp4 (0:05:07.733 -> 0:05:55.733)
[01:34:25]   [video 1554/1999] yt-dlp zXnlMckRiyE (1 clip(s) needed) ...
[01:34:30]     [1555/2000] cutting zXnlMckRiyE_3.mp4 (0:01:05.273 -> 0:01:37.055)
[01:34:31]   [video 1555/1999] yt-dlp 6VIwy-u1ESQ (1 clip(s) needed) ...
[01:34:38]     [1556/2000] cutting 6VIwy-u1ESQ_3.mp4 (0:00:43.793 -> 0:01:10.487)
[01:34:38]   [video 1556/1999] yt-dlp 91mGk7FE5tU (1 clip(s) needed) ...
[01:34:44]     [1557/2000] cutting 91mGk7FE5tU_5.mp4 (0:01:38.598 -> 0:01:48.675)
[01:34:44]   [video 1557/1999] yt-dlp jEpsPEVgJEs (1 clip(s) needed) ...
[01:34:49]     [1558/2000] cutting jEpsPEVgJEs_17.mp4 (0:01:37.760 -> 0:01:42.280)
[01:34:50]   [video 1558/1999] yt-dlp tlZuRvICJfY (1 clip(s) needed) ...
[01:34:58]     [1559/2000] cutting tlZuRvICJfY_3.mp4 (0:05:22.121 -> 0:05:26.159)
[01:34:58]   [video 1559/1999] yt-dlp TXg0Y-vVWdU (1 clip(s) needed) ...
[01:35:08]     [1560/2000] cutting TXg0Y-vVWdU_26.mp4 (0:03:12.725 -> 0:03:18.932)
[01:35:08]   [video 1560/1999] yt-dlp 8OpkTJtN1as (1 clip(s) needed) ...
[01:35:16]     [1561/2000] cutting 8OpkTJtN1as_4.mp4 (0:04:50.000 -> 0:05:31.400)
[01:35:16]   [video 1561/1999] yt-dlp yUbDt11ieO0 (1 clip(s) needed) ...
[01:35:22]     [1562/2000] cutting yUbDt11ieO0_5.mp4 (0:01:29.289 -> 0:02:03.823)
[01:35:22]   [video 1562/1999] yt-dlp pvsJIwVscoc (1 clip(s) needed) ...
[01:35:28]     [1563/2000] cutting pvsJIwVscoc_10.mp4 (0:01:42.200 -> 0:01:56.040)
[01:35:29]   [video 1563/1999] yt-dlp QZJki64Ut6Y (1 clip(s) needed) ...
[01:35:40]     [1564/2000] cutting QZJki64Ut6Y_13.mp4 (0:11:38.681 -> 0:11:51.844)
[01:35:40]   [video 1564/1999] yt-dlp FtZWSdj3GvM (1 clip(s) needed) ...
[01:35:45]     [1565/2000] cutting FtZWSdj3GvM_6.mp4 (0:01:25.916 -> 0:01:32.708)
[01:35:45]   [video 1565/1999] yt-dlp OKTLRQz9Q6s (1 clip(s) needed) ...
[01:35:50]     [1566/2000] cutting OKTLRQz9Q6s_9.mp4 (0:01:02.020 -> 0:01:47.190)
[01:35:50]   [video 1566/1999] yt-dlp UBxqxt8Zex4 (1 clip(s) needed) ...
[01:36:00]     [1567/2000] cutting UBxqxt8Zex4_11.mp4 (0:01:54.364 -> 0:01:58.384)
[01:36:00]   [video 1567/1999] yt-dlp ii1S_D2a9Ew (1 clip(s) needed) ...
[01:36:10]     [1568/2000] cutting ii1S_D2a9Ew_2.mp4 (0:07:03.840 -> 0:07:08.680)
[01:36:10]   [video 1568/1999] yt-dlp XJgWWqqRfA0 (1 clip(s) needed) ...
[01:36:18]     [1569/2000] cutting XJgWWqqRfA0_2.mp4 (0:05:05.066 -> 0:05:09.566)
[01:36:18]   [video 1569/1999] yt-dlp SsNfTJyL60Q (1 clip(s) needed) ...
[01:36:22]     [1570/2000] cutting SsNfTJyL60Q_4.mp4 (0:01:43.636 -> 0:01:48.174)
[01:36:22]   [video 1570/1999] yt-dlp 8yHZm_3AkkU (1 clip(s) needed) ...
[01:36:32]     [1571/2000] cutting 8yHZm_3AkkU_5.mp4 (0:06:05.666 -> 0:06:21.666)
[01:36:32]   [video 1571/1999] yt-dlp 6wpm6V2Op8k (1 clip(s) needed) ...
[01:36:38]     [1572/2000] cutting 6wpm6V2Op8k_8.mp4 (0:01:23.416 -> 0:01:32.575)
[01:36:38]   [video 1572/1999] yt-dlp XeQ2mxI-fR0 (1 clip(s) needed) ...
[01:36:41]     FAILED: ERROR: [youtube] XeQ2mxI-fR0: Private video
[01:36:41]   [video 1573/1999] yt-dlp aP_os_Ro54Y (1 clip(s) needed) ...
[01:36:57]     [1574/2000] cutting aP_os_Ro54Y_6.mp4 (0:00:53.791 -> 0:00:58.208)
[01:36:58]   [video 1574/1999] yt-dlp ONbTECYexKE (1 clip(s) needed) ...
[01:37:06]     [1575/2000] cutting ONbTECYexKE_8.mp4 (0:01:50.875 -> 0:01:54.583)
[01:37:06]   [video 1575/1999] yt-dlp RFKSGgzZ6OQ (1 clip(s) needed) ...
[01:37:08]     FAILED: ERROR: [youtube] RFKSGgzZ6OQ: This video is unavailable
[01:37:08]   [video 1576/1999] yt-dlp Bsq20Ct0zxw (1 clip(s) needed) ...
[01:37:15]     [1577/2000] cutting Bsq20Ct0zxw_12.mp4 (0:02:40.243 -> 0:02:50.603)
[01:37:15]   [video 1577/1999] yt-dlp qfdsFyETT4Q (1 clip(s) needed) ...
[01:37:21]     [1578/2000] cutting qfdsFyETT4Q_3.mp4 (0:00:48.800 -> 0:01:36.800)
[01:37:21]   [video 1578/1999] yt-dlp uy5gaTcFouA (1 clip(s) needed) ...
[01:37:26]     [1579/2000] cutting uy5gaTcFouA_11.mp4 (0:01:15.600 -> 0:01:18.840)
[01:37:27]   [video 1579/1999] yt-dlp 2xlkKIGNsMw (1 clip(s) needed) ...
[01:38:26]     [1580/2000] cutting 2xlkKIGNsMw_28.mp4 (1:21:16.966 -> 1:21:22.133)
[01:38:26]   [video 1580/1999] yt-dlp IYYP_tyPEZ8 (1 clip(s) needed) ...
[01:38:32]     [1581/2000] cutting IYYP_tyPEZ8_13.mp4 (0:03:11.800 -> 0:03:15.833)
[01:38:33]   [video 1581/1999] yt-dlp KCSnE_3k4V0 (1 clip(s) needed) ...
[01:38:39]     [1582/2000] cutting KCSnE_3k4V0_15.mp4 (0:03:12.650 -> 0:03:18.489)
[01:38:39]   [video 1582/1999] yt-dlp I0CpcIH_Uq4 (1 clip(s) needed) ...
[01:38:45]     [1583/2000] cutting I0CpcIH_Uq4_3.mp4 (0:00:17.717 -> 0:00:36.803)
[01:38:45]   [video 1583/1999] yt-dlp 4Mx7PCfAr7s (1 clip(s) needed) ...
[01:38:50]     [1584/2000] cutting 4Mx7PCfAr7s_2.mp4 (0:01:02.562 -> 0:01:09.002)
[01:38:50]   [video 1584/1999] yt-dlp QrdSTCWhybI (1 clip(s) needed) ...
[01:38:54]     [1585/2000] cutting QrdSTCWhybI_1.mp4 (0:00:10.677 -> 0:00:17.650)
[01:38:54]   [video 1585/1999] yt-dlp _XN5NN1VuEg (1 clip(s) needed) ...
[01:39:03]     [1586/2000] cutting _XN5NN1VuEg_16.mp4 (0:03:33.750 -> 0:03:38.566)
[01:39:03]   [video 1586/1999] yt-dlp 59IQcxIjc9c (1 clip(s) needed) ...
[01:39:09]     [1587/2000] cutting 59IQcxIjc9c_7.mp4 (0:02:18.304 -> 0:02:22.342)
[01:39:09]   [video 1587/1999] yt-dlp VA-eArTr7MU (1 clip(s) needed) ...
[01:39:14]     [1588/2000] cutting VA-eArTr7MU_4.mp4 (0:02:10.180 -> 0:02:14.200)
[01:39:14]   [video 1588/1999] yt-dlp Qk0U1CpI9i8 (1 clip(s) needed) ...
[01:39:21]     [1589/2000] cutting Qk0U1CpI9i8_0.mp4 (0:00:00.467 -> 0:00:04.504)
[01:39:21]   [video 1589/1999] yt-dlp rMqPIJsWkSI (1 clip(s) needed) ...
[01:39:27]     [1590/2000] cutting rMqPIJsWkSI_10.mp4 (0:01:49.292 -> 0:01:55.565)
[01:39:28]   [video 1590/1999] yt-dlp 4gabXWoSL0g (1 clip(s) needed) ...
[01:39:41]     [1591/2000] cutting 4gabXWoSL0g_36.mp4 (0:08:10.448 -> 0:08:25.713)
[01:39:41]   [video 1591/1999] yt-dlp R-i-nM-8aoY (1 clip(s) needed) ...
[01:39:48]     [1592/2000] cutting R-i-nM-8aoY_20.mp4 (0:03:19.980 -> 0:03:24.260)
[01:39:48]   [video 1592/1999] yt-dlp CIZpMt9IXLA (1 clip(s) needed) ...
[01:40:01]     [1593/2000] cutting CIZpMt9IXLA_2.mp4 (0:01:01.327 -> 0:01:49.375)
[01:40:01]   [video 1593/1999] yt-dlp 21haIvz8EnY (1 clip(s) needed) ...
[01:40:07]     [1594/2000] cutting 21haIvz8EnY_9.mp4 (0:01:58.118 -> 0:02:15.735)
[01:40:07]   [video 1594/1999] yt-dlp -fL1sxAGMvY (1 clip(s) needed) ...
[01:40:13]     [1595/2000] cutting -fL1sxAGMvY_7.mp4 (0:01:44.896 -> 0:02:32.944)
[01:40:13]   [video 1595/1999] yt-dlp Tj7ygOekzYg (1 clip(s) needed) ...
[01:40:19]     [1596/2000] cutting Tj7ygOekzYg_3.mp4 (0:00:44.233 -> 0:01:23.000)
[01:40:19]   [video 1596/1999] yt-dlp 4WHO87OJylg (1 clip(s) needed) ...
[01:40:24]     [1597/2000] cutting 4WHO87OJylg_1.mp4 (0:00:03.169 -> 0:00:08.008)
[01:40:24]   [video 1597/1999] yt-dlp sdgl_o2lkmA (1 clip(s) needed) ...
[01:40:31]     [1598/2000] cutting sdgl_o2lkmA_7.mp4 (0:04:19.900 -> 0:05:01.133)
[01:40:31]   [video 1598/1999] yt-dlp cjnf9kJjmOA (1 clip(s) needed) ...
[01:40:39]     [1599/2000] cutting cjnf9kJjmOA_5.mp4 (0:04:24.133 -> 0:05:12.133)
[01:40:39]   [video 1599/1999] yt-dlp 3vEo8kYhc7A (1 clip(s) needed) ...
[01:40:45]     [1600/2000] cutting 3vEo8kYhc7A_3.mp4 (0:01:58.118 -> 0:02:46.166)
[01:40:45]   [video 1600/1999] yt-dlp r_a4MOOcrfk (1 clip(s) needed) ...
[01:40:53]     [1601/2000] cutting r_a4MOOcrfk_9.mp4 (0:02:47.800 -> 0:03:03.349)
[01:40:53]   [video 1601/1999] yt-dlp eU9h2NrbygM (1 clip(s) needed) ...
[01:40:59]     [1602/2000] cutting eU9h2NrbygM_10.mp4 (0:01:42.836 -> 0:01:50.310)
[01:41:00]   [video 1602/1999] yt-dlp 3YPMmMWyAEw (1 clip(s) needed) ...
[01:41:02]     FAILED: ERROR: [youtube] 3YPMmMWyAEw: This video is not available
[01:41:02]   [video 1603/1999] yt-dlp RtsFrwM-zMg (1 clip(s) needed) ...
[01:41:07]     [1604/2000] cutting RtsFrwM-zMg_0.mp4 (0:00:04.404 -> 0:00:07.607)
[01:41:07]   [video 1604/1999] yt-dlp 4hcxkBYiafY (1 clip(s) needed) ...
[01:41:10]     FAILED: ERROR: [youtube] 4hcxkBYiafY: This video is not available
[01:41:10]   [video 1605/1999] yt-dlp aWqdBJmFf98 (1 clip(s) needed) ...
[01:41:16]     [1606/2000] cutting aWqdBJmFf98_1.mp4 (0:00:10.944 -> 0:00:17.851)
[01:41:16]   [video 1606/1999] yt-dlp I2u1tvHVK8U (1 clip(s) needed) ...
[01:41:24]     [1607/2000] cutting I2u1tvHVK8U_3.mp4 (0:02:35.355 -> 0:03:23.403)
[01:41:24]   [video 1607/1999] yt-dlp y2qLfariEbU (1 clip(s) needed) ...
[01:41:27]     FAILED: ERROR: [youtube] y2qLfariEbU: This video is not available
[01:41:27]   [video 1608/1999] yt-dlp gR3epipzDFY (1 clip(s) needed) ...
[01:41:37]     [1609/2000] cutting gR3epipzDFY_4.mp4 (0:03:39.452 -> 0:04:27.500)
[01:41:37]   [video 1609/1999] yt-dlp hP6HC-XdkiY (1 clip(s) needed) ...
[01:41:44]     [1610/2000] cutting hP6HC-XdkiY_19.mp4 (0:02:10.930 -> 0:02:22.475)
[01:41:44]   [video 1610/1999] yt-dlp LXhjRfWmHFs (1 clip(s) needed) ...
[01:41:51]     [1611/2000] cutting LXhjRfWmHFs_13.mp4 (0:03:27.960 -> 0:03:33.640)
[01:41:51]   [video 1611/1999] yt-dlp F655ZJ2teTM (1 clip(s) needed) ...
[01:41:56]     [1612/2000] cutting F655ZJ2teTM_5.mp4 (0:01:37.964 -> 0:02:26.012)
[01:41:56]   [video 1612/1999] yt-dlp p1II1FmJ24w (1 clip(s) needed) ...
[01:42:02]     [1613/2000] cutting p1II1FmJ24w_2.mp4 (0:00:30.730 -> 0:00:42.709)
[01:42:02]   [video 1613/1999] yt-dlp UNk1XAg_Af8 (1 clip(s) needed) ...
[01:42:08]     [1614/2000] cutting UNk1XAg_Af8_3.mp4 (0:02:02.055 -> 0:02:50.103)
[01:42:08]   [video 1614/1999] yt-dlp Y25olM5x6pk (1 clip(s) needed) ...
[01:42:14]     [1615/2000] cutting Y25olM5x6pk_4.mp4 (0:00:31.114 -> 0:00:42.500)
[01:42:14]   [video 1615/1999] yt-dlp zds0DKa53CU (1 clip(s) needed) ...
[01:42:21]     [1616/2000] cutting zds0DKa53CU_2.mp4 (0:00:17.150 -> 0:01:05.198)
[01:42:21]   [video 1616/1999] yt-dlp 3EL7qPwsSL0 (1 clip(s) needed) ...
[01:42:33]     [1617/2000] cutting 3EL7qPwsSL0_23.mp4 (0:08:19.688 -> 0:08:39.476)
[01:42:33]   [video 1617/1999] yt-dlp r7ArlB-vAkU (1 clip(s) needed) ...
[01:42:46]     [1618/2000] cutting r7ArlB-vAkU_15.mp4 (0:11:29.640 -> 0:11:46.640)
[01:42:46]   [video 1618/1999] yt-dlp APSfL6IYDoc (1 clip(s) needed) ...
[01:42:51]     [1619/2000] cutting APSfL6IYDoc_0.mp4 (0:00:02.960 -> 0:00:13.200)
[01:42:51]   [video 1619/1999] yt-dlp _enrBmiFNaE (1 clip(s) needed) ...
[01:42:58]     [1620/2000] cutting _enrBmiFNaE_7.mp4 (0:04:01.700 -> 0:04:17.700)
[01:42:58]   [video 1620/1999] yt-dlp Uu5hcfJvDFY (1 clip(s) needed) ...
[01:43:05]     [1621/2000] cutting Uu5hcfJvDFY_10.mp4 (0:04:37.440 -> 0:04:45.440)
[01:43:05]   [video 1621/1999] yt-dlp -fzXdE2UxUA (1 clip(s) needed) ...
[01:43:23]     [1622/2000] cutting -fzXdE2UxUA_15.mp4 (0:06:07.666 -> 0:06:17.466)
[01:43:23]   [video 1622/1999] yt-dlp NaoD8nBFhVQ (1 clip(s) needed) ...
[01:43:29]     [1623/2000] cutting NaoD8nBFhVQ_8.mp4 (0:00:59.759 -> 0:01:03.263)
[01:43:29]   [video 1623/1999] yt-dlp p9q-xlFmQSY (1 clip(s) needed) ...
[01:43:32]     FAILED: ERROR: [youtube] p9q-xlFmQSY: This video is not available
[01:43:32]   [video 1624/1999] yt-dlp Rn7WplGOREs (1 clip(s) needed) ...
[01:43:40]     [1625/2000] cutting Rn7WplGOREs_2.mp4 (0:00:13.680 -> 0:00:18.251)
[01:43:41]   [video 1625/1999] yt-dlp 8ojHwoiHLks (1 clip(s) needed) ...
[01:43:49]     [1626/2000] cutting 8ojHwoiHLks_4.mp4 (0:03:00.866 -> 0:03:48.866)
[01:43:49]   [video 1626/1999] yt-dlp qxMsXxytBD8 (1 clip(s) needed) ...
[01:43:52]     FAILED: ERROR: [youtube] qxMsXxytBD8: Private video
[01:43:52]   [video 1627/1999] yt-dlp MxT-0_K7S2o (1 clip(s) needed) ...
[01:44:08]     [1628/2000] cutting MxT-0_K7S2o_7.mp4 (0:00:42.942 -> 0:00:47.213)
[01:44:09]   [video 1628/1999] yt-dlp o5lUXxD3prk (1 clip(s) needed) ...
[01:44:17]     [1629/2000] cutting o5lUXxD3prk_6.mp4 (0:01:26.319 -> 0:01:32.725)
[01:44:17]   [video 1629/1999] yt-dlp 3jG5bbatGvk (1 clip(s) needed) ...
[01:44:23]     [1630/2000] cutting 3jG5bbatGvk_7.mp4 (0:01:08.120 -> 0:01:12.520)
[01:44:23]   [video 1630/1999] yt-dlp XeisW_wnUHc (1 clip(s) needed) ...
[01:44:36]     [1631/2000] cutting XeisW_wnUHc_8.mp4 (0:08:35.960 -> 0:09:23.960)
[01:44:36]   [video 1631/1999] yt-dlp V-VWajE1qR0 (1 clip(s) needed) ...
[01:44:47]     [1632/2000] cutting V-VWajE1qR0_13.mp4 (0:04:13.336 -> 0:04:40.179)
[01:44:47]   [video 1632/1999] yt-dlp CnBsqUY026E (1 clip(s) needed) ...
[01:45:08]     [1633/2000] cutting CnBsqUY026E_52.mp4 (0:14:54.400 -> 0:14:59.066)
[01:45:08]   [video 1633/1999] yt-dlp 1Eu_q2Vg5No (1 clip(s) needed) ...
[01:45:16]     [1634/2000] cutting 1Eu_q2Vg5No_9.mp4 (0:03:32.779 -> 0:04:04.611)
[01:45:16]   [video 1634/1999] yt-dlp 5s8-rbijQqU (1 clip(s) needed) ...
[01:45:19]     FAILED: ERROR: [youtube] 5s8-rbijQqU: Sign in to confirm your age. Use --cookies-from-browser or --cookies for the authentication. See  https://github.com/yt-dlp/yt-dlp/wiki/FAQ#how-do-i-pass-cookies-to-yt-dlp  for how to manually pass cookies. Also see  https://github.com/yt-dlp/yt-dlp/wiki/Extractors#exporting-youtube-cookies  for tips on effectively exporting YouTube cookies
[01:45:19]   [video 1635/1999] yt-dlp FCrN_swfrqo (1 clip(s) needed) ...
[01:45:26]     [1636/2000] cutting FCrN_swfrqo_9.mp4 (0:04:07.600 -> 0:04:15.500)
[01:45:26]   [video 1636/1999] yt-dlp cbTczLNQ1Ow (1 clip(s) needed) ...
[01:45:34]     [1637/2000] cutting cbTczLNQ1Ow_2.mp4 (0:06:28.421 -> 0:06:32.458)
[01:45:34]   [video 1637/1999] yt-dlp 6J_Cl9qUDr4 (1 clip(s) needed) ...
[01:45:40]     [1638/2000] cutting 6J_Cl9qUDr4_13.mp4 (0:03:42.160 -> 0:03:54.240)
[01:45:40]   [video 1638/1999] yt-dlp HXBUzJigzrg (1 clip(s) needed) ...
[01:45:51]     [1639/2000] cutting HXBUzJigzrg_25.mp4 (0:11:32.288 -> 0:11:44.067)
[01:45:52]   [video 1639/1999] yt-dlp nDNjEbk_GaU (1 clip(s) needed) ...
[01:45:58]     [1640/2000] cutting nDNjEbk_GaU_0.mp4 (0:00:06.000 -> 0:00:54.000)
[01:45:58]   [video 1640/1999] yt-dlp Zc2OMr49gMc (1 clip(s) needed) ...
[01:46:03]     [1641/2000] cutting Zc2OMr49gMc_13.mp4 (0:01:19.871 -> 0:01:26.252)
[01:46:03]   [video 1641/1999] yt-dlp 3l4ThQbAYd0 (1 clip(s) needed) ...
[01:46:08]     [1642/2000] cutting 3l4ThQbAYd0_0.mp4 (0:00:15.056 -> 0:01:03.104)
[01:46:09]   [video 1642/1999] yt-dlp RFkxkUDgXt8 (1 clip(s) needed) ...
[01:46:13]     [1643/2000] cutting RFkxkUDgXt8_5.mp4 (0:00:33.966 -> 0:00:39.500)
[01:46:14]   [video 1643/1999] yt-dlp ZCY_7L4DV68 (1 clip(s) needed) ...
[01:46:19]     [1644/2000] cutting ZCY_7L4DV68_17.mp4 (0:01:57.517 -> 0:02:01.621)
[01:46:19]   [video 1644/1999] yt-dlp YzWau58SvCQ (1 clip(s) needed) ...
[01:46:24]     [1645/2000] cutting YzWau58SvCQ_0.mp4 (0:00:03.294 -> 0:00:29.904)
[01:46:24]   [video 1645/1999] yt-dlp PlRHRIDIHNI (1 clip(s) needed) ...
[01:46:32]     [1646/2000] cutting PlRHRIDIHNI_1.mp4 (0:00:29.996 -> 0:01:18.044)
[01:46:32]   [video 1646/1999] yt-dlp Vafga3M6Q94 (1 clip(s) needed) ...
[01:46:39]     [1647/2000] cutting Vafga3M6Q94_17.mp4 (0:02:26.813 -> 0:02:31.851)
[01:46:39]   [video 1647/1999] yt-dlp iF6wHoGlGl8 (1 clip(s) needed) ...
[01:46:46]     [1648/2000] cutting iF6wHoGlGl8_13.mp4 (0:02:02.960 -> 0:02:08.080)
[01:46:46]   [video 1648/1999] yt-dlp lufjSuTwlWM (1 clip(s) needed) ...
[01:46:51]     [1649/2000] cutting lufjSuTwlWM_10.mp4 (0:02:14.633 -> 0:02:19.933)
[01:46:51]   [video 1649/1999] yt-dlp 6KfBVwrJypg (1 clip(s) needed) ...
[01:47:03]     [1650/2000] cutting 6KfBVwrJypg_4.mp4 (0:02:58.878 -> 0:03:24.771)
[01:47:03]   [video 1650/1999] yt-dlp bQ0IA7WIUi0 (1 clip(s) needed) ...
[01:47:15]     [1651/2000] cutting bQ0IA7WIUi0_6.mp4 (0:01:37.560 -> 0:01:59.440)
[01:47:15]   [video 1651/1999] yt-dlp h7wUDrLMpxk (1 clip(s) needed) ...
[01:47:19]     [1652/2000] cutting h7wUDrLMpxk_14.mp4 (0:01:44.571 -> 0:01:59.986)
[01:47:19]   [video 1652/1999] yt-dlp LTbvfk3SZqg (1 clip(s) needed) ...
[01:47:25]     [1653/2000] cutting LTbvfk3SZqg_5.mp4 (0:00:58.091 -> 0:01:13.073)
[01:47:25]   [video 1653/1999] yt-dlp MgWpcopYK74 (1 clip(s) needed) ...
[01:47:31]     [1654/2000] cutting MgWpcopYK74_6.mp4 (0:01:18.845 -> 0:01:25.885)
[01:47:31]   [video 1654/1999] yt-dlp t29YDz-0btU (1 clip(s) needed) ...
[01:47:40]     [1655/2000] cutting t29YDz-0btU_12.mp4 (0:09:12.685 -> 0:09:26.098)
[01:47:40]   [video 1655/1999] yt-dlp StklrCk3UuI (1 clip(s) needed) ...
[01:47:52]     [1656/2000] cutting StklrCk3UuI_15.mp4 (0:02:12.999 -> 0:02:23.510)
[01:47:52]   [video 1656/1999] yt-dlp ih5v1jE5JYw (1 clip(s) needed) ...
[01:47:59]     [1657/2000] cutting ih5v1jE5JYw_6.mp4 (0:04:34.300 -> 0:04:39.900)
[01:47:59]   [video 1657/1999] yt-dlp o6NhfFYT8gM (1 clip(s) needed) ...
[01:48:07]     [1658/2000] cutting o6NhfFYT8gM_2.mp4 (0:03:02.933 -> 0:03:26.933)
[01:48:07]   [video 1658/1999] yt-dlp bonB-tFq2sQ (1 clip(s) needed) ...
[01:48:13]     [1659/2000] cutting bonB-tFq2sQ_5.mp4 (0:01:03.920 -> 0:01:08.600)
[01:48:13]   [video 1659/1999] yt-dlp 4yXD5O6_1-8 (1 clip(s) needed) ...
[01:48:19]     [1660/2000] cutting 4yXD5O6_1-8_19.mp4 (0:04:25.999 -> 0:04:33.206)
[01:48:19]   [video 1660/1999] yt-dlp PKXzeTF03Js (1 clip(s) needed) ...
[01:48:33]     [1661/2000] cutting PKXzeTF03Js_15.mp4 (0:15:21.587 -> 0:15:53.519)
[01:48:34]   [video 1661/1999] yt-dlp JeFQXG-hTQ4 (1 clip(s) needed) ...
[01:48:39]     [1662/2000] cutting JeFQXG-hTQ4_6.mp4 (0:02:53.506 -> 0:03:00.280)
[01:48:39]   [video 1662/1999] yt-dlp 9WURapTp-mc (1 clip(s) needed) ...
[01:48:44]     [1663/2000] cutting 9WURapTp-mc_2.mp4 (0:00:42.000 -> 0:00:58.000)
[01:48:44]   [video 1663/1999] yt-dlp 9a4LkkESq-s (1 clip(s) needed) ...
[01:49:31]     [1664/2000] cutting 9a4LkkESq-s_62.mp4 (0:09:53.292 -> 0:09:58.531)
[01:49:31]   [video 1664/1999] yt-dlp oPJOCnSBUGI (1 clip(s) needed) ...
[01:49:37]     [1665/2000] cutting oPJOCnSBUGI_3.mp4 (0:00:23.023 -> 0:00:39.005)
[01:49:37]   [video 1665/1999] yt-dlp EaXpZaQ7mDQ (1 clip(s) needed) ...
[01:49:44]     [1666/2000] cutting EaXpZaQ7mDQ_1.mp4 (0:00:15.433 -> 0:00:25.833)
[01:49:44]   [video 1666/1999] yt-dlp wy3dHqcNr0o (1 clip(s) needed) ...
[01:49:49]     [1667/2000] cutting wy3dHqcNr0o_6.mp4 (0:01:07.734 -> 0:01:27.220)
[01:49:49]   [video 1667/1999] yt-dlp rwxmJoC4L4Q (1 clip(s) needed) ...
[01:49:55]     [1668/2000] cutting rwxmJoC4L4Q_6.mp4 (0:00:57.590 -> 0:01:01.628)
[01:49:55]   [video 1668/1999] yt-dlp PWIHjH7W4kA (1 clip(s) needed) ...
[01:50:09]     [1669/2000] cutting PWIHjH7W4kA_18.mp4 (0:13:29.560 -> 0:13:42.080)
[01:50:09]   [video 1669/1999] yt-dlp _NLTqRwLrtA (1 clip(s) needed) ...
[01:50:26]     [1670/2000] cutting _NLTqRwLrtA_75.mp4 (0:17:11.814 -> 0:17:15.834)
[01:50:26]   [video 1670/1999] yt-dlp Z9K7dpOKH5k (1 clip(s) needed) ...
[01:50:38]     [1671/2000] cutting Z9K7dpOKH5k_75.mp4 (0:13:35.160 -> 0:13:50.600)
[01:50:38]   [video 1671/1999] yt-dlp APNPFbMvRFk (1 clip(s) needed) ...
[01:50:46]     [1672/2000] cutting APNPFbMvRFk_0.mp4 (0:00:12.078 -> 0:01:00.126)
[01:50:47]   [video 1672/1999] yt-dlp _zixRjvLyk4 (1 clip(s) needed) ...
[01:50:55]     [1673/2000] cutting _zixRjvLyk4_4.mp4 (0:03:28.041 -> 0:04:16.089)
[01:50:55]   [video 1673/1999] yt-dlp g_gNW2XqUt0 (1 clip(s) needed) ...
[01:51:01]     [1674/2000] cutting g_gNW2XqUt0_5.mp4 (0:01:27.720 -> 0:01:41.367)
[01:51:01]   [video 1674/1999] yt-dlp WtRu4eHOZd0 (1 clip(s) needed) ...
[01:51:10]     [1675/2000] cutting WtRu4eHOZd0_5.mp4 (0:06:51.561 -> 0:06:55.581)
[01:51:10]   [video 1675/1999] yt-dlp aRpc2OYjg10 (1 clip(s) needed) ...
[01:51:17]     [1676/2000] cutting aRpc2OYjg10_3.mp4 (0:02:06.192 -> 0:02:54.240)
[01:51:17]   [video 1676/1999] yt-dlp 96fZ_0jvB3w (1 clip(s) needed) ...
[01:51:25]     [1677/2000] cutting 96fZ_0jvB3w_3.mp4 (0:02:56.266 -> 0:03:28.266)
[01:51:25]   [video 1677/1999] yt-dlp CKaH3zOOrdQ (1 clip(s) needed) ...
[01:51:33]     [1678/2000] cutting CKaH3zOOrdQ_3.mp4 (0:00:50.383 -> 0:01:00.794)
[01:51:33]   [video 1678/1999] yt-dlp HQz8-PbSWRQ (1 clip(s) needed) ...
[01:51:40]     [1679/2000] cutting HQz8-PbSWRQ_13.mp4 (0:04:22.662 -> 0:04:29.135)
[01:51:40]   [video 1679/1999] yt-dlp uNrzN2zTmdU (1 clip(s) needed) ...
[01:51:47]     [1680/2000] cutting uNrzN2zTmdU_34.mp4 (0:03:38.518 -> 0:03:42.722)
[01:51:48]   [video 1680/1999] yt-dlp 9KAbWYgOLCc (1 clip(s) needed) ...
[01:51:53]     [1681/2000] cutting 9KAbWYgOLCc_6.mp4 (0:01:02.966 -> 0:01:16.066)
[01:51:54]   [video 1681/1999] yt-dlp VXATd3AVN8w (1 clip(s) needed) ...
[01:51:59]     [1682/2000] cutting VXATd3AVN8w_1.mp4 (0:00:18.368 -> 0:00:34.534)
[01:52:00]   [video 1682/1999] yt-dlp 2fBqU2yw9Lw (1 clip(s) needed) ...
[01:52:08]     [1683/2000] cutting 2fBqU2yw9Lw_12.mp4 (0:06:02.760 -> 0:06:26.400)
[01:52:09]   [video 1683/1999] yt-dlp TySsmIt3eXk (1 clip(s) needed) ...
[01:52:14]     [1684/2000] cutting TySsmIt3eXk_1.mp4 (0:00:11.791 -> 0:00:17.708)
[01:52:15]   [video 1684/1999] yt-dlp Molu6dDhOak (1 clip(s) needed) ...
[01:52:22]     [1685/2000] cutting Molu6dDhOak_4.mp4 (0:03:57.766 -> 0:04:03.200)
[01:52:22]   [video 1685/1999] yt-dlp u_Fo0R72ago (1 clip(s) needed) ...
[01:52:31]     [1686/2000] cutting u_Fo0R72ago_6.mp4 (0:03:00.980 -> 0:03:45.692)
[01:52:32]   [video 1686/1999] yt-dlp rkAMXQeCoaw (1 clip(s) needed) ...
[01:52:40]     [1687/2000] cutting rkAMXQeCoaw_2.mp4 (0:00:45.745 -> 0:01:33.793)
[01:52:40]   [video 1687/1999] yt-dlp BZETWInLWAQ (1 clip(s) needed) ...
[01:52:48]     [1688/2000] cutting BZETWInLWAQ_26.mp4 (0:06:56.880 -> 0:07:12.120)
[01:52:48]   [video 1688/1999] yt-dlp jIrUMnvzfyw (1 clip(s) needed) ...
[01:52:57]     [1689/2000] cutting jIrUMnvzfyw_0.mp4 (0:00:04.766 -> 0:00:43.033)
[01:52:57]   [video 1689/1999] yt-dlp bhGruwG1Mhw (1 clip(s) needed) ...
[01:53:03]     [1690/2000] cutting bhGruwG1Mhw_18.mp4 (0:06:01.260 -> 0:06:06.566)
[01:53:03]   [video 1690/1999] yt-dlp xDGW_7WcuRQ (1 clip(s) needed) ...
[01:53:08]     [1691/2000] cutting xDGW_7WcuRQ_14.mp4 (0:02:19.806 -> 0:02:25.311)
[01:53:08]   [video 1691/1999] yt-dlp uU3gZiUdNqA (1 clip(s) needed) ...
[01:53:15]     [1692/2000] cutting uU3gZiUdNqA_2.mp4 (0:01:21.366 -> 0:01:31.633)
[01:53:15]   [video 1692/1999] yt-dlp AnZqSm8QGYg (1 clip(s) needed) ...
[01:53:30]     [1693/2000] cutting AnZqSm8QGYg_77.mp4 (0:15:01.700 -> 0:15:15.614)
[01:53:30]   [video 1693/1999] yt-dlp ibiTobUxyU4 (1 clip(s) needed) ...
[01:53:33]     FAILED: ERROR: [youtube] ibiTobUxyU4: This video is not available
[01:53:33]   [video 1694/1999] yt-dlp MaftLtFqrJ8 (1 clip(s) needed) ...
[01:53:39]     [1695/2000] cutting MaftLtFqrJ8_11.mp4 (0:01:49.500 -> 0:01:53.966)
[01:53:39]   [video 1695/1999] yt-dlp o9fLumXR5b4 (1 clip(s) needed) ...
[01:53:42]     FAILED: ERROR: [youtube] o9fLumXR5b4: This video is not available
[01:53:42]   [video 1696/1999] yt-dlp hbepShJgX1A (1 clip(s) needed) ...
[01:53:47]     [1697/2000] cutting hbepShJgX1A_0.mp4 (0:00:00.633 -> 0:00:05.772)
[01:53:47]   [video 1697/1999] yt-dlp lIg1pGa5GPA (1 clip(s) needed) ...
[01:53:53]     [1698/2000] cutting lIg1pGa5GPA_0.mp4 (0:00:06.000 -> 0:00:54.000)
[01:53:54]   [video 1698/1999] yt-dlp GY5uZuDzHe0 (1 clip(s) needed) ...
[01:54:04]     [1699/2000] cutting GY5uZuDzHe0_3.mp4 (0:01:26.933 -> 0:01:32.033)
[01:54:04]   [video 1699/1999] yt-dlp VcQiygvYxcc (1 clip(s) needed) ...
[01:54:10]     [1700/2000] cutting VcQiygvYxcc_0.mp4 (0:00:04.237 -> 0:00:38.171)
[01:54:10]   [video 1700/1999] yt-dlp Gj5x0ygj-_c (1 clip(s) needed) ...
[01:54:16]     [1701/2000] cutting Gj5x0ygj-_c_6.mp4 (0:02:00.266 -> 0:02:48.266)
[01:54:16]   [video 1701/1999] yt-dlp 9wLpoEZWrWk (1 clip(s) needed) ...
[01:54:24]     [1702/2000] cutting 9wLpoEZWrWk_21.mp4 (0:10:44.944 -> 0:10:50.049)
[01:54:24]   [video 1702/1999] yt-dlp rnJB8eTG-A4 (1 clip(s) needed) ...
[01:54:37]     [1703/2000] cutting rnJB8eTG-A4_1.mp4 (0:00:10.944 -> 0:00:58.992)
[01:54:37]   [video 1703/1999] yt-dlp osb5TVBJe_I (1 clip(s) needed) ...
[01:54:43]     [1704/2000] cutting osb5TVBJe_I_22.mp4 (0:02:50.170 -> 0:02:55.008)
[01:54:43]   [video 1704/1999] yt-dlp 4y9Sd2mAttg (1 clip(s) needed) ...
[01:54:50]     [1705/2000] cutting 4y9Sd2mAttg_1.mp4 (0:00:08.008 -> 0:00:20.395)
[01:54:50]   [video 1705/1999] yt-dlp x-hnbKL2CnE (1 clip(s) needed) ...
[01:54:58]     [1706/2000] cutting x-hnbKL2CnE_1.mp4 (0:00:10.944 -> 0:00:58.992)
[01:54:58]   [video 1706/1999] yt-dlp N_IbWxKG4Ho (1 clip(s) needed) ...
[01:55:05]     [1707/2000] cutting N_IbWxKG4Ho_7.mp4 (0:01:07.133 -> 0:01:12.105)
[01:55:05]   [video 1707/1999] yt-dlp daXd6Mpg3Tk (1 clip(s) needed) ...
[01:55:18]     [1708/2000] cutting daXd6Mpg3Tk_6.mp4 (0:11:28.560 -> 0:12:16.560)
[01:55:18]   [video 1708/1999] yt-dlp QM86Wmn0Gb0 (1 clip(s) needed) ...
[01:55:28]     [1709/2000] cutting QM86Wmn0Gb0_5.mp4 (0:01:46.706 -> 0:01:57.550)
[01:55:28]   [video 1709/1999] yt-dlp XXINWswQtGk (1 clip(s) needed) ...
[01:55:44]     [1710/2000] cutting XXINWswQtGk_131.mp4 (0:13:14.418 -> 0:13:18.631)
[01:55:44]   [video 1710/1999] yt-dlp tnJK3YYwj_E (1 clip(s) needed) ...
[01:55:56]     [1711/2000] cutting tnJK3YYwj_E_36.mp4 (0:07:03.183 -> 0:07:11.183)
[01:55:56]   [video 1711/1999] yt-dlp afxMZunWXgc (1 clip(s) needed) ...
[01:56:09]     [1712/2000] cutting afxMZunWXgc_9.mp4 (0:14:02.100 -> 0:14:50.100)
[01:56:09]   [video 1712/1999] yt-dlp tieGKwFaU0E (1 clip(s) needed) ...
[01:56:22]     [1713/2000] cutting tieGKwFaU0E_54.mp4 (0:13:03.282 -> 0:13:23.302)
[01:56:22]   [video 1713/1999] yt-dlp FlJUSum_2yU (1 clip(s) needed) ...
[01:56:28]     [1714/2000] cutting FlJUSum_2yU_10.mp4 (0:01:42.836 -> 0:01:55.014)
[01:56:28]   [video 1714/1999] yt-dlp FUgcbnHDG0c (1 clip(s) needed) ...
[01:56:34]     [1715/2000] cutting FUgcbnHDG0c_1.mp4 (0:00:13.813 -> 0:00:36.803)
[01:56:34]   [video 1715/1999] yt-dlp ieEs0MIPNtU (1 clip(s) needed) ...
[01:56:42]     [1716/2000] cutting ieEs0MIPNtU_5.mp4 (0:01:47.974 -> 0:01:59.953)
[01:56:42]   [video 1716/1999] yt-dlp Ozn_Dh5W-5I (1 clip(s) needed) ...
[01:56:53]     [1717/2000] cutting Ozn_Dh5W-5I_48.mp4 (0:08:41.160 -> 0:08:56.560)
[01:56:53]   [video 1717/1999] yt-dlp iWIrWJNsLjc (1 clip(s) needed) ...
[01:56:58]     [1718/2000] cutting iWIrWJNsLjc_3.mp4 (0:01:14.441 -> 0:01:42.202)
[01:56:58]   [video 1718/1999] yt-dlp Al3_chfgL8c (1 clip(s) needed) ...
[01:57:06]     [1719/2000] cutting Al3_chfgL8c_20.mp4 (0:04:14.120 -> 0:04:22.128)
[01:57:06]   [video 1719/1999] yt-dlp EA2VmMmzUwg (1 clip(s) needed) ...
[01:57:16]     [1720/2000] cutting EA2VmMmzUwg_12.mp4 (0:01:39.140 -> 0:01:44.229)
[01:57:17]   [video 1720/1999] yt-dlp I0rf42xHz3M (1 clip(s) needed) ...
[01:57:23]     [1721/2000] cutting I0rf42xHz3M_0.mp4 (0:00:05.989 -> 0:00:54.003)
[01:57:23]   [video 1721/1999] yt-dlp gja_VkqDZic (1 clip(s) needed) ...
[01:57:28]     [1722/2000] cutting gja_VkqDZic_12.mp4 (0:01:23.683 -> 0:01:26.953)
[01:57:28]   [video 1722/1999] yt-dlp ccAv0LsOMNk (1 clip(s) needed) ...
[01:57:41]     [1723/2000] cutting ccAv0LsOMNk_43.mp4 (0:06:47.400 -> 0:06:52.500)
[01:57:41]   [video 1723/1999] yt-dlp cyle_187DZU (1 clip(s) needed) ...
[01:57:50]     [1724/2000] cutting cyle_187DZU_12.mp4 (0:04:20.860 -> 0:04:29.435)
[01:57:50]   [video 1724/1999] yt-dlp s6K5rSoyzeU (1 clip(s) needed) ...
[01:57:55]     [1725/2000] cutting s6K5rSoyzeU_5.mp4 (0:00:44.177 -> 0:00:48.214)
[01:57:55]   [video 1725/1999] yt-dlp ChAnAkdk8k8 (1 clip(s) needed) ...
[01:58:02]     [1726/2000] cutting ChAnAkdk8k8_7.mp4 (0:01:32.926 -> 0:01:41.901)
[01:58:02]   [video 1726/1999] yt-dlp FbBxOxCbf9s (1 clip(s) needed) ...
[01:58:12]     [1727/2000] cutting FbBxOxCbf9s_22.mp4 (0:03:49.560 -> 0:03:59.240)
[01:58:12]   [video 1727/1999] yt-dlp 45q7CGVa7qc (1 clip(s) needed) ...
[01:58:20]     [1728/2000] cutting 45q7CGVa7qc_5.mp4 (0:00:50.150 -> 0:01:00.860)
[01:58:20]   [video 1728/1999] yt-dlp fCmdjepPU9c (1 clip(s) needed) ...
[01:58:33]     [1729/2000] cutting fCmdjepPU9c_45.mp4 (0:15:29.280 -> 0:15:49.840)
[01:58:33]   [video 1729/1999] yt-dlp Sl8eEyYlMyc (1 clip(s) needed) ...
[01:58:36]     FAILED: ERROR: [youtube] Sl8eEyYlMyc: This video is not available
[01:58:36]   [video 1730/1999] yt-dlp arBh-cjt-8Q (1 clip(s) needed) ...
[01:58:42]     [1731/2000] cutting arBh-cjt-8Q_2.mp4 (0:01:52.000 -> 0:02:08.000)
[01:58:42]   [video 1731/1999] yt-dlp VnH5ECSgMd8 (1 clip(s) needed) ...
[01:58:50]     [1732/2000] cutting VnH5ECSgMd8_1.mp4 (0:00:29.729 -> 0:00:44.711)
[01:58:50]   [video 1732/1999] yt-dlp 1znN8C76LbE (1 clip(s) needed) ...
[01:58:56]     [1733/2000] cutting 1znN8C76LbE_7.mp4 (0:01:35.328 -> 0:01:40.733)
[01:58:57]   [video 1733/1999] yt-dlp Shn7LdIrViQ (1 clip(s) needed) ...
[01:59:08]     [1734/2000] cutting Shn7LdIrViQ_34.mp4 (0:09:22.361 -> 0:09:26.399)
[01:59:08]   [video 1734/1999] yt-dlp GKcMauTTsQs (1 clip(s) needed) ...
[01:59:16]     [1735/2000] cutting GKcMauTTsQs_22.mp4 (0:02:58.386 -> 0:03:03.725)
[01:59:16]   [video 1735/1999] yt-dlp zIqh3v6KOIA (1 clip(s) needed) ...
[01:59:23]     [1736/2000] cutting zIqh3v6KOIA_11.mp4 (0:02:59.979 -> 0:03:17.964)
[01:59:23]   [video 1736/1999] yt-dlp 007Faf77Pio (1 clip(s) needed) ...
[01:59:31]     [1737/2000] cutting 007Faf77Pio_52.mp4 (0:05:10.176 -> 0:05:16.816)
[01:59:31]   [video 1737/1999] yt-dlp y4ok4S0DELU (1 clip(s) needed) ...
[01:59:39]     [1738/2000] cutting y4ok4S0DELU_7.mp4 (0:01:01.795 -> 0:01:14.140)
[01:59:39]   [video 1738/1999] yt-dlp PCcuvMQGlTY (1 clip(s) needed) ...
[01:59:44]     [1739/2000] cutting PCcuvMQGlTY_0.mp4 (0:00:05.500 -> 0:00:49.500)
[01:59:44]   [video 1739/1999] yt-dlp bHfnBVRrgt4 (1 clip(s) needed) ...
[01:59:52]     [1740/2000] cutting bHfnBVRrgt4_1.mp4 (0:00:42.342 -> 0:00:46.379)
[01:59:52]   [video 1740/1999] yt-dlp uf7xAkvrkGo (1 clip(s) needed) ...
[02:00:04]     [1741/2000] cutting uf7xAkvrkGo_13.mp4 (0:07:40.393 -> 0:08:26.038)
[02:00:04]   [video 1741/1999] yt-dlp rp5meTIP3Pk (1 clip(s) needed) ...
[02:00:13]     [1742/2000] cutting rp5meTIP3Pk_24.mp4 (0:08:08.688 -> 0:08:21.267)
[02:00:13]   [video 1742/1999] yt-dlp rGCNcRhsel4 (1 clip(s) needed) ...
[02:00:25]     [1743/2000] cutting rGCNcRhsel4_12.mp4 (0:03:30.710 -> 0:03:39.819)
[02:00:25]   [video 1743/1999] yt-dlp Ps_CtWfbRYs (1 clip(s) needed) ...
[02:00:33]     [1744/2000] cutting Ps_CtWfbRYs_9.mp4 (0:01:48.708 -> 0:02:03.256)
[02:00:34]   [video 1744/1999] yt-dlp VRWtlA-fm-c (1 clip(s) needed) ...
[02:00:40]     [1745/2000] cutting VRWtlA-fm-c_0.mp4 (0:00:06.000 -> 0:00:54.000)
[02:00:40]   [video 1745/1999] yt-dlp WyUTlRw_tgw (1 clip(s) needed) ...
[02:00:46]     [1746/2000] cutting WyUTlRw_tgw_2.mp4 (0:00:53.820 -> 0:00:57.791)
[02:00:47]   [video 1746/1999] yt-dlp SFIgOiqjaBs (1 clip(s) needed) ...
[02:00:52]     [1747/2000] cutting SFIgOiqjaBs_1.mp4 (0:00:06.400 -> 0:00:11.433)
[02:00:52]   [video 1747/1999] yt-dlp Utuofxj2f1g (1 clip(s) needed) ...
[02:01:01]     [1748/2000] cutting Utuofxj2f1g_1.mp4 (0:00:21.733 -> 0:01:09.733)
[02:01:01]   [video 1748/1999] yt-dlp 8HD3EQw9Vd4 (1 clip(s) needed) ...
[02:01:06]     [1749/2000] cutting 8HD3EQw9Vd4_1.mp4 (0:00:44.277 -> 0:00:50.984)
[02:01:06]   [video 1749/1999] yt-dlp JuFug_8LNbI (1 clip(s) needed) ...
[02:01:16]     [1750/2000] cutting JuFug_8LNbI_9.mp4 (0:02:53.873 -> 0:03:00.580)
[02:01:16]   [video 1750/1999] yt-dlp 5PaKygqb5Y4 (1 clip(s) needed) ...
[02:01:25]     [1751/2000] cutting 5PaKygqb5Y4_15.mp4 (0:03:01.347 -> 0:03:23.903)
[02:01:25]   [video 1751/1999] yt-dlp mX2myyFnjK4 (1 clip(s) needed) ...
[02:01:32]     [1752/2000] cutting mX2myyFnjK4_2.mp4 (0:01:59.085 -> 0:02:47.133)
[02:01:32]   [video 1752/1999] yt-dlp 6siwCQlHeqw (1 clip(s) needed) ...
[02:01:42]     [1753/2000] cutting 6siwCQlHeqw_2.mp4 (0:03:09.606 -> 0:03:57.654)
[02:01:42]   [video 1753/1999] yt-dlp L_Oplatp3jw (1 clip(s) needed) ...
[02:01:52]     [1754/2000] cutting L_Oplatp3jw_3.mp4 (0:01:15.560 -> 0:01:20.800)
[02:01:53]   [video 1754/1999] yt-dlp RCOtJcSSBrM (1 clip(s) needed) ...
[02:02:01]     [1755/2000] cutting RCOtJcSSBrM_14.mp4 (0:01:12.720 -> 0:01:16.800)
[02:02:02]   [video 1755/1999] yt-dlp lAofXdA_V28 (1 clip(s) needed) ...
[02:02:06]     [1756/2000] cutting lAofXdA_V28_22.mp4 (0:03:40.587 -> 0:03:47.160)
[02:02:06]   [video 1756/1999] yt-dlp vnm6G2YJ-nE (1 clip(s) needed) ...
[02:02:13]     [1757/2000] cutting vnm6G2YJ-nE_45.mp4 (0:05:37.070 -> 0:05:48.281)
[02:02:13]   [video 1757/1999] yt-dlp SIYRgeeDCqE (1 clip(s) needed) ...
[02:02:19]     [1758/2000] cutting SIYRgeeDCqE_0.mp4 (0:00:11.553 -> 0:00:24.649)
[02:02:19]   [video 1758/1999] yt-dlp lfaf5wTWHNw (1 clip(s) needed) ...
[02:02:24]     [1759/2000] cutting lfaf5wTWHNw_2.mp4 (0:00:32.799 -> 0:01:20.847)
[02:02:24]   [video 1759/1999] yt-dlp 49_KSgCgyks (1 clip(s) needed) ...
[02:02:29]     [1760/2000] cutting 49_KSgCgyks_1.mp4 (0:00:24.758 -> 0:00:32.766)
[02:02:29]   [video 1760/1999] yt-dlp ziPyt5pWEyk (1 clip(s) needed) ...
[02:02:35]     [1761/2000] cutting ziPyt5pWEyk_6.mp4 (0:01:09.469 -> 0:01:14.874)
[02:02:35]   [video 1761/1999] yt-dlp E8TfeCQ7idE (1 clip(s) needed) ...
[02:02:41]     [1762/2000] cutting E8TfeCQ7idE_12.mp4 (0:03:24.537 -> 0:03:32.100)
[02:02:41]   [video 1762/1999] yt-dlp NoQOzyUXvNg (1 clip(s) needed) ...
[02:02:46]     [1763/2000] cutting NoQOzyUXvNg_6.mp4 (0:01:50.300 -> 0:01:59.700)
[02:02:46]   [video 1763/1999] yt-dlp AVXHoqm5QxY (1 clip(s) needed) ...
[02:03:00]     [1764/2000] cutting AVXHoqm5QxY_10.mp4 (0:03:38.760 -> 0:03:51.880)
[02:03:00]   [video 1764/1999] yt-dlp Bhg_wR_bi9c (1 clip(s) needed) ...
[02:03:08]     [1765/2000] cutting Bhg_wR_bi9c_1.mp4 (0:00:08.975 -> 0:00:57.023)
[02:03:08]   [video 1765/1999] yt-dlp KA9YhYiPVlI (1 clip(s) needed) ...
[02:03:13]     [1766/2000] cutting KA9YhYiPVlI_7.mp4 (0:01:12.705 -> 0:01:24.084)
[02:03:13]   [video 1766/1999] yt-dlp iz9JickzmSo (1 clip(s) needed) ...
[02:03:16]     FAILED: ERROR: [youtube] iz9JickzmSo: This video is not available
[02:03:16]   [video 1767/1999] yt-dlp cJjU4eHKuhI (1 clip(s) needed) ...
[02:03:21]     [1768/2000] cutting cJjU4eHKuhI_3.mp4 (0:00:25.025 -> 0:00:32.866)
[02:03:21]   [video 1768/1999] yt-dlp 6tVVKc5EBx0 (1 clip(s) needed) ...
[02:03:25]     [1769/2000] cutting 6tVVKc5EBx0_0.mp4 (0:00:11.360 -> 0:00:39.360)
[02:03:25]   [video 1769/1999] yt-dlp e1ZXwM9cWUo (1 clip(s) needed) ...
[02:03:32]     [1770/2000] cutting e1ZXwM9cWUo_0.mp4 (0:00:00.516 -> 0:00:04.716)
[02:03:33]   [video 1770/1999] yt-dlp HqqwaeF1coY (1 clip(s) needed) ...
[02:03:47]     [1771/2000] cutting HqqwaeF1coY_39.mp4 (0:13:54.266 -> 0:14:06.245)
[02:03:47]   [video 1771/1999] yt-dlp w2V7CETvcOM (1 clip(s) needed) ...
[02:03:53]     [1772/2000] cutting w2V7CETvcOM_10.mp4 (0:01:11.137 -> 0:01:15.275)
[02:03:53]   [video 1772/1999] yt-dlp 9o_vaBYgUUk (1 clip(s) needed) ...
[02:04:00]     [1773/2000] cutting 9o_vaBYgUUk_47.mp4 (0:04:30.136 -> 0:04:34.641)
[02:04:01]   [video 1773/1999] yt-dlp ZGJ4KndxNi8 (1 clip(s) needed) ...
[02:04:07]     [1774/2000] cutting ZGJ4KndxNi8_2.mp4 (0:00:43.610 -> 0:00:58.892)
[02:04:07]   [video 1774/1999] yt-dlp n5eL81RXxXE (1 clip(s) needed) ...
[02:04:12]     [1775/2000] cutting n5eL81RXxXE_4.mp4 (0:00:43.100 -> 0:00:57.533)
[02:04:12]   [video 1775/1999] yt-dlp -H9_Nd8B57g (1 clip(s) needed) ...
[02:04:20]     [1776/2000] cutting -H9_Nd8B57g_34.mp4 (0:04:29.902 -> 0:04:36.492)
[02:04:20]   [video 1776/1999] yt-dlp 7PzQnCR7kyQ (1 clip(s) needed) ...
[02:04:38]     [1777/2000] cutting 7PzQnCR7kyQ_73.mp4 (0:13:05.750 -> 0:13:11.041)
[02:04:39]   [video 1777/1999] yt-dlp ttllwof03Sc (1 clip(s) needed) ...
[02:04:45]     [1778/2000] cutting ttllwof03Sc_1.mp4 (0:00:11.845 -> 0:00:27.794)
[02:04:45]   [video 1778/1999] yt-dlp Gvy6ShXh3_0 (1 clip(s) needed) ...
[02:04:50]     [1779/2000] cutting Gvy6ShXh3_0_8.mp4 (0:01:17.744 -> 0:01:20.814)
[02:04:50]   [video 1779/1999] yt-dlp FThhfl9h_yY (1 clip(s) needed) ...
[02:04:58]     [1780/2000] cutting FThhfl9h_yY_20.mp4 (0:05:28.328 -> 0:05:40.965)
[02:04:59]   [video 1780/1999] yt-dlp cmA8IxofBus (1 clip(s) needed) ...
[02:05:04]     [1781/2000] cutting cmA8IxofBus_3.mp4 (0:00:48.181 -> 0:00:55.355)
[02:05:04]   [video 1781/1999] yt-dlp vhPvfCaCLrU (1 clip(s) needed) ...
[02:05:11]     [1782/2000] cutting vhPvfCaCLrU_21.mp4 (0:03:59.405 -> 0:04:03.785)
[02:05:11]   [video 1782/1999] yt-dlp xQu1t97PdPQ (1 clip(s) needed) ...
[02:05:16]     [1783/2000] cutting xQu1t97PdPQ_8.mp4 (0:00:52.260 -> 0:00:55.972)
[02:05:16]   [video 1783/1999] yt-dlp ISTCh_3WjiQ (1 clip(s) needed) ...
[02:05:24]     [1784/2000] cutting ISTCh_3WjiQ_5.mp4 (0:04:44.400 -> 0:05:32.400)
[02:05:24]   [video 1784/1999] yt-dlp ZWxm-hrLvik (1 clip(s) needed) ...
[02:05:29]     [1785/2000] cutting ZWxm-hrLvik_0.mp4 (0:00:02.200 -> 0:00:06.720)
[02:05:30]   [video 1785/1999] yt-dlp _3S9OIfgsYU (1 clip(s) needed) ...
[02:05:38]     [1786/2000] cutting _3S9OIfgsYU_0.mp4 (0:00:04.766 -> 0:00:19.466)
[02:05:39]   [video 1786/1999] yt-dlp 41Q20-HLaIQ (1 clip(s) needed) ...
[02:05:45]     [1787/2000] cutting 41Q20-HLaIQ_41.mp4 (0:05:40.673 -> 0:05:44.811)
[02:05:46]   [video 1787/1999] yt-dlp oJ09BIqpwG0 (1 clip(s) needed) ...
[02:05:59]     [1788/2000] cutting oJ09BIqpwG0_47.mp4 (0:08:38.551 -> 0:08:44.991)
[02:05:59]   [video 1788/1999] yt-dlp 6PMAXv9WQ7Y (1 clip(s) needed) ...
[02:06:08]     [1789/2000] cutting 6PMAXv9WQ7Y_5.mp4 (0:00:39.875 -> 0:00:44.625)
[02:06:08]   [video 1789/1999] yt-dlp hCbRBdcCgfo (1 clip(s) needed) ...
[02:06:22]     [1790/2000] cutting hCbRBdcCgfo_40.mp4 (0:07:25.928 -> 0:07:58.778)
[02:06:22]   [video 1790/1999] yt-dlp 0qIIBHm9XAE (1 clip(s) needed) ...
[02:06:28]     [1791/2000] cutting 0qIIBHm9XAE_6.mp4 (0:00:58.733 -> 0:01:03.400)
[02:06:29]   [video 1791/1999] yt-dlp aSMSM8OWm6E (1 clip(s) needed) ...
[02:06:52]     [1792/2000] cutting aSMSM8OWm6E_6.mp4 (0:08:49.960 -> 0:09:11.400)
[02:06:52]   [video 1792/1999] yt-dlp DMRcGh_hQvI (1 clip(s) needed) ...
[02:06:59]     [1793/2000] cutting DMRcGh_hQvI_11.mp4 (0:01:24.520 -> 0:01:30.280)
[02:07:00]   [video 1793/1999] yt-dlp yooLNQeFD70 (1 clip(s) needed) ...
[02:07:11]     [1794/2000] cutting yooLNQeFD70_4.mp4 (0:01:09.133 -> 0:01:12.366)
[02:07:11]   [video 1794/1999] yt-dlp 0hle9ZCLwUA (1 clip(s) needed) ...
[02:07:18]     [1795/2000] cutting 0hle9ZCLwUA_8.mp4 (0:03:52.498 -> 0:04:00.506)
[02:07:18]   [video 1795/1999] yt-dlp cb5Ci1ZlUgs (1 clip(s) needed) ...
[02:07:25]     [1796/2000] cutting cb5Ci1ZlUgs_4.mp4 (0:01:21.948 -> 0:01:41.734)
[02:07:25]   [video 1796/1999] yt-dlp wb8KPTzEfsg (1 clip(s) needed) ...
[02:07:35]     [1797/2000] cutting wb8KPTzEfsg_2.mp4 (0:00:44.411 -> 0:01:32.459)
[02:07:36]   [video 1797/1999] yt-dlp iOILg8aKflw (1 clip(s) needed) ...
[02:07:54]     [1798/2000] cutting iOILg8aKflw_6.mp4 (0:01:52.846 -> 0:02:32.619)
[02:07:54]   [video 1798/1999] yt-dlp ZAPAXi8M4hY (1 clip(s) needed) ...
[02:08:06]     [1799/2000] cutting ZAPAXi8M4hY_19.mp4 (0:02:59.345 -> 0:03:03.383)
[02:08:06]   [video 1799/1999] yt-dlp L-FvF7E_gYQ (1 clip(s) needed) ...
[02:08:17]     [1800/2000] cutting L-FvF7E_gYQ_1.mp4 (0:00:09.926 -> 0:00:14.931)
[02:08:17]   [video 1800/1999] yt-dlp HpkQE2WdVoA (1 clip(s) needed) ...
[02:08:24]     [1801/2000] cutting HpkQE2WdVoA_9.mp4 (0:03:32.946 -> 0:03:44.924)
[02:08:24]   [video 1801/1999] yt-dlp l_jcFkzCiLM (1 clip(s) needed) ...
[02:08:30]     [1802/2000] cutting l_jcFkzCiLM_15.mp4 (0:01:03.855 -> 0:01:07.192)
[02:08:30]   [video 1802/1999] yt-dlp r72gjvwwbRM (1 clip(s) needed) ...
[02:08:41]     [1803/2000] cutting r72gjvwwbRM_6.mp4 (0:06:03.613 -> 0:06:31.657)
[02:08:41]   [video 1803/1999] yt-dlp woJgho3Glzs (1 clip(s) needed) ...
[02:08:44]     FAILED: ERROR: [youtube] woJgho3Glzs: This video is unavailable
[02:08:44]   [video 1804/1999] yt-dlp oi3dWtoTWc8 (1 clip(s) needed) ...
[02:08:51]     [1805/2000] cutting oi3dWtoTWc8_2.mp4 (0:01:49.793 -> 0:01:55.565)
[02:08:51]   [video 1805/1999] yt-dlp MnV_na5ahLs (1 clip(s) needed) ...
[02:08:59]     [1806/2000] cutting MnV_na5ahLs_36.mp4 (0:04:19.360 -> 0:04:27.320)
[02:09:00]   [video 1806/1999] yt-dlp qpaDUoaNopw (1 clip(s) needed) ...
[02:09:07]     [1807/2000] cutting qpaDUoaNopw_4.mp4 (0:01:31.563 -> 0:01:42.756)
[02:09:07]   [video 1807/1999] yt-dlp 7igK35QDkUk (1 clip(s) needed) ...
[02:09:13]     [1808/2000] cutting 7igK35QDkUk_1.mp4 (0:00:11.011 -> 0:00:54.821)
[02:09:14]   [video 1808/1999] yt-dlp kM7kQ7MqbR8 (1 clip(s) needed) ...
[02:09:31]     [1809/2000] cutting kM7kQ7MqbR8_4.mp4 (0:00:28.828 -> 0:01:16.876)
[02:09:31]   [video 1809/1999] yt-dlp _Aejv7w8-ms (1 clip(s) needed) ...
[02:09:34]     FAILED: ERROR: [youtube] _Aejv7w8-ms: Private video
[02:09:34]   [video 1810/1999] yt-dlp RVyYaZcG_Bg (1 clip(s) needed) ...
[02:09:39]     [1811/2000] cutting RVyYaZcG_Bg_8.mp4 (0:03:57.533 -> 0:04:07.433)
[02:09:39]   [video 1811/1999] yt-dlp cmZd_OEpZP0 (1 clip(s) needed) ...
[02:09:47]     [1812/2000] cutting cmZd_OEpZP0_8.mp4 (0:01:45.505 -> 0:02:12.999)
[02:09:47]   [video 1812/1999] yt-dlp JvhuI6-ocrY (1 clip(s) needed) ...
[02:09:54]     [1813/2000] cutting JvhuI6-ocrY_49.mp4 (0:11:13.255 -> 0:11:30.289)
[02:09:55]   [video 1813/1999] yt-dlp sGoCDlRr6ws (1 clip(s) needed) ...
[02:10:05]     [1814/2000] cutting sGoCDlRr6ws_2.mp4 (0:01:07.467 -> 0:01:26.486)
[02:10:06]   [video 1814/1999] yt-dlp CBOGw24T0nU (1 clip(s) needed) ...
[02:10:12]     [1815/2000] cutting CBOGw24T0nU_5.mp4 (0:01:03.897 -> 0:01:10.837)
[02:10:12]   [video 1815/1999] yt-dlp Q1O1z4vmIAM (1 clip(s) needed) ...
[02:10:25]     [1816/2000] cutting Q1O1z4vmIAM_19.mp4 (0:06:02.028 -> 0:06:14.340)
[02:10:25]   [video 1816/1999] yt-dlp 4hNXXeJWGfw (1 clip(s) needed) ...
[02:10:33]     [1817/2000] cutting 4hNXXeJWGfw_3.mp4 (0:00:25.825 -> 0:00:45.478)
[02:10:34]   [video 1817/1999] yt-dlp 2gVd1TAoj5M (1 clip(s) needed) ...
[02:10:39]     [1818/2000] cutting 2gVd1TAoj5M_0.mp4 (0:00:04.704 -> 0:00:24.624)
[02:10:39]   [video 1818/1999] yt-dlp kygTzIXmqfM (1 clip(s) needed) ...
[02:10:47]     [1819/2000] cutting kygTzIXmqfM_3.mp4 (0:00:43.083 -> 0:01:31.000)
[02:10:47]   [video 1819/1999] yt-dlp l5cHc7wE0Ow (1 clip(s) needed) ...
[02:10:52]     [1820/2000] cutting l5cHc7wE0Ow_0.mp4 (0:00:01.534 -> 0:00:13.980)
[02:10:53]   [video 1820/1999] yt-dlp PZDKRLJ5S1Q (1 clip(s) needed) ...
[02:10:56]     FAILED: ERROR: [youtube] PZDKRLJ5S1Q: Private video
[02:10:56]   [video 1821/1999] yt-dlp LBHKafkPeBU (1 clip(s) needed) ...
[02:11:04]     [1822/2000] cutting LBHKafkPeBU_3.mp4 (0:01:34.566 -> 0:01:42.566)
[02:11:04]   [video 1822/1999] yt-dlp SHlGx2Mo7pM (1 clip(s) needed) ...
[02:11:12]     [1823/2000] cutting SHlGx2Mo7pM_8.mp4 (0:04:17.924 -> 0:04:34.540)
[02:11:13]   [video 1823/1999] yt-dlp wLj__1vPQcE (1 clip(s) needed) ...
[02:11:17]     [1824/2000] cutting wLj__1vPQcE_2.mp4 (0:00:45.880 -> 0:00:52.320)
[02:11:17]   [video 1824/1999] yt-dlp ZyQh2B1PcRU (1 clip(s) needed) ...
[02:11:22]     [1825/2000] cutting ZyQh2B1PcRU_3.mp4 (0:02:01.233 -> 0:02:16.066)
[02:11:22]   [video 1825/1999] yt-dlp _orb_qE77R0 (1 clip(s) needed) ...
[02:11:29]     [1826/2000] cutting _orb_qE77R0_2.mp4 (0:00:44.711 -> 0:01:32.759)
[02:11:29]   [video 1826/1999] yt-dlp XvXjvjzQ5p4 (1 clip(s) needed) ...
[02:11:35]     [1827/2000] cutting XvXjvjzQ5p4_22.mp4 (0:03:25.040 -> 0:03:28.520)
[02:11:35]   [video 1827/1999] yt-dlp ftRaIQLe4R0 (1 clip(s) needed) ...
[02:11:42]     [1828/2000] cutting ftRaIQLe4R0_5.mp4 (0:02:15.480 -> 0:02:27.520)
[02:11:42]   [video 1828/1999] yt-dlp 6RGPosyx33c (1 clip(s) needed) ...
[02:11:52]     [1829/2000] cutting 6RGPosyx33c_5.mp4 (0:01:14.282 -> 0:01:54.030)
[02:11:53]   [video 1829/1999] yt-dlp nuQUStql9NA (1 clip(s) needed) ...
[02:12:02]     [1830/2000] cutting nuQUStql9NA_16.mp4 (0:03:49.900 -> 0:03:56.066)
[02:12:02]   [video 1830/1999] yt-dlp E0FMx5g3MRU (1 clip(s) needed) ...
[02:12:05]     FAILED: ERROR: [youtube] E0FMx5g3MRU: Private video
[02:12:05]   [video 1831/1999] yt-dlp 3J80-Ol3-kw (1 clip(s) needed) ...
[02:12:11]     [1832/2000] cutting 3J80-Ol3-kw_4.mp4 (0:04:11.884 -> 0:04:30.803)
[02:12:11]   [video 1832/1999] yt-dlp wMRm2NVrgpg (1 clip(s) needed) ...
[02:12:19]     [1833/2000] cutting wMRm2NVrgpg_4.mp4 (0:00:40.306 -> 0:00:54.721)
[02:12:19]   [video 1833/1999] yt-dlp 1NBqGQ-vk8I (1 clip(s) needed) ...
[02:12:22]     FAILED: ERROR: [youtube] 1NBqGQ-vk8I: Private video
[02:12:22]   [video 1834/1999] yt-dlp oszwFR47XoE (1 clip(s) needed) ...
[02:12:28]     [1835/2000] cutting oszwFR47XoE_5.mp4 (0:01:22.160 -> 0:01:29.040)
[02:12:28]   [video 1835/1999] yt-dlp lDyiuXrQYDE (1 clip(s) needed) ...
[02:12:39]     [1836/2000] cutting lDyiuXrQYDE_2.mp4 (0:00:31.364 -> 0:00:35.368)
[02:12:39]   [video 1836/1999] yt-dlp lzjcD2OGa8Q (1 clip(s) needed) ...
[02:12:45]     [1837/2000] cutting lzjcD2OGa8Q_6.mp4 (0:00:55.960 -> 0:01:03.320)
[02:12:45]   [video 1837/1999] yt-dlp K4SdheXL_xY (1 clip(s) needed) ...
[02:12:48]     FAILED: ERROR: [youtube] K4SdheXL_xY: This video is not available
[02:12:48]   [video 1838/1999] yt-dlp rCXSFSuUBuk (1 clip(s) needed) ...
[02:12:59]     [1839/2000] cutting rCXSFSuUBuk_2.mp4 (0:00:27.560 -> 0:00:35.869)
[02:12:59]   [video 1839/1999] yt-dlp S4VXvcMmXkQ (1 clip(s) needed) ...
[02:13:04]     [1840/2000] cutting S4VXvcMmXkQ_4.mp4 (0:00:25.759 -> 0:00:31.998)
[02:13:04]   [video 1840/1999] yt-dlp 8lquX-imy6o (1 clip(s) needed) ...
[02:13:12]     [1841/2000] cutting 8lquX-imy6o_48.mp4 (0:06:05.398 -> 0:06:08.468)
[02:13:12]   [video 1841/1999] yt-dlp lNjEAkNS1vw (1 clip(s) needed) ...
[02:13:18]     [1842/2000] cutting lNjEAkNS1vw_1.mp4 (0:00:13.980 -> 0:01:02.028)
[02:13:18]   [video 1842/1999] yt-dlp 8Sw61W80xZk (1 clip(s) needed) ...
[02:13:22]     [1843/2000] cutting 8Sw61W80xZk_1.mp4 (0:00:11.911 -> 0:00:27.861)
[02:13:23]   [video 1843/1999] yt-dlp JovDRoS1CsQ (1 clip(s) needed) ...
[02:13:32]     [1844/2000] cutting JovDRoS1CsQ_3.mp4 (0:03:59.572 -> 0:04:16.798)
[02:13:32]   [video 1844/1999] yt-dlp TvgLfyaFXb8 (1 clip(s) needed) ...
[02:13:37]     [1845/2000] cutting TvgLfyaFXb8_3.mp4 (0:00:23.700 -> 0:00:29.780)
[02:13:37]   [video 1845/1999] yt-dlp yjXXzWJ2zgU (1 clip(s) needed) ...
[02:13:43]     [1846/2000] cutting yjXXzWJ2zgU_0.mp4 (0:00:05.505 -> 0:00:14.981)
[02:13:43]   [video 1846/1999] yt-dlp WUBsh47tCOo (1 clip(s) needed) ...
[02:13:51]     [1847/2000] cutting WUBsh47tCOo_29.mp4 (0:03:58.280 -> 0:04:01.640)
[02:13:51]   [video 1847/1999] yt-dlp BIPLcj3y7gA (1 clip(s) needed) ...
[02:13:57]     [1848/2000] cutting BIPLcj3y7gA_3.mp4 (0:01:16.910 -> 0:02:04.958)
[02:13:57]   [video 1848/1999] yt-dlp RYCFACqDxRs (1 clip(s) needed) ...
[02:14:02]     [1849/2000] cutting RYCFACqDxRs_4.mp4 (0:00:54.254 -> 0:00:59.759)
[02:14:02]   [video 1849/1999] yt-dlp YvbXh2ySPY0 (1 clip(s) needed) ...
[02:14:18]     [1850/2000] cutting YvbXh2ySPY0_3.mp4 (0:00:43.276 -> 0:00:47.981)
[02:14:18]   [video 1850/1999] yt-dlp K49IQu2exPM (1 clip(s) needed) ...
[02:14:31]     [1851/2000] cutting K49IQu2exPM_34.mp4 (0:07:21.991 -> 0:07:29.999)
[02:14:31]   [video 1851/1999] yt-dlp ey17XoOZgZk (1 clip(s) needed) ...
[02:14:39]     [1852/2000] cutting ey17XoOZgZk_1.mp4 (0:05:19.919 -> 0:05:24.357)
[02:14:39]   [video 1852/1999] yt-dlp tu-eBvtm5Os (1 clip(s) needed) ...
[02:14:42]     FAILED: ERROR: [youtube] tu-eBvtm5Os: This video is not available
[02:14:42]   [video 1853/1999] yt-dlp VUqlLZafwlk (1 clip(s) needed) ...
[02:14:50]     [1854/2000] cutting VUqlLZafwlk_1.mp4 (0:01:44.958 -> 0:01:49.500)
[02:14:50]   [video 1854/1999] yt-dlp OpD4WQqHnJg (1 clip(s) needed) ...
[02:14:59]     [1855/2000] cutting OpD4WQqHnJg_3.mp4 (0:04:17.223 -> 0:04:43.016)
[02:14:59]   [video 1855/1999] yt-dlp rsw5PmVnfbU (1 clip(s) needed) ...
[02:15:10]     [1856/2000] cutting rsw5PmVnfbU_18.mp4 (0:06:02.395 -> 0:06:50.443)
[02:15:10]   [video 1856/1999] yt-dlp nzqWBGZjbbM (1 clip(s) needed) ...
[02:15:20]     [1857/2000] cutting nzqWBGZjbbM_9.mp4 (0:03:58.905 -> 0:04:10.016)
[02:15:21]   [video 1857/1999] yt-dlp 3Za8RwjBvSM (1 clip(s) needed) ...
[02:15:26]     [1858/2000] cutting 3Za8RwjBvSM_6.mp4 (0:01:15.008 -> 0:01:28.988)
[02:15:26]   [video 1858/1999] yt-dlp TNCnse2kjqc (1 clip(s) needed) ...
[02:15:33]     [1859/2000] cutting TNCnse2kjqc_5.mp4 (0:01:07.200 -> 0:01:15.208)
[02:15:33]   [video 1859/1999] yt-dlp 5UATmz-piT0 (1 clip(s) needed) ...
[02:15:40]     [1860/2000] cutting 5UATmz-piT0_2.mp4 (0:00:38.705 -> 0:00:52.952)
[02:15:40]   [video 1860/1999] yt-dlp r2mFbFHh24Y (1 clip(s) needed) ...
[02:15:45]     [1861/2000] cutting r2mFbFHh24Y_17.mp4 (0:02:01.588 -> 0:02:06.126)
[02:15:45]   [video 1861/1999] yt-dlp WntzoinHWAc (1 clip(s) needed) ...
[02:15:50]     [1862/2000] cutting WntzoinHWAc_3.mp4 (0:00:40.206 -> 0:00:44.978)
[02:15:50]   [video 1862/1999] yt-dlp t9rM07_H9MQ (1 clip(s) needed) ...
[02:15:56]     [1863/2000] cutting t9rM07_H9MQ_15.mp4 (0:02:06.200 -> 0:02:14.680)
[02:15:56]   [video 1863/1999] yt-dlp US6jecZ6kBw (1 clip(s) needed) ...
[02:16:03]     [1864/2000] cutting US6jecZ6kBw_9.mp4 (0:03:31.711 -> 0:04:09.457)
[02:16:03]   [video 1864/1999] yt-dlp ZyfoDgVnkNI (1 clip(s) needed) ...
[02:16:09]     [1865/2000] cutting ZyfoDgVnkNI_0.mp4 (0:00:06.106 -> 0:00:10.677)
[02:16:09]   [video 1865/1999] yt-dlp _y-WEagfTZ8 (1 clip(s) needed) ...
[02:16:15]     [1866/2000] cutting _y-WEagfTZ8_0.mp4 (0:00:05.472 -> 0:00:09.492)
[02:16:15]   [video 1866/1999] yt-dlp 3DVB8dTWFjI (1 clip(s) needed) ...
[02:16:20]     [1867/2000] cutting 3DVB8dTWFjI_5.mp4 (0:00:29.640 -> 0:00:35.000)
[02:16:20]   [video 1867/1999] yt-dlp m0j32NuEmrY (1 clip(s) needed) ...
[02:16:26]     [1868/2000] cutting m0j32NuEmrY_10.mp4 (0:01:36.629 -> 0:01:40.600)
[02:16:26]   [video 1868/1999] yt-dlp -8ao5tuMXl0 (1 clip(s) needed) ...
[02:16:32]     [1869/2000] cutting -8ao5tuMXl0_7.mp4 (0:01:05.607 -> 0:01:11.362)
[02:16:32]   [video 1869/1999] yt-dlp 72caLypmKCA (1 clip(s) needed) ...
[02:16:37]     [1870/2000] cutting 72caLypmKCA_14.mp4 (0:01:46.873 -> 0:01:51.778)
[02:16:38]   [video 1870/1999] yt-dlp XWqLRf-t7h0 (1 clip(s) needed) ...
[02:16:44]     [1871/2000] cutting XWqLRf-t7h0_2.mp4 (0:00:56.322 -> 0:01:42.769)
[02:16:44]   [video 1871/1999] yt-dlp s2neKiD6XJU (1 clip(s) needed) ...
[02:16:51]     [1872/2000] cutting s2neKiD6XJU_13.mp4 (0:01:10.720 -> 0:01:15.400)
[02:16:51]   [video 1872/1999] yt-dlp q9VG_lcrQPI (1 clip(s) needed) ...
[02:16:57]     [1873/2000] cutting q9VG_lcrQPI_6.mp4 (0:01:01.783 -> 0:01:06.450)
[02:16:57]   [video 1873/1999] yt-dlp iRDo89qnkEI (1 clip(s) needed) ...
[02:17:03]     [1874/2000] cutting iRDo89qnkEI_11.mp4 (0:01:21.614 -> 0:01:31.591)
[02:17:03]   [video 1874/1999] yt-dlp wDIw5g0vego (1 clip(s) needed) ...
[02:17:08]     [1875/2000] cutting wDIw5g0vego_0.mp4 (0:00:05.972 -> 0:00:54.020)
[02:17:08]   [video 1875/1999] yt-dlp cp5Z8oOcZmA (1 clip(s) needed) ...
[02:17:14]     [1876/2000] cutting cp5Z8oOcZmA_9.mp4 (0:02:22.575 -> 0:02:37.857)
[02:17:14]   [video 1876/1999] yt-dlp pLRy8MJPJc0 (1 clip(s) needed) ...
[02:17:17]     FAILED: ERROR: [youtube] pLRy8MJPJc0: This video is not available
[02:17:17]   [video 1877/1999] yt-dlp 8bpAad6fM84 (1 clip(s) needed) ...
[02:17:23]     [1878/2000] cutting 8bpAad6fM84_1.mp4 (0:00:13.458 -> 0:00:34.541)
[02:17:23]   [video 1878/1999] yt-dlp mcrcrTRiruU (1 clip(s) needed) ...
[02:17:33]     [1879/2000] cutting mcrcrTRiruU_2.mp4 (0:00:29.080 -> 0:00:37.920)
[02:17:33]   [video 1879/1999] yt-dlp NjZGWNKcVEA (1 clip(s) needed) ...
[02:17:41]     [1880/2000] cutting NjZGWNKcVEA_2.mp4 (0:00:41.600 -> 0:01:03.280)
[02:17:41]   [video 1880/1999] yt-dlp A7I5Aew8ZSw (1 clip(s) needed) ...
[02:17:46]     [1881/2000] cutting A7I5Aew8ZSw_3.mp4 (0:00:54.033 -> 0:00:57.200)
[02:17:46]   [video 1881/1999] yt-dlp erfZgxqMpp4 (1 clip(s) needed) ...
[02:17:55]     [1882/2000] cutting erfZgxqMpp4_8.mp4 (0:04:04.266 -> 0:04:13.533)
[02:17:55]   [video 1882/1999] yt-dlp rhrRgLa7Mrg (1 clip(s) needed) ...
[02:18:04]     [1883/2000] cutting rhrRgLa7Mrg_0.mp4 (0:00:08.100 -> 0:00:40.900)
[02:18:04]   [video 1883/1999] yt-dlp j4f1QccxzQk (1 clip(s) needed) ...
[02:18:08]     [1884/2000] cutting j4f1QccxzQk_5.mp4 (0:02:18.538 -> 0:02:31.100)
[02:18:09]   [video 1884/1999] yt-dlp jZ8ZxnIVo_Y (1 clip(s) needed) ...
[02:18:23]     [1885/2000] cutting jZ8ZxnIVo_Y_38.mp4 (0:15:25.758 -> 0:15:47.913)
[02:18:23]   [video 1885/1999] yt-dlp Tl8o9mkLtwo (1 clip(s) needed) ...
[02:18:29]     [1886/2000] cutting Tl8o9mkLtwo_4.mp4 (0:01:01.800 -> 0:01:32.000)
[02:18:29]   [video 1886/1999] yt-dlp T9Lqixj0qa0 (1 clip(s) needed) ...
[02:18:45]     [1887/2000] cutting T9Lqixj0qa0_27.mp4 (0:15:15.533 -> 0:15:58.000)
[02:18:45]   [video 1887/1999] yt-dlp DUBzlJN4EPI (1 clip(s) needed) ...
[02:18:54]     [1888/2000] cutting DUBzlJN4EPI_20.mp4 (0:02:50.360 -> 0:03:00.920)
[02:18:54]   [video 1888/1999] yt-dlp isxAdCNi9Zw (1 clip(s) needed) ...
[02:18:56]     FAILED: ERROR: [youtube] isxAdCNi9Zw: Private video
[02:18:56]   [video 1889/1999] yt-dlp NzLWxni9hWs (1 clip(s) needed) ...
[02:19:07]     [1890/2000] cutting NzLWxni9hWs_35.mp4 (0:07:39.392 -> 0:07:45.431)
[02:19:07]   [video 1890/1999] yt-dlp h11umzmNgmU (1 clip(s) needed) ...
[02:19:14]     [1891/2000] cutting h11umzmNgmU_4.mp4 (0:00:26.400 -> 0:00:30.000)
[02:19:14]   [video 1891/1999] yt-dlp lioPcQe2TB8 (1 clip(s) needed) ...
[02:19:20]     [1892/2000] cutting lioPcQe2TB8_8.mp4 (0:01:33.866 -> 0:01:48.733)
[02:19:20]   [video 1892/1999] yt-dlp Hygisk_wm0I (1 clip(s) needed) ...
[02:19:26]     [1893/2000] cutting Hygisk_wm0I_3.mp4 (0:00:50.583 -> 0:01:27.670)
[02:19:26]   [video 1893/1999] yt-dlp IMeaWEjHGWc (1 clip(s) needed) ...
[02:19:33]     [1894/2000] cutting IMeaWEjHGWc_3.mp4 (0:05:03.866 -> 0:05:15.866)
[02:19:33]   [video 1894/1999] yt-dlp wj9op7sW4ks (1 clip(s) needed) ...
[02:19:43]     [1895/2000] cutting wj9op7sW4ks_7.mp4 (0:05:51.217 -> 0:05:55.254)
[02:19:43]   [video 1895/1999] yt-dlp hASekVlVLE0 (1 clip(s) needed) ...
[02:19:50]     [1896/2000] cutting hASekVlVLE0_0.mp4 (0:00:15.915 -> 0:01:03.963)
[02:19:50]   [video 1896/1999] yt-dlp KV75zP2VqU0 (1 clip(s) needed) ...
[02:19:58]     [1897/2000] cutting KV75zP2VqU0_1.mp4 (0:00:30.296 -> 0:01:18.078)
[02:19:58]   [video 1897/1999] yt-dlp gbIm0ilapD4 (1 clip(s) needed) ...
[02:20:10]     [1898/2000] cutting gbIm0ilapD4_97.mp4 (0:10:08.760 -> 0:10:16.840)
[02:20:10]   [video 1898/1999] yt-dlp Ef_rzbSn4ms (1 clip(s) needed) ...
[02:20:16]     [1899/2000] cutting Ef_rzbSn4ms_1.mp4 (0:00:42.320 -> 0:01:00.880)
[02:20:17]   [video 1899/1999] yt-dlp kZpA66nibfg (1 clip(s) needed) ...
[02:20:22]     [1900/2000] cutting kZpA66nibfg_3.mp4 (0:00:56.366 -> 0:01:10.700)
[02:20:22]   [video 1900/1999] yt-dlp qrKfaX1lCUM (1 clip(s) needed) ...
[02:20:29]     [1901/2000] cutting qrKfaX1lCUM_18.mp4 (0:02:40.877 -> 0:02:53.423)
[02:20:29]   [video 1901/1999] yt-dlp RNhKjILSeZ0 (1 clip(s) needed) ...
[02:20:34]     [1902/2000] cutting RNhKjILSeZ0_10.mp4 (0:01:14.007 -> 0:01:19.212)
[02:20:34]   [video 1902/1999] yt-dlp OKhSxcgb_o0 (1 clip(s) needed) ...
[02:20:37]     FAILED: ERROR: [youtube] OKhSxcgb_o0: This video is not available
[02:20:37]   [video 1903/1999] yt-dlp Y1qxsUqOZdY (1 clip(s) needed) ...
[02:20:42]     [1904/2000] cutting Y1qxsUqOZdY_6.mp4 (0:01:27.280 -> 0:01:31.400)
[02:20:42]   [video 1904/1999] yt-dlp oR2P3VGCc0g (1 clip(s) needed) ...
[02:20:48]     [1905/2000] cutting oR2P3VGCc0g_1.mp4 (0:00:44.210 -> 0:01:32.258)
[02:20:48]   [video 1905/1999] yt-dlp mNIRGbWP2-0 (1 clip(s) needed) ...
[02:20:54]     [1906/2000] cutting mNIRGbWP2-0_17.mp4 (0:06:17.333 -> 0:06:50.416)
[02:20:55]   [video 1906/1999] yt-dlp HJg_HBudCjU (1 clip(s) needed) ...
[02:21:03]     [1907/2000] cutting HJg_HBudCjU_3.mp4 (0:01:16.972 -> 0:01:46.356)
[02:21:03]   [video 1907/1999] yt-dlp 5YfdLY3CAaw (1 clip(s) needed) ...
[02:21:09]     [1908/2000] cutting 5YfdLY3CAaw_0.mp4 (0:00:05.972 -> 0:00:54.020)
[02:21:09]   [video 1908/1999] yt-dlp 7xqzzk3R3bg (1 clip(s) needed) ...
[02:21:16]     [1909/2000] cutting 7xqzzk3R3bg_6.mp4 (0:02:11.600 -> 0:02:20.900)
[02:21:16]   [video 1909/1999] yt-dlp mz61BoO54bA (1 clip(s) needed) ...
[02:21:22]     [1910/2000] cutting mz61BoO54bA_4.mp4 (0:00:55.355 -> 0:01:07.400)
[02:21:22]   [video 1910/1999] yt-dlp iGq2NHilCI0 (1 clip(s) needed) ...
[02:21:32]     [1911/2000] cutting iGq2NHilCI0_29.mp4 (0:03:22.869 -> 0:03:30.293)
[02:21:32]   [video 1911/1999] yt-dlp rPbFO1BmFpY (1 clip(s) needed) ...
[02:21:51]     [1912/2000] cutting rPbFO1BmFpY_3.mp4 (0:00:33.366 -> 0:00:41.374)
[02:21:51]   [video 1912/1999] yt-dlp aq6MuDnnpwI (1 clip(s) needed) ...
[02:21:59]     [1913/2000] cutting aq6MuDnnpwI_5.mp4 (0:00:45.779 -> 0:00:51.918)
[02:21:59]   [video 1913/1999] yt-dlp Gvoa72e6N7w (1 clip(s) needed) ...
[02:22:06]     [1914/2000] cutting Gvoa72e6N7w_6.mp4 (0:03:26.900 -> 0:03:30.933)
[02:22:06]   [video 1914/1999] yt-dlp MGqkJZERX5g (1 clip(s) needed) ...
[02:22:11]     [1915/2000] cutting MGqkJZERX5g_3.mp4 (0:01:18.411 -> 0:01:31.341)
[02:22:12]   [video 1915/1999] yt-dlp 6GUy1iuVBrc (1 clip(s) needed) ...
[02:22:18]     [1916/2000] cutting 6GUy1iuVBrc_4.mp4 (0:01:42.118 -> 0:01:46.139)
[02:22:18]   [video 1916/1999] yt-dlp XVUXeGeDwC4 (1 clip(s) needed) ...
[02:22:22]     [1917/2000] cutting XVUXeGeDwC4_12.mp4 (0:02:48.933 -> 0:03:02.300)
[02:22:23]   [video 1917/1999] yt-dlp FP-7UEK3jSo (1 clip(s) needed) ...
[02:22:31]     [1918/2000] cutting FP-7UEK3jSo_22.mp4 (0:05:52.885 -> 0:06:02.779)
[02:22:31]   [video 1918/1999] yt-dlp sxtvT9UWmqM (1 clip(s) needed) ...
[02:22:38]     [1919/2000] cutting sxtvT9UWmqM_1.mp4 (0:00:29.440 -> 0:00:33.920)
[02:22:38]   [video 1919/1999] yt-dlp EeQecfK2Ehw (1 clip(s) needed) ...
[02:22:44]     [1920/2000] cutting EeQecfK2Ehw_6.mp4 (0:01:31.366 -> 0:01:35.500)
[02:22:44]   [video 1920/1999] yt-dlp -ya0RNm6yI4 (1 clip(s) needed) ...
[02:22:49]     [1921/2000] cutting -ya0RNm6yI4_5.mp4 (0:00:50.417 -> 0:00:58.558)
[02:22:49]   [video 1921/1999] yt-dlp 2hRNqOk-Za8 (1 clip(s) needed) ...
[02:22:54]     [1922/2000] cutting 2hRNqOk-Za8_5.mp4 (0:01:29.880 -> 0:01:45.880)
[02:22:54]   [video 1922/1999] yt-dlp PiuX8MdH5Iw (1 clip(s) needed) ...
[02:23:04]     [1923/2000] cutting PiuX8MdH5Iw_72.mp4 (0:08:21.300 -> 0:08:44.156)
[02:23:04]   [video 1923/1999] yt-dlp h3wUuiiG2Kg (1 clip(s) needed) ...
[02:23:10]     [1924/2000] cutting h3wUuiiG2Kg_8.mp4 (0:01:33.860 -> 0:01:38.098)
[02:23:10]   [video 1924/1999] yt-dlp qP88zCU5G9U (1 clip(s) needed) ...
[02:23:19]     [1925/2000] cutting qP88zCU5G9U_11.mp4 (0:10:13.913 -> 0:10:17.950)
[02:23:19]   [video 1925/1999] yt-dlp WT_JGbjaqLg (1 clip(s) needed) ...
[02:23:25]     [1926/2000] cutting WT_JGbjaqLg_17.mp4 (0:02:29.240 -> 0:02:34.880)
[02:23:25]   [video 1926/1999] yt-dlp 2Myq7HzJ5ME (1 clip(s) needed) ...
[02:23:31]     [1927/2000] cutting 2Myq7HzJ5ME_13.mp4 (0:01:58.852 -> 0:02:03.690)
[02:23:31]   [video 1927/1999] yt-dlp wnXHcnaqzSg (1 clip(s) needed) ...
[02:23:46]     [1928/2000] cutting wnXHcnaqzSg_108.mp4 (0:13:25.833 -> 0:13:29.033)
[02:23:46]   [video 1928/1999] yt-dlp AT05FxUbMto (1 clip(s) needed) ...
[02:23:51]     [1929/2000] cutting AT05FxUbMto_25.mp4 (0:15:44.276 -> 0:15:56.255)
[02:23:52]   [video 1929/1999] yt-dlp tNlBEb0HFYU (1 clip(s) needed) ...
[02:24:02]     [1930/2000] cutting tNlBEb0HFYU_2.mp4 (0:00:37.737 -> 0:00:53.686)
[02:24:02]   [video 1930/1999] yt-dlp gdDA8fghxt0 (1 clip(s) needed) ...
[02:24:11]     [1931/2000] cutting gdDA8fghxt0_3.mp4 (0:00:51.040 -> 0:01:02.560)
[02:24:12]   [video 1931/1999] yt-dlp hThCtZMusXc (1 clip(s) needed) ...
[02:24:24]     [1932/2000] cutting hThCtZMusXc_19.mp4 (0:11:31.266 -> 0:11:37.500)
[02:24:24]   [video 1932/1999] yt-dlp MzUhupRyLzw (1 clip(s) needed) ...
[02:24:34]     [1933/2000] cutting MzUhupRyLzw_20.mp4 (0:07:40.550 -> 0:07:44.650)
[02:24:34]   [video 1933/1999] yt-dlp hnezPWwWNb4 (1 clip(s) needed) ...
[02:24:39]     [1934/2000] cutting hnezPWwWNb4_3.mp4 (0:00:44.611 -> 0:00:49.416)
[02:24:39]   [video 1934/1999] yt-dlp -gY1ddJSRy4 (1 clip(s) needed) ...
[02:24:45]     [1935/2000] cutting -gY1ddJSRy4_2.mp4 (0:01:06.900 -> 0:01:17.300)
[02:24:45]   [video 1935/1999] yt-dlp t1ivSRceiSU (1 clip(s) needed) ...
[02:24:57]     [1936/2000] cutting t1ivSRceiSU_13.mp4 (0:03:49.760 -> 0:03:53.960)
[02:24:57]   [video 1936/1999] yt-dlp t8IzulkcRAs (1 clip(s) needed) ...
[02:25:02]     [1937/2000] cutting t8IzulkcRAs_6.mp4 (0:00:38.238 -> 0:00:42.275)
[02:25:02]   [video 1937/1999] yt-dlp m1G_dohvosE (1 clip(s) needed) ...
[02:25:09]     [1938/2000] cutting m1G_dohvosE_3.mp4 (0:00:41.641 -> 0:01:14.941)
[02:25:09]   [video 1938/1999] yt-dlp NFx5fz307cM (1 clip(s) needed) ...
[02:25:16]     [1939/2000] cutting NFx5fz307cM_1.mp4 (0:00:10.410 -> 0:00:14.447)
[02:25:17]   [video 1939/1999] yt-dlp flqUlT3FJzM (1 clip(s) needed) ...
[02:25:22]     [1940/2000] cutting flqUlT3FJzM_0.mp4 (0:00:02.969 -> 0:00:26.860)
[02:25:23]   [video 1940/1999] yt-dlp jW1qGkbkuvc (1 clip(s) needed) ...
[02:25:32]     [1941/2000] cutting jW1qGkbkuvc_18.mp4 (0:07:10.366 -> 0:07:55.066)
[02:25:32]   [video 1941/1999] yt-dlp 8LvN29HmL3Q (1 clip(s) needed) ...
[02:25:40]     [1942/2000] cutting 8LvN29HmL3Q_4.mp4 (0:03:50.463 -> 0:03:58.471)
[02:25:40]   [video 1942/1999] yt-dlp Zfe6NU9aYn4 (1 clip(s) needed) ...
[02:25:51]     [1943/2000] cutting Zfe6NU9aYn4_18.mp4 (0:03:43.957 -> 0:03:55.468)
[02:25:51]   [video 1943/1999] yt-dlp kgjEkS0eNI0 (1 clip(s) needed) ...
[02:25:58]     [1944/2000] cutting kgjEkS0eNI0_0.mp4 (0:00:01.918 -> 0:00:06.047)
[02:25:58]   [video 1944/1999] yt-dlp A1Mo4DOhGrA (1 clip(s) needed) ...
[02:26:05]     [1945/2000] cutting A1Mo4DOhGrA_7.mp4 (0:02:49.402 -> 0:02:55.074)
[02:26:05]   [video 1945/1999] yt-dlp 87oTeUPxzys (1 clip(s) needed) ...
[02:26:18]     [1946/2000] cutting 87oTeUPxzys_13.mp4 (0:03:39.852 -> 0:03:46.392)
[02:26:18]   [video 1946/1999] yt-dlp fCCu_LEGyFo (1 clip(s) needed) ...
[02:26:24]     [1947/2000] cutting fCCu_LEGyFo_2.mp4 (0:01:36.000 -> 0:02:24.000)
[02:26:24]   [video 1947/1999] yt-dlp xGcWSBbWAgc (1 clip(s) needed) ...
[02:26:33]     [1948/2000] cutting xGcWSBbWAgc_7.mp4 (0:02:20.406 -> 0:02:53.473)
[02:26:33]   [video 1948/1999] yt-dlp cXgpQ1mv0_A (1 clip(s) needed) ...
[02:26:38]     [1949/2000] cutting cXgpQ1mv0_A_4.mp4 (0:01:05.598 -> 0:01:16.643)
[02:26:38]   [video 1949/1999] yt-dlp 0G4_OgfTt9E (1 clip(s) needed) ...
[02:26:44]     [1950/2000] cutting 0G4_OgfTt9E_12.mp4 (0:01:31.391 -> 0:01:46.806)
[02:26:44]   [video 1950/1999] yt-dlp Wja8LW9QcSs (1 clip(s) needed) ...
[02:26:51]     [1951/2000] cutting Wja8LW9QcSs_2.mp4 (0:00:44.240 -> 0:00:59.600)
[02:26:52]   [video 1951/1999] yt-dlp MTi640jJodI (1 clip(s) needed) ...
[02:26:59]     [1952/2000] cutting MTi640jJodI_5.mp4 (0:00:52.640 -> 0:00:57.360)
[02:26:59]   [video 1952/1999] yt-dlp cD_mTLwROSI (1 clip(s) needed) ...
[02:27:06]     [1953/2000] cutting cD_mTLwROSI_1.mp4 (0:00:20.520 -> 0:00:28.528)
[02:27:06]   [video 1953/1999] yt-dlp 2l3LnfLwIJM (1 clip(s) needed) ...
[02:27:13]     [1954/2000] cutting 2l3LnfLwIJM_59.mp4 (0:12:58.244 -> 0:13:03.883)
[02:27:14]   [video 1954/1999] yt-dlp LiZq5SIOBEw (1 clip(s) needed) ...
[02:27:19]     [1955/2000] cutting LiZq5SIOBEw_3.mp4 (0:00:46.346 -> 0:01:10.503)
[02:27:19]   [video 1955/1999] yt-dlp N269PlfCkno (1 clip(s) needed) ...
[02:27:35]     [1956/2000] cutting N269PlfCkno_14.mp4 (0:03:02.850 -> 0:03:06.983)
[02:27:35]   [video 1956/1999] yt-dlp A6SdzZVx_Yc (1 clip(s) needed) ...
[02:27:47]     [1957/2000] cutting A6SdzZVx_Yc_14.mp4 (0:04:29.402 -> 0:04:33.873)
[02:27:47]   [video 1957/1999] yt-dlp rGhYHqEOyQo (1 clip(s) needed) ...
[02:27:53]     [1958/2000] cutting rGhYHqEOyQo_4.mp4 (0:01:13.266 -> 0:01:24.733)
[02:27:53]   [video 1958/1999] yt-dlp bBT78dTZTXc (1 clip(s) needed) ...
[02:27:58]     [1959/2000] cutting bBT78dTZTXc_7.mp4 (0:01:34.600 -> 0:01:57.720)
[02:27:59]   [video 1959/1999] yt-dlp UWeGahobp8o (1 clip(s) needed) ...
[02:28:06]     [1960/2000] cutting UWeGahobp8o_10.mp4 (0:02:08.920 -> 0:02:16.600)
[02:28:06]   [video 1960/1999] yt-dlp 50xMVk-sUiQ (1 clip(s) needed) ...
[02:28:13]     [1961/2000] cutting 50xMVk-sUiQ_29.mp4 (0:03:14.894 -> 0:03:19.699)
[02:28:13]   [video 1961/1999] yt-dlp SBy1w7iS6k4 (1 clip(s) needed) ...
[02:28:21]     [1962/2000] cutting SBy1w7iS6k4_11.mp4 (0:01:24.000 -> 0:01:33.400)
[02:28:21]   [video 1962/1999] yt-dlp 23F2catvXJY (1 clip(s) needed) ...
[02:28:26]     [1963/2000] cutting 23F2catvXJY_1.mp4 (0:00:09.209 -> 0:00:34.601)
[02:28:26]   [video 1963/1999] yt-dlp hHwXFEvtav8 (1 clip(s) needed) ...
[02:28:29]     FAILED: ERROR: [youtube] hHwXFEvtav8: Video unavailable
[02:28:29]   [video 1964/1999] yt-dlp xD3W-5jGllc (1 clip(s) needed) ...
[02:28:36]     [1965/2000] cutting xD3W-5jGllc_43.mp4 (0:04:53.251 -> 0:05:00.008)
[02:28:36]   [video 1965/1999] yt-dlp 1ij0ZHhkeL0 (1 clip(s) needed) ...
[02:28:41]     [1966/2000] cutting 1ij0ZHhkeL0_3.mp4 (0:00:20.640 -> 0:00:24.880)
[02:28:41]   [video 1966/1999] yt-dlp 9WGAVLeiIwM (1 clip(s) needed) ...
[02:28:45]     [1967/2000] cutting 9WGAVLeiIwM_1.mp4 (0:00:15.382 -> 0:00:19.419)
[02:28:45]   [video 1967/1999] yt-dlp ZidGy3vWs8k (1 clip(s) needed) ...
[02:28:51]     [1968/2000] cutting ZidGy3vWs8k_2.mp4 (0:00:09.542 -> 0:00:13.013)
[02:28:51]   [video 1968/1999] yt-dlp XFTWX-OetLM (1 clip(s) needed) ...
[02:28:57]     [1969/2000] cutting XFTWX-OetLM_0.mp4 (0:00:06.000 -> 0:00:54.000)
[02:28:57]   [video 1969/1999] yt-dlp fPX6kjN7Yu0 (1 clip(s) needed) ...
[02:29:03]     [1970/2000] cutting fPX6kjN7Yu0_1.mp4 (0:00:32.198 -> 0:00:43.343)
[02:29:03]   [video 1970/1999] yt-dlp SNR_kPjVpSI (1 clip(s) needed) ...
[02:29:10]     [1971/2000] cutting SNR_kPjVpSI_5.mp4 (0:00:53.800 -> 0:00:59.640)
[02:29:10]   [video 1971/1999] yt-dlp 9VHkIP6kb5A (1 clip(s) needed) ...
[02:29:16]     [1972/2000] cutting 9VHkIP6kb5A_0.mp4 (0:00:05.972 -> 0:00:54.020)
[02:29:16]   [video 1972/1999] yt-dlp zhmHGnWWFZA (1 clip(s) needed) ...
[02:29:27]     [1973/2000] cutting zhmHGnWWFZA_7.mp4 (0:09:29.769 -> 0:09:37.410)
[02:29:27]   [video 1973/1999] yt-dlp I_QFDJl7Ak4 (1 clip(s) needed) ...
[02:29:34]     [1974/2000] cutting I_QFDJl7Ak4_7.mp4 (0:01:32.892 -> 0:01:40.900)
[02:29:34]   [video 1974/1999] yt-dlp bPrrIjYqnt8 (1 clip(s) needed) ...
[02:29:42]     [1975/2000] cutting bPrrIjYqnt8_4.mp4 (0:01:17.360 -> 0:02:05.360)
[02:29:42]   [video 1975/1999] yt-dlp QWaHfWlRjVE (1 clip(s) needed) ...
[02:29:49]     [1976/2000] cutting QWaHfWlRjVE_2.mp4 (0:00:28.120 -> 0:00:33.320)
[02:29:49]   [video 1976/1999] yt-dlp mrtTgFtoURA (1 clip(s) needed) ...
[02:29:54]     [1977/2000] cutting mrtTgFtoURA_1.mp4 (0:00:29.095 -> 0:01:00.927)
[02:29:54]   [video 1977/1999] yt-dlp cuYPgaAgUQc (1 clip(s) needed) ...
[02:30:02]     [1978/2000] cutting cuYPgaAgUQc_5.mp4 (0:02:13.800 -> 0:02:45.632)
[02:30:03]   [video 1978/1999] yt-dlp Uhc075xWqLY (1 clip(s) needed) ...
[02:30:16]     [1979/2000] cutting Uhc075xWqLY_4.mp4 (0:15:50.382 -> 0:16:38.430)
[02:30:16]   [video 1979/1999] yt-dlp B8qK8DL3taM (1 clip(s) needed) ...
[02:30:22]     [1980/2000] cutting B8qK8DL3taM_0.mp4 (0:00:01.234 -> 0:00:11.211)
[02:30:22]   [video 1980/1999] yt-dlp O_6oUhCeHtY (1 clip(s) needed) ...
[02:30:32]     [1981/2000] cutting O_6oUhCeHtY_1.mp4 (0:00:17.951 -> 0:00:29.629)
[02:30:33]   [video 1981/1999] yt-dlp d7BWKnTs_gM (1 clip(s) needed) ...
[02:30:39]     [1982/2000] cutting d7BWKnTs_gM_10.mp4 (0:01:31.191 -> 0:01:38.264)
[02:30:39]   [video 1982/1999] yt-dlp o7xpCaupKZM (1 clip(s) needed) ...
[02:30:48]     [1983/2000] cutting o7xpCaupKZM_34.mp4 (0:07:09.120 -> 0:07:18.600)
[02:30:48]   [video 1983/1999] yt-dlp V3g3ngXlbkM (1 clip(s) needed) ...
[02:30:54]     [1984/2000] cutting V3g3ngXlbkM_8.mp4 (0:02:36.055 -> 0:03:00.613)
[02:30:54]   [video 1984/1999] yt-dlp F3Cfo_qnN6w (1 clip(s) needed) ...
[02:31:03]     [1985/2000] cutting F3Cfo_qnN6w_10.mp4 (0:04:50.523 -> 0:05:38.571)
[02:31:03]   [video 1985/1999] yt-dlp gEA9FC9etlM (1 clip(s) needed) ...
[02:31:14]     [1986/2000] cutting gEA9FC9etlM_10.mp4 (0:03:35.220 -> 0:03:43.340)
[02:31:14]   [video 1986/1999] yt-dlp GLlvb_KM5NI (1 clip(s) needed) ...
[02:31:22]     [1987/2000] cutting GLlvb_KM5NI_14.mp4 (0:03:16.866 -> 0:03:23.266)
[02:31:22]   [video 1987/1999] yt-dlp QfDUI1IirTk (1 clip(s) needed) ...
[02:31:30]     [1988/2000] cutting QfDUI1IirTk_7.mp4 (0:03:34.933 -> 0:03:42.933)
[02:31:30]   [video 1988/1999] yt-dlp eb075ybTrmM (1 clip(s) needed) ...
[02:31:37]     [1989/2000] cutting eb075ybTrmM_9.mp4 (0:01:11.480 -> 0:01:27.000)
[02:31:37]   [video 1989/1999] yt-dlp wsKNjyMahWc (1 clip(s) needed) ...
[02:31:44]     [1990/2000] cutting wsKNjyMahWc_4.mp4 (0:02:49.711 -> 0:02:57.719)
[02:31:44]   [video 1990/1999] yt-dlp Ep-tvqWvlDY (1 clip(s) needed) ...
[02:31:51]     [1991/2000] cutting Ep-tvqWvlDY_11.mp4 (0:02:01.666 -> 0:02:49.666)
[02:31:51]   [video 1991/1999] yt-dlp LXaQjfVPAwo (1 clip(s) needed) ...
[02:32:04]     [1992/2000] cutting LXaQjfVPAwo_39.mp4 (0:07:06.259 -> 0:07:10.630)
[02:32:05]   [video 1992/1999] yt-dlp 545HYf3zems (1 clip(s) needed) ...
[02:32:07]     FAILED: ERROR: [youtube] 545HYf3zems: This video is unavailable
[02:32:07]   [video 1993/1999] yt-dlp qYtg88ahftI (1 clip(s) needed) ...
[02:32:17]     [1994/2000] cutting qYtg88ahftI_3.mp4 (0:02:09.233 -> 0:02:26.000)
[02:32:17]   [video 1994/1999] yt-dlp KtGSdSqUTdw (1 clip(s) needed) ...
[02:32:29]     [1995/2000] cutting KtGSdSqUTdw_5.mp4 (0:05:49.582 -> 0:06:21.414)
[02:32:29]   [video 1995/1999] yt-dlp wm_D6Bwnekg (1 clip(s) needed) ...
[02:32:33]     [1996/2000] cutting wm_D6Bwnekg_3.mp4 (0:01:50.139 -> 0:01:54.183)
[02:32:34]   [video 1996/1999] yt-dlp dxJfK60DO8Y (1 clip(s) needed) ...
[02:32:42]     [1997/2000] cutting dxJfK60DO8Y_2.mp4 (0:02:18.838 -> 0:02:27.013)
[02:32:42]   [video 1997/1999] yt-dlp InpP_7DImZo (1 clip(s) needed) ...
[02:32:49]     [1998/2000] cutting InpP_7DImZo_1.mp4 (0:00:09.920 -> 0:00:13.880)
[02:32:49]   [video 1998/1999] yt-dlp gZE0n07AX4g (1 clip(s) needed) ...
[02:32:53]     [1999/2000] cutting gZE0n07AX4g_8.mp4 (0:02:25.395 -> 0:02:37.615)
[02:32:54]   [video 1999/1999] yt-dlp lTlXvECg1ow (1 clip(s) needed) ...
[02:33:05]     [2000/2000] cutting lTlXvECg1ow_7.mp4 (0:02:29.415 -> 0:02:37.090)
[02:33:05] ======================================================================
[02:33:05] Cleaning up raw-download scratch dir (should already be empty -- per-video cleanup above)
[02:33:05] ======================================================================
[02:33:05] DONE. requested=2000 downloaded=1877 youtube_download_failed=123 ffmpeg_cut_failed=0 already_exists=0
[02:33:05] Summary written to /scratch/users/anirban/tamaghnam/latentvans/data/panda70m_clips/download_summary.json
[02:33:05] ======================================================================
[02:33:05] This was a --force_recut run: already_exists should read 0 above, and every clip that succeeded was freshly re-downloaded/re-cut under today's correct meta_data logic and overwrote anything previously at that path. Re-run screen_panda70m_clip_quality.py against this output before trusting it for training.
===== Download Panda-70M clips (full dataset) completed — see /scratch/users/anirban/tamaghnam/latentvans/data/panda70m_clips/download_summary.json =====
End: Wed Sep  9 02:33:06 AM IST 2026
