===== Stage 0 -- Validation-Only Evaluation =====
Job ID: 58655
Node: cn7.cds.iisc.in
Start: Sun Sep 13 07:12:46 PM IST 2026
CHECKPOINT_ROOT=/scratch/users/anirban/tamaghnam/latentvans/checkpoints/stage0_run1
VAL_METADATA_DIR=/scratch/users/anirban/tamaghnam/latentvans/data/twiff_metadata_val
VAL_VIDEO_ROOT=/scratch/users/anirban/tamaghnam/latentvans/data/panda70m_clips_val
EVAL_MAX_EXAMPLES=200
Sun Sep 13 19:12:46 2026       
+-----------------------------------------------------------------------------------------+
| NVIDIA-SMI 575.64.03              Driver Version: 575.64.03      CUDA Version: 12.9     |
|-----------------------------------------+------------------------+----------------------+
| GPU  Name                 Persistence-M | Bus-Id          Disp.A | Volatile Uncorr. ECC |
| Fan  Temp   Perf          Pwr:Usage/Cap |           Memory-Usage | GPU-Util  Compute M. |
|                                         |                        |               MIG M. |
|=========================================+========================+======================|
|   0  NVIDIA RTX 6000 Ada Gene...    Off |   00000000:27:00.0 Off |                  Off |
| 30%   35C    P8             28W /  300W |       2MiB /  49140MiB |      0%      Default |
|                                         |                        |                  N/A |
+-----------------------------------------+------------------------+----------------------+
                                                                                         
+-----------------------------------------------------------------------------------------+
| Processes:                                                                              |
|  GPU   GI   CI              PID   Type   Process name                        GPU Memory |
|        ID   ID                                                               Usage      |
|=========================================================================================|
|  No running processes found                                                             |
+-----------------------------------------------------------------------------------------+
Requirement already satisfied: matplotlib in /scratch/users/anirban/tamaghnam/envs/latentvans/lib/python3.11/site-packages (3.11.2)
Requirement already satisfied: contourpy>=1.0.1 in /scratch/users/anirban/tamaghnam/envs/latentvans/lib/python3.11/site-packages (from matplotlib) (1.3.3)
Requirement already satisfied: cycler>=0.10 in /scratch/users/anirban/tamaghnam/envs/latentvans/lib/python3.11/site-packages (from matplotlib) (0.12.1)
Requirement already satisfied: fonttools>=4.28.2 in /scratch/users/anirban/tamaghnam/envs/latentvans/lib/python3.11/site-packages (from matplotlib) (4.65.0)
Requirement already satisfied: kiwisolver>=1.3.1 in /scratch/users/anirban/tamaghnam/envs/latentvans/lib/python3.11/site-packages (from matplotlib) (1.5.1)
Requirement already satisfied: numpy>=1.25 in /scratch/users/anirban/tamaghnam/envs/latentvans/lib/python3.11/site-packages (from matplotlib) (2.4.6)
Requirement already satisfied: packaging>=20.0 in /scratch/users/anirban/tamaghnam/envs/latentvans/lib/python3.11/site-packages (from matplotlib) (26.3)
Requirement already satisfied: pillow>=9 in /scratch/users/anirban/tamaghnam/envs/latentvans/lib/python3.11/site-packages (from matplotlib) (12.3.0)
Requirement already satisfied: pyparsing>=3 in /scratch/users/anirban/tamaghnam/envs/latentvans/lib/python3.11/site-packages (from matplotlib) (3.3.2)
Requirement already satisfied: python-dateutil>=2.7 in /scratch/users/anirban/tamaghnam/envs/latentvans/lib/python3.11/site-packages (from matplotlib) (2.9.0.post0)
Requirement already satisfied: six>=1.5 in /scratch/users/anirban/tamaghnam/envs/latentvans/lib/python3.11/site-packages (from python-dateutil>=2.7->matplotlib) (1.17.0)
[19:12:50] torch=2.5.1+cu121 device=cuda compute_dtype=torch.bfloat16
[19:13:47] will evaluate 10 checkpoint(s): [200, 400, 600, 800, 1000, 1200, 1400, 1600, 1800, 2000]
[19:13:47] ======================================================================
[19:13:47] Checkpoint step 200: /scratch/users/anirban/tamaghnam/latentvans/checkpoints/stage0_run1/step_200
[19:13:47] ======================================================================
[19:14:29] added 3 latent-reasoning special tokens; vocab size now 151668
[19:14:34] resumed LoRA adapter (+ embed_tokens/lm_head) from /scratch/users/anirban/tamaghnam/latentvans/checkpoints/stage0_run1/step_200
trainable params: 624,918,528 || all params: 4,378,992,640 || trainable%: 14.2708
[19:14:37] vision-tower target embedding dim confirmed: 2048 (matches QWEN_HIDDEN_SIZE)
[19:15:09] validation stream: 1447 row(s) usable
[19:15:15]   skipping c1pQ19a8pMM_5.mp4: [19:15:15] /github/workspace/src/video/video_reader.cc:151: Check failed: st_nb >= 0 (-1128613112 vs. 0) ERROR cannot find video stream with wanted index: -1
[19:15:17]   skipping 6m7CwarmCo4_5.mp4: [19:15:17] /github/workspace/src/video/ffmpeg/threaded_decoder.cc:292: [19:15:17] /github/workspace/src/video/ffmpeg/threaded_decoder.cc:218: Check failed: avcodec_send_packet(dec_ctx_.get(), pkt.get()) >= 0 (-11 vs. 0) Thread worker: Error sending packet.
[19:15:17]   skipping mWY35fsCUgo_6.mp4: [19:15:17] /github/workspace/src/video/ffmpeg/threaded_decoder.cc:292: [19:15:17] /github/workspace/src/video/ffmpeg/threaded_decoder.cc:218: Check failed: avcodec_send_packet(dec_ctx_.get(), pkt.get()) >= 0 (-11 vs. 0) Thread worker: Error sending packet.
[19:15:20]   skipping DA6YnIZRTX8_7.mp4: [19:15:20] /github/workspace/src/video/ffmpeg/threaded_decoder.cc:292: [19:15:20] /github/workspace/src/video/ffmpeg/threaded_decoder.cc:218: Check failed: avcodec_send_packet(dec_ctx_.get(), pkt.get()) >= 0 (-11 vs. 0) Thread worker: Error sending packet.
[19:15:22]   skipping IF6iBVGKREo_91.mp4: [19:15:22] /github/workspace/src/video/video_reader.cc:151: Check failed: st_nb >= 0 (-1128613112 vs. 0) ERROR cannot find video stream with wanted index: -1
[19:15:22]   skipping Jo4XXm8OUP4_12.mp4: [19:15:22] /github/workspace/src/video/video_reader.cc:151: Check failed: st_nb >= 0 (-1128613112 vs. 0) ERROR cannot find video stream with wanted index: -1
[19:15:23]   skipping nZBk1GObVuk_0.mp4: [19:15:23] /github/workspace/src/video/ffmpeg/threaded_decoder.cc:292: [19:15:23] /github/workspace/src/video/ffmpeg/threaded_decoder.cc:218: Check failed: avcodec_send_packet(dec_ctx_.get(), pkt.get()) >= 0 (-11 vs. 0) Thread worker: Error sending packet.
[19:15:23]   skipping OX5lX2yOr0M_88.mp4: [19:15:23] /github/workspace/src/video/video_reader.cc:151: Check failed: st_nb >= 0 (-1128613112 vs. 0) ERROR cannot find video stream with wanted index: -1
[19:15:24]   skipping QN3t9ngsVyM_7.mp4: [19:15:24] /github/workspace/src/video/ffmpeg/threaded_decoder.cc:292: [19:15:24] /github/workspace/src/video/ffmpeg/threaded_decoder.cc:218: Check failed: avcodec_send_packet(dec_ctx_.get(), pkt.get()) >= 0 (-11 vs. 0) Thread worker: Error sending packet.
[19:15:25]   skipping MPhysZLZbls_3.mp4: [19:15:25] /github/workspace/src/video/ffmpeg/threaded_decoder.cc:292: [19:15:25] /github/workspace/src/video/ffmpeg/threaded_decoder.cc:218: Check failed: avcodec_send_packet(dec_ctx_.get(), pkt.get()) >= 0 (-11 vs. 0) Thread worker: Error sending packet.
[19:15:26]   skipping 3U1ZrW-l7Ns_3.mp4: [19:15:26] /github/workspace/src/video/ffmpeg/threaded_decoder.cc:292: [19:15:26] /github/workspace/src/video/ffmpeg/threaded_decoder.cc:218: Check failed: avcodec_send_packet(dec_ctx_.get(), pkt.get()) >= 0 (-11 vs. 0) Thread worker: Error sending packet.
[19:15:26]   skipping v_1UO1GTsg0_60.mp4: [19:15:26] /github/workspace/src/video/video_reader.cc:151: Check failed: st_nb >= 0 (-1128613112 vs. 0) ERROR cannot find video stream with wanted index: -1
[19:15:27]   skipping we18JQrdzNM_5.mp4: [19:15:27] /github/workspace/src/video/ffmpeg/threaded_decoder.cc:292: [19:15:27] /github/workspace/src/video/ffmpeg/threaded_decoder.cc:218: Check failed: avcodec_send_packet(dec_ctx_.get(), pkt.get()) >= 0 (-11 vs. 0) Thread worker: Error sending packet.
[19:15:28]   skipping kXrhcA8wl5E_1.mp4: [19:15:28] /github/workspace/src/video/ffmpeg/threaded_decoder.cc:292: [19:15:28] /github/workspace/src/video/ffmpeg/threaded_decoder.cc:218: Check failed: avcodec_send_packet(dec_ctx_.get(), pkt.get()) >= 0 (-11 vs. 0) Thread worker: Error sending packet.
[19:15:29]   skipping LeKS3lZM9N8_41.mp4: [19:15:29] /github/workspace/src/video/video_reader.cc:151: Check failed: st_nb >= 0 (-1128613112 vs. 0) ERROR cannot find video stream with wanted index: -1
[19:15:30]   skipping yyg6-NUkYCg_7.mp4: [19:15:30] /github/workspace/src/video/ffmpeg/threaded_decoder.cc:292: [19:15:30] /github/workspace/src/video/ffmpeg/threaded_decoder.cc:218: Check failed: avcodec_send_packet(dec_ctx_.get(), pkt.get()) >= 0 (-11 vs. 0) Thread worker: Error sending packet.
[19:15:30]   skipping f8pjSfCh8as_77.mp4: [19:15:30] /github/workspace/src/video/ffmpeg/threaded_decoder.cc:292: [19:15:30] /github/workspace/src/video/ffmpeg/threaded_decoder.cc:218: Check failed: avcodec_send_packet(dec_ctx_.get(), pkt.get()) >= 0 (-11 vs. 0) Thread worker: Error sending packet.
[19:15:30]   skipping MW41EAmaWAE_49.mp4: [19:15:30] /github/workspace/src/video/video_reader.cc:151: Check failed: st_nb >= 0 (-1128613112 vs. 0) ERROR cannot find video stream with wanted index: -1
[19:15:30]   skipping dJNduDhBIYA_16.mp4: [19:15:30] /github/workspace/src/video/video_reader.cc:151: Check failed: st_nb >= 0 (-1128613112 vs. 0) ERROR cannot find video stream with wanted index: -1
[19:15:31]   skipping Za0TBlSOIOw_2.mp4: [19:15:31] /github/workspace/src/video/video_reader.cc:151: Check failed: st_nb >= 0 (-1128613112 vs. 0) ERROR cannot find video stream with wanted index: -1
[19:15:32]   skipping Rj2fVXY7auI_4.mp4: [19:15:32] /github/workspace/src/video/ffmpeg/threaded_decoder.cc:292: [19:15:32] /github/workspace/src/video/ffmpeg/threaded_decoder.cc:218: Check failed: avcodec_send_packet(dec_ctx_.get(), pkt.get()) >= 0 (-11 vs. 0) Thread worker: Error sending packet.
[19:15:32]   skipping s0lCx-poYe0_18.mp4: [19:15:32] /github/workspace/src/video/video_reader.cc:151: Check failed: st_nb >= 0 (-1128613112 vs. 0) ERROR cannot find video stream with wanted index: -1
[19:15:33]   skipping 8pwRyKcqqhk_2.mp4: [19:15:33] /github/workspace/src/video/ffmpeg/threaded_decoder.cc:292: [19:15:33] /github/workspace/src/video/ffmpeg/threaded_decoder.cc:218: Check failed: avcodec_send_packet(dec_ctx_.get(), pkt.get()) >= 0 (-11 vs. 0) Thread worker: Error sending packet.
[19:15:33]   skipping dvQ0sBZ1-nI_3.mp4: [19:15:33] /github/workspace/src/video/ffmpeg/threaded_decoder.cc:292: [19:15:33] /github/workspace/src/video/ffmpeg/threaded_decoder.cc:218: Check failed: avcodec_send_packet(dec_ctx_.get(), pkt.get()) >= 0 (-11 vs. 0) Thread worker: Error sending packet.
[19:15:34]   skipping SuphEZDxSI8_18.mp4: [19:15:34] /github/workspace/src/video/ffmpeg/threaded_decoder.cc:292: [19:15:34] /github/workspace/src/video/ffmpeg/threaded_decoder.cc:218: Check failed: avcodec_send_packet(dec_ctx_.get(), pkt.get()) >= 0 (-11 vs. 0) Thread worker: Error sending packet.
[19:15:34]   skipping ksU6Ii668Qk_2.mp4: [19:15:34] /github/workspace/src/video/video_reader.cc:151: Check failed: st_nb >= 0 (-1128613112 vs. 0) ERROR cannot find video stream with wanted index: -1
[19:15:34]   skipping OAd1Y7UbxTg_1.mp4: [19:15:34] /github/workspace/src/video/ffmpeg/threaded_decoder.cc:292: [19:15:34] /github/workspace/src/video/ffmpeg/threaded_decoder.cc:218: Check failed: avcodec_send_packet(dec_ctx_.get(), pkt.get()) >= 0 (-11 vs. 0) Thread worker: Error sending packet.
[19:15:37]   skipping ZymSrDfLhW8_43.mp4: [19:15:37] /github/workspace/src/video/video_reader.cc:151: Check failed: st_nb >= 0 (-1128613112 vs. 0) ERROR cannot find video stream with wanted index: -1
[19:15:37]   skipping yU8-TOldiyE_62.mp4: [19:15:37] /github/workspace/src/video/video_reader.cc:151: Check failed: st_nb >= 0 (-1128613112 vs. 0) ERROR cannot find video stream with wanted index: -1
[19:15:37]   skipping hZ1mAXpd1cY_71.mp4: [19:15:37] /github/workspace/src/video/video_reader.cc:151: Check failed: st_nb >= 0 (-1128613112 vs. 0) ERROR cannot find video stream with wanted index: -1
[19:15:38]   skipping vAYb7klhj8k_8.mp4: [19:15:38] /github/workspace/src/video/ffmpeg/threaded_decoder.cc:292: [19:15:38] /github/workspace/src/video/ffmpeg/threaded_decoder.cc:218: Check failed: avcodec_send_packet(dec_ctx_.get(), pkt.get()) >= 0 (-11 vs. 0) Thread worker: Error sending packet.
[19:15:38]   skipping Rs4Hg69vhqQ_4.mp4: [19:15:38] /github/workspace/src/video/ffmpeg/threaded_decoder.cc:292: [19:15:38] /github/workspace/src/video/ffmpeg/threaded_decoder.cc:218: Check failed: avcodec_send_packet(dec_ctx_.get(), pkt.get()) >= 0 (-11 vs. 0) Thread worker: Error sending packet.
[19:15:39]   skipping X_cItpBBO6M_5.mp4: [19:15:39] /github/workspace/src/video/ffmpeg/threaded_decoder.cc:292: [19:15:39] /github/workspace/src/video/ffmpeg/threaded_decoder.cc:218: Check failed: avcodec_send_packet(dec_ctx_.get(), pkt.get()) >= 0 (-11 vs. 0) Thread worker: Error sending packet.
[19:15:40]   skipping 8UNYXycC1yM_12.mp4: [19:15:40] /github/workspace/src/video/ffmpeg/threaded_decoder.cc:292: [19:15:40] /github/workspace/src/video/ffmpeg/threaded_decoder.cc:218: Check failed: avcodec_send_packet(dec_ctx_.get(), pkt.get()) >= 0 (-11 vs. 0) Thread worker: Error sending packet.
[19:15:47]   skipping bERjl3VRKQo_5.mp4: [19:15:47] /github/workspace/src/video/ffmpeg/threaded_decoder.cc:292: [19:15:47] /github/workspace/src/video/ffmpeg/threaded_decoder.cc:218: Check failed: avcodec_send_packet(dec_ctx_.get(), pkt.get()) >= 0 (-11 vs. 0) Thread worker: Error sending packet.
[19:15:48]   skipping Vj4f0Jjyy0w_35.mp4: [19:15:48] /github/workspace/src/video/ffmpeg/threaded_decoder.cc:292: [19:15:48] /github/workspace/src/video/ffmpeg/threaded_decoder.cc:218: Check failed: avcodec_send_packet(dec_ctx_.get(), pkt.get()) >= 0 (-11 vs. 0) Thread worker: Error sending packet.
[19:15:48]   skipping daYmVkHtkeU_5.mp4: [19:15:48] /github/workspace/src/video/video_reader.cc:151: Check failed: st_nb >= 0 (-1128613112 vs. 0) ERROR cannot find video stream with wanted index: -1
[19:15:48]   skipping a6Yltl1nVPk_18.mp4: [19:15:48] /github/workspace/src/video/video_reader.cc:151: Check failed: st_nb >= 0 (-1128613112 vs. 0) ERROR cannot find video stream with wanted index: -1
[19:15:51]   skipping Vn6dEcyr_WE_0.mp4: [19:15:51] /github/workspace/src/video/ffmpeg/threaded_decoder.cc:292: [19:15:51] /github/workspace/src/video/ffmpeg/threaded_decoder.cc:218: Check failed: avcodec_send_packet(dec_ctx_.get(), pkt.get()) >= 0 (-11 vs. 0) Thread worker: Error sending packet.
[19:15:52]   skipping 5oEGhFvW8vk_80.mp4: [19:15:52] /github/workspace/src/video/video_reader.cc:151: Check failed: st_nb >= 0 (-1128613112 vs. 0) ERROR cannot find video stream with wanted index: -1
[19:15:55]   skipping zrjiSnV-m40_23.mp4: [19:15:55] /github/workspace/src/video/ffmpeg/threaded_decoder.cc:292: [19:15:55] /github/workspace/src/video/ffmpeg/threaded_decoder.cc:218: Check failed: avcodec_send_packet(dec_ctx_.get(), pkt.get()) >= 0 (-11 vs. 0) Thread worker: Error sending packet.
[19:15:56]   skipping F2QAMwDkHZw_629.mp4: [19:15:56] /github/workspace/src/video/video_reader.cc:151: Check failed: st_nb >= 0 (-1128613112 vs. 0) ERROR cannot find video stream with wanted index: -1
[19:15:56]   skipping LZ4Q2W5XaL0_0.mp4: [19:15:56] /github/workspace/src/video/video_reader.cc:151: Check failed: st_nb >= 0 (-1128613112 vs. 0) ERROR cannot find video stream with wanted index: -1
[19:15:56]   skipping OMGO51u4ou4_4.mp4: [19:15:56] /github/workspace/src/video/video_reader.cc:151: Check failed: st_nb >= 0 (-1128613112 vs. 0) ERROR cannot find video stream with wanted index: -1
[19:15:57]   skipping FuHJQatc-PE_2.mp4: [19:15:57] /github/workspace/src/video/video_reader.cc:151: Check failed: st_nb >= 0 (-1128613112 vs. 0) ERROR cannot find video stream with wanted index: -1
[19:15:59]   skipping KB7doYrBdBk_2.mp4: [19:15:59] /github/workspace/src/video/ffmpeg/threaded_decoder.cc:292: [19:15:59] /github/workspace/src/video/ffmpeg/threaded_decoder.cc:218: Check failed: avcodec_send_packet(dec_ctx_.get(), pkt.get()) >= 0 (-11 vs. 0) Thread worker: Error sending packet.
[19:15:59]   skipping myfoGCgzaTA_11.mp4: [19:15:59] /github/workspace/src/video/ffmpeg/threaded_decoder.cc:292: [19:15:59] /github/workspace/src/video/ffmpeg/threaded_decoder.cc:218: Check failed: avcodec_send_packet(dec_ctx_.get(), pkt.get()) >= 0 (-11 vs. 0) Thread worker: Error sending packet.
[19:15:59]   skipping QCUuBDTV8YY_24.mp4: [19:15:59] /github/workspace/src/video/ffmpeg/threaded_decoder.cc:292: [19:15:59] /github/workspace/src/video/ffmpeg/threaded_decoder.cc:218: Check failed: avcodec_send_packet(dec_ctx_.get(), pkt.get()) >= 0 (-11 vs. 0) Thread worker: Error sending packet.
[19:15:59]   skipping -nahoWMJM1E_3.mp4: [19:15:59] /github/workspace/src/video/ffmpeg/threaded_decoder.cc:292: [19:15:59] /github/workspace/src/video/ffmpeg/threaded_decoder.cc:218: Check failed: avcodec_send_packet(dec_ctx_.get(), pkt.get()) >= 0 (-11 vs. 0) Thread worker: Error sending packet.
[19:15:59]   skipping 8XWPQX9LVoU_22.mp4: [19:15:59] /github/workspace/src/video/ffmpeg/threaded_decoder.cc:292: [19:15:59] /github/workspace/src/video/ffmpeg/threaded_decoder.cc:218: Check failed: avcodec_send_packet(dec_ctx_.get(), pkt.get()) >= 0 (-11 vs. 0) Thread worker: Error sending packet.
[19:16:00]   skipping KozSjyNnAH4_33.mp4: [19:16:00] /github/workspace/src/video/video_reader.cc:151: Check failed: st_nb >= 0 (-1128613112 vs. 0) ERROR cannot find video stream with wanted index: -1
[19:16:00]   skipping ooZRK8q-27Y_2.mp4: [19:16:00] /github/workspace/src/video/video_reader.cc:151: Check failed: st_nb >= 0 (-1128613112 vs. 0) ERROR cannot find video stream with wanted index: -1
[19:16:01]   skipping nZbmaDfYIs8_6.mp4: [19:16:01] /github/workspace/src/video/ffmpeg/threaded_decoder.cc:292: [19:16:01] /github/workspace/src/video/ffmpeg/threaded_decoder.cc:218: Check failed: avcodec_send_packet(dec_ctx_.get(), pkt.get()) >= 0 (-11 vs. 0) Thread worker: Error sending packet.
[19:16:02]   skipping Fil0i6xKNG8_7.mp4: [19:16:02] /github/workspace/src/video/ffmpeg/threaded_decoder.cc:292: [19:16:02] /github/workspace/src/video/ffmpeg/threaded_decoder.cc:218: Check failed: avcodec_send_packet(dec_ctx_.get(), pkt.get()) >= 0 (-11 vs. 0) Thread worker: Error sending packet.
[19:16:07]   skipping nmXmslnHoFU_16.mp4: [19:16:07] /github/workspace/src/video/ffmpeg/threaded_decoder.cc:292: [19:16:07] /github/workspace/src/video/ffmpeg/threaded_decoder.cc:218: Check failed: avcodec_send_packet(dec_ctx_.get(), pkt.get()) >= 0 (-11 vs. 0) Thread worker: Error sending packet.
[19:16:09]   skipping ydRISDRNyCM_0.mp4: [19:16:09] /github/workspace/src/video/ffmpeg/threaded_decoder.cc:292: [19:16:09] /github/workspace/src/video/ffmpeg/threaded_decoder.cc:218: Check failed: avcodec_send_packet(dec_ctx_.get(), pkt.get()) >= 0 (-11 vs. 0) Thread worker: Error sending packet.
[19:16:10]   skipping 3t0tjJACoz0_3.mp4: [19:16:10] /github/workspace/src/video/ffmpeg/threaded_decoder.cc:292: [19:16:10] /github/workspace/src/video/ffmpeg/threaded_decoder.cc:218: Check failed: avcodec_send_packet(dec_ctx_.get(), pkt.get()) >= 0 (-11 vs. 0) Thread worker: Error sending packet.
[19:16:11]   skipping 63HDsjAOmR0_63.mp4: [19:16:11] /github/workspace/src/video/video_reader.cc:151: Check failed: st_nb >= 0 (-1128613112 vs. 0) ERROR cannot find video stream with wanted index: -1
[19:16:13]   skipping zFEpjVaPFJo_0.mp4: [19:16:13] /github/workspace/src/video/ffmpeg/threaded_decoder.cc:292: [19:16:13] /github/workspace/src/video/ffmpeg/threaded_decoder.cc:218: Check failed: avcodec_send_packet(dec_ctx_.get(), pkt.get()) >= 0 (-11 vs. 0) Thread worker: Error sending packet.
[19:16:13]   skipping 6qgCC63H9yI_40.mp4: [19:16:13] /github/workspace/src/video/ffmpeg/threaded_decoder.cc:292: [19:16:13] /github/workspace/src/video/ffmpeg/threaded_decoder.cc:218: Check failed: avcodec_send_packet(dec_ctx_.get(), pkt.get()) >= 0 (-11 vs. 0) Thread worker: Error sending packet.
[19:16:15]   skipping NTKUo1-0cQY_15.mp4: [19:16:15] /github/workspace/src/video/video_reader.cc:151: Check failed: st_nb >= 0 (-1128613112 vs. 0) ERROR cannot find video stream with wanted index: -1
[19:16:15]   skipping -RJ6USD2nEU_3.mp4: [19:16:15] /github/workspace/src/video/video_reader.cc:151: Check failed: st_nb >= 0 (-1128613112 vs. 0) ERROR cannot find video stream with wanted index: -1
[19:16:17]   skipping fazhSHz4WUM_7.mp4: [19:16:17] /github/workspace/src/video/ffmpeg/threaded_decoder.cc:292: [19:16:17] /github/workspace/src/video/ffmpeg/threaded_decoder.cc:218: Check failed: avcodec_send_packet(dec_ctx_.get(), pkt.get()) >= 0 (-11 vs. 0) Thread worker: Error sending packet.
[19:16:19]   skipping rCo5sX6D9M8_1.mp4: [19:16:19] /github/workspace/src/video/ffmpeg/threaded_decoder.cc:292: [19:16:19] /github/workspace/src/video/ffmpeg/threaded_decoder.cc:218: Check failed: avcodec_send_packet(dec_ctx_.get(), pkt.get()) >= 0 (-11 vs. 0) Thread worker: Error sending packet.
[19:16:20]   skipping wpsgfdtNMWk_2.mp4: [19:16:20] /github/workspace/src/video/ffmpeg/threaded_decoder.cc:292: [19:16:20] /github/workspace/src/video/ffmpeg/threaded_decoder.cc:218: Check failed: avcodec_send_packet(dec_ctx_.get(), pkt.get()) >= 0 (-11 vs. 0) Thread worker: Error sending packet.
[19:16:20]   skipping _xxl5o-7-zE_1.mp4: [19:16:20] /github/workspace/src/video/ffmpeg/threaded_decoder.cc:292: [19:16:20] /github/workspace/src/video/ffmpeg/threaded_decoder.cc:218: Check failed: avcodec_send_packet(dec_ctx_.get(), pkt.get()) >= 0 (-11 vs. 0) Thread worker: Error sending packet.
[19:16:20]   skipping 8BhntKzc0TY_8.mp4: [19:16:20] /github/workspace/src/video/ffmpeg/threaded_decoder.cc:292: [19:16:20] /github/workspace/src/video/ffmpeg/threaded_decoder.cc:218: Check failed: avcodec_send_packet(dec_ctx_.get(), pkt.get()) >= 0 (-11 vs. 0) Thread worker: Error sending packet.
[19:16:20]   skipping fmF09VS_oyo_33.mp4: [19:16:20] /github/workspace/src/video/ffmpeg/threaded_decoder.cc:292: [19:16:20] /github/workspace/src/video/ffmpeg/threaded_decoder.cc:218: Check failed: avcodec_send_packet(dec_ctx_.get(), pkt.get()) >= 0 (-11 vs. 0) Thread worker: Error sending packet.
[19:16:21]   skipping dCwLaQ_JVe4_12.mp4: [19:16:21] /github/workspace/src/video/ffmpeg/threaded_decoder.cc:292: [19:16:21] /github/workspace/src/video/ffmpeg/threaded_decoder.cc:218: Check failed: avcodec_send_packet(dec_ctx_.get(), pkt.get()) >= 0 (-11 vs. 0) Thread worker: Error sending packet.
[19:16:21]   skipping u1nq7a-GrFk_4.mp4: [19:16:21] /github/workspace/src/video/video_reader.cc:151: Check failed: st_nb >= 0 (-1128613112 vs. 0) ERROR cannot find video stream with wanted index: -1
[19:16:21]   skipping L32u5GHo9uQ_11.mp4: [19:16:21] /github/workspace/src/video/video_reader.cc:151: Check failed: st_nb >= 0 (-1128613112 vs. 0) ERROR cannot find video stream with wanted index: -1
[19:16:22]   skipping ZsMxGbwfcXE_2.mp4: [19:16:22] /github/workspace/src/video/ffmpeg/threaded_decoder.cc:292: [19:16:22] /github/workspace/src/video/ffmpeg/threaded_decoder.cc:218: Check failed: avcodec_send_packet(dec_ctx_.get(), pkt.get()) >= 0 (-11 vs. 0) Thread worker: Error sending packet.
[19:16:25]   skipping 2kWhDth0Tik_72.mp4: [19:16:25] /github/workspace/src/video/video_reader.cc:151: Check failed: st_nb >= 0 (-1128613112 vs. 0) ERROR cannot find video stream with wanted index: -1
[19:16:25]   skipping ScRrg8a5fpI_6.mp4: [19:16:25] /github/workspace/src/video/ffmpeg/threaded_decoder.cc:292: [19:16:25] /github/workspace/src/video/ffmpeg/threaded_decoder.cc:218: Check failed: avcodec_send_packet(dec_ctx_.get(), pkt.get()) >= 0 (-11 vs. 0) Thread worker: Error sending packet.
[19:16:26]   skipping Rp3tde_n9jk_1.mp4: [19:16:26] /github/workspace/src/video/ffmpeg/threaded_decoder.cc:292: [19:16:26] /github/workspace/src/video/ffmpeg/threaded_decoder.cc:218: Check failed: avcodec_send_packet(dec_ctx_.get(), pkt.get()) >= 0 (-11 vs. 0) Thread worker: Error sending packet.
[19:16:28]   skipping Ngk1FDVd0rs_4.mp4: [19:16:28] /github/workspace/src/video/ffmpeg/threaded_decoder.cc:292: [19:16:28] /github/workspace/src/video/ffmpeg/threaded_decoder.cc:218: Check failed: avcodec_send_packet(dec_ctx_.get(), pkt.get()) >= 0 (-11 vs. 0) Thread worker: Error sending packet.
[19:16:28]   skipping BdCYG-hfGA8_40.mp4: [19:16:28] /github/workspace/src/video/video_reader.cc:151: Check failed: st_nb >= 0 (-1128613112 vs. 0) ERROR cannot find video stream with wanted index: -1
[19:16:28]   skipping Buvii64raoU_1.mp4: [19:16:28] /github/workspace/src/video/ffmpeg/threaded_decoder.cc:292: [19:16:28] /github/workspace/src/video/ffmpeg/threaded_decoder.cc:218: Check failed: avcodec_send_packet(dec_ctx_.get(), pkt.get()) >= 0 (-11 vs. 0) Thread worker: Error sending packet.
[19:16:29]   skipping joXOyrADBRE_8.mp4: [19:16:29] /github/workspace/src/video/ffmpeg/threaded_decoder.cc:292: [19:16:29] /github/workspace/src/video/ffmpeg/threaded_decoder.cc:218: Check failed: avcodec_send_packet(dec_ctx_.get(), pkt.get()) >= 0 (-11 vs. 0) Thread worker: Error sending packet.
[19:16:30]   skipping C22EGX5gwfI_4.mp4: [19:16:30] /github/workspace/src/video/ffmpeg/threaded_decoder.cc:292: [19:16:30] /github/workspace/src/video/ffmpeg/threaded_decoder.cc:218: Check failed: avcodec_send_packet(dec_ctx_.get(), pkt.get()) >= 0 (-11 vs. 0) Thread worker: Error sending packet.
[19:16:33]   skipping G29HvOWVln0_142.mp4: [19:16:33] /github/workspace/src/video/video_reader.cc:151: Check failed: st_nb >= 0 (-1128613112 vs. 0) ERROR cannot find video stream with wanted index: -1
[19:16:33]   skipping 85PQknw_hls_1.mp4: [19:16:33] /github/workspace/src/video/ffmpeg/threaded_decoder.cc:292: [19:16:33] /github/workspace/src/video/ffmpeg/threaded_decoder.cc:218: Check failed: avcodec_send_packet(dec_ctx_.get(), pkt.get()) >= 0 (-11 vs. 0) Thread worker: Error sending packet.
[19:16:33]   skipping ftsQYS1fkOs_71.mp4: [19:16:33] /github/workspace/src/video/video_reader.cc:151: Check failed: st_nb >= 0 (-1128613112 vs. 0) ERROR cannot find video stream with wanted index: -1
[19:16:34]   skipping LMgYK0TgajU_26.mp4: [19:16:34] /github/workspace/src/video/video_reader.cc:151: Check failed: st_nb >= 0 (-1128613112 vs. 0) ERROR cannot find video stream with wanted index: -1
[19:16:34]   skipping danm2Kgxozo_10.mp4: [19:16:34] /github/workspace/src/video/video_reader.cc:151: Check failed: st_nb >= 0 (-1128613112 vs. 0) ERROR cannot find video stream with wanted index: -1
[19:16:35]   skipping dsMQoZcCfns_16.mp4: [19:16:35] /github/workspace/src/video/ffmpeg/threaded_decoder.cc:292: [19:16:35] /github/workspace/src/video/ffmpeg/threaded_decoder.cc:218: Check failed: avcodec_send_packet(dec_ctx_.get(), pkt.get()) >= 0 (-11 vs. 0) Thread worker: Error sending packet.
[19:16:35]   skipping LjnRBI0HyFQ_6.mp4: [19:16:35] /github/workspace/src/video/ffmpeg/threaded_decoder.cc:292: [19:16:35] /github/workspace/src/video/ffmpeg/threaded_decoder.cc:218: Check failed: avcodec_send_packet(dec_ctx_.get(), pkt.get()) >= 0 (-11 vs. 0) Thread worker: Error sending packet.
[19:16:36]   step 200: val_loss_ce=1.0426 val_loss_latent=0.3551 val_loss_total=1.0781 (n=200, 86.6s)
[19:16:36] ======================================================================
[19:16:36] Checkpoint step 400: /scratch/users/anirban/tamaghnam/latentvans/checkpoints/stage0_run1/step_400
[19:16:36] ======================================================================
[19:16:39] added 3 latent-reasoning special tokens; vocab size now 151668
[19:16:43] resumed LoRA adapter (+ embed_tokens/lm_head) from /scratch/users/anirban/tamaghnam/latentvans/checkpoints/stage0_run1/step_400
trainable params: 624,918,528 || all params: 4,378,992,640 || trainable%: 14.2708
[19:16:43] vision-tower target embedding dim confirmed: 2048 (matches QWEN_HIDDEN_SIZE)
[19:16:43] validation stream: 1447 row(s) usable
[19:16:45]   skipping c1pQ19a8pMM_5.mp4: [19:16:45] /github/workspace/src/video/video_reader.cc:151: Check failed: st_nb >= 0 (-1128613112 vs. 0) ERROR cannot find video stream with wanted index: -1
[19:16:46]   skipping 6m7CwarmCo4_5.mp4: [19:16:46] /github/workspace/src/video/ffmpeg/threaded_decoder.cc:292: [19:16:46] /github/workspace/src/video/ffmpeg/threaded_decoder.cc:218: Check failed: avcodec_send_packet(dec_ctx_.get(), pkt.get()) >= 0 (-11 vs. 0) Thread worker: Error sending packet.
[19:16:46]   skipping mWY35fsCUgo_6.mp4: [19:16:46] /github/workspace/src/video/ffmpeg/threaded_decoder.cc:292: [19:16:46] /github/workspace/src/video/ffmpeg/threaded_decoder.cc:218: Check failed: avcodec_send_packet(dec_ctx_.get(), pkt.get()) >= 0 (-11 vs. 0) Thread worker: Error sending packet.
[19:16:48]   skipping DA6YnIZRTX8_7.mp4: [19:16:48] /github/workspace/src/video/ffmpeg/threaded_decoder.cc:292: [19:16:48] /github/workspace/src/video/ffmpeg/threaded_decoder.cc:218: Check failed: avcodec_send_packet(dec_ctx_.get(), pkt.get()) >= 0 (-11 vs. 0) Thread worker: Error sending packet.
[19:16:50]   skipping IF6iBVGKREo_91.mp4: [19:16:50] /github/workspace/src/video/video_reader.cc:151: Check failed: st_nb >= 0 (-1128613112 vs. 0) ERROR cannot find video stream with wanted index: -1
[19:16:50]   skipping Jo4XXm8OUP4_12.mp4: [19:16:50] /github/workspace/src/video/video_reader.cc:151: Check failed: st_nb >= 0 (-1128613112 vs. 0) ERROR cannot find video stream with wanted index: -1
[19:16:50]   skipping nZBk1GObVuk_0.mp4: [19:16:50] /github/workspace/src/video/ffmpeg/threaded_decoder.cc:292: [19:16:50] /github/workspace/src/video/ffmpeg/threaded_decoder.cc:218: Check failed: avcodec_send_packet(dec_ctx_.get(), pkt.get()) >= 0 (-11 vs. 0) Thread worker: Error sending packet.
[19:16:50]   skipping OX5lX2yOr0M_88.mp4: [19:16:50] /github/workspace/src/video/video_reader.cc:151: Check failed: st_nb >= 0 (-1128613112 vs. 0) ERROR cannot find video stream with wanted index: -1
[19:16:50]   skipping QN3t9ngsVyM_7.mp4: [19:16:50] /github/workspace/src/video/ffmpeg/threaded_decoder.cc:292: [19:16:50] /github/workspace/src/video/ffmpeg/threaded_decoder.cc:218: Check failed: avcodec_send_packet(dec_ctx_.get(), pkt.get()) >= 0 (-11 vs. 0) Thread worker: Error sending packet.
[19:16:51]   skipping MPhysZLZbls_3.mp4: [19:16:51] /github/workspace/src/video/ffmpeg/threaded_decoder.cc:292: [19:16:51] /github/workspace/src/video/ffmpeg/threaded_decoder.cc:218: Check failed: avcodec_send_packet(dec_ctx_.get(), pkt.get()) >= 0 (-11 vs. 0) Thread worker: Error sending packet.
[19:16:52]   skipping 3U1ZrW-l7Ns_3.mp4: [19:16:52] /github/workspace/src/video/ffmpeg/threaded_decoder.cc:292: [19:16:52] /github/workspace/src/video/ffmpeg/threaded_decoder.cc:218: Check failed: avcodec_send_packet(dec_ctx_.get(), pkt.get()) >= 0 (-11 vs. 0) Thread worker: Error sending packet.
[19:16:52]   skipping v_1UO1GTsg0_60.mp4: [19:16:52] /github/workspace/src/video/video_reader.cc:151: Check failed: st_nb >= 0 (-1128613112 vs. 0) ERROR cannot find video stream with wanted index: -1
[19:16:53]   skipping we18JQrdzNM_5.mp4: [19:16:53] /github/workspace/src/video/ffmpeg/threaded_decoder.cc:292: [19:16:53] /github/workspace/src/video/ffmpeg/threaded_decoder.cc:218: Check failed: avcodec_send_packet(dec_ctx_.get(), pkt.get()) >= 0 (-11 vs. 0) Thread worker: Error sending packet.
[19:16:53]   skipping kXrhcA8wl5E_1.mp4: [19:16:53] /github/workspace/src/video/ffmpeg/threaded_decoder.cc:292: [19:16:53] /github/workspace/src/video/ffmpeg/threaded_decoder.cc:218: Check failed: avcodec_send_packet(dec_ctx_.get(), pkt.get()) >= 0 (-11 vs. 0) Thread worker: Error sending packet.
[19:16:54]   skipping LeKS3lZM9N8_41.mp4: [19:16:54] /github/workspace/src/video/video_reader.cc:151: Check failed: st_nb >= 0 (-1128613112 vs. 0) ERROR cannot find video stream with wanted index: -1
[19:16:54]   skipping yyg6-NUkYCg_7.mp4: [19:16:54] /github/workspace/src/video/ffmpeg/threaded_decoder.cc:292: [19:16:54] /github/workspace/src/video/ffmpeg/threaded_decoder.cc:218: Check failed: avcodec_send_packet(dec_ctx_.get(), pkt.get()) >= 0 (-11 vs. 0) Thread worker: Error sending packet.
[19:16:55]   skipping f8pjSfCh8as_77.mp4: [19:16:55] /github/workspace/src/video/ffmpeg/threaded_decoder.cc:292: [19:16:55] /github/workspace/src/video/ffmpeg/threaded_decoder.cc:218: Check failed: avcodec_send_packet(dec_ctx_.get(), pkt.get()) >= 0 (-11 vs. 0) Thread worker: Error sending packet.
[19:16:55]   skipping MW41EAmaWAE_49.mp4: [19:16:55] /github/workspace/src/video/video_reader.cc:151: Check failed: st_nb >= 0 (-1128613112 vs. 0) ERROR cannot find video stream with wanted index: -1
[19:16:55]   skipping dJNduDhBIYA_16.mp4: [19:16:55] /github/workspace/src/video/video_reader.cc:151: Check failed: st_nb >= 0 (-1128613112 vs. 0) ERROR cannot find video stream with wanted index: -1
[19:16:55]   skipping Za0TBlSOIOw_2.mp4: [19:16:55] /github/workspace/src/video/video_reader.cc:151: Check failed: st_nb >= 0 (-1128613112 vs. 0) ERROR cannot find video stream with wanted index: -1
[19:16:56]   skipping Rj2fVXY7auI_4.mp4: [19:16:56] /github/workspace/src/video/ffmpeg/threaded_decoder.cc:292: [19:16:56] /github/workspace/src/video/ffmpeg/threaded_decoder.cc:218: Check failed: avcodec_send_packet(dec_ctx_.get(), pkt.get()) >= 0 (-11 vs. 0) Thread worker: Error sending packet.
[19:16:56]   skipping s0lCx-poYe0_18.mp4: [19:16:56] /github/workspace/src/video/video_reader.cc:151: Check failed: st_nb >= 0 (-1128613112 vs. 0) ERROR cannot find video stream with wanted index: -1
[19:16:57]   skipping 8pwRyKcqqhk_2.mp4: [19:16:57] /github/workspace/src/video/ffmpeg/threaded_decoder.cc:292: [19:16:57] /github/workspace/src/video/ffmpeg/threaded_decoder.cc:218: Check failed: avcodec_send_packet(dec_ctx_.get(), pkt.get()) >= 0 (-11 vs. 0) Thread worker: Error sending packet.
[19:16:57]   skipping dvQ0sBZ1-nI_3.mp4: [19:16:57] /github/workspace/src/video/ffmpeg/threaded_decoder.cc:292: [19:16:57] /github/workspace/src/video/ffmpeg/threaded_decoder.cc:218: Check failed: avcodec_send_packet(dec_ctx_.get(), pkt.get()) >= 0 (-11 vs. 0) Thread worker: Error sending packet.
[19:16:57]   skipping SuphEZDxSI8_18.mp4: [19:16:57] /github/workspace/src/video/ffmpeg/threaded_decoder.cc:292: [19:16:57] /github/workspace/src/video/ffmpeg/threaded_decoder.cc:218: Check failed: avcodec_send_packet(dec_ctx_.get(), pkt.get()) >= 0 (-11 vs. 0) Thread worker: Error sending packet.
[19:16:57]   skipping ksU6Ii668Qk_2.mp4: [19:16:57] /github/workspace/src/video/video_reader.cc:151: Check failed: st_nb >= 0 (-1128613112 vs. 0) ERROR cannot find video stream with wanted index: -1
[19:16:57]   skipping OAd1Y7UbxTg_1.mp4: [19:16:57] /github/workspace/src/video/ffmpeg/threaded_decoder.cc:292: [19:16:57] /github/workspace/src/video/ffmpeg/threaded_decoder.cc:218: Check failed: avcodec_send_packet(dec_ctx_.get(), pkt.get()) >= 0 (-11 vs. 0) Thread worker: Error sending packet.
[19:16:59]   skipping ZymSrDfLhW8_43.mp4: [19:16:59] /github/workspace/src/video/video_reader.cc:151: Check failed: st_nb >= 0 (-1128613112 vs. 0) ERROR cannot find video stream with wanted index: -1
[19:16:59]   skipping yU8-TOldiyE_62.mp4: [19:16:59] /github/workspace/src/video/video_reader.cc:151: Check failed: st_nb >= 0 (-1128613112 vs. 0) ERROR cannot find video stream with wanted index: -1
[19:17:00]   skipping hZ1mAXpd1cY_71.mp4: [19:17:00] /github/workspace/src/video/video_reader.cc:151: Check failed: st_nb >= 0 (-1128613112 vs. 0) ERROR cannot find video stream with wanted index: -1
[19:17:00]   skipping vAYb7klhj8k_8.mp4: [19:17:00] /github/workspace/src/video/ffmpeg/threaded_decoder.cc:292: [19:17:00] /github/workspace/src/video/ffmpeg/threaded_decoder.cc:218: Check failed: avcodec_send_packet(dec_ctx_.get(), pkt.get()) >= 0 (-11 vs. 0) Thread worker: Error sending packet.
[19:17:00]   skipping Rs4Hg69vhqQ_4.mp4: [19:17:00] /github/workspace/src/video/ffmpeg/threaded_decoder.cc:292: [19:17:00] /github/workspace/src/video/ffmpeg/threaded_decoder.cc:218: Check failed: avcodec_send_packet(dec_ctx_.get(), pkt.get()) >= 0 (-11 vs. 0) Thread worker: Error sending packet.
[19:17:01]   skipping X_cItpBBO6M_5.mp4: [19:17:01] /github/workspace/src/video/ffmpeg/threaded_decoder.cc:292: [19:17:01] /github/workspace/src/video/ffmpeg/threaded_decoder.cc:218: Check failed: avcodec_send_packet(dec_ctx_.get(), pkt.get()) >= 0 (-11 vs. 0) Thread worker: Error sending packet.
[19:17:02]   skipping 8UNYXycC1yM_12.mp4: [19:17:02] /github/workspace/src/video/ffmpeg/threaded_decoder.cc:292: [19:17:02] /github/workspace/src/video/ffmpeg/threaded_decoder.cc:218: Check failed: avcodec_send_packet(dec_ctx_.get(), pkt.get()) >= 0 (-11 vs. 0) Thread worker: Error sending packet.
[19:17:06]   skipping bERjl3VRKQo_5.mp4: [19:17:06] /github/workspace/src/video/ffmpeg/threaded_decoder.cc:292: [19:17:06] /github/workspace/src/video/ffmpeg/threaded_decoder.cc:218: Check failed: avcodec_send_packet(dec_ctx_.get(), pkt.get()) >= 0 (-11 vs. 0) Thread worker: Error sending packet.
[19:17:06]   skipping Vj4f0Jjyy0w_35.mp4: [19:17:06] /github/workspace/src/video/ffmpeg/threaded_decoder.cc:292: [19:17:06] /github/workspace/src/video/ffmpeg/threaded_decoder.cc:218: Check failed: avcodec_send_packet(dec_ctx_.get(), pkt.get()) >= 0 (-11 vs. 0) Thread worker: Error sending packet.
[19:17:06]   skipping daYmVkHtkeU_5.mp4: [19:17:06] /github/workspace/src/video/video_reader.cc:151: Check failed: st_nb >= 0 (-1128613112 vs. 0) ERROR cannot find video stream with wanted index: -1
[19:17:06]   skipping a6Yltl1nVPk_18.mp4: [19:17:06] /github/workspace/src/video/video_reader.cc:151: Check failed: st_nb >= 0 (-1128613112 vs. 0) ERROR cannot find video stream with wanted index: -1
[19:17:08]   skipping Vn6dEcyr_WE_0.mp4: [19:17:08] /github/workspace/src/video/ffmpeg/threaded_decoder.cc:292: [19:17:08] /github/workspace/src/video/ffmpeg/threaded_decoder.cc:218: Check failed: avcodec_send_packet(dec_ctx_.get(), pkt.get()) >= 0 (-11 vs. 0) Thread worker: Error sending packet.
[19:17:09]   skipping 5oEGhFvW8vk_80.mp4: [19:17:09] /github/workspace/src/video/video_reader.cc:151: Check failed: st_nb >= 0 (-1128613112 vs. 0) ERROR cannot find video stream with wanted index: -1
[19:17:10]   skipping zrjiSnV-m40_23.mp4: [19:17:10] /github/workspace/src/video/ffmpeg/threaded_decoder.cc:292: [19:17:10] /github/workspace/src/video/ffmpeg/threaded_decoder.cc:218: Check failed: avcodec_send_packet(dec_ctx_.get(), pkt.get()) >= 0 (-11 vs. 0) Thread worker: Error sending packet.
[19:17:11]   skipping F2QAMwDkHZw_629.mp4: [19:17:11] /github/workspace/src/video/video_reader.cc:151: Check failed: st_nb >= 0 (-1128613112 vs. 0) ERROR cannot find video stream with wanted index: -1
[19:17:11]   skipping LZ4Q2W5XaL0_0.mp4: [19:17:11] /github/workspace/src/video/video_reader.cc:151: Check failed: st_nb >= 0 (-1128613112 vs. 0) ERROR cannot find video stream with wanted index: -1
[19:17:11]   skipping OMGO51u4ou4_4.mp4: [19:17:11] /github/workspace/src/video/video_reader.cc:151: Check failed: st_nb >= 0 (-1128613112 vs. 0) ERROR cannot find video stream with wanted index: -1
[19:17:12]   skipping FuHJQatc-PE_2.mp4: [19:17:12] /github/workspace/src/video/video_reader.cc:151: Check failed: st_nb >= 0 (-1128613112 vs. 0) ERROR cannot find video stream with wanted index: -1
[19:17:13]   skipping KB7doYrBdBk_2.mp4: [19:17:13] /github/workspace/src/video/ffmpeg/threaded_decoder.cc:292: [19:17:13] /github/workspace/src/video/ffmpeg/threaded_decoder.cc:218: Check failed: avcodec_send_packet(dec_ctx_.get(), pkt.get()) >= 0 (-11 vs. 0) Thread worker: Error sending packet.
[19:17:13]   skipping myfoGCgzaTA_11.mp4: [19:17:13] /github/workspace/src/video/ffmpeg/threaded_decoder.cc:292: [19:17:13] /github/workspace/src/video/ffmpeg/threaded_decoder.cc:218: Check failed: avcodec_send_packet(dec_ctx_.get(), pkt.get()) >= 0 (-11 vs. 0) Thread worker: Error sending packet.
[19:17:13]   skipping QCUuBDTV8YY_24.mp4: [19:17:13] /github/workspace/src/video/ffmpeg/threaded_decoder.cc:292: [19:17:13] /github/workspace/src/video/ffmpeg/threaded_decoder.cc:218: Check failed: avcodec_send_packet(dec_ctx_.get(), pkt.get()) >= 0 (-11 vs. 0) Thread worker: Error sending packet.
[19:17:13]   skipping -nahoWMJM1E_3.mp4: [19:17:13] /github/workspace/src/video/ffmpeg/threaded_decoder.cc:292: [19:17:13] /github/workspace/src/video/ffmpeg/threaded_decoder.cc:218: Check failed: avcodec_send_packet(dec_ctx_.get(), pkt.get()) >= 0 (-11 vs. 0) Thread worker: Error sending packet.
[19:17:13]   skipping 8XWPQX9LVoU_22.mp4: [19:17:13] /github/workspace/src/video/ffmpeg/threaded_decoder.cc:292: [19:17:13] /github/workspace/src/video/ffmpeg/threaded_decoder.cc:218: Check failed: avcodec_send_packet(dec_ctx_.get(), pkt.get()) >= 0 (-11 vs. 0) Thread worker: Error sending packet.
[19:17:14]   skipping KozSjyNnAH4_33.mp4: [19:17:14] /github/workspace/src/video/video_reader.cc:151: Check failed: st_nb >= 0 (-1128613112 vs. 0) ERROR cannot find video stream with wanted index: -1
[19:17:14]   skipping ooZRK8q-27Y_2.mp4: [19:17:14] /github/workspace/src/video/video_reader.cc:151: Check failed: st_nb >= 0 (-1128613112 vs. 0) ERROR cannot find video stream with wanted index: -1
[19:17:14]   skipping nZbmaDfYIs8_6.mp4: [19:17:14] /github/workspace/src/video/ffmpeg/threaded_decoder.cc:292: [19:17:14] /github/workspace/src/video/ffmpeg/threaded_decoder.cc:218: Check failed: avcodec_send_packet(dec_ctx_.get(), pkt.get()) >= 0 (-11 vs. 0) Thread worker: Error sending packet.
[19:17:15]   skipping Fil0i6xKNG8_7.mp4: [19:17:15] /github/workspace/src/video/ffmpeg/threaded_decoder.cc:292: [19:17:15] /github/workspace/src/video/ffmpeg/threaded_decoder.cc:218: Check failed: avcodec_send_packet(dec_ctx_.get(), pkt.get()) >= 0 (-11 vs. 0) Thread worker: Error sending packet.
[19:17:18]   skipping nmXmslnHoFU_16.mp4: [19:17:18] /github/workspace/src/video/ffmpeg/threaded_decoder.cc:292: [19:17:18] /github/workspace/src/video/ffmpeg/threaded_decoder.cc:218: Check failed: avcodec_send_packet(dec_ctx_.get(), pkt.get()) >= 0 (-11 vs. 0) Thread worker: Error sending packet.
[19:17:19]   skipping ydRISDRNyCM_0.mp4: [19:17:19] /github/workspace/src/video/ffmpeg/threaded_decoder.cc:292: [19:17:19] /github/workspace/src/video/ffmpeg/threaded_decoder.cc:218: Check failed: avcodec_send_packet(dec_ctx_.get(), pkt.get()) >= 0 (-11 vs. 0) Thread worker: Error sending packet.
[19:17:21]   skipping 3t0tjJACoz0_3.mp4: [19:17:21] /github/workspace/src/video/ffmpeg/threaded_decoder.cc:292: [19:17:21] /github/workspace/src/video/ffmpeg/threaded_decoder.cc:218: Check failed: avcodec_send_packet(dec_ctx_.get(), pkt.get()) >= 0 (-11 vs. 0) Thread worker: Error sending packet.
[19:17:21]   skipping 63HDsjAOmR0_63.mp4: [19:17:21] /github/workspace/src/video/video_reader.cc:151: Check failed: st_nb >= 0 (-1128613112 vs. 0) ERROR cannot find video stream with wanted index: -1
[19:17:23]   skipping zFEpjVaPFJo_0.mp4: [19:17:23] /github/workspace/src/video/ffmpeg/threaded_decoder.cc:292: [19:17:23] /github/workspace/src/video/ffmpeg/threaded_decoder.cc:218: Check failed: avcodec_send_packet(dec_ctx_.get(), pkt.get()) >= 0 (-11 vs. 0) Thread worker: Error sending packet.
[19:17:23]   skipping 6qgCC63H9yI_40.mp4: [19:17:23] /github/workspace/src/video/ffmpeg/threaded_decoder.cc:292: [19:17:23] /github/workspace/src/video/ffmpeg/threaded_decoder.cc:218: Check failed: avcodec_send_packet(dec_ctx_.get(), pkt.get()) >= 0 (-11 vs. 0) Thread worker: Error sending packet.
[19:17:24]   skipping NTKUo1-0cQY_15.mp4: [19:17:24] /github/workspace/src/video/video_reader.cc:151: Check failed: st_nb >= 0 (-1128613112 vs. 0) ERROR cannot find video stream with wanted index: -1
[19:17:24]   skipping -RJ6USD2nEU_3.mp4: [19:17:24] /github/workspace/src/video/video_reader.cc:151: Check failed: st_nb >= 0 (-1128613112 vs. 0) ERROR cannot find video stream with wanted index: -1
[19:17:25]   skipping fazhSHz4WUM_7.mp4: [19:17:25] /github/workspace/src/video/ffmpeg/threaded_decoder.cc:292: [19:17:25] /github/workspace/src/video/ffmpeg/threaded_decoder.cc:218: Check failed: avcodec_send_packet(dec_ctx_.get(), pkt.get()) >= 0 (-11 vs. 0) Thread worker: Error sending packet.
[19:17:26]   skipping rCo5sX6D9M8_1.mp4: [19:17:26] /github/workspace/src/video/ffmpeg/threaded_decoder.cc:292: [19:17:26] /github/workspace/src/video/ffmpeg/threaded_decoder.cc:218: Check failed: avcodec_send_packet(dec_ctx_.get(), pkt.get()) >= 0 (-11 vs. 0) Thread worker: Error sending packet.
[19:17:27]   skipping wpsgfdtNMWk_2.mp4: [19:17:27] /github/workspace/src/video/ffmpeg/threaded_decoder.cc:292: [19:17:27] /github/workspace/src/video/ffmpeg/threaded_decoder.cc:218: Check failed: avcodec_send_packet(dec_ctx_.get(), pkt.get()) >= 0 (-11 vs. 0) Thread worker: Error sending packet.
[19:17:27]   skipping _xxl5o-7-zE_1.mp4: [19:17:27] /github/workspace/src/video/ffmpeg/threaded_decoder.cc:292: [19:17:27] /github/workspace/src/video/ffmpeg/threaded_decoder.cc:218: Check failed: avcodec_send_packet(dec_ctx_.get(), pkt.get()) >= 0 (-11 vs. 0) Thread worker: Error sending packet.
[19:17:28]   skipping 8BhntKzc0TY_8.mp4: [19:17:28] /github/workspace/src/video/ffmpeg/threaded_decoder.cc:292: [19:17:28] /github/workspace/src/video/ffmpeg/threaded_decoder.cc:218: Check failed: avcodec_send_packet(dec_ctx_.get(), pkt.get()) >= 0 (-11 vs. 0) Thread worker: Error sending packet.
[19:17:28]   skipping fmF09VS_oyo_33.mp4: [19:17:28] /github/workspace/src/video/ffmpeg/threaded_decoder.cc:292: [19:17:28] /github/workspace/src/video/ffmpeg/threaded_decoder.cc:218: Check failed: avcodec_send_packet(dec_ctx_.get(), pkt.get()) >= 0 (-11 vs. 0) Thread worker: Error sending packet.
[19:17:28]   skipping dCwLaQ_JVe4_12.mp4: [19:17:28] /github/workspace/src/video/ffmpeg/threaded_decoder.cc:292: [19:17:28] /github/workspace/src/video/ffmpeg/threaded_decoder.cc:218: Check failed: avcodec_send_packet(dec_ctx_.get(), pkt.get()) >= 0 (-11 vs. 0) Thread worker: Error sending packet.
[19:17:28]   skipping u1nq7a-GrFk_4.mp4: [19:17:28] /github/workspace/src/video/video_reader.cc:151: Check failed: st_nb >= 0 (-1128613112 vs. 0) ERROR cannot find video stream with wanted index: -1
[19:17:28]   skipping L32u5GHo9uQ_11.mp4: [19:17:28] /github/workspace/src/video/video_reader.cc:151: Check failed: st_nb >= 0 (-1128613112 vs. 0) ERROR cannot find video stream with wanted index: -1
[19:17:28]   skipping ZsMxGbwfcXE_2.mp4: [19:17:28] /github/workspace/src/video/ffmpeg/threaded_decoder.cc:292: [19:17:28] /github/workspace/src/video/ffmpeg/threaded_decoder.cc:218: Check failed: avcodec_send_packet(dec_ctx_.get(), pkt.get()) >= 0 (-11 vs. 0) Thread worker: Error sending packet.
[19:17:30]   skipping 2kWhDth0Tik_72.mp4: [19:17:30] /github/workspace/src/video/video_reader.cc:151: Check failed: st_nb >= 0 (-1128613112 vs. 0) ERROR cannot find video stream with wanted index: -1
[19:17:31]   skipping ScRrg8a5fpI_6.mp4: [19:17:31] /github/workspace/src/video/ffmpeg/threaded_decoder.cc:292: [19:17:31] /github/workspace/src/video/ffmpeg/threaded_decoder.cc:218: Check failed: avcodec_send_packet(dec_ctx_.get(), pkt.get()) >= 0 (-11 vs. 0) Thread worker: Error sending packet.
[19:17:31]   skipping Rp3tde_n9jk_1.mp4: [19:17:31] /github/workspace/src/video/ffmpeg/threaded_decoder.cc:292: [19:17:31] /github/workspace/src/video/ffmpeg/threaded_decoder.cc:218: Check failed: avcodec_send_packet(dec_ctx_.get(), pkt.get()) >= 0 (-11 vs. 0) Thread worker: Error sending packet.
[19:17:33]   skipping Ngk1FDVd0rs_4.mp4: [19:17:33] /github/workspace/src/video/ffmpeg/threaded_decoder.cc:292: [19:17:33] /github/workspace/src/video/ffmpeg/threaded_decoder.cc:218: Check failed: avcodec_send_packet(dec_ctx_.get(), pkt.get()) >= 0 (-11 vs. 0) Thread worker: Error sending packet.
[19:17:33]   skipping BdCYG-hfGA8_40.mp4: [19:17:33] /github/workspace/src/video/video_reader.cc:151: Check failed: st_nb >= 0 (-1128613112 vs. 0) ERROR cannot find video stream with wanted index: -1
[19:17:33]   skipping Buvii64raoU_1.mp4: [19:17:33] /github/workspace/src/video/ffmpeg/threaded_decoder.cc:292: [19:17:33] /github/workspace/src/video/ffmpeg/threaded_decoder.cc:218: Check failed: avcodec_send_packet(dec_ctx_.get(), pkt.get()) >= 0 (-11 vs. 0) Thread worker: Error sending packet.
[19:17:33]   skipping joXOyrADBRE_8.mp4: [19:17:33] /github/workspace/src/video/ffmpeg/threaded_decoder.cc:292: [19:17:33] /github/workspace/src/video/ffmpeg/threaded_decoder.cc:218: Check failed: avcodec_send_packet(dec_ctx_.get(), pkt.get()) >= 0 (-11 vs. 0) Thread worker: Error sending packet.
[19:17:34]   skipping C22EGX5gwfI_4.mp4: [19:17:34] /github/workspace/src/video/ffmpeg/threaded_decoder.cc:292: [19:17:34] /github/workspace/src/video/ffmpeg/threaded_decoder.cc:218: Check failed: avcodec_send_packet(dec_ctx_.get(), pkt.get()) >= 0 (-11 vs. 0) Thread worker: Error sending packet.
[19:17:37]   skipping G29HvOWVln0_142.mp4: [19:17:37] /github/workspace/src/video/video_reader.cc:151: Check failed: st_nb >= 0 (-1128613112 vs. 0) ERROR cannot find video stream with wanted index: -1
[19:17:37]   skipping 85PQknw_hls_1.mp4: [19:17:37] /github/workspace/src/video/ffmpeg/threaded_decoder.cc:292: [19:17:37] /github/workspace/src/video/ffmpeg/threaded_decoder.cc:218: Check failed: avcodec_send_packet(dec_ctx_.get(), pkt.get()) >= 0 (-11 vs. 0) Thread worker: Error sending packet.
[19:17:37]   skipping ftsQYS1fkOs_71.mp4: [19:17:37] /github/workspace/src/video/video_reader.cc:151: Check failed: st_nb >= 0 (-1128613112 vs. 0) ERROR cannot find video stream with wanted index: -1
[19:17:38]   skipping LMgYK0TgajU_26.mp4: [19:17:38] /github/workspace/src/video/video_reader.cc:151: Check failed: st_nb >= 0 (-1128613112 vs. 0) ERROR cannot find video stream with wanted index: -1
[19:17:38]   skipping danm2Kgxozo_10.mp4: [19:17:38] /github/workspace/src/video/video_reader.cc:151: Check failed: st_nb >= 0 (-1128613112 vs. 0) ERROR cannot find video stream with wanted index: -1
[19:17:38]   skipping dsMQoZcCfns_16.mp4: [19:17:38] /github/workspace/src/video/ffmpeg/threaded_decoder.cc:292: [19:17:38] /github/workspace/src/video/ffmpeg/threaded_decoder.cc:218: Check failed: avcodec_send_packet(dec_ctx_.get(), pkt.get()) >= 0 (-11 vs. 0) Thread worker: Error sending packet.
[19:17:38]   skipping LjnRBI0HyFQ_6.mp4: [19:17:38] /github/workspace/src/video/ffmpeg/threaded_decoder.cc:292: [19:17:38] /github/workspace/src/video/ffmpeg/threaded_decoder.cc:218: Check failed: avcodec_send_packet(dec_ctx_.get(), pkt.get()) >= 0 (-11 vs. 0) Thread worker: Error sending packet.
[19:17:39]   step 400: val_loss_ce=1.1418 val_loss_latent=0.2575 val_loss_total=1.1676 (n=200, 55.2s)
[19:17:39] ======================================================================
[19:17:39] Checkpoint step 600: /scratch/users/anirban/tamaghnam/latentvans/checkpoints/stage0_run1/step_600
[19:17:39] ======================================================================
[19:17:41] added 3 latent-reasoning special tokens; vocab size now 151668
[19:17:45] resumed LoRA adapter (+ embed_tokens/lm_head) from /scratch/users/anirban/tamaghnam/latentvans/checkpoints/stage0_run1/step_600
trainable params: 624,918,528 || all params: 4,378,992,640 || trainable%: 14.2708
[19:17:45] vision-tower target embedding dim confirmed: 2048 (matches QWEN_HIDDEN_SIZE)
[19:17:45] validation stream: 1447 row(s) usable
[19:17:47]   skipping c1pQ19a8pMM_5.mp4: [19:17:47] /github/workspace/src/video/video_reader.cc:151: Check failed: st_nb >= 0 (-1128613112 vs. 0) ERROR cannot find video stream with wanted index: -1
[19:17:48]   skipping 6m7CwarmCo4_5.mp4: [19:17:48] /github/workspace/src/video/ffmpeg/threaded_decoder.cc:292: [19:17:48] /github/workspace/src/video/ffmpeg/threaded_decoder.cc:218: Check failed: avcodec_send_packet(dec_ctx_.get(), pkt.get()) >= 0 (-11 vs. 0) Thread worker: Error sending packet.
[19:17:48]   skipping mWY35fsCUgo_6.mp4: [19:17:48] /github/workspace/src/video/ffmpeg/threaded_decoder.cc:292: [19:17:48] /github/workspace/src/video/ffmpeg/threaded_decoder.cc:218: Check failed: avcodec_send_packet(dec_ctx_.get(), pkt.get()) >= 0 (-11 vs. 0) Thread worker: Error sending packet.
[19:17:50]   skipping DA6YnIZRTX8_7.mp4: [19:17:50] /github/workspace/src/video/ffmpeg/threaded_decoder.cc:292: [19:17:50] /github/workspace/src/video/ffmpeg/threaded_decoder.cc:218: Check failed: avcodec_send_packet(dec_ctx_.get(), pkt.get()) >= 0 (-11 vs. 0) Thread worker: Error sending packet.
[19:17:52]   skipping IF6iBVGKREo_91.mp4: [19:17:52] /github/workspace/src/video/video_reader.cc:151: Check failed: st_nb >= 0 (-1128613112 vs. 0) ERROR cannot find video stream with wanted index: -1
[19:17:52]   skipping Jo4XXm8OUP4_12.mp4: [19:17:52] /github/workspace/src/video/video_reader.cc:151: Check failed: st_nb >= 0 (-1128613112 vs. 0) ERROR cannot find video stream with wanted index: -1
[19:17:52]   skipping nZBk1GObVuk_0.mp4: [19:17:52] /github/workspace/src/video/ffmpeg/threaded_decoder.cc:292: [19:17:52] /github/workspace/src/video/ffmpeg/threaded_decoder.cc:218: Check failed: avcodec_send_packet(dec_ctx_.get(), pkt.get()) >= 0 (-11 vs. 0) Thread worker: Error sending packet.
[19:17:52]   skipping OX5lX2yOr0M_88.mp4: [19:17:52] /github/workspace/src/video/video_reader.cc:151: Check failed: st_nb >= 0 (-1128613112 vs. 0) ERROR cannot find video stream with wanted index: -1
[19:17:52]   skipping QN3t9ngsVyM_7.mp4: [19:17:52] /github/workspace/src/video/ffmpeg/threaded_decoder.cc:292: [19:17:52] /github/workspace/src/video/ffmpeg/threaded_decoder.cc:218: Check failed: avcodec_send_packet(dec_ctx_.get(), pkt.get()) >= 0 (-11 vs. 0) Thread worker: Error sending packet.
[19:17:53]   skipping MPhysZLZbls_3.mp4: [19:17:53] /github/workspace/src/video/ffmpeg/threaded_decoder.cc:292: [19:17:53] /github/workspace/src/video/ffmpeg/threaded_decoder.cc:218: Check failed: avcodec_send_packet(dec_ctx_.get(), pkt.get()) >= 0 (-11 vs. 0) Thread worker: Error sending packet.
[19:17:54]   skipping 3U1ZrW-l7Ns_3.mp4: [19:17:54] /github/workspace/src/video/ffmpeg/threaded_decoder.cc:292: [19:17:54] /github/workspace/src/video/ffmpeg/threaded_decoder.cc:218: Check failed: avcodec_send_packet(dec_ctx_.get(), pkt.get()) >= 0 (-11 vs. 0) Thread worker: Error sending packet.
[19:17:54]   skipping v_1UO1GTsg0_60.mp4: [19:17:54] /github/workspace/src/video/video_reader.cc:151: Check failed: st_nb >= 0 (-1128613112 vs. 0) ERROR cannot find video stream with wanted index: -1
[19:17:54]   skipping we18JQrdzNM_5.mp4: [19:17:54] /github/workspace/src/video/ffmpeg/threaded_decoder.cc:292: [19:17:54] /github/workspace/src/video/ffmpeg/threaded_decoder.cc:218: Check failed: avcodec_send_packet(dec_ctx_.get(), pkt.get()) >= 0 (-11 vs. 0) Thread worker: Error sending packet.
[19:17:55]   skipping kXrhcA8wl5E_1.mp4: [19:17:55] /github/workspace/src/video/ffmpeg/threaded_decoder.cc:292: [19:17:55] /github/workspace/src/video/ffmpeg/threaded_decoder.cc:218: Check failed: avcodec_send_packet(dec_ctx_.get(), pkt.get()) >= 0 (-11 vs. 0) Thread worker: Error sending packet.
[19:17:55]   skipping LeKS3lZM9N8_41.mp4: [19:17:55] /github/workspace/src/video/video_reader.cc:151: Check failed: st_nb >= 0 (-1128613112 vs. 0) ERROR cannot find video stream with wanted index: -1
[19:17:56]   skipping yyg6-NUkYCg_7.mp4: [19:17:56] /github/workspace/src/video/ffmpeg/threaded_decoder.cc:292: [19:17:56] /github/workspace/src/video/ffmpeg/threaded_decoder.cc:218: Check failed: avcodec_send_packet(dec_ctx_.get(), pkt.get()) >= 0 (-11 vs. 0) Thread worker: Error sending packet.
[19:17:56]   skipping f8pjSfCh8as_77.mp4: [19:17:56] /github/workspace/src/video/ffmpeg/threaded_decoder.cc:292: [19:17:56] /github/workspace/src/video/ffmpeg/threaded_decoder.cc:218: Check failed: avcodec_send_packet(dec_ctx_.get(), pkt.get()) >= 0 (-11 vs. 0) Thread worker: Error sending packet.
[19:17:56]   skipping MW41EAmaWAE_49.mp4: [19:17:56] /github/workspace/src/video/video_reader.cc:151: Check failed: st_nb >= 0 (-1128613112 vs. 0) ERROR cannot find video stream with wanted index: -1
[19:17:56]   skipping dJNduDhBIYA_16.mp4: [19:17:56] /github/workspace/src/video/video_reader.cc:151: Check failed: st_nb >= 0 (-1128613112 vs. 0) ERROR cannot find video stream with wanted index: -1
[19:17:56]   skipping Za0TBlSOIOw_2.mp4: [19:17:56] /github/workspace/src/video/video_reader.cc:151: Check failed: st_nb >= 0 (-1128613112 vs. 0) ERROR cannot find video stream with wanted index: -1
[19:17:57]   skipping Rj2fVXY7auI_4.mp4: [19:17:57] /github/workspace/src/video/ffmpeg/threaded_decoder.cc:292: [19:17:57] /github/workspace/src/video/ffmpeg/threaded_decoder.cc:218: Check failed: avcodec_send_packet(dec_ctx_.get(), pkt.get()) >= 0 (-11 vs. 0) Thread worker: Error sending packet.
[19:17:57]   skipping s0lCx-poYe0_18.mp4: [19:17:57] /github/workspace/src/video/video_reader.cc:151: Check failed: st_nb >= 0 (-1128613112 vs. 0) ERROR cannot find video stream with wanted index: -1
[19:17:58]   skipping 8pwRyKcqqhk_2.mp4: [19:17:58] /github/workspace/src/video/ffmpeg/threaded_decoder.cc:292: [19:17:58] /github/workspace/src/video/ffmpeg/threaded_decoder.cc:218: Check failed: avcodec_send_packet(dec_ctx_.get(), pkt.get()) >= 0 (-11 vs. 0) Thread worker: Error sending packet.
[19:17:58]   skipping dvQ0sBZ1-nI_3.mp4: [19:17:58] /github/workspace/src/video/ffmpeg/threaded_decoder.cc:292: [19:17:58] /github/workspace/src/video/ffmpeg/threaded_decoder.cc:218: Check failed: avcodec_send_packet(dec_ctx_.get(), pkt.get()) >= 0 (-11 vs. 0) Thread worker: Error sending packet.
[19:17:58]   skipping SuphEZDxSI8_18.mp4: [19:17:58] /github/workspace/src/video/ffmpeg/threaded_decoder.cc:292: [19:17:58] /github/workspace/src/video/ffmpeg/threaded_decoder.cc:218: Check failed: avcodec_send_packet(dec_ctx_.get(), pkt.get()) >= 0 (-11 vs. 0) Thread worker: Error sending packet.
[19:17:58]   skipping ksU6Ii668Qk_2.mp4: [19:17:58] /github/workspace/src/video/video_reader.cc:151: Check failed: st_nb >= 0 (-1128613112 vs. 0) ERROR cannot find video stream with wanted index: -1
[19:17:58]   skipping OAd1Y7UbxTg_1.mp4: [19:17:58] /github/workspace/src/video/ffmpeg/threaded_decoder.cc:292: [19:17:58] /github/workspace/src/video/ffmpeg/threaded_decoder.cc:218: Check failed: avcodec_send_packet(dec_ctx_.get(), pkt.get()) >= 0 (-11 vs. 0) Thread worker: Error sending packet.
[19:18:01]   skipping ZymSrDfLhW8_43.mp4: [19:18:01] /github/workspace/src/video/video_reader.cc:151: Check failed: st_nb >= 0 (-1128613112 vs. 0) ERROR cannot find video stream with wanted index: -1
[19:18:01]   skipping yU8-TOldiyE_62.mp4: [19:18:01] /github/workspace/src/video/video_reader.cc:151: Check failed: st_nb >= 0 (-1128613112 vs. 0) ERROR cannot find video stream with wanted index: -1
[19:18:01]   skipping hZ1mAXpd1cY_71.mp4: [19:18:01] /github/workspace/src/video/video_reader.cc:151: Check failed: st_nb >= 0 (-1128613112 vs. 0) ERROR cannot find video stream with wanted index: -1
[19:18:02]   skipping vAYb7klhj8k_8.mp4: [19:18:02] /github/workspace/src/video/ffmpeg/threaded_decoder.cc:292: [19:18:02] /github/workspace/src/video/ffmpeg/threaded_decoder.cc:218: Check failed: avcodec_send_packet(dec_ctx_.get(), pkt.get()) >= 0 (-11 vs. 0) Thread worker: Error sending packet.
[19:18:02]   skipping Rs4Hg69vhqQ_4.mp4: [19:18:02] /github/workspace/src/video/ffmpeg/threaded_decoder.cc:292: [19:18:02] /github/workspace/src/video/ffmpeg/threaded_decoder.cc:218: Check failed: avcodec_send_packet(dec_ctx_.get(), pkt.get()) >= 0 (-11 vs. 0) Thread worker: Error sending packet.
[19:18:03]   skipping X_cItpBBO6M_5.mp4: [19:18:03] /github/workspace/src/video/ffmpeg/threaded_decoder.cc:292: [19:18:03] /github/workspace/src/video/ffmpeg/threaded_decoder.cc:218: Check failed: avcodec_send_packet(dec_ctx_.get(), pkt.get()) >= 0 (-11 vs. 0) Thread worker: Error sending packet.
[19:18:03]   skipping 8UNYXycC1yM_12.mp4: [19:18:03] /github/workspace/src/video/ffmpeg/threaded_decoder.cc:292: [19:18:03] /github/workspace/src/video/ffmpeg/threaded_decoder.cc:218: Check failed: avcodec_send_packet(dec_ctx_.get(), pkt.get()) >= 0 (-11 vs. 0) Thread worker: Error sending packet.
[19:18:07]   skipping bERjl3VRKQo_5.mp4: [19:18:07] /github/workspace/src/video/ffmpeg/threaded_decoder.cc:292: [19:18:07] /github/workspace/src/video/ffmpeg/threaded_decoder.cc:218: Check failed: avcodec_send_packet(dec_ctx_.get(), pkt.get()) >= 0 (-11 vs. 0) Thread worker: Error sending packet.
[19:18:07]   skipping Vj4f0Jjyy0w_35.mp4: [19:18:07] /github/workspace/src/video/ffmpeg/threaded_decoder.cc:292: [19:18:07] /github/workspace/src/video/ffmpeg/threaded_decoder.cc:218: Check failed: avcodec_send_packet(dec_ctx_.get(), pkt.get()) >= 0 (-11 vs. 0) Thread worker: Error sending packet.
[19:18:08]   skipping daYmVkHtkeU_5.mp4: [19:18:08] /github/workspace/src/video/video_reader.cc:151: Check failed: st_nb >= 0 (-1128613112 vs. 0) ERROR cannot find video stream with wanted index: -1
[19:18:08]   skipping a6Yltl1nVPk_18.mp4: [19:18:08] /github/workspace/src/video/video_reader.cc:151: Check failed: st_nb >= 0 (-1128613112 vs. 0) ERROR cannot find video stream with wanted index: -1
[19:18:10]   skipping Vn6dEcyr_WE_0.mp4: [19:18:10] /github/workspace/src/video/ffmpeg/threaded_decoder.cc:292: [19:18:10] /github/workspace/src/video/ffmpeg/threaded_decoder.cc:218: Check failed: avcodec_send_packet(dec_ctx_.get(), pkt.get()) >= 0 (-11 vs. 0) Thread worker: Error sending packet.
[19:18:10]   skipping 5oEGhFvW8vk_80.mp4: [19:18:10] /github/workspace/src/video/video_reader.cc:151: Check failed: st_nb >= 0 (-1128613112 vs. 0) ERROR cannot find video stream with wanted index: -1
[19:18:12]   skipping zrjiSnV-m40_23.mp4: [19:18:12] /github/workspace/src/video/ffmpeg/threaded_decoder.cc:292: [19:18:12] /github/workspace/src/video/ffmpeg/threaded_decoder.cc:218: Check failed: avcodec_send_packet(dec_ctx_.get(), pkt.get()) >= 0 (-11 vs. 0) Thread worker: Error sending packet.
[19:18:12]   skipping F2QAMwDkHZw_629.mp4: [19:18:12] /github/workspace/src/video/video_reader.cc:151: Check failed: st_nb >= 0 (-1128613112 vs. 0) ERROR cannot find video stream with wanted index: -1
[19:18:12]   skipping LZ4Q2W5XaL0_0.mp4: [19:18:12] /github/workspace/src/video/video_reader.cc:151: Check failed: st_nb >= 0 (-1128613112 vs. 0) ERROR cannot find video stream with wanted index: -1
[19:18:13]   skipping OMGO51u4ou4_4.mp4: [19:18:13] /github/workspace/src/video/video_reader.cc:151: Check failed: st_nb >= 0 (-1128613112 vs. 0) ERROR cannot find video stream with wanted index: -1
[19:18:13]   skipping FuHJQatc-PE_2.mp4: [19:18:13] /github/workspace/src/video/video_reader.cc:151: Check failed: st_nb >= 0 (-1128613112 vs. 0) ERROR cannot find video stream with wanted index: -1
[19:18:14]   skipping KB7doYrBdBk_2.mp4: [19:18:14] /github/workspace/src/video/ffmpeg/threaded_decoder.cc:292: [19:18:14] /github/workspace/src/video/ffmpeg/threaded_decoder.cc:218: Check failed: avcodec_send_packet(dec_ctx_.get(), pkt.get()) >= 0 (-11 vs. 0) Thread worker: Error sending packet.
[19:18:14]   skipping myfoGCgzaTA_11.mp4: [19:18:14] /github/workspace/src/video/ffmpeg/threaded_decoder.cc:292: [19:18:14] /github/workspace/src/video/ffmpeg/threaded_decoder.cc:218: Check failed: avcodec_send_packet(dec_ctx_.get(), pkt.get()) >= 0 (-11 vs. 0) Thread worker: Error sending packet.
[19:18:14]   skipping QCUuBDTV8YY_24.mp4: [19:18:14] /github/workspace/src/video/ffmpeg/threaded_decoder.cc:292: [19:18:14] /github/workspace/src/video/ffmpeg/threaded_decoder.cc:218: Check failed: avcodec_send_packet(dec_ctx_.get(), pkt.get()) >= 0 (-11 vs. 0) Thread worker: Error sending packet.
[19:18:15]   skipping -nahoWMJM1E_3.mp4: [19:18:15] /github/workspace/src/video/ffmpeg/threaded_decoder.cc:292: [19:18:15] /github/workspace/src/video/ffmpeg/threaded_decoder.cc:218: Check failed: avcodec_send_packet(dec_ctx_.get(), pkt.get()) >= 0 (-11 vs. 0) Thread worker: Error sending packet.
[19:18:15]   skipping 8XWPQX9LVoU_22.mp4: [19:18:15] /github/workspace/src/video/ffmpeg/threaded_decoder.cc:292: [19:18:15] /github/workspace/src/video/ffmpeg/threaded_decoder.cc:218: Check failed: avcodec_send_packet(dec_ctx_.get(), pkt.get()) >= 0 (-11 vs. 0) Thread worker: Error sending packet.
[19:18:15]   skipping KozSjyNnAH4_33.mp4: [19:18:15] /github/workspace/src/video/video_reader.cc:151: Check failed: st_nb >= 0 (-1128613112 vs. 0) ERROR cannot find video stream with wanted index: -1
[19:18:15]   skipping ooZRK8q-27Y_2.mp4: [19:18:15] /github/workspace/src/video/video_reader.cc:151: Check failed: st_nb >= 0 (-1128613112 vs. 0) ERROR cannot find video stream with wanted index: -1
[19:18:16]   skipping nZbmaDfYIs8_6.mp4: [19:18:16] /github/workspace/src/video/ffmpeg/threaded_decoder.cc:292: [19:18:16] /github/workspace/src/video/ffmpeg/threaded_decoder.cc:218: Check failed: avcodec_send_packet(dec_ctx_.get(), pkt.get()) >= 0 (-11 vs. 0) Thread worker: Error sending packet.
[19:18:16]   skipping Fil0i6xKNG8_7.mp4: [19:18:16] /github/workspace/src/video/ffmpeg/threaded_decoder.cc:292: [19:18:16] /github/workspace/src/video/ffmpeg/threaded_decoder.cc:218: Check failed: avcodec_send_packet(dec_ctx_.get(), pkt.get()) >= 0 (-11 vs. 0) Thread worker: Error sending packet.
[19:18:19]   skipping nmXmslnHoFU_16.mp4: [19:18:19] /github/workspace/src/video/ffmpeg/threaded_decoder.cc:292: [19:18:19] /github/workspace/src/video/ffmpeg/threaded_decoder.cc:218: Check failed: avcodec_send_packet(dec_ctx_.get(), pkt.get()) >= 0 (-11 vs. 0) Thread worker: Error sending packet.
[19:18:21]   skipping ydRISDRNyCM_0.mp4: [19:18:21] /github/workspace/src/video/ffmpeg/threaded_decoder.cc:292: [19:18:21] /github/workspace/src/video/ffmpeg/threaded_decoder.cc:218: Check failed: avcodec_send_packet(dec_ctx_.get(), pkt.get()) >= 0 (-11 vs. 0) Thread worker: Error sending packet.
[19:18:22]   skipping 3t0tjJACoz0_3.mp4: [19:18:22] /github/workspace/src/video/ffmpeg/threaded_decoder.cc:292: [19:18:22] /github/workspace/src/video/ffmpeg/threaded_decoder.cc:218: Check failed: avcodec_send_packet(dec_ctx_.get(), pkt.get()) >= 0 (-11 vs. 0) Thread worker: Error sending packet.
[19:18:22]   skipping 63HDsjAOmR0_63.mp4: [19:18:22] /github/workspace/src/video/video_reader.cc:151: Check failed: st_nb >= 0 (-1128613112 vs. 0) ERROR cannot find video stream with wanted index: -1
[19:18:24]   skipping zFEpjVaPFJo_0.mp4: [19:18:24] /github/workspace/src/video/ffmpeg/threaded_decoder.cc:292: [19:18:24] /github/workspace/src/video/ffmpeg/threaded_decoder.cc:218: Check failed: avcodec_send_packet(dec_ctx_.get(), pkt.get()) >= 0 (-11 vs. 0) Thread worker: Error sending packet.
[19:18:24]   skipping 6qgCC63H9yI_40.mp4: [19:18:24] /github/workspace/src/video/ffmpeg/threaded_decoder.cc:292: [19:18:24] /github/workspace/src/video/ffmpeg/threaded_decoder.cc:218: Check failed: avcodec_send_packet(dec_ctx_.get(), pkt.get()) >= 0 (-11 vs. 0) Thread worker: Error sending packet.
[19:18:25]   skipping NTKUo1-0cQY_15.mp4: [19:18:25] /github/workspace/src/video/video_reader.cc:151: Check failed: st_nb >= 0 (-1128613112 vs. 0) ERROR cannot find video stream with wanted index: -1
[19:18:25]   skipping -RJ6USD2nEU_3.mp4: [19:18:25] /github/workspace/src/video/video_reader.cc:151: Check failed: st_nb >= 0 (-1128613112 vs. 0) ERROR cannot find video stream with wanted index: -1
[19:18:26]   skipping fazhSHz4WUM_7.mp4: [19:18:26] /github/workspace/src/video/ffmpeg/threaded_decoder.cc:292: [19:18:26] /github/workspace/src/video/ffmpeg/threaded_decoder.cc:218: Check failed: avcodec_send_packet(dec_ctx_.get(), pkt.get()) >= 0 (-11 vs. 0) Thread worker: Error sending packet.
[19:18:28]   skipping rCo5sX6D9M8_1.mp4: [19:18:28] /github/workspace/src/video/ffmpeg/threaded_decoder.cc:292: [19:18:28] /github/workspace/src/video/ffmpeg/threaded_decoder.cc:218: Check failed: avcodec_send_packet(dec_ctx_.get(), pkt.get()) >= 0 (-11 vs. 0) Thread worker: Error sending packet.
[19:18:28]   skipping wpsgfdtNMWk_2.mp4: [19:18:28] /github/workspace/src/video/ffmpeg/threaded_decoder.cc:292: [19:18:28] /github/workspace/src/video/ffmpeg/threaded_decoder.cc:218: Check failed: avcodec_send_packet(dec_ctx_.get(), pkt.get()) >= 0 (-11 vs. 0) Thread worker: Error sending packet.
[19:18:29]   skipping _xxl5o-7-zE_1.mp4: [19:18:29] /github/workspace/src/video/ffmpeg/threaded_decoder.cc:292: [19:18:29] /github/workspace/src/video/ffmpeg/threaded_decoder.cc:218: Check failed: avcodec_send_packet(dec_ctx_.get(), pkt.get()) >= 0 (-11 vs. 0) Thread worker: Error sending packet.
[19:18:29]   skipping 8BhntKzc0TY_8.mp4: [19:18:29] /github/workspace/src/video/ffmpeg/threaded_decoder.cc:292: [19:18:29] /github/workspace/src/video/ffmpeg/threaded_decoder.cc:218: Check failed: avcodec_send_packet(dec_ctx_.get(), pkt.get()) >= 0 (-11 vs. 0) Thread worker: Error sending packet.
[19:18:29]   skipping fmF09VS_oyo_33.mp4: [19:18:29] /github/workspace/src/video/ffmpeg/threaded_decoder.cc:292: [19:18:29] /github/workspace/src/video/ffmpeg/threaded_decoder.cc:218: Check failed: avcodec_send_packet(dec_ctx_.get(), pkt.get()) >= 0 (-11 vs. 0) Thread worker: Error sending packet.
[19:18:29]   skipping dCwLaQ_JVe4_12.mp4: [19:18:29] /github/workspace/src/video/ffmpeg/threaded_decoder.cc:292: [19:18:29] /github/workspace/src/video/ffmpeg/threaded_decoder.cc:218: Check failed: avcodec_send_packet(dec_ctx_.get(), pkt.get()) >= 0 (-11 vs. 0) Thread worker: Error sending packet.
[19:18:29]   skipping u1nq7a-GrFk_4.mp4: [19:18:29] /github/workspace/src/video/video_reader.cc:151: Check failed: st_nb >= 0 (-1128613112 vs. 0) ERROR cannot find video stream with wanted index: -1
[19:18:29]   skipping L32u5GHo9uQ_11.mp4: [19:18:29] /github/workspace/src/video/video_reader.cc:151: Check failed: st_nb >= 0 (-1128613112 vs. 0) ERROR cannot find video stream with wanted index: -1
[19:18:29]   skipping ZsMxGbwfcXE_2.mp4: [19:18:29] /github/workspace/src/video/ffmpeg/threaded_decoder.cc:292: [19:18:29] /github/workspace/src/video/ffmpeg/threaded_decoder.cc:218: Check failed: avcodec_send_packet(dec_ctx_.get(), pkt.get()) >= 0 (-11 vs. 0) Thread worker: Error sending packet.
[19:18:32]   skipping 2kWhDth0Tik_72.mp4: [19:18:32] /github/workspace/src/video/video_reader.cc:151: Check failed: st_nb >= 0 (-1128613112 vs. 0) ERROR cannot find video stream with wanted index: -1
[19:18:32]   skipping ScRrg8a5fpI_6.mp4: [19:18:32] /github/workspace/src/video/ffmpeg/threaded_decoder.cc:292: [19:18:32] /github/workspace/src/video/ffmpeg/threaded_decoder.cc:218: Check failed: avcodec_send_packet(dec_ctx_.get(), pkt.get()) >= 0 (-11 vs. 0) Thread worker: Error sending packet.
[19:18:33]   skipping Rp3tde_n9jk_1.mp4: [19:18:33] /github/workspace/src/video/ffmpeg/threaded_decoder.cc:292: [19:18:33] /github/workspace/src/video/ffmpeg/threaded_decoder.cc:218: Check failed: avcodec_send_packet(dec_ctx_.get(), pkt.get()) >= 0 (-11 vs. 0) Thread worker: Error sending packet.
[19:18:34]   skipping Ngk1FDVd0rs_4.mp4: [19:18:34] /github/workspace/src/video/ffmpeg/threaded_decoder.cc:292: [19:18:34] /github/workspace/src/video/ffmpeg/threaded_decoder.cc:218: Check failed: avcodec_send_packet(dec_ctx_.get(), pkt.get()) >= 0 (-11 vs. 0) Thread worker: Error sending packet.
[19:18:34]   skipping BdCYG-hfGA8_40.mp4: [19:18:34] /github/workspace/src/video/video_reader.cc:151: Check failed: st_nb >= 0 (-1128613112 vs. 0) ERROR cannot find video stream with wanted index: -1
[19:18:34]   skipping Buvii64raoU_1.mp4: [19:18:34] /github/workspace/src/video/ffmpeg/threaded_decoder.cc:292: [19:18:34] /github/workspace/src/video/ffmpeg/threaded_decoder.cc:218: Check failed: avcodec_send_packet(dec_ctx_.get(), pkt.get()) >= 0 (-11 vs. 0) Thread worker: Error sending packet.
[19:18:35]   skipping joXOyrADBRE_8.mp4: [19:18:35] /github/workspace/src/video/ffmpeg/threaded_decoder.cc:292: [19:18:35] /github/workspace/src/video/ffmpeg/threaded_decoder.cc:218: Check failed: avcodec_send_packet(dec_ctx_.get(), pkt.get()) >= 0 (-11 vs. 0) Thread worker: Error sending packet.
[19:18:36]   skipping C22EGX5gwfI_4.mp4: [19:18:36] /github/workspace/src/video/ffmpeg/threaded_decoder.cc:292: [19:18:36] /github/workspace/src/video/ffmpeg/threaded_decoder.cc:218: Check failed: avcodec_send_packet(dec_ctx_.get(), pkt.get()) >= 0 (-11 vs. 0) Thread worker: Error sending packet.
[19:18:38]   skipping G29HvOWVln0_142.mp4: [19:18:38] /github/workspace/src/video/video_reader.cc:151: Check failed: st_nb >= 0 (-1128613112 vs. 0) ERROR cannot find video stream with wanted index: -1
[19:18:38]   skipping 85PQknw_hls_1.mp4: [19:18:38] /github/workspace/src/video/ffmpeg/threaded_decoder.cc:292: [19:18:38] /github/workspace/src/video/ffmpeg/threaded_decoder.cc:218: Check failed: avcodec_send_packet(dec_ctx_.get(), pkt.get()) >= 0 (-11 vs. 0) Thread worker: Error sending packet.
[19:18:38]   skipping ftsQYS1fkOs_71.mp4: [19:18:38] /github/workspace/src/video/video_reader.cc:151: Check failed: st_nb >= 0 (-1128613112 vs. 0) ERROR cannot find video stream with wanted index: -1
[19:18:39]   skipping LMgYK0TgajU_26.mp4: [19:18:39] /github/workspace/src/video/video_reader.cc:151: Check failed: st_nb >= 0 (-1128613112 vs. 0) ERROR cannot find video stream with wanted index: -1
[19:18:39]   skipping danm2Kgxozo_10.mp4: [19:18:39] /github/workspace/src/video/video_reader.cc:151: Check failed: st_nb >= 0 (-1128613112 vs. 0) ERROR cannot find video stream with wanted index: -1
[19:18:39]   skipping dsMQoZcCfns_16.mp4: [19:18:39] /github/workspace/src/video/ffmpeg/threaded_decoder.cc:292: [19:18:39] /github/workspace/src/video/ffmpeg/threaded_decoder.cc:218: Check failed: avcodec_send_packet(dec_ctx_.get(), pkt.get()) >= 0 (-11 vs. 0) Thread worker: Error sending packet.
[19:18:39]   skipping LjnRBI0HyFQ_6.mp4: [19:18:39] /github/workspace/src/video/ffmpeg/threaded_decoder.cc:292: [19:18:39] /github/workspace/src/video/ffmpeg/threaded_decoder.cc:218: Check failed: avcodec_send_packet(dec_ctx_.get(), pkt.get()) >= 0 (-11 vs. 0) Thread worker: Error sending packet.
[19:18:40]   step 600: val_loss_ce=1.2871 val_loss_latent=0.2331 val_loss_total=1.3104 (n=200, 54.7s)
[19:18:40] ======================================================================
[19:18:40] Checkpoint step 800: /scratch/users/anirban/tamaghnam/latentvans/checkpoints/stage0_run1/step_800
[19:18:40] ======================================================================
[19:18:42] added 3 latent-reasoning special tokens; vocab size now 151668
[19:18:47] resumed LoRA adapter (+ embed_tokens/lm_head) from /scratch/users/anirban/tamaghnam/latentvans/checkpoints/stage0_run1/step_800
trainable params: 624,918,528 || all params: 4,378,992,640 || trainable%: 14.2708
[19:18:47] vision-tower target embedding dim confirmed: 2048 (matches QWEN_HIDDEN_SIZE)
[19:18:47] validation stream: 1447 row(s) usable
[19:18:48]   skipping c1pQ19a8pMM_5.mp4: [19:18:48] /github/workspace/src/video/video_reader.cc:151: Check failed: st_nb >= 0 (-1128613112 vs. 0) ERROR cannot find video stream with wanted index: -1
[19:18:50]   skipping 6m7CwarmCo4_5.mp4: [19:18:50] /github/workspace/src/video/ffmpeg/threaded_decoder.cc:292: [19:18:50] /github/workspace/src/video/ffmpeg/threaded_decoder.cc:218: Check failed: avcodec_send_packet(dec_ctx_.get(), pkt.get()) >= 0 (-11 vs. 0) Thread worker: Error sending packet.
[19:18:50]   skipping mWY35fsCUgo_6.mp4: [19:18:50] /github/workspace/src/video/ffmpeg/threaded_decoder.cc:292: [19:18:50] /github/workspace/src/video/ffmpeg/threaded_decoder.cc:218: Check failed: avcodec_send_packet(dec_ctx_.get(), pkt.get()) >= 0 (-11 vs. 0) Thread worker: Error sending packet.
[19:18:51]   skipping DA6YnIZRTX8_7.mp4: [19:18:51] /github/workspace/src/video/ffmpeg/threaded_decoder.cc:292: [19:18:51] /github/workspace/src/video/ffmpeg/threaded_decoder.cc:218: Check failed: avcodec_send_packet(dec_ctx_.get(), pkt.get()) >= 0 (-11 vs. 0) Thread worker: Error sending packet.
[19:18:53]   skipping IF6iBVGKREo_91.mp4: [19:18:53] /github/workspace/src/video/video_reader.cc:151: Check failed: st_nb >= 0 (-1128613112 vs. 0) ERROR cannot find video stream with wanted index: -1
[19:18:53]   skipping Jo4XXm8OUP4_12.mp4: [19:18:53] /github/workspace/src/video/video_reader.cc:151: Check failed: st_nb >= 0 (-1128613112 vs. 0) ERROR cannot find video stream with wanted index: -1
[19:18:53]   skipping nZBk1GObVuk_0.mp4: [19:18:53] /github/workspace/src/video/ffmpeg/threaded_decoder.cc:292: [19:18:53] /github/workspace/src/video/ffmpeg/threaded_decoder.cc:218: Check failed: avcodec_send_packet(dec_ctx_.get(), pkt.get()) >= 0 (-11 vs. 0) Thread worker: Error sending packet.
[19:18:53]   skipping OX5lX2yOr0M_88.mp4: [19:18:53] /github/workspace/src/video/video_reader.cc:151: Check failed: st_nb >= 0 (-1128613112 vs. 0) ERROR cannot find video stream with wanted index: -1
[19:18:54]   skipping QN3t9ngsVyM_7.mp4: [19:18:54] /github/workspace/src/video/ffmpeg/threaded_decoder.cc:292: [19:18:54] /github/workspace/src/video/ffmpeg/threaded_decoder.cc:218: Check failed: avcodec_send_packet(dec_ctx_.get(), pkt.get()) >= 0 (-11 vs. 0) Thread worker: Error sending packet.
[19:18:55]   skipping MPhysZLZbls_3.mp4: [19:18:55] /github/workspace/src/video/ffmpeg/threaded_decoder.cc:292: [19:18:55] /github/workspace/src/video/ffmpeg/threaded_decoder.cc:218: Check failed: avcodec_send_packet(dec_ctx_.get(), pkt.get()) >= 0 (-11 vs. 0) Thread worker: Error sending packet.
[19:18:55]   skipping 3U1ZrW-l7Ns_3.mp4: [19:18:55] /github/workspace/src/video/ffmpeg/threaded_decoder.cc:292: [19:18:55] /github/workspace/src/video/ffmpeg/threaded_decoder.cc:218: Check failed: avcodec_send_packet(dec_ctx_.get(), pkt.get()) >= 0 (-11 vs. 0) Thread worker: Error sending packet.
[19:18:55]   skipping v_1UO1GTsg0_60.mp4: [19:18:55] /github/workspace/src/video/video_reader.cc:151: Check failed: st_nb >= 0 (-1128613112 vs. 0) ERROR cannot find video stream with wanted index: -1
[19:18:56]   skipping we18JQrdzNM_5.mp4: [19:18:56] /github/workspace/src/video/ffmpeg/threaded_decoder.cc:292: [19:18:56] /github/workspace/src/video/ffmpeg/threaded_decoder.cc:218: Check failed: avcodec_send_packet(dec_ctx_.get(), pkt.get()) >= 0 (-11 vs. 0) Thread worker: Error sending packet.
[19:18:56]   skipping kXrhcA8wl5E_1.mp4: [19:18:56] /github/workspace/src/video/ffmpeg/threaded_decoder.cc:292: [19:18:56] /github/workspace/src/video/ffmpeg/threaded_decoder.cc:218: Check failed: avcodec_send_packet(dec_ctx_.get(), pkt.get()) >= 0 (-11 vs. 0) Thread worker: Error sending packet.
[19:18:57]   skipping LeKS3lZM9N8_41.mp4: [19:18:57] /github/workspace/src/video/video_reader.cc:151: Check failed: st_nb >= 0 (-1128613112 vs. 0) ERROR cannot find video stream with wanted index: -1
[19:18:58]   skipping yyg6-NUkYCg_7.mp4: [19:18:58] /github/workspace/src/video/ffmpeg/threaded_decoder.cc:292: [19:18:58] /github/workspace/src/video/ffmpeg/threaded_decoder.cc:218: Check failed: avcodec_send_packet(dec_ctx_.get(), pkt.get()) >= 0 (-11 vs. 0) Thread worker: Error sending packet.
[19:18:58]   skipping f8pjSfCh8as_77.mp4: [19:18:58] /github/workspace/src/video/ffmpeg/threaded_decoder.cc:292: [19:18:58] /github/workspace/src/video/ffmpeg/threaded_decoder.cc:218: Check failed: avcodec_send_packet(dec_ctx_.get(), pkt.get()) >= 0 (-11 vs. 0) Thread worker: Error sending packet.
[19:18:58]   skipping MW41EAmaWAE_49.mp4: [19:18:58] /github/workspace/src/video/video_reader.cc:151: Check failed: st_nb >= 0 (-1128613112 vs. 0) ERROR cannot find video stream with wanted index: -1
[19:18:58]   skipping dJNduDhBIYA_16.mp4: [19:18:58] /github/workspace/src/video/video_reader.cc:151: Check failed: st_nb >= 0 (-1128613112 vs. 0) ERROR cannot find video stream with wanted index: -1
[19:18:58]   skipping Za0TBlSOIOw_2.mp4: [19:18:58] /github/workspace/src/video/video_reader.cc:151: Check failed: st_nb >= 0 (-1128613112 vs. 0) ERROR cannot find video stream with wanted index: -1
[19:18:59]   skipping Rj2fVXY7auI_4.mp4: [19:18:59] /github/workspace/src/video/ffmpeg/threaded_decoder.cc:292: [19:18:59] /github/workspace/src/video/ffmpeg/threaded_decoder.cc:218: Check failed: avcodec_send_packet(dec_ctx_.get(), pkt.get()) >= 0 (-11 vs. 0) Thread worker: Error sending packet.
[19:18:59]   skipping s0lCx-poYe0_18.mp4: [19:18:59] /github/workspace/src/video/video_reader.cc:151: Check failed: st_nb >= 0 (-1128613112 vs. 0) ERROR cannot find video stream with wanted index: -1
[19:19:00]   skipping 8pwRyKcqqhk_2.mp4: [19:19:00] /github/workspace/src/video/ffmpeg/threaded_decoder.cc:292: [19:19:00] /github/workspace/src/video/ffmpeg/threaded_decoder.cc:218: Check failed: avcodec_send_packet(dec_ctx_.get(), pkt.get()) >= 0 (-11 vs. 0) Thread worker: Error sending packet.
[19:19:00]   skipping dvQ0sBZ1-nI_3.mp4: [19:19:00] /github/workspace/src/video/ffmpeg/threaded_decoder.cc:292: [19:19:00] /github/workspace/src/video/ffmpeg/threaded_decoder.cc:218: Check failed: avcodec_send_packet(dec_ctx_.get(), pkt.get()) >= 0 (-11 vs. 0) Thread worker: Error sending packet.
[19:19:00]   skipping SuphEZDxSI8_18.mp4: [19:19:00] /github/workspace/src/video/ffmpeg/threaded_decoder.cc:292: [19:19:00] /github/workspace/src/video/ffmpeg/threaded_decoder.cc:218: Check failed: avcodec_send_packet(dec_ctx_.get(), pkt.get()) >= 0 (-11 vs. 0) Thread worker: Error sending packet.
[19:19:00]   skipping ksU6Ii668Qk_2.mp4: [19:19:00] /github/workspace/src/video/video_reader.cc:151: Check failed: st_nb >= 0 (-1128613112 vs. 0) ERROR cannot find video stream with wanted index: -1
[19:19:00]   skipping OAd1Y7UbxTg_1.mp4: [19:19:00] /github/workspace/src/video/ffmpeg/threaded_decoder.cc:292: [19:19:00] /github/workspace/src/video/ffmpeg/threaded_decoder.cc:218: Check failed: avcodec_send_packet(dec_ctx_.get(), pkt.get()) >= 0 (-11 vs. 0) Thread worker: Error sending packet.
[19:19:02]   skipping ZymSrDfLhW8_43.mp4: [19:19:02] /github/workspace/src/video/video_reader.cc:151: Check failed: st_nb >= 0 (-1128613112 vs. 0) ERROR cannot find video stream with wanted index: -1
[19:19:02]   skipping yU8-TOldiyE_62.mp4: [19:19:02] /github/workspace/src/video/video_reader.cc:151: Check failed: st_nb >= 0 (-1128613112 vs. 0) ERROR cannot find video stream with wanted index: -1
[19:19:03]   skipping hZ1mAXpd1cY_71.mp4: [19:19:03] /github/workspace/src/video/video_reader.cc:151: Check failed: st_nb >= 0 (-1128613112 vs. 0) ERROR cannot find video stream with wanted index: -1
[19:19:03]   skipping vAYb7klhj8k_8.mp4: [19:19:03] /github/workspace/src/video/ffmpeg/threaded_decoder.cc:292: [19:19:03] /github/workspace/src/video/ffmpeg/threaded_decoder.cc:218: Check failed: avcodec_send_packet(dec_ctx_.get(), pkt.get()) >= 0 (-11 vs. 0) Thread worker: Error sending packet.
[19:19:04]   skipping Rs4Hg69vhqQ_4.mp4: [19:19:04] /github/workspace/src/video/ffmpeg/threaded_decoder.cc:292: [19:19:04] /github/workspace/src/video/ffmpeg/threaded_decoder.cc:218: Check failed: avcodec_send_packet(dec_ctx_.get(), pkt.get()) >= 0 (-11 vs. 0) Thread worker: Error sending packet.
[19:19:05]   skipping X_cItpBBO6M_5.mp4: [19:19:05] /github/workspace/src/video/ffmpeg/threaded_decoder.cc:292: [19:19:05] /github/workspace/src/video/ffmpeg/threaded_decoder.cc:218: Check failed: avcodec_send_packet(dec_ctx_.get(), pkt.get()) >= 0 (-11 vs. 0) Thread worker: Error sending packet.
[19:19:05]   skipping 8UNYXycC1yM_12.mp4: [19:19:05] /github/workspace/src/video/ffmpeg/threaded_decoder.cc:292: [19:19:05] /github/workspace/src/video/ffmpeg/threaded_decoder.cc:218: Check failed: avcodec_send_packet(dec_ctx_.get(), pkt.get()) >= 0 (-11 vs. 0) Thread worker: Error sending packet.
[19:19:09]   skipping bERjl3VRKQo_5.mp4: [19:19:09] /github/workspace/src/video/ffmpeg/threaded_decoder.cc:292: [19:19:09] /github/workspace/src/video/ffmpeg/threaded_decoder.cc:218: Check failed: avcodec_send_packet(dec_ctx_.get(), pkt.get()) >= 0 (-11 vs. 0) Thread worker: Error sending packet.
[19:19:09]   skipping Vj4f0Jjyy0w_35.mp4: [19:19:09] /github/workspace/src/video/ffmpeg/threaded_decoder.cc:292: [19:19:09] /github/workspace/src/video/ffmpeg/threaded_decoder.cc:218: Check failed: avcodec_send_packet(dec_ctx_.get(), pkt.get()) >= 0 (-11 vs. 0) Thread worker: Error sending packet.
[19:19:10]   skipping daYmVkHtkeU_5.mp4: [19:19:10] /github/workspace/src/video/video_reader.cc:151: Check failed: st_nb >= 0 (-1128613112 vs. 0) ERROR cannot find video stream with wanted index: -1
[19:19:10]   skipping a6Yltl1nVPk_18.mp4: [19:19:10] /github/workspace/src/video/video_reader.cc:151: Check failed: st_nb >= 0 (-1128613112 vs. 0) ERROR cannot find video stream with wanted index: -1
[19:19:11]   skipping Vn6dEcyr_WE_0.mp4: [19:19:11] /github/workspace/src/video/ffmpeg/threaded_decoder.cc:292: [19:19:11] /github/workspace/src/video/ffmpeg/threaded_decoder.cc:218: Check failed: avcodec_send_packet(dec_ctx_.get(), pkt.get()) >= 0 (-11 vs. 0) Thread worker: Error sending packet.
[19:19:12]   skipping 5oEGhFvW8vk_80.mp4: [19:19:12] /github/workspace/src/video/video_reader.cc:151: Check failed: st_nb >= 0 (-1128613112 vs. 0) ERROR cannot find video stream with wanted index: -1
[19:19:13]   skipping zrjiSnV-m40_23.mp4: [19:19:13] /github/workspace/src/video/ffmpeg/threaded_decoder.cc:292: [19:19:13] /github/workspace/src/video/ffmpeg/threaded_decoder.cc:218: Check failed: avcodec_send_packet(dec_ctx_.get(), pkt.get()) >= 0 (-11 vs. 0) Thread worker: Error sending packet.
[19:19:14]   skipping F2QAMwDkHZw_629.mp4: [19:19:14] /github/workspace/src/video/video_reader.cc:151: Check failed: st_nb >= 0 (-1128613112 vs. 0) ERROR cannot find video stream with wanted index: -1
[19:19:14]   skipping LZ4Q2W5XaL0_0.mp4: [19:19:14] /github/workspace/src/video/video_reader.cc:151: Check failed: st_nb >= 0 (-1128613112 vs. 0) ERROR cannot find video stream with wanted index: -1
[19:19:15]   skipping OMGO51u4ou4_4.mp4: [19:19:15] /github/workspace/src/video/video_reader.cc:151: Check failed: st_nb >= 0 (-1128613112 vs. 0) ERROR cannot find video stream with wanted index: -1
[19:19:15]   skipping FuHJQatc-PE_2.mp4: [19:19:15] /github/workspace/src/video/video_reader.cc:151: Check failed: st_nb >= 0 (-1128613112 vs. 0) ERROR cannot find video stream with wanted index: -1
[19:19:16]   skipping KB7doYrBdBk_2.mp4: [19:19:16] /github/workspace/src/video/ffmpeg/threaded_decoder.cc:292: [19:19:16] /github/workspace/src/video/ffmpeg/threaded_decoder.cc:218: Check failed: avcodec_send_packet(dec_ctx_.get(), pkt.get()) >= 0 (-11 vs. 0) Thread worker: Error sending packet.
[19:19:16]   skipping myfoGCgzaTA_11.mp4: [19:19:16] /github/workspace/src/video/ffmpeg/threaded_decoder.cc:292: [19:19:16] /github/workspace/src/video/ffmpeg/threaded_decoder.cc:218: Check failed: avcodec_send_packet(dec_ctx_.get(), pkt.get()) >= 0 (-11 vs. 0) Thread worker: Error sending packet.
[19:19:16]   skipping QCUuBDTV8YY_24.mp4: [19:19:16] /github/workspace/src/video/ffmpeg/threaded_decoder.cc:292: [19:19:16] /github/workspace/src/video/ffmpeg/threaded_decoder.cc:218: Check failed: avcodec_send_packet(dec_ctx_.get(), pkt.get()) >= 0 (-11 vs. 0) Thread worker: Error sending packet.
[19:19:16]   skipping -nahoWMJM1E_3.mp4: [19:19:16] /github/workspace/src/video/ffmpeg/threaded_decoder.cc:292: [19:19:16] /github/workspace/src/video/ffmpeg/threaded_decoder.cc:218: Check failed: avcodec_send_packet(dec_ctx_.get(), pkt.get()) >= 0 (-11 vs. 0) Thread worker: Error sending packet.
[19:19:17]   skipping 8XWPQX9LVoU_22.mp4: [19:19:17] /github/workspace/src/video/ffmpeg/threaded_decoder.cc:292: [19:19:17] /github/workspace/src/video/ffmpeg/threaded_decoder.cc:218: Check failed: avcodec_send_packet(dec_ctx_.get(), pkt.get()) >= 0 (-11 vs. 0) Thread worker: Error sending packet.
[19:19:17]   skipping KozSjyNnAH4_33.mp4: [19:19:17] /github/workspace/src/video/video_reader.cc:151: Check failed: st_nb >= 0 (-1128613112 vs. 0) ERROR cannot find video stream with wanted index: -1
[19:19:17]   skipping ooZRK8q-27Y_2.mp4: [19:19:17] /github/workspace/src/video/video_reader.cc:151: Check failed: st_nb >= 0 (-1128613112 vs. 0) ERROR cannot find video stream with wanted index: -1
[19:19:18]   skipping nZbmaDfYIs8_6.mp4: [19:19:18] /github/workspace/src/video/ffmpeg/threaded_decoder.cc:292: [19:19:18] /github/workspace/src/video/ffmpeg/threaded_decoder.cc:218: Check failed: avcodec_send_packet(dec_ctx_.get(), pkt.get()) >= 0 (-11 vs. 0) Thread worker: Error sending packet.
[19:19:18]   skipping Fil0i6xKNG8_7.mp4: [19:19:18] /github/workspace/src/video/ffmpeg/threaded_decoder.cc:292: [19:19:18] /github/workspace/src/video/ffmpeg/threaded_decoder.cc:218: Check failed: avcodec_send_packet(dec_ctx_.get(), pkt.get()) >= 0 (-11 vs. 0) Thread worker: Error sending packet.
[19:19:21]   skipping nmXmslnHoFU_16.mp4: [19:19:21] /github/workspace/src/video/ffmpeg/threaded_decoder.cc:292: [19:19:21] /github/workspace/src/video/ffmpeg/threaded_decoder.cc:218: Check failed: avcodec_send_packet(dec_ctx_.get(), pkt.get()) >= 0 (-11 vs. 0) Thread worker: Error sending packet.
[19:19:22]   skipping ydRISDRNyCM_0.mp4: [19:19:22] /github/workspace/src/video/ffmpeg/threaded_decoder.cc:292: [19:19:22] /github/workspace/src/video/ffmpeg/threaded_decoder.cc:218: Check failed: avcodec_send_packet(dec_ctx_.get(), pkt.get()) >= 0 (-11 vs. 0) Thread worker: Error sending packet.
[19:19:24]   skipping 3t0tjJACoz0_3.mp4: [19:19:24] /github/workspace/src/video/ffmpeg/threaded_decoder.cc:292: [19:19:24] /github/workspace/src/video/ffmpeg/threaded_decoder.cc:218: Check failed: avcodec_send_packet(dec_ctx_.get(), pkt.get()) >= 0 (-11 vs. 0) Thread worker: Error sending packet.
[19:19:24]   skipping 63HDsjAOmR0_63.mp4: [19:19:24] /github/workspace/src/video/video_reader.cc:151: Check failed: st_nb >= 0 (-1128613112 vs. 0) ERROR cannot find video stream with wanted index: -1
[19:19:26]   skipping zFEpjVaPFJo_0.mp4: [19:19:26] /github/workspace/src/video/ffmpeg/threaded_decoder.cc:292: [19:19:26] /github/workspace/src/video/ffmpeg/threaded_decoder.cc:218: Check failed: avcodec_send_packet(dec_ctx_.get(), pkt.get()) >= 0 (-11 vs. 0) Thread worker: Error sending packet.
[19:19:26]   skipping 6qgCC63H9yI_40.mp4: [19:19:26] /github/workspace/src/video/ffmpeg/threaded_decoder.cc:292: [19:19:26] /github/workspace/src/video/ffmpeg/threaded_decoder.cc:218: Check failed: avcodec_send_packet(dec_ctx_.get(), pkt.get()) >= 0 (-11 vs. 0) Thread worker: Error sending packet.
[19:19:27]   skipping NTKUo1-0cQY_15.mp4: [19:19:27] /github/workspace/src/video/video_reader.cc:151: Check failed: st_nb >= 0 (-1128613112 vs. 0) ERROR cannot find video stream with wanted index: -1
[19:19:27]   skipping -RJ6USD2nEU_3.mp4: [19:19:27] /github/workspace/src/video/video_reader.cc:151: Check failed: st_nb >= 0 (-1128613112 vs. 0) ERROR cannot find video stream with wanted index: -1
[19:19:28]   skipping fazhSHz4WUM_7.mp4: [19:19:28] /github/workspace/src/video/ffmpeg/threaded_decoder.cc:292: [19:19:28] /github/workspace/src/video/ffmpeg/threaded_decoder.cc:218: Check failed: avcodec_send_packet(dec_ctx_.get(), pkt.get()) >= 0 (-11 vs. 0) Thread worker: Error sending packet.
[19:19:30]   skipping rCo5sX6D9M8_1.mp4: [19:19:30] /github/workspace/src/video/ffmpeg/threaded_decoder.cc:292: [19:19:30] /github/workspace/src/video/ffmpeg/threaded_decoder.cc:218: Check failed: avcodec_send_packet(dec_ctx_.get(), pkt.get()) >= 0 (-11 vs. 0) Thread worker: Error sending packet.
[19:19:30]   skipping wpsgfdtNMWk_2.mp4: [19:19:30] /github/workspace/src/video/ffmpeg/threaded_decoder.cc:292: [19:19:30] /github/workspace/src/video/ffmpeg/threaded_decoder.cc:218: Check failed: avcodec_send_packet(dec_ctx_.get(), pkt.get()) >= 0 (-11 vs. 0) Thread worker: Error sending packet.
[19:19:31]   skipping _xxl5o-7-zE_1.mp4: [19:19:31] /github/workspace/src/video/ffmpeg/threaded_decoder.cc:292: [19:19:31] /github/workspace/src/video/ffmpeg/threaded_decoder.cc:218: Check failed: avcodec_send_packet(dec_ctx_.get(), pkt.get()) >= 0 (-11 vs. 0) Thread worker: Error sending packet.
[19:19:31]   skipping 8BhntKzc0TY_8.mp4: [19:19:31] /github/workspace/src/video/ffmpeg/threaded_decoder.cc:292: [19:19:31] /github/workspace/src/video/ffmpeg/threaded_decoder.cc:218: Check failed: avcodec_send_packet(dec_ctx_.get(), pkt.get()) >= 0 (-11 vs. 0) Thread worker: Error sending packet.
[19:19:31]   skipping fmF09VS_oyo_33.mp4: [19:19:31] /github/workspace/src/video/ffmpeg/threaded_decoder.cc:292: [19:19:31] /github/workspace/src/video/ffmpeg/threaded_decoder.cc:218: Check failed: avcodec_send_packet(dec_ctx_.get(), pkt.get()) >= 0 (-11 vs. 0) Thread worker: Error sending packet.
[19:19:31]   skipping dCwLaQ_JVe4_12.mp4: [19:19:31] /github/workspace/src/video/ffmpeg/threaded_decoder.cc:292: [19:19:31] /github/workspace/src/video/ffmpeg/threaded_decoder.cc:218: Check failed: avcodec_send_packet(dec_ctx_.get(), pkt.get()) >= 0 (-11 vs. 0) Thread worker: Error sending packet.
[19:19:31]   skipping u1nq7a-GrFk_4.mp4: [19:19:31] /github/workspace/src/video/video_reader.cc:151: Check failed: st_nb >= 0 (-1128613112 vs. 0) ERROR cannot find video stream with wanted index: -1
[19:19:31]   skipping L32u5GHo9uQ_11.mp4: [19:19:31] /github/workspace/src/video/video_reader.cc:151: Check failed: st_nb >= 0 (-1128613112 vs. 0) ERROR cannot find video stream with wanted index: -1
[19:19:31]   skipping ZsMxGbwfcXE_2.mp4: [19:19:31] /github/workspace/src/video/ffmpeg/threaded_decoder.cc:292: [19:19:31] /github/workspace/src/video/ffmpeg/threaded_decoder.cc:218: Check failed: avcodec_send_packet(dec_ctx_.get(), pkt.get()) >= 0 (-11 vs. 0) Thread worker: Error sending packet.
[19:19:34]   skipping 2kWhDth0Tik_72.mp4: [19:19:34] /github/workspace/src/video/video_reader.cc:151: Check failed: st_nb >= 0 (-1128613112 vs. 0) ERROR cannot find video stream with wanted index: -1
[19:19:34]   skipping ScRrg8a5fpI_6.mp4: [19:19:34] /github/workspace/src/video/ffmpeg/threaded_decoder.cc:292: [19:19:34] /github/workspace/src/video/ffmpeg/threaded_decoder.cc:218: Check failed: avcodec_send_packet(dec_ctx_.get(), pkt.get()) >= 0 (-11 vs. 0) Thread worker: Error sending packet.
[19:19:35]   skipping Rp3tde_n9jk_1.mp4: [19:19:35] /github/workspace/src/video/ffmpeg/threaded_decoder.cc:292: [19:19:35] /github/workspace/src/video/ffmpeg/threaded_decoder.cc:218: Check failed: avcodec_send_packet(dec_ctx_.get(), pkt.get()) >= 0 (-11 vs. 0) Thread worker: Error sending packet.
[19:19:36]   skipping Ngk1FDVd0rs_4.mp4: [19:19:36] /github/workspace/src/video/ffmpeg/threaded_decoder.cc:292: [19:19:36] /github/workspace/src/video/ffmpeg/threaded_decoder.cc:218: Check failed: avcodec_send_packet(dec_ctx_.get(), pkt.get()) >= 0 (-11 vs. 0) Thread worker: Error sending packet.
[19:19:36]   skipping BdCYG-hfGA8_40.mp4: [19:19:36] /github/workspace/src/video/video_reader.cc:151: Check failed: st_nb >= 0 (-1128613112 vs. 0) ERROR cannot find video stream with wanted index: -1
[19:19:36]   skipping Buvii64raoU_1.mp4: [19:19:36] /github/workspace/src/video/ffmpeg/threaded_decoder.cc:292: [19:19:36] /github/workspace/src/video/ffmpeg/threaded_decoder.cc:218: Check failed: avcodec_send_packet(dec_ctx_.get(), pkt.get()) >= 0 (-11 vs. 0) Thread worker: Error sending packet.
[19:19:37]   skipping joXOyrADBRE_8.mp4: [19:19:37] /github/workspace/src/video/ffmpeg/threaded_decoder.cc:292: [19:19:37] /github/workspace/src/video/ffmpeg/threaded_decoder.cc:218: Check failed: avcodec_send_packet(dec_ctx_.get(), pkt.get()) >= 0 (-11 vs. 0) Thread worker: Error sending packet.
[19:19:38]   skipping C22EGX5gwfI_4.mp4: [19:19:38] /github/workspace/src/video/ffmpeg/threaded_decoder.cc:292: [19:19:38] /github/workspace/src/video/ffmpeg/threaded_decoder.cc:218: Check failed: avcodec_send_packet(dec_ctx_.get(), pkt.get()) >= 0 (-11 vs. 0) Thread worker: Error sending packet.
[19:19:40]   skipping G29HvOWVln0_142.mp4: [19:19:40] /github/workspace/src/video/video_reader.cc:151: Check failed: st_nb >= 0 (-1128613112 vs. 0) ERROR cannot find video stream with wanted index: -1
[19:19:40]   skipping 85PQknw_hls_1.mp4: [19:19:40] /github/workspace/src/video/ffmpeg/threaded_decoder.cc:292: [19:19:40] /github/workspace/src/video/ffmpeg/threaded_decoder.cc:218: Check failed: avcodec_send_packet(dec_ctx_.get(), pkt.get()) >= 0 (-11 vs. 0) Thread worker: Error sending packet.
[19:19:40]   skipping ftsQYS1fkOs_71.mp4: [19:19:40] /github/workspace/src/video/video_reader.cc:151: Check failed: st_nb >= 0 (-1128613112 vs. 0) ERROR cannot find video stream with wanted index: -1
[19:19:41]   skipping LMgYK0TgajU_26.mp4: [19:19:41] /github/workspace/src/video/video_reader.cc:151: Check failed: st_nb >= 0 (-1128613112 vs. 0) ERROR cannot find video stream with wanted index: -1
[19:19:41]   skipping danm2Kgxozo_10.mp4: [19:19:41] /github/workspace/src/video/video_reader.cc:151: Check failed: st_nb >= 0 (-1128613112 vs. 0) ERROR cannot find video stream with wanted index: -1
[19:19:41]   skipping dsMQoZcCfns_16.mp4: [19:19:41] /github/workspace/src/video/ffmpeg/threaded_decoder.cc:292: [19:19:41] /github/workspace/src/video/ffmpeg/threaded_decoder.cc:218: Check failed: avcodec_send_packet(dec_ctx_.get(), pkt.get()) >= 0 (-11 vs. 0) Thread worker: Error sending packet.
[19:19:41]   skipping LjnRBI0HyFQ_6.mp4: [19:19:41] /github/workspace/src/video/ffmpeg/threaded_decoder.cc:292: [19:19:41] /github/workspace/src/video/ffmpeg/threaded_decoder.cc:218: Check failed: avcodec_send_packet(dec_ctx_.get(), pkt.get()) >= 0 (-11 vs. 0) Thread worker: Error sending packet.
[19:19:42]   step 800: val_loss_ce=1.3903 val_loss_latent=0.2254 val_loss_total=1.4129 (n=200, 55.4s)
[19:19:42] ======================================================================
[19:19:42] Checkpoint step 1000: /scratch/users/anirban/tamaghnam/latentvans/checkpoints/stage0_run1/step_1000
[19:19:42] ======================================================================
[19:19:44] added 3 latent-reasoning special tokens; vocab size now 151668
[19:19:48] resumed LoRA adapter (+ embed_tokens/lm_head) from /scratch/users/anirban/tamaghnam/latentvans/checkpoints/stage0_run1/step_1000
trainable params: 624,918,528 || all params: 4,378,992,640 || trainable%: 14.2708
[19:19:49] vision-tower target embedding dim confirmed: 2048 (matches QWEN_HIDDEN_SIZE)
[19:19:49] validation stream: 1447 row(s) usable
[19:19:50]   skipping c1pQ19a8pMM_5.mp4: [19:19:50] /github/workspace/src/video/video_reader.cc:151: Check failed: st_nb >= 0 (-1128613112 vs. 0) ERROR cannot find video stream with wanted index: -1
[19:19:51]   skipping 6m7CwarmCo4_5.mp4: [19:19:51] /github/workspace/src/video/ffmpeg/threaded_decoder.cc:292: [19:19:51] /github/workspace/src/video/ffmpeg/threaded_decoder.cc:218: Check failed: avcodec_send_packet(dec_ctx_.get(), pkt.get()) >= 0 (-11 vs. 0) Thread worker: Error sending packet.
[19:19:51]   skipping mWY35fsCUgo_6.mp4: [19:19:51] /github/workspace/src/video/ffmpeg/threaded_decoder.cc:292: [19:19:51] /github/workspace/src/video/ffmpeg/threaded_decoder.cc:218: Check failed: avcodec_send_packet(dec_ctx_.get(), pkt.get()) >= 0 (-11 vs. 0) Thread worker: Error sending packet.
[19:19:53]   skipping DA6YnIZRTX8_7.mp4: [19:19:53] /github/workspace/src/video/ffmpeg/threaded_decoder.cc:292: [19:19:53] /github/workspace/src/video/ffmpeg/threaded_decoder.cc:218: Check failed: avcodec_send_packet(dec_ctx_.get(), pkt.get()) >= 0 (-11 vs. 0) Thread worker: Error sending packet.
[19:19:55]   skipping IF6iBVGKREo_91.mp4: [19:19:55] /github/workspace/src/video/video_reader.cc:151: Check failed: st_nb >= 0 (-1128613112 vs. 0) ERROR cannot find video stream with wanted index: -1
[19:19:55]   skipping Jo4XXm8OUP4_12.mp4: [19:19:55] /github/workspace/src/video/video_reader.cc:151: Check failed: st_nb >= 0 (-1128613112 vs. 0) ERROR cannot find video stream with wanted index: -1
[19:19:55]   skipping nZBk1GObVuk_0.mp4: [19:19:55] /github/workspace/src/video/ffmpeg/threaded_decoder.cc:292: [19:19:55] /github/workspace/src/video/ffmpeg/threaded_decoder.cc:218: Check failed: avcodec_send_packet(dec_ctx_.get(), pkt.get()) >= 0 (-11 vs. 0) Thread worker: Error sending packet.
[19:19:55]   skipping OX5lX2yOr0M_88.mp4: [19:19:55] /github/workspace/src/video/video_reader.cc:151: Check failed: st_nb >= 0 (-1128613112 vs. 0) ERROR cannot find video stream with wanted index: -1
[19:19:56]   skipping QN3t9ngsVyM_7.mp4: [19:19:56] /github/workspace/src/video/ffmpeg/threaded_decoder.cc:292: [19:19:56] /github/workspace/src/video/ffmpeg/threaded_decoder.cc:218: Check failed: avcodec_send_packet(dec_ctx_.get(), pkt.get()) >= 0 (-11 vs. 0) Thread worker: Error sending packet.
[19:19:56]   skipping MPhysZLZbls_3.mp4: [19:19:56] /github/workspace/src/video/ffmpeg/threaded_decoder.cc:292: [19:19:56] /github/workspace/src/video/ffmpeg/threaded_decoder.cc:218: Check failed: avcodec_send_packet(dec_ctx_.get(), pkt.get()) >= 0 (-11 vs. 0) Thread worker: Error sending packet.
[19:19:57]   skipping 3U1ZrW-l7Ns_3.mp4: [19:19:57] /github/workspace/src/video/ffmpeg/threaded_decoder.cc:292: [19:19:57] /github/workspace/src/video/ffmpeg/threaded_decoder.cc:218: Check failed: avcodec_send_packet(dec_ctx_.get(), pkt.get()) >= 0 (-11 vs. 0) Thread worker: Error sending packet.
[19:19:57]   skipping v_1UO1GTsg0_60.mp4: [19:19:57] /github/workspace/src/video/video_reader.cc:151: Check failed: st_nb >= 0 (-1128613112 vs. 0) ERROR cannot find video stream with wanted index: -1
[19:19:58]   skipping we18JQrdzNM_5.mp4: [19:19:58] /github/workspace/src/video/ffmpeg/threaded_decoder.cc:292: [19:19:58] /github/workspace/src/video/ffmpeg/threaded_decoder.cc:218: Check failed: avcodec_send_packet(dec_ctx_.get(), pkt.get()) >= 0 (-11 vs. 0) Thread worker: Error sending packet.
[19:19:58]   skipping kXrhcA8wl5E_1.mp4: [19:19:58] /github/workspace/src/video/ffmpeg/threaded_decoder.cc:292: [19:19:58] /github/workspace/src/video/ffmpeg/threaded_decoder.cc:218: Check failed: avcodec_send_packet(dec_ctx_.get(), pkt.get()) >= 0 (-11 vs. 0) Thread worker: Error sending packet.
[19:19:59]   skipping LeKS3lZM9N8_41.mp4: [19:19:59] /github/workspace/src/video/video_reader.cc:151: Check failed: st_nb >= 0 (-1128613112 vs. 0) ERROR cannot find video stream with wanted index: -1
[19:20:00]   skipping yyg6-NUkYCg_7.mp4: [19:20:00] /github/workspace/src/video/ffmpeg/threaded_decoder.cc:292: [19:20:00] /github/workspace/src/video/ffmpeg/threaded_decoder.cc:218: Check failed: avcodec_send_packet(dec_ctx_.get(), pkt.get()) >= 0 (-11 vs. 0) Thread worker: Error sending packet.
[19:20:00]   skipping f8pjSfCh8as_77.mp4: [19:20:00] /github/workspace/src/video/ffmpeg/threaded_decoder.cc:292: [19:20:00] /github/workspace/src/video/ffmpeg/threaded_decoder.cc:218: Check failed: avcodec_send_packet(dec_ctx_.get(), pkt.get()) >= 0 (-11 vs. 0) Thread worker: Error sending packet.
[19:20:00]   skipping MW41EAmaWAE_49.mp4: [19:20:00] /github/workspace/src/video/video_reader.cc:151: Check failed: st_nb >= 0 (-1128613112 vs. 0) ERROR cannot find video stream with wanted index: -1
[19:20:00]   skipping dJNduDhBIYA_16.mp4: [19:20:00] /github/workspace/src/video/video_reader.cc:151: Check failed: st_nb >= 0 (-1128613112 vs. 0) ERROR cannot find video stream with wanted index: -1
[19:20:00]   skipping Za0TBlSOIOw_2.mp4: [19:20:00] /github/workspace/src/video/video_reader.cc:151: Check failed: st_nb >= 0 (-1128613112 vs. 0) ERROR cannot find video stream with wanted index: -1
[19:20:01]   skipping Rj2fVXY7auI_4.mp4: [19:20:01] /github/workspace/src/video/ffmpeg/threaded_decoder.cc:292: [19:20:01] /github/workspace/src/video/ffmpeg/threaded_decoder.cc:218: Check failed: avcodec_send_packet(dec_ctx_.get(), pkt.get()) >= 0 (-11 vs. 0) Thread worker: Error sending packet.
[19:20:01]   skipping s0lCx-poYe0_18.mp4: [19:20:01] /github/workspace/src/video/video_reader.cc:151: Check failed: st_nb >= 0 (-1128613112 vs. 0) ERROR cannot find video stream with wanted index: -1
[19:20:02]   skipping 8pwRyKcqqhk_2.mp4: [19:20:02] /github/workspace/src/video/ffmpeg/threaded_decoder.cc:292: [19:20:02] /github/workspace/src/video/ffmpeg/threaded_decoder.cc:218: Check failed: avcodec_send_packet(dec_ctx_.get(), pkt.get()) >= 0 (-11 vs. 0) Thread worker: Error sending packet.
[19:20:02]   skipping dvQ0sBZ1-nI_3.mp4: [19:20:02] /github/workspace/src/video/ffmpeg/threaded_decoder.cc:292: [19:20:02] /github/workspace/src/video/ffmpeg/threaded_decoder.cc:218: Check failed: avcodec_send_packet(dec_ctx_.get(), pkt.get()) >= 0 (-11 vs. 0) Thread worker: Error sending packet.
[19:20:02]   skipping SuphEZDxSI8_18.mp4: [19:20:02] /github/workspace/src/video/ffmpeg/threaded_decoder.cc:292: [19:20:02] /github/workspace/src/video/ffmpeg/threaded_decoder.cc:218: Check failed: avcodec_send_packet(dec_ctx_.get(), pkt.get()) >= 0 (-11 vs. 0) Thread worker: Error sending packet.
[19:20:02]   skipping ksU6Ii668Qk_2.mp4: [19:20:02] /github/workspace/src/video/video_reader.cc:151: Check failed: st_nb >= 0 (-1128613112 vs. 0) ERROR cannot find video stream with wanted index: -1
[19:20:02]   skipping OAd1Y7UbxTg_1.mp4: [19:20:02] /github/workspace/src/video/ffmpeg/threaded_decoder.cc:292: [19:20:02] /github/workspace/src/video/ffmpeg/threaded_decoder.cc:218: Check failed: avcodec_send_packet(dec_ctx_.get(), pkt.get()) >= 0 (-11 vs. 0) Thread worker: Error sending packet.
[19:20:04]   skipping ZymSrDfLhW8_43.mp4: [19:20:04] /github/workspace/src/video/video_reader.cc:151: Check failed: st_nb >= 0 (-1128613112 vs. 0) ERROR cannot find video stream with wanted index: -1
[19:20:04]   skipping yU8-TOldiyE_62.mp4: [19:20:04] /github/workspace/src/video/video_reader.cc:151: Check failed: st_nb >= 0 (-1128613112 vs. 0) ERROR cannot find video stream with wanted index: -1
[19:20:05]   skipping hZ1mAXpd1cY_71.mp4: [19:20:05] /github/workspace/src/video/video_reader.cc:151: Check failed: st_nb >= 0 (-1128613112 vs. 0) ERROR cannot find video stream with wanted index: -1
[19:20:05]   skipping vAYb7klhj8k_8.mp4: [19:20:05] /github/workspace/src/video/ffmpeg/threaded_decoder.cc:292: [19:20:05] /github/workspace/src/video/ffmpeg/threaded_decoder.cc:218: Check failed: avcodec_send_packet(dec_ctx_.get(), pkt.get()) >= 0 (-11 vs. 0) Thread worker: Error sending packet.
[19:20:06]   skipping Rs4Hg69vhqQ_4.mp4: [19:20:06] /github/workspace/src/video/ffmpeg/threaded_decoder.cc:292: [19:20:06] /github/workspace/src/video/ffmpeg/threaded_decoder.cc:218: Check failed: avcodec_send_packet(dec_ctx_.get(), pkt.get()) >= 0 (-11 vs. 0) Thread worker: Error sending packet.
[19:20:07]   skipping X_cItpBBO6M_5.mp4: [19:20:07] /github/workspace/src/video/ffmpeg/threaded_decoder.cc:292: [19:20:07] /github/workspace/src/video/ffmpeg/threaded_decoder.cc:218: Check failed: avcodec_send_packet(dec_ctx_.get(), pkt.get()) >= 0 (-11 vs. 0) Thread worker: Error sending packet.
[19:20:07]   skipping 8UNYXycC1yM_12.mp4: [19:20:07] /github/workspace/src/video/ffmpeg/threaded_decoder.cc:292: [19:20:07] /github/workspace/src/video/ffmpeg/threaded_decoder.cc:218: Check failed: avcodec_send_packet(dec_ctx_.get(), pkt.get()) >= 0 (-11 vs. 0) Thread worker: Error sending packet.
[19:20:11]   skipping bERjl3VRKQo_5.mp4: [19:20:11] /github/workspace/src/video/ffmpeg/threaded_decoder.cc:292: [19:20:11] /github/workspace/src/video/ffmpeg/threaded_decoder.cc:218: Check failed: avcodec_send_packet(dec_ctx_.get(), pkt.get()) >= 0 (-11 vs. 0) Thread worker: Error sending packet.
[19:20:11]   skipping Vj4f0Jjyy0w_35.mp4: [19:20:11] /github/workspace/src/video/ffmpeg/threaded_decoder.cc:292: [19:20:11] /github/workspace/src/video/ffmpeg/threaded_decoder.cc:218: Check failed: avcodec_send_packet(dec_ctx_.get(), pkt.get()) >= 0 (-11 vs. 0) Thread worker: Error sending packet.
[19:20:11]   skipping daYmVkHtkeU_5.mp4: [19:20:11] /github/workspace/src/video/video_reader.cc:151: Check failed: st_nb >= 0 (-1128613112 vs. 0) ERROR cannot find video stream with wanted index: -1
[19:20:11]   skipping a6Yltl1nVPk_18.mp4: [19:20:11] /github/workspace/src/video/video_reader.cc:151: Check failed: st_nb >= 0 (-1128613112 vs. 0) ERROR cannot find video stream with wanted index: -1
[19:20:13]   skipping Vn6dEcyr_WE_0.mp4: [19:20:13] /github/workspace/src/video/ffmpeg/threaded_decoder.cc:292: [19:20:13] /github/workspace/src/video/ffmpeg/threaded_decoder.cc:218: Check failed: avcodec_send_packet(dec_ctx_.get(), pkt.get()) >= 0 (-11 vs. 0) Thread worker: Error sending packet.
[19:20:14]   skipping 5oEGhFvW8vk_80.mp4: [19:20:14] /github/workspace/src/video/video_reader.cc:151: Check failed: st_nb >= 0 (-1128613112 vs. 0) ERROR cannot find video stream with wanted index: -1
[19:20:15]   skipping zrjiSnV-m40_23.mp4: [19:20:15] /github/workspace/src/video/ffmpeg/threaded_decoder.cc:292: [19:20:15] /github/workspace/src/video/ffmpeg/threaded_decoder.cc:218: Check failed: avcodec_send_packet(dec_ctx_.get(), pkt.get()) >= 0 (-11 vs. 0) Thread worker: Error sending packet.
[19:20:16]   skipping F2QAMwDkHZw_629.mp4: [19:20:16] /github/workspace/src/video/video_reader.cc:151: Check failed: st_nb >= 0 (-1128613112 vs. 0) ERROR cannot find video stream with wanted index: -1
[19:20:16]   skipping LZ4Q2W5XaL0_0.mp4: [19:20:16] /github/workspace/src/video/video_reader.cc:151: Check failed: st_nb >= 0 (-1128613112 vs. 0) ERROR cannot find video stream with wanted index: -1
[19:20:16]   skipping OMGO51u4ou4_4.mp4: [19:20:16] /github/workspace/src/video/video_reader.cc:151: Check failed: st_nb >= 0 (-1128613112 vs. 0) ERROR cannot find video stream with wanted index: -1
[19:20:17]   skipping FuHJQatc-PE_2.mp4: [19:20:17] /github/workspace/src/video/video_reader.cc:151: Check failed: st_nb >= 0 (-1128613112 vs. 0) ERROR cannot find video stream with wanted index: -1
[19:20:18]   skipping KB7doYrBdBk_2.mp4: [19:20:18] /github/workspace/src/video/ffmpeg/threaded_decoder.cc:292: [19:20:18] /github/workspace/src/video/ffmpeg/threaded_decoder.cc:218: Check failed: avcodec_send_packet(dec_ctx_.get(), pkt.get()) >= 0 (-11 vs. 0) Thread worker: Error sending packet.
[19:20:18]   skipping myfoGCgzaTA_11.mp4: [19:20:18] /github/workspace/src/video/ffmpeg/threaded_decoder.cc:292: [19:20:18] /github/workspace/src/video/ffmpeg/threaded_decoder.cc:218: Check failed: avcodec_send_packet(dec_ctx_.get(), pkt.get()) >= 0 (-11 vs. 0) Thread worker: Error sending packet.
[19:20:18]   skipping QCUuBDTV8YY_24.mp4: [19:20:18] /github/workspace/src/video/ffmpeg/threaded_decoder.cc:292: [19:20:18] /github/workspace/src/video/ffmpeg/threaded_decoder.cc:218: Check failed: avcodec_send_packet(dec_ctx_.get(), pkt.get()) >= 0 (-11 vs. 0) Thread worker: Error sending packet.
[19:20:18]   skipping -nahoWMJM1E_3.mp4: [19:20:18] /github/workspace/src/video/ffmpeg/threaded_decoder.cc:292: [19:20:18] /github/workspace/src/video/ffmpeg/threaded_decoder.cc:218: Check failed: avcodec_send_packet(dec_ctx_.get(), pkt.get()) >= 0 (-11 vs. 0) Thread worker: Error sending packet.
[19:20:18]   skipping 8XWPQX9LVoU_22.mp4: [19:20:18] /github/workspace/src/video/ffmpeg/threaded_decoder.cc:292: [19:20:18] /github/workspace/src/video/ffmpeg/threaded_decoder.cc:218: Check failed: avcodec_send_packet(dec_ctx_.get(), pkt.get()) >= 0 (-11 vs. 0) Thread worker: Error sending packet.
[19:20:19]   skipping KozSjyNnAH4_33.mp4: [19:20:19] /github/workspace/src/video/video_reader.cc:151: Check failed: st_nb >= 0 (-1128613112 vs. 0) ERROR cannot find video stream with wanted index: -1
[19:20:19]   skipping ooZRK8q-27Y_2.mp4: [19:20:19] /github/workspace/src/video/video_reader.cc:151: Check failed: st_nb >= 0 (-1128613112 vs. 0) ERROR cannot find video stream with wanted index: -1
[19:20:19]   skipping nZbmaDfYIs8_6.mp4: [19:20:19] /github/workspace/src/video/ffmpeg/threaded_decoder.cc:292: [19:20:19] /github/workspace/src/video/ffmpeg/threaded_decoder.cc:218: Check failed: avcodec_send_packet(dec_ctx_.get(), pkt.get()) >= 0 (-11 vs. 0) Thread worker: Error sending packet.
[19:20:20]   skipping Fil0i6xKNG8_7.mp4: [19:20:20] /github/workspace/src/video/ffmpeg/threaded_decoder.cc:292: [19:20:20] /github/workspace/src/video/ffmpeg/threaded_decoder.cc:218: Check failed: avcodec_send_packet(dec_ctx_.get(), pkt.get()) >= 0 (-11 vs. 0) Thread worker: Error sending packet.
[19:20:23]   skipping nmXmslnHoFU_16.mp4: [19:20:23] /github/workspace/src/video/ffmpeg/threaded_decoder.cc:292: [19:20:23] /github/workspace/src/video/ffmpeg/threaded_decoder.cc:218: Check failed: avcodec_send_packet(dec_ctx_.get(), pkt.get()) >= 0 (-11 vs. 0) Thread worker: Error sending packet.
[19:20:24]   skipping ydRISDRNyCM_0.mp4: [19:20:24] /github/workspace/src/video/ffmpeg/threaded_decoder.cc:292: [19:20:24] /github/workspace/src/video/ffmpeg/threaded_decoder.cc:218: Check failed: avcodec_send_packet(dec_ctx_.get(), pkt.get()) >= 0 (-11 vs. 0) Thread worker: Error sending packet.
[19:20:26]   skipping 3t0tjJACoz0_3.mp4: [19:20:26] /github/workspace/src/video/ffmpeg/threaded_decoder.cc:292: [19:20:26] /github/workspace/src/video/ffmpeg/threaded_decoder.cc:218: Check failed: avcodec_send_packet(dec_ctx_.get(), pkt.get()) >= 0 (-11 vs. 0) Thread worker: Error sending packet.
[19:20:26]   skipping 63HDsjAOmR0_63.mp4: [19:20:26] /github/workspace/src/video/video_reader.cc:151: Check failed: st_nb >= 0 (-1128613112 vs. 0) ERROR cannot find video stream with wanted index: -1
[19:20:28]   skipping zFEpjVaPFJo_0.mp4: [19:20:28] /github/workspace/src/video/ffmpeg/threaded_decoder.cc:292: [19:20:28] /github/workspace/src/video/ffmpeg/threaded_decoder.cc:218: Check failed: avcodec_send_packet(dec_ctx_.get(), pkt.get()) >= 0 (-11 vs. 0) Thread worker: Error sending packet.
[19:20:28]   skipping 6qgCC63H9yI_40.mp4: [19:20:28] /github/workspace/src/video/ffmpeg/threaded_decoder.cc:292: [19:20:28] /github/workspace/src/video/ffmpeg/threaded_decoder.cc:218: Check failed: avcodec_send_packet(dec_ctx_.get(), pkt.get()) >= 0 (-11 vs. 0) Thread worker: Error sending packet.
[19:20:29]   skipping NTKUo1-0cQY_15.mp4: [19:20:29] /github/workspace/src/video/video_reader.cc:151: Check failed: st_nb >= 0 (-1128613112 vs. 0) ERROR cannot find video stream with wanted index: -1
[19:20:29]   skipping -RJ6USD2nEU_3.mp4: [19:20:29] /github/workspace/src/video/video_reader.cc:151: Check failed: st_nb >= 0 (-1128613112 vs. 0) ERROR cannot find video stream with wanted index: -1
[19:20:30]   skipping fazhSHz4WUM_7.mp4: [19:20:30] /github/workspace/src/video/ffmpeg/threaded_decoder.cc:292: [19:20:30] /github/workspace/src/video/ffmpeg/threaded_decoder.cc:218: Check failed: avcodec_send_packet(dec_ctx_.get(), pkt.get()) >= 0 (-11 vs. 0) Thread worker: Error sending packet.
[19:20:31]   skipping rCo5sX6D9M8_1.mp4: [19:20:31] /github/workspace/src/video/ffmpeg/threaded_decoder.cc:292: [19:20:31] /github/workspace/src/video/ffmpeg/threaded_decoder.cc:218: Check failed: avcodec_send_packet(dec_ctx_.get(), pkt.get()) >= 0 (-11 vs. 0) Thread worker: Error sending packet.
[19:20:32]   skipping wpsgfdtNMWk_2.mp4: [19:20:32] /github/workspace/src/video/ffmpeg/threaded_decoder.cc:292: [19:20:32] /github/workspace/src/video/ffmpeg/threaded_decoder.cc:218: Check failed: avcodec_send_packet(dec_ctx_.get(), pkt.get()) >= 0 (-11 vs. 0) Thread worker: Error sending packet.
[19:20:32]   skipping _xxl5o-7-zE_1.mp4: [19:20:32] /github/workspace/src/video/ffmpeg/threaded_decoder.cc:292: [19:20:32] /github/workspace/src/video/ffmpeg/threaded_decoder.cc:218: Check failed: avcodec_send_packet(dec_ctx_.get(), pkt.get()) >= 0 (-11 vs. 0) Thread worker: Error sending packet.
[19:20:32]   skipping 8BhntKzc0TY_8.mp4: [19:20:32] /github/workspace/src/video/ffmpeg/threaded_decoder.cc:292: [19:20:32] /github/workspace/src/video/ffmpeg/threaded_decoder.cc:218: Check failed: avcodec_send_packet(dec_ctx_.get(), pkt.get()) >= 0 (-11 vs. 0) Thread worker: Error sending packet.
[19:20:33]   skipping fmF09VS_oyo_33.mp4: [19:20:33] /github/workspace/src/video/ffmpeg/threaded_decoder.cc:292: [19:20:33] /github/workspace/src/video/ffmpeg/threaded_decoder.cc:218: Check failed: avcodec_send_packet(dec_ctx_.get(), pkt.get()) >= 0 (-11 vs. 0) Thread worker: Error sending packet.
[19:20:33]   skipping dCwLaQ_JVe4_12.mp4: [19:20:33] /github/workspace/src/video/ffmpeg/threaded_decoder.cc:292: [19:20:33] /github/workspace/src/video/ffmpeg/threaded_decoder.cc:218: Check failed: avcodec_send_packet(dec_ctx_.get(), pkt.get()) >= 0 (-11 vs. 0) Thread worker: Error sending packet.
[19:20:33]   skipping u1nq7a-GrFk_4.mp4: [19:20:33] /github/workspace/src/video/video_reader.cc:151: Check failed: st_nb >= 0 (-1128613112 vs. 0) ERROR cannot find video stream with wanted index: -1
[19:20:33]   skipping L32u5GHo9uQ_11.mp4: [19:20:33] /github/workspace/src/video/video_reader.cc:151: Check failed: st_nb >= 0 (-1128613112 vs. 0) ERROR cannot find video stream with wanted index: -1
[19:20:33]   skipping ZsMxGbwfcXE_2.mp4: [19:20:33] /github/workspace/src/video/ffmpeg/threaded_decoder.cc:292: [19:20:33] /github/workspace/src/video/ffmpeg/threaded_decoder.cc:218: Check failed: avcodec_send_packet(dec_ctx_.get(), pkt.get()) >= 0 (-11 vs. 0) Thread worker: Error sending packet.
[19:20:35]   skipping 2kWhDth0Tik_72.mp4: [19:20:35] /github/workspace/src/video/video_reader.cc:151: Check failed: st_nb >= 0 (-1128613112 vs. 0) ERROR cannot find video stream with wanted index: -1
[19:20:36]   skipping ScRrg8a5fpI_6.mp4: [19:20:36] /github/workspace/src/video/ffmpeg/threaded_decoder.cc:292: [19:20:36] /github/workspace/src/video/ffmpeg/threaded_decoder.cc:218: Check failed: avcodec_send_packet(dec_ctx_.get(), pkt.get()) >= 0 (-11 vs. 0) Thread worker: Error sending packet.
[19:20:36]   skipping Rp3tde_n9jk_1.mp4: [19:20:36] /github/workspace/src/video/ffmpeg/threaded_decoder.cc:292: [19:20:36] /github/workspace/src/video/ffmpeg/threaded_decoder.cc:218: Check failed: avcodec_send_packet(dec_ctx_.get(), pkt.get()) >= 0 (-11 vs. 0) Thread worker: Error sending packet.
[19:20:38]   skipping Ngk1FDVd0rs_4.mp4: [19:20:38] /github/workspace/src/video/ffmpeg/threaded_decoder.cc:292: [19:20:38] /github/workspace/src/video/ffmpeg/threaded_decoder.cc:218: Check failed: avcodec_send_packet(dec_ctx_.get(), pkt.get()) >= 0 (-11 vs. 0) Thread worker: Error sending packet.
[19:20:38]   skipping BdCYG-hfGA8_40.mp4: [19:20:38] /github/workspace/src/video/video_reader.cc:151: Check failed: st_nb >= 0 (-1128613112 vs. 0) ERROR cannot find video stream with wanted index: -1
[19:20:38]   skipping Buvii64raoU_1.mp4: [19:20:38] /github/workspace/src/video/ffmpeg/threaded_decoder.cc:292: [19:20:38] /github/workspace/src/video/ffmpeg/threaded_decoder.cc:218: Check failed: avcodec_send_packet(dec_ctx_.get(), pkt.get()) >= 0 (-11 vs. 0) Thread worker: Error sending packet.
[19:20:38]   skipping joXOyrADBRE_8.mp4: [19:20:38] /github/workspace/src/video/ffmpeg/threaded_decoder.cc:292: [19:20:38] /github/workspace/src/video/ffmpeg/threaded_decoder.cc:218: Check failed: avcodec_send_packet(dec_ctx_.get(), pkt.get()) >= 0 (-11 vs. 0) Thread worker: Error sending packet.
[19:20:40]   skipping C22EGX5gwfI_4.mp4: [19:20:40] /github/workspace/src/video/ffmpeg/threaded_decoder.cc:292: [19:20:40] /github/workspace/src/video/ffmpeg/threaded_decoder.cc:218: Check failed: avcodec_send_packet(dec_ctx_.get(), pkt.get()) >= 0 (-11 vs. 0) Thread worker: Error sending packet.
[19:20:42]   skipping G29HvOWVln0_142.mp4: [19:20:42] /github/workspace/src/video/video_reader.cc:151: Check failed: st_nb >= 0 (-1128613112 vs. 0) ERROR cannot find video stream with wanted index: -1
[19:20:42]   skipping 85PQknw_hls_1.mp4: [19:20:42] /github/workspace/src/video/ffmpeg/threaded_decoder.cc:292: [19:20:42] /github/workspace/src/video/ffmpeg/threaded_decoder.cc:218: Check failed: avcodec_send_packet(dec_ctx_.get(), pkt.get()) >= 0 (-11 vs. 0) Thread worker: Error sending packet.
[19:20:42]   skipping ftsQYS1fkOs_71.mp4: [19:20:42] /github/workspace/src/video/video_reader.cc:151: Check failed: st_nb >= 0 (-1128613112 vs. 0) ERROR cannot find video stream with wanted index: -1
[19:20:43]   skipping LMgYK0TgajU_26.mp4: [19:20:43] /github/workspace/src/video/video_reader.cc:151: Check failed: st_nb >= 0 (-1128613112 vs. 0) ERROR cannot find video stream with wanted index: -1
[19:20:43]   skipping danm2Kgxozo_10.mp4: [19:20:43] /github/workspace/src/video/video_reader.cc:151: Check failed: st_nb >= 0 (-1128613112 vs. 0) ERROR cannot find video stream with wanted index: -1
[19:20:43]   skipping dsMQoZcCfns_16.mp4: [19:20:43] /github/workspace/src/video/ffmpeg/threaded_decoder.cc:292: [19:20:43] /github/workspace/src/video/ffmpeg/threaded_decoder.cc:218: Check failed: avcodec_send_packet(dec_ctx_.get(), pkt.get()) >= 0 (-11 vs. 0) Thread worker: Error sending packet.
[19:20:43]   skipping LjnRBI0HyFQ_6.mp4: [19:20:43] /github/workspace/src/video/ffmpeg/threaded_decoder.cc:292: [19:20:43] /github/workspace/src/video/ffmpeg/threaded_decoder.cc:218: Check failed: avcodec_send_packet(dec_ctx_.get(), pkt.get()) >= 0 (-11 vs. 0) Thread worker: Error sending packet.
[19:20:44]   step 1000: val_loss_ce=1.5307 val_loss_latent=0.2193 val_loss_total=1.5526 (n=200, 55.2s)
[19:20:44] ======================================================================
[19:20:44] Checkpoint step 1200: /scratch/users/anirban/tamaghnam/latentvans/checkpoints/stage0_run1/step_1200
[19:20:44] ======================================================================
[19:20:46] added 3 latent-reasoning special tokens; vocab size now 151668
[19:20:50] resumed LoRA adapter (+ embed_tokens/lm_head) from /scratch/users/anirban/tamaghnam/latentvans/checkpoints/stage0_run1/step_1200
trainable params: 624,918,528 || all params: 4,378,992,640 || trainable%: 14.2708
[19:20:50] vision-tower target embedding dim confirmed: 2048 (matches QWEN_HIDDEN_SIZE)
[19:20:50] validation stream: 1447 row(s) usable
[19:20:52]   skipping c1pQ19a8pMM_5.mp4: [19:20:52] /github/workspace/src/video/video_reader.cc:151: Check failed: st_nb >= 0 (-1128613112 vs. 0) ERROR cannot find video stream with wanted index: -1
[19:20:53]   skipping 6m7CwarmCo4_5.mp4: [19:20:53] /github/workspace/src/video/ffmpeg/threaded_decoder.cc:292: [19:20:53] /github/workspace/src/video/ffmpeg/threaded_decoder.cc:218: Check failed: avcodec_send_packet(dec_ctx_.get(), pkt.get()) >= 0 (-11 vs. 0) Thread worker: Error sending packet.
[19:20:53]   skipping mWY35fsCUgo_6.mp4: [19:20:53] /github/workspace/src/video/ffmpeg/threaded_decoder.cc:292: [19:20:53] /github/workspace/src/video/ffmpeg/threaded_decoder.cc:218: Check failed: avcodec_send_packet(dec_ctx_.get(), pkt.get()) >= 0 (-11 vs. 0) Thread worker: Error sending packet.
[19:20:55]   skipping DA6YnIZRTX8_7.mp4: [19:20:55] /github/workspace/src/video/ffmpeg/threaded_decoder.cc:292: [19:20:55] /github/workspace/src/video/ffmpeg/threaded_decoder.cc:218: Check failed: avcodec_send_packet(dec_ctx_.get(), pkt.get()) >= 0 (-11 vs. 0) Thread worker: Error sending packet.
[19:20:57]   skipping IF6iBVGKREo_91.mp4: [19:20:57] /github/workspace/src/video/video_reader.cc:151: Check failed: st_nb >= 0 (-1128613112 vs. 0) ERROR cannot find video stream with wanted index: -1
[19:20:57]   skipping Jo4XXm8OUP4_12.mp4: [19:20:57] /github/workspace/src/video/video_reader.cc:151: Check failed: st_nb >= 0 (-1128613112 vs. 0) ERROR cannot find video stream with wanted index: -1
[19:20:57]   skipping nZBk1GObVuk_0.mp4: [19:20:57] /github/workspace/src/video/ffmpeg/threaded_decoder.cc:292: [19:20:57] /github/workspace/src/video/ffmpeg/threaded_decoder.cc:218: Check failed: avcodec_send_packet(dec_ctx_.get(), pkt.get()) >= 0 (-11 vs. 0) Thread worker: Error sending packet.
[19:20:57]   skipping OX5lX2yOr0M_88.mp4: [19:20:57] /github/workspace/src/video/video_reader.cc:151: Check failed: st_nb >= 0 (-1128613112 vs. 0) ERROR cannot find video stream with wanted index: -1
[19:20:57]   skipping QN3t9ngsVyM_7.mp4: [19:20:57] /github/workspace/src/video/ffmpeg/threaded_decoder.cc:292: [19:20:57] /github/workspace/src/video/ffmpeg/threaded_decoder.cc:218: Check failed: avcodec_send_packet(dec_ctx_.get(), pkt.get()) >= 0 (-11 vs. 0) Thread worker: Error sending packet.
[19:20:58]   skipping MPhysZLZbls_3.mp4: [19:20:58] /github/workspace/src/video/ffmpeg/threaded_decoder.cc:292: [19:20:58] /github/workspace/src/video/ffmpeg/threaded_decoder.cc:218: Check failed: avcodec_send_packet(dec_ctx_.get(), pkt.get()) >= 0 (-11 vs. 0) Thread worker: Error sending packet.
[19:20:59]   skipping 3U1ZrW-l7Ns_3.mp4: [19:20:59] /github/workspace/src/video/ffmpeg/threaded_decoder.cc:292: [19:20:59] /github/workspace/src/video/ffmpeg/threaded_decoder.cc:218: Check failed: avcodec_send_packet(dec_ctx_.get(), pkt.get()) >= 0 (-11 vs. 0) Thread worker: Error sending packet.
[19:20:59]   skipping v_1UO1GTsg0_60.mp4: [19:20:59] /github/workspace/src/video/video_reader.cc:151: Check failed: st_nb >= 0 (-1128613112 vs. 0) ERROR cannot find video stream with wanted index: -1
[19:20:59]   skipping we18JQrdzNM_5.mp4: [19:20:59] /github/workspace/src/video/ffmpeg/threaded_decoder.cc:292: [19:20:59] /github/workspace/src/video/ffmpeg/threaded_decoder.cc:218: Check failed: avcodec_send_packet(dec_ctx_.get(), pkt.get()) >= 0 (-11 vs. 0) Thread worker: Error sending packet.
[19:21:00]   skipping kXrhcA8wl5E_1.mp4: [19:21:00] /github/workspace/src/video/ffmpeg/threaded_decoder.cc:292: [19:21:00] /github/workspace/src/video/ffmpeg/threaded_decoder.cc:218: Check failed: avcodec_send_packet(dec_ctx_.get(), pkt.get()) >= 0 (-11 vs. 0) Thread worker: Error sending packet.
[19:21:01]   skipping LeKS3lZM9N8_41.mp4: [19:21:01] /github/workspace/src/video/video_reader.cc:151: Check failed: st_nb >= 0 (-1128613112 vs. 0) ERROR cannot find video stream with wanted index: -1
[19:21:01]   skipping yyg6-NUkYCg_7.mp4: [19:21:01] /github/workspace/src/video/ffmpeg/threaded_decoder.cc:292: [19:21:01] /github/workspace/src/video/ffmpeg/threaded_decoder.cc:218: Check failed: avcodec_send_packet(dec_ctx_.get(), pkt.get()) >= 0 (-11 vs. 0) Thread worker: Error sending packet.
[19:21:01]   skipping f8pjSfCh8as_77.mp4: [19:21:01] /github/workspace/src/video/ffmpeg/threaded_decoder.cc:292: [19:21:01] /github/workspace/src/video/ffmpeg/threaded_decoder.cc:218: Check failed: avcodec_send_packet(dec_ctx_.get(), pkt.get()) >= 0 (-11 vs. 0) Thread worker: Error sending packet.
[19:21:01]   skipping MW41EAmaWAE_49.mp4: [19:21:01] /github/workspace/src/video/video_reader.cc:151: Check failed: st_nb >= 0 (-1128613112 vs. 0) ERROR cannot find video stream with wanted index: -1
[19:21:02]   skipping dJNduDhBIYA_16.mp4: [19:21:02] /github/workspace/src/video/video_reader.cc:151: Check failed: st_nb >= 0 (-1128613112 vs. 0) ERROR cannot find video stream with wanted index: -1
[19:21:02]   skipping Za0TBlSOIOw_2.mp4: [19:21:02] /github/workspace/src/video/video_reader.cc:151: Check failed: st_nb >= 0 (-1128613112 vs. 0) ERROR cannot find video stream with wanted index: -1
[19:21:03]   skipping Rj2fVXY7auI_4.mp4: [19:21:03] /github/workspace/src/video/ffmpeg/threaded_decoder.cc:292: [19:21:03] /github/workspace/src/video/ffmpeg/threaded_decoder.cc:218: Check failed: avcodec_send_packet(dec_ctx_.get(), pkt.get()) >= 0 (-11 vs. 0) Thread worker: Error sending packet.
[19:21:03]   skipping s0lCx-poYe0_18.mp4: [19:21:03] /github/workspace/src/video/video_reader.cc:151: Check failed: st_nb >= 0 (-1128613112 vs. 0) ERROR cannot find video stream with wanted index: -1
[19:21:03]   skipping 8pwRyKcqqhk_2.mp4: [19:21:03] /github/workspace/src/video/ffmpeg/threaded_decoder.cc:292: [19:21:03] /github/workspace/src/video/ffmpeg/threaded_decoder.cc:218: Check failed: avcodec_send_packet(dec_ctx_.get(), pkt.get()) >= 0 (-11 vs. 0) Thread worker: Error sending packet.
[19:21:03]   skipping dvQ0sBZ1-nI_3.mp4: [19:21:03] /github/workspace/src/video/ffmpeg/threaded_decoder.cc:292: [19:21:03] /github/workspace/src/video/ffmpeg/threaded_decoder.cc:218: Check failed: avcodec_send_packet(dec_ctx_.get(), pkt.get()) >= 0 (-11 vs. 0) Thread worker: Error sending packet.
[19:21:04]   skipping SuphEZDxSI8_18.mp4: [19:21:04] /github/workspace/src/video/ffmpeg/threaded_decoder.cc:292: [19:21:04] /github/workspace/src/video/ffmpeg/threaded_decoder.cc:218: Check failed: avcodec_send_packet(dec_ctx_.get(), pkt.get()) >= 0 (-11 vs. 0) Thread worker: Error sending packet.
[19:21:04]   skipping ksU6Ii668Qk_2.mp4: [19:21:04] /github/workspace/src/video/video_reader.cc:151: Check failed: st_nb >= 0 (-1128613112 vs. 0) ERROR cannot find video stream with wanted index: -1
[19:21:04]   skipping OAd1Y7UbxTg_1.mp4: [19:21:04] /github/workspace/src/video/ffmpeg/threaded_decoder.cc:292: [19:21:04] /github/workspace/src/video/ffmpeg/threaded_decoder.cc:218: Check failed: avcodec_send_packet(dec_ctx_.get(), pkt.get()) >= 0 (-11 vs. 0) Thread worker: Error sending packet.
[19:21:06]   skipping ZymSrDfLhW8_43.mp4: [19:21:06] /github/workspace/src/video/video_reader.cc:151: Check failed: st_nb >= 0 (-1128613112 vs. 0) ERROR cannot find video stream with wanted index: -1
[19:21:06]   skipping yU8-TOldiyE_62.mp4: [19:21:06] /github/workspace/src/video/video_reader.cc:151: Check failed: st_nb >= 0 (-1128613112 vs. 0) ERROR cannot find video stream with wanted index: -1
[19:21:06]   skipping hZ1mAXpd1cY_71.mp4: [19:21:06] /github/workspace/src/video/video_reader.cc:151: Check failed: st_nb >= 0 (-1128613112 vs. 0) ERROR cannot find video stream with wanted index: -1
[19:21:07]   skipping vAYb7klhj8k_8.mp4: [19:21:07] /github/workspace/src/video/ffmpeg/threaded_decoder.cc:292: [19:21:07] /github/workspace/src/video/ffmpeg/threaded_decoder.cc:218: Check failed: avcodec_send_packet(dec_ctx_.get(), pkt.get()) >= 0 (-11 vs. 0) Thread worker: Error sending packet.
[19:21:07]   skipping Rs4Hg69vhqQ_4.mp4: [19:21:07] /github/workspace/src/video/ffmpeg/threaded_decoder.cc:292: [19:21:07] /github/workspace/src/video/ffmpeg/threaded_decoder.cc:218: Check failed: avcodec_send_packet(dec_ctx_.get(), pkt.get()) >= 0 (-11 vs. 0) Thread worker: Error sending packet.
[19:21:08]   skipping X_cItpBBO6M_5.mp4: [19:21:08] /github/workspace/src/video/ffmpeg/threaded_decoder.cc:292: [19:21:08] /github/workspace/src/video/ffmpeg/threaded_decoder.cc:218: Check failed: avcodec_send_packet(dec_ctx_.get(), pkt.get()) >= 0 (-11 vs. 0) Thread worker: Error sending packet.
[19:21:08]   skipping 8UNYXycC1yM_12.mp4: [19:21:08] /github/workspace/src/video/ffmpeg/threaded_decoder.cc:292: [19:21:08] /github/workspace/src/video/ffmpeg/threaded_decoder.cc:218: Check failed: avcodec_send_packet(dec_ctx_.get(), pkt.get()) >= 0 (-11 vs. 0) Thread worker: Error sending packet.
[19:21:13]   skipping bERjl3VRKQo_5.mp4: [19:21:13] /github/workspace/src/video/ffmpeg/threaded_decoder.cc:292: [19:21:13] /github/workspace/src/video/ffmpeg/threaded_decoder.cc:218: Check failed: avcodec_send_packet(dec_ctx_.get(), pkt.get()) >= 0 (-11 vs. 0) Thread worker: Error sending packet.
[19:21:13]   skipping Vj4f0Jjyy0w_35.mp4: [19:21:13] /github/workspace/src/video/ffmpeg/threaded_decoder.cc:292: [19:21:13] /github/workspace/src/video/ffmpeg/threaded_decoder.cc:218: Check failed: avcodec_send_packet(dec_ctx_.get(), pkt.get()) >= 0 (-11 vs. 0) Thread worker: Error sending packet.
[19:21:13]   skipping daYmVkHtkeU_5.mp4: [19:21:13] /github/workspace/src/video/video_reader.cc:151: Check failed: st_nb >= 0 (-1128613112 vs. 0) ERROR cannot find video stream with wanted index: -1
[19:21:13]   skipping a6Yltl1nVPk_18.mp4: [19:21:13] /github/workspace/src/video/video_reader.cc:151: Check failed: st_nb >= 0 (-1128613112 vs. 0) ERROR cannot find video stream with wanted index: -1
[19:21:15]   skipping Vn6dEcyr_WE_0.mp4: [19:21:15] /github/workspace/src/video/ffmpeg/threaded_decoder.cc:292: [19:21:15] /github/workspace/src/video/ffmpeg/threaded_decoder.cc:218: Check failed: avcodec_send_packet(dec_ctx_.get(), pkt.get()) >= 0 (-11 vs. 0) Thread worker: Error sending packet.
[19:21:16]   skipping 5oEGhFvW8vk_80.mp4: [19:21:16] /github/workspace/src/video/video_reader.cc:151: Check failed: st_nb >= 0 (-1128613112 vs. 0) ERROR cannot find video stream with wanted index: -1
[19:21:17]   skipping zrjiSnV-m40_23.mp4: [19:21:17] /github/workspace/src/video/ffmpeg/threaded_decoder.cc:292: [19:21:17] /github/workspace/src/video/ffmpeg/threaded_decoder.cc:218: Check failed: avcodec_send_packet(dec_ctx_.get(), pkt.get()) >= 0 (-11 vs. 0) Thread worker: Error sending packet.
[19:21:18]   skipping F2QAMwDkHZw_629.mp4: [19:21:18] /github/workspace/src/video/video_reader.cc:151: Check failed: st_nb >= 0 (-1128613112 vs. 0) ERROR cannot find video stream with wanted index: -1
[19:21:18]   skipping LZ4Q2W5XaL0_0.mp4: [19:21:18] /github/workspace/src/video/video_reader.cc:151: Check failed: st_nb >= 0 (-1128613112 vs. 0) ERROR cannot find video stream with wanted index: -1
[19:21:18]   skipping OMGO51u4ou4_4.mp4: [19:21:18] /github/workspace/src/video/video_reader.cc:151: Check failed: st_nb >= 0 (-1128613112 vs. 0) ERROR cannot find video stream with wanted index: -1
[19:21:19]   skipping FuHJQatc-PE_2.mp4: [19:21:19] /github/workspace/src/video/video_reader.cc:151: Check failed: st_nb >= 0 (-1128613112 vs. 0) ERROR cannot find video stream with wanted index: -1
[19:21:20]   skipping KB7doYrBdBk_2.mp4: [19:21:20] /github/workspace/src/video/ffmpeg/threaded_decoder.cc:292: [19:21:20] /github/workspace/src/video/ffmpeg/threaded_decoder.cc:218: Check failed: avcodec_send_packet(dec_ctx_.get(), pkt.get()) >= 0 (-11 vs. 0) Thread worker: Error sending packet.
[19:21:20]   skipping myfoGCgzaTA_11.mp4: [19:21:20] /github/workspace/src/video/ffmpeg/threaded_decoder.cc:292: [19:21:20] /github/workspace/src/video/ffmpeg/threaded_decoder.cc:218: Check failed: avcodec_send_packet(dec_ctx_.get(), pkt.get()) >= 0 (-11 vs. 0) Thread worker: Error sending packet.
[19:21:20]   skipping QCUuBDTV8YY_24.mp4: [19:21:20] /github/workspace/src/video/ffmpeg/threaded_decoder.cc:292: [19:21:20] /github/workspace/src/video/ffmpeg/threaded_decoder.cc:218: Check failed: avcodec_send_packet(dec_ctx_.get(), pkt.get()) >= 0 (-11 vs. 0) Thread worker: Error sending packet.
[19:21:20]   skipping -nahoWMJM1E_3.mp4: [19:21:20] /github/workspace/src/video/ffmpeg/threaded_decoder.cc:292: [19:21:20] /github/workspace/src/video/ffmpeg/threaded_decoder.cc:218: Check failed: avcodec_send_packet(dec_ctx_.get(), pkt.get()) >= 0 (-11 vs. 0) Thread worker: Error sending packet.
[19:21:20]   skipping 8XWPQX9LVoU_22.mp4: [19:21:20] /github/workspace/src/video/ffmpeg/threaded_decoder.cc:292: [19:21:20] /github/workspace/src/video/ffmpeg/threaded_decoder.cc:218: Check failed: avcodec_send_packet(dec_ctx_.get(), pkt.get()) >= 0 (-11 vs. 0) Thread worker: Error sending packet.
[19:21:20]   skipping KozSjyNnAH4_33.mp4: [19:21:20] /github/workspace/src/video/video_reader.cc:151: Check failed: st_nb >= 0 (-1128613112 vs. 0) ERROR cannot find video stream with wanted index: -1
[19:21:20]   skipping ooZRK8q-27Y_2.mp4: [19:21:20] /github/workspace/src/video/video_reader.cc:151: Check failed: st_nb >= 0 (-1128613112 vs. 0) ERROR cannot find video stream with wanted index: -1
[19:21:21]   skipping nZbmaDfYIs8_6.mp4: [19:21:21] /github/workspace/src/video/ffmpeg/threaded_decoder.cc:292: [19:21:21] /github/workspace/src/video/ffmpeg/threaded_decoder.cc:218: Check failed: avcodec_send_packet(dec_ctx_.get(), pkt.get()) >= 0 (-11 vs. 0) Thread worker: Error sending packet.
[19:21:22]   skipping Fil0i6xKNG8_7.mp4: [19:21:22] /github/workspace/src/video/ffmpeg/threaded_decoder.cc:292: [19:21:22] /github/workspace/src/video/ffmpeg/threaded_decoder.cc:218: Check failed: avcodec_send_packet(dec_ctx_.get(), pkt.get()) >= 0 (-11 vs. 0) Thread worker: Error sending packet.
[19:21:25]   skipping nmXmslnHoFU_16.mp4: [19:21:25] /github/workspace/src/video/ffmpeg/threaded_decoder.cc:292: [19:21:25] /github/workspace/src/video/ffmpeg/threaded_decoder.cc:218: Check failed: avcodec_send_packet(dec_ctx_.get(), pkt.get()) >= 0 (-11 vs. 0) Thread worker: Error sending packet.
[19:21:26]   skipping ydRISDRNyCM_0.mp4: [19:21:26] /github/workspace/src/video/ffmpeg/threaded_decoder.cc:292: [19:21:26] /github/workspace/src/video/ffmpeg/threaded_decoder.cc:218: Check failed: avcodec_send_packet(dec_ctx_.get(), pkt.get()) >= 0 (-11 vs. 0) Thread worker: Error sending packet.
[19:21:28]   skipping 3t0tjJACoz0_3.mp4: [19:21:28] /github/workspace/src/video/ffmpeg/threaded_decoder.cc:292: [19:21:28] /github/workspace/src/video/ffmpeg/threaded_decoder.cc:218: Check failed: avcodec_send_packet(dec_ctx_.get(), pkt.get()) >= 0 (-11 vs. 0) Thread worker: Error sending packet.
[19:21:28]   skipping 63HDsjAOmR0_63.mp4: [19:21:28] /github/workspace/src/video/video_reader.cc:151: Check failed: st_nb >= 0 (-1128613112 vs. 0) ERROR cannot find video stream with wanted index: -1
[19:21:30]   skipping zFEpjVaPFJo_0.mp4: [19:21:30] /github/workspace/src/video/ffmpeg/threaded_decoder.cc:292: [19:21:30] /github/workspace/src/video/ffmpeg/threaded_decoder.cc:218: Check failed: avcodec_send_packet(dec_ctx_.get(), pkt.get()) >= 0 (-11 vs. 0) Thread worker: Error sending packet.
[19:21:30]   skipping 6qgCC63H9yI_40.mp4: [19:21:30] /github/workspace/src/video/ffmpeg/threaded_decoder.cc:292: [19:21:30] /github/workspace/src/video/ffmpeg/threaded_decoder.cc:218: Check failed: avcodec_send_packet(dec_ctx_.get(), pkt.get()) >= 0 (-11 vs. 0) Thread worker: Error sending packet.
[19:21:30]   skipping NTKUo1-0cQY_15.mp4: [19:21:30] /github/workspace/src/video/video_reader.cc:151: Check failed: st_nb >= 0 (-1128613112 vs. 0) ERROR cannot find video stream with wanted index: -1
[19:21:31]   skipping -RJ6USD2nEU_3.mp4: [19:21:31] /github/workspace/src/video/video_reader.cc:151: Check failed: st_nb >= 0 (-1128613112 vs. 0) ERROR cannot find video stream with wanted index: -1
[19:21:32]   skipping fazhSHz4WUM_7.mp4: [19:21:32] /github/workspace/src/video/ffmpeg/threaded_decoder.cc:292: [19:21:32] /github/workspace/src/video/ffmpeg/threaded_decoder.cc:218: Check failed: avcodec_send_packet(dec_ctx_.get(), pkt.get()) >= 0 (-11 vs. 0) Thread worker: Error sending packet.
[19:21:33]   skipping rCo5sX6D9M8_1.mp4: [19:21:33] /github/workspace/src/video/ffmpeg/threaded_decoder.cc:292: [19:21:33] /github/workspace/src/video/ffmpeg/threaded_decoder.cc:218: Check failed: avcodec_send_packet(dec_ctx_.get(), pkt.get()) >= 0 (-11 vs. 0) Thread worker: Error sending packet.
[19:21:34]   skipping wpsgfdtNMWk_2.mp4: [19:21:34] /github/workspace/src/video/ffmpeg/threaded_decoder.cc:292: [19:21:34] /github/workspace/src/video/ffmpeg/threaded_decoder.cc:218: Check failed: avcodec_send_packet(dec_ctx_.get(), pkt.get()) >= 0 (-11 vs. 0) Thread worker: Error sending packet.
[19:21:34]   skipping _xxl5o-7-zE_1.mp4: [19:21:34] /github/workspace/src/video/ffmpeg/threaded_decoder.cc:292: [19:21:34] /github/workspace/src/video/ffmpeg/threaded_decoder.cc:218: Check failed: avcodec_send_packet(dec_ctx_.get(), pkt.get()) >= 0 (-11 vs. 0) Thread worker: Error sending packet.
[19:21:34]   skipping 8BhntKzc0TY_8.mp4: [19:21:34] /github/workspace/src/video/ffmpeg/threaded_decoder.cc:292: [19:21:34] /github/workspace/src/video/ffmpeg/threaded_decoder.cc:218: Check failed: avcodec_send_packet(dec_ctx_.get(), pkt.get()) >= 0 (-11 vs. 0) Thread worker: Error sending packet.
[19:21:34]   skipping fmF09VS_oyo_33.mp4: [19:21:34] /github/workspace/src/video/ffmpeg/threaded_decoder.cc:292: [19:21:34] /github/workspace/src/video/ffmpeg/threaded_decoder.cc:218: Check failed: avcodec_send_packet(dec_ctx_.get(), pkt.get()) >= 0 (-11 vs. 0) Thread worker: Error sending packet.
[19:21:35]   skipping dCwLaQ_JVe4_12.mp4: [19:21:35] /github/workspace/src/video/ffmpeg/threaded_decoder.cc:292: [19:21:35] /github/workspace/src/video/ffmpeg/threaded_decoder.cc:218: Check failed: avcodec_send_packet(dec_ctx_.get(), pkt.get()) >= 0 (-11 vs. 0) Thread worker: Error sending packet.
[19:21:35]   skipping u1nq7a-GrFk_4.mp4: [19:21:35] /github/workspace/src/video/video_reader.cc:151: Check failed: st_nb >= 0 (-1128613112 vs. 0) ERROR cannot find video stream with wanted index: -1
[19:21:35]   skipping L32u5GHo9uQ_11.mp4: [19:21:35] /github/workspace/src/video/video_reader.cc:151: Check failed: st_nb >= 0 (-1128613112 vs. 0) ERROR cannot find video stream with wanted index: -1
[19:21:35]   skipping ZsMxGbwfcXE_2.mp4: [19:21:35] /github/workspace/src/video/ffmpeg/threaded_decoder.cc:292: [19:21:35] /github/workspace/src/video/ffmpeg/threaded_decoder.cc:218: Check failed: avcodec_send_packet(dec_ctx_.get(), pkt.get()) >= 0 (-11 vs. 0) Thread worker: Error sending packet.
[19:21:37]   skipping 2kWhDth0Tik_72.mp4: [19:21:37] /github/workspace/src/video/video_reader.cc:151: Check failed: st_nb >= 0 (-1128613112 vs. 0) ERROR cannot find video stream with wanted index: -1
[19:21:38]   skipping ScRrg8a5fpI_6.mp4: [19:21:38] /github/workspace/src/video/ffmpeg/threaded_decoder.cc:292: [19:21:38] /github/workspace/src/video/ffmpeg/threaded_decoder.cc:218: Check failed: avcodec_send_packet(dec_ctx_.get(), pkt.get()) >= 0 (-11 vs. 0) Thread worker: Error sending packet.
[19:21:38]   skipping Rp3tde_n9jk_1.mp4: [19:21:38] /github/workspace/src/video/ffmpeg/threaded_decoder.cc:292: [19:21:38] /github/workspace/src/video/ffmpeg/threaded_decoder.cc:218: Check failed: avcodec_send_packet(dec_ctx_.get(), pkt.get()) >= 0 (-11 vs. 0) Thread worker: Error sending packet.
[19:21:40]   skipping Ngk1FDVd0rs_4.mp4: [19:21:40] /github/workspace/src/video/ffmpeg/threaded_decoder.cc:292: [19:21:40] /github/workspace/src/video/ffmpeg/threaded_decoder.cc:218: Check failed: avcodec_send_packet(dec_ctx_.get(), pkt.get()) >= 0 (-11 vs. 0) Thread worker: Error sending packet.
[19:21:40]   skipping BdCYG-hfGA8_40.mp4: [19:21:40] /github/workspace/src/video/video_reader.cc:151: Check failed: st_nb >= 0 (-1128613112 vs. 0) ERROR cannot find video stream with wanted index: -1
[19:21:40]   skipping Buvii64raoU_1.mp4: [19:21:40] /github/workspace/src/video/ffmpeg/threaded_decoder.cc:292: [19:21:40] /github/workspace/src/video/ffmpeg/threaded_decoder.cc:218: Check failed: avcodec_send_packet(dec_ctx_.get(), pkt.get()) >= 0 (-11 vs. 0) Thread worker: Error sending packet.
[19:21:40]   skipping joXOyrADBRE_8.mp4: [19:21:40] /github/workspace/src/video/ffmpeg/threaded_decoder.cc:292: [19:21:40] /github/workspace/src/video/ffmpeg/threaded_decoder.cc:218: Check failed: avcodec_send_packet(dec_ctx_.get(), pkt.get()) >= 0 (-11 vs. 0) Thread worker: Error sending packet.
[19:21:41]   skipping C22EGX5gwfI_4.mp4: [19:21:41] /github/workspace/src/video/ffmpeg/threaded_decoder.cc:292: [19:21:41] /github/workspace/src/video/ffmpeg/threaded_decoder.cc:218: Check failed: avcodec_send_packet(dec_ctx_.get(), pkt.get()) >= 0 (-11 vs. 0) Thread worker: Error sending packet.
[19:21:44]   skipping G29HvOWVln0_142.mp4: [19:21:44] /github/workspace/src/video/video_reader.cc:151: Check failed: st_nb >= 0 (-1128613112 vs. 0) ERROR cannot find video stream with wanted index: -1
[19:21:44]   skipping 85PQknw_hls_1.mp4: [19:21:44] /github/workspace/src/video/ffmpeg/threaded_decoder.cc:292: [19:21:44] /github/workspace/src/video/ffmpeg/threaded_decoder.cc:218: Check failed: avcodec_send_packet(dec_ctx_.get(), pkt.get()) >= 0 (-11 vs. 0) Thread worker: Error sending packet.
[19:21:44]   skipping ftsQYS1fkOs_71.mp4: [19:21:44] /github/workspace/src/video/video_reader.cc:151: Check failed: st_nb >= 0 (-1128613112 vs. 0) ERROR cannot find video stream with wanted index: -1
[19:21:45]   skipping LMgYK0TgajU_26.mp4: [19:21:45] /github/workspace/src/video/video_reader.cc:151: Check failed: st_nb >= 0 (-1128613112 vs. 0) ERROR cannot find video stream with wanted index: -1
[19:21:45]   skipping danm2Kgxozo_10.mp4: [19:21:45] /github/workspace/src/video/video_reader.cc:151: Check failed: st_nb >= 0 (-1128613112 vs. 0) ERROR cannot find video stream with wanted index: -1
[19:21:45]   skipping dsMQoZcCfns_16.mp4: [19:21:45] /github/workspace/src/video/ffmpeg/threaded_decoder.cc:292: [19:21:45] /github/workspace/src/video/ffmpeg/threaded_decoder.cc:218: Check failed: avcodec_send_packet(dec_ctx_.get(), pkt.get()) >= 0 (-11 vs. 0) Thread worker: Error sending packet.
[19:21:45]   skipping LjnRBI0HyFQ_6.mp4: [19:21:45] /github/workspace/src/video/ffmpeg/threaded_decoder.cc:292: [19:21:45] /github/workspace/src/video/ffmpeg/threaded_decoder.cc:218: Check failed: avcodec_send_packet(dec_ctx_.get(), pkt.get()) >= 0 (-11 vs. 0) Thread worker: Error sending packet.
[19:21:46]   step 1200: val_loss_ce=1.6291 val_loss_latent=0.2158 val_loss_total=1.6507 (n=200, 55.4s)
[19:21:46] ======================================================================
[19:21:46] Checkpoint step 1400: /scratch/users/anirban/tamaghnam/latentvans/checkpoints/stage0_run1/step_1400
[19:21:46] ======================================================================
[19:21:48] added 3 latent-reasoning special tokens; vocab size now 151668
[19:21:52] resumed LoRA adapter (+ embed_tokens/lm_head) from /scratch/users/anirban/tamaghnam/latentvans/checkpoints/stage0_run1/step_1400
trainable params: 624,918,528 || all params: 4,378,992,640 || trainable%: 14.2708
[19:21:52] vision-tower target embedding dim confirmed: 2048 (matches QWEN_HIDDEN_SIZE)
[19:21:52] validation stream: 1447 row(s) usable
[19:21:54]   skipping c1pQ19a8pMM_5.mp4: [19:21:54] /github/workspace/src/video/video_reader.cc:151: Check failed: st_nb >= 0 (-1128613112 vs. 0) ERROR cannot find video stream with wanted index: -1
[19:21:55]   skipping 6m7CwarmCo4_5.mp4: [19:21:55] /github/workspace/src/video/ffmpeg/threaded_decoder.cc:292: [19:21:55] /github/workspace/src/video/ffmpeg/threaded_decoder.cc:218: Check failed: avcodec_send_packet(dec_ctx_.get(), pkt.get()) >= 0 (-11 vs. 0) Thread worker: Error sending packet.
[19:21:55]   skipping mWY35fsCUgo_6.mp4: [19:21:55] /github/workspace/src/video/ffmpeg/threaded_decoder.cc:292: [19:21:55] /github/workspace/src/video/ffmpeg/threaded_decoder.cc:218: Check failed: avcodec_send_packet(dec_ctx_.get(), pkt.get()) >= 0 (-11 vs. 0) Thread worker: Error sending packet.
[19:21:56]   skipping DA6YnIZRTX8_7.mp4: [19:21:56] /github/workspace/src/video/ffmpeg/threaded_decoder.cc:292: [19:21:56] /github/workspace/src/video/ffmpeg/threaded_decoder.cc:218: Check failed: avcodec_send_packet(dec_ctx_.get(), pkt.get()) >= 0 (-11 vs. 0) Thread worker: Error sending packet.
[19:21:58]   skipping IF6iBVGKREo_91.mp4: [19:21:58] /github/workspace/src/video/video_reader.cc:151: Check failed: st_nb >= 0 (-1128613112 vs. 0) ERROR cannot find video stream with wanted index: -1
[19:21:58]   skipping Jo4XXm8OUP4_12.mp4: [19:21:58] /github/workspace/src/video/video_reader.cc:151: Check failed: st_nb >= 0 (-1128613112 vs. 0) ERROR cannot find video stream with wanted index: -1
[19:21:58]   skipping nZBk1GObVuk_0.mp4: [19:21:58] /github/workspace/src/video/ffmpeg/threaded_decoder.cc:292: [19:21:58] /github/workspace/src/video/ffmpeg/threaded_decoder.cc:218: Check failed: avcodec_send_packet(dec_ctx_.get(), pkt.get()) >= 0 (-11 vs. 0) Thread worker: Error sending packet.
[19:21:59]   skipping OX5lX2yOr0M_88.mp4: [19:21:59] /github/workspace/src/video/video_reader.cc:151: Check failed: st_nb >= 0 (-1128613112 vs. 0) ERROR cannot find video stream with wanted index: -1
[19:21:59]   skipping QN3t9ngsVyM_7.mp4: [19:21:59] /github/workspace/src/video/ffmpeg/threaded_decoder.cc:292: [19:21:59] /github/workspace/src/video/ffmpeg/threaded_decoder.cc:218: Check failed: avcodec_send_packet(dec_ctx_.get(), pkt.get()) >= 0 (-11 vs. 0) Thread worker: Error sending packet.
[19:22:00]   skipping MPhysZLZbls_3.mp4: [19:22:00] /github/workspace/src/video/ffmpeg/threaded_decoder.cc:292: [19:22:00] /github/workspace/src/video/ffmpeg/threaded_decoder.cc:218: Check failed: avcodec_send_packet(dec_ctx_.get(), pkt.get()) >= 0 (-11 vs. 0) Thread worker: Error sending packet.
[19:22:01]   skipping 3U1ZrW-l7Ns_3.mp4: [19:22:01] /github/workspace/src/video/ffmpeg/threaded_decoder.cc:292: [19:22:01] /github/workspace/src/video/ffmpeg/threaded_decoder.cc:218: Check failed: avcodec_send_packet(dec_ctx_.get(), pkt.get()) >= 0 (-11 vs. 0) Thread worker: Error sending packet.
[19:22:01]   skipping v_1UO1GTsg0_60.mp4: [19:22:01] /github/workspace/src/video/video_reader.cc:151: Check failed: st_nb >= 0 (-1128613112 vs. 0) ERROR cannot find video stream with wanted index: -1
[19:22:01]   skipping we18JQrdzNM_5.mp4: [19:22:01] /github/workspace/src/video/ffmpeg/threaded_decoder.cc:292: [19:22:01] /github/workspace/src/video/ffmpeg/threaded_decoder.cc:218: Check failed: avcodec_send_packet(dec_ctx_.get(), pkt.get()) >= 0 (-11 vs. 0) Thread worker: Error sending packet.
[19:22:01]   skipping kXrhcA8wl5E_1.mp4: [19:22:01] /github/workspace/src/video/ffmpeg/threaded_decoder.cc:292: [19:22:01] /github/workspace/src/video/ffmpeg/threaded_decoder.cc:218: Check failed: avcodec_send_packet(dec_ctx_.get(), pkt.get()) >= 0 (-11 vs. 0) Thread worker: Error sending packet.
[19:22:02]   skipping LeKS3lZM9N8_41.mp4: [19:22:02] /github/workspace/src/video/video_reader.cc:151: Check failed: st_nb >= 0 (-1128613112 vs. 0) ERROR cannot find video stream with wanted index: -1
[19:22:03]   skipping yyg6-NUkYCg_7.mp4: [19:22:03] /github/workspace/src/video/ffmpeg/threaded_decoder.cc:292: [19:22:03] /github/workspace/src/video/ffmpeg/threaded_decoder.cc:218: Check failed: avcodec_send_packet(dec_ctx_.get(), pkt.get()) >= 0 (-11 vs. 0) Thread worker: Error sending packet.
[19:22:03]   skipping f8pjSfCh8as_77.mp4: [19:22:03] /github/workspace/src/video/ffmpeg/threaded_decoder.cc:292: [19:22:03] /github/workspace/src/video/ffmpeg/threaded_decoder.cc:218: Check failed: avcodec_send_packet(dec_ctx_.get(), pkt.get()) >= 0 (-11 vs. 0) Thread worker: Error sending packet.
[19:22:03]   skipping MW41EAmaWAE_49.mp4: [19:22:03] /github/workspace/src/video/video_reader.cc:151: Check failed: st_nb >= 0 (-1128613112 vs. 0) ERROR cannot find video stream with wanted index: -1
[19:22:03]   skipping dJNduDhBIYA_16.mp4: [19:22:03] /github/workspace/src/video/video_reader.cc:151: Check failed: st_nb >= 0 (-1128613112 vs. 0) ERROR cannot find video stream with wanted index: -1
[19:22:03]   skipping Za0TBlSOIOw_2.mp4: [19:22:03] /github/workspace/src/video/video_reader.cc:151: Check failed: st_nb >= 0 (-1128613112 vs. 0) ERROR cannot find video stream with wanted index: -1
[19:22:04]   skipping Rj2fVXY7auI_4.mp4: [19:22:04] /github/workspace/src/video/ffmpeg/threaded_decoder.cc:292: [19:22:04] /github/workspace/src/video/ffmpeg/threaded_decoder.cc:218: Check failed: avcodec_send_packet(dec_ctx_.get(), pkt.get()) >= 0 (-11 vs. 0) Thread worker: Error sending packet.
[19:22:04]   skipping s0lCx-poYe0_18.mp4: [19:22:04] /github/workspace/src/video/video_reader.cc:151: Check failed: st_nb >= 0 (-1128613112 vs. 0) ERROR cannot find video stream with wanted index: -1
[19:22:05]   skipping 8pwRyKcqqhk_2.mp4: [19:22:05] /github/workspace/src/video/ffmpeg/threaded_decoder.cc:292: [19:22:05] /github/workspace/src/video/ffmpeg/threaded_decoder.cc:218: Check failed: avcodec_send_packet(dec_ctx_.get(), pkt.get()) >= 0 (-11 vs. 0) Thread worker: Error sending packet.
[19:22:05]   skipping dvQ0sBZ1-nI_3.mp4: [19:22:05] /github/workspace/src/video/ffmpeg/threaded_decoder.cc:292: [19:22:05] /github/workspace/src/video/ffmpeg/threaded_decoder.cc:218: Check failed: avcodec_send_packet(dec_ctx_.get(), pkt.get()) >= 0 (-11 vs. 0) Thread worker: Error sending packet.
[19:22:05]   skipping SuphEZDxSI8_18.mp4: [19:22:05] /github/workspace/src/video/ffmpeg/threaded_decoder.cc:292: [19:22:05] /github/workspace/src/video/ffmpeg/threaded_decoder.cc:218: Check failed: avcodec_send_packet(dec_ctx_.get(), pkt.get()) >= 0 (-11 vs. 0) Thread worker: Error sending packet.
[19:22:05]   skipping ksU6Ii668Qk_2.mp4: [19:22:05] /github/workspace/src/video/video_reader.cc:151: Check failed: st_nb >= 0 (-1128613112 vs. 0) ERROR cannot find video stream with wanted index: -1
[19:22:05]   skipping OAd1Y7UbxTg_1.mp4: [19:22:05] /github/workspace/src/video/ffmpeg/threaded_decoder.cc:292: [19:22:05] /github/workspace/src/video/ffmpeg/threaded_decoder.cc:218: Check failed: avcodec_send_packet(dec_ctx_.get(), pkt.get()) >= 0 (-11 vs. 0) Thread worker: Error sending packet.
[19:22:08]   skipping ZymSrDfLhW8_43.mp4: [19:22:08] /github/workspace/src/video/video_reader.cc:151: Check failed: st_nb >= 0 (-1128613112 vs. 0) ERROR cannot find video stream with wanted index: -1
[19:22:08]   skipping yU8-TOldiyE_62.mp4: [19:22:08] /github/workspace/src/video/video_reader.cc:151: Check failed: st_nb >= 0 (-1128613112 vs. 0) ERROR cannot find video stream with wanted index: -1
[19:22:08]   skipping hZ1mAXpd1cY_71.mp4: [19:22:08] /github/workspace/src/video/video_reader.cc:151: Check failed: st_nb >= 0 (-1128613112 vs. 0) ERROR cannot find video stream with wanted index: -1
[19:22:09]   skipping vAYb7klhj8k_8.mp4: [19:22:09] /github/workspace/src/video/ffmpeg/threaded_decoder.cc:292: [19:22:09] /github/workspace/src/video/ffmpeg/threaded_decoder.cc:218: Check failed: avcodec_send_packet(dec_ctx_.get(), pkt.get()) >= 0 (-11 vs. 0) Thread worker: Error sending packet.
[19:22:09]   skipping Rs4Hg69vhqQ_4.mp4: [19:22:09] /github/workspace/src/video/ffmpeg/threaded_decoder.cc:292: [19:22:09] /github/workspace/src/video/ffmpeg/threaded_decoder.cc:218: Check failed: avcodec_send_packet(dec_ctx_.get(), pkt.get()) >= 0 (-11 vs. 0) Thread worker: Error sending packet.
[19:22:10]   skipping X_cItpBBO6M_5.mp4: [19:22:10] /github/workspace/src/video/ffmpeg/threaded_decoder.cc:292: [19:22:10] /github/workspace/src/video/ffmpeg/threaded_decoder.cc:218: Check failed: avcodec_send_packet(dec_ctx_.get(), pkt.get()) >= 0 (-11 vs. 0) Thread worker: Error sending packet.
[19:22:10]   skipping 8UNYXycC1yM_12.mp4: [19:22:10] /github/workspace/src/video/ffmpeg/threaded_decoder.cc:292: [19:22:10] /github/workspace/src/video/ffmpeg/threaded_decoder.cc:218: Check failed: avcodec_send_packet(dec_ctx_.get(), pkt.get()) >= 0 (-11 vs. 0) Thread worker: Error sending packet.
[19:22:14]   skipping bERjl3VRKQo_5.mp4: [19:22:14] /github/workspace/src/video/ffmpeg/threaded_decoder.cc:292: [19:22:14] /github/workspace/src/video/ffmpeg/threaded_decoder.cc:218: Check failed: avcodec_send_packet(dec_ctx_.get(), pkt.get()) >= 0 (-11 vs. 0) Thread worker: Error sending packet.
[19:22:14]   skipping Vj4f0Jjyy0w_35.mp4: [19:22:14] /github/workspace/src/video/ffmpeg/threaded_decoder.cc:292: [19:22:14] /github/workspace/src/video/ffmpeg/threaded_decoder.cc:218: Check failed: avcodec_send_packet(dec_ctx_.get(), pkt.get()) >= 0 (-11 vs. 0) Thread worker: Error sending packet.
[19:22:15]   skipping daYmVkHtkeU_5.mp4: [19:22:15] /github/workspace/src/video/video_reader.cc:151: Check failed: st_nb >= 0 (-1128613112 vs. 0) ERROR cannot find video stream with wanted index: -1
[19:22:15]   skipping a6Yltl1nVPk_18.mp4: [19:22:15] /github/workspace/src/video/video_reader.cc:151: Check failed: st_nb >= 0 (-1128613112 vs. 0) ERROR cannot find video stream with wanted index: -1
[19:22:17]   skipping Vn6dEcyr_WE_0.mp4: [19:22:17] /github/workspace/src/video/ffmpeg/threaded_decoder.cc:292: [19:22:17] /github/workspace/src/video/ffmpeg/threaded_decoder.cc:218: Check failed: avcodec_send_packet(dec_ctx_.get(), pkt.get()) >= 0 (-11 vs. 0) Thread worker: Error sending packet.
[19:22:17]   skipping 5oEGhFvW8vk_80.mp4: [19:22:17] /github/workspace/src/video/video_reader.cc:151: Check failed: st_nb >= 0 (-1128613112 vs. 0) ERROR cannot find video stream with wanted index: -1
[19:22:19]   skipping zrjiSnV-m40_23.mp4: [19:22:19] /github/workspace/src/video/ffmpeg/threaded_decoder.cc:292: [19:22:19] /github/workspace/src/video/ffmpeg/threaded_decoder.cc:218: Check failed: avcodec_send_packet(dec_ctx_.get(), pkt.get()) >= 0 (-11 vs. 0) Thread worker: Error sending packet.
[19:22:19]   skipping F2QAMwDkHZw_629.mp4: [19:22:19] /github/workspace/src/video/video_reader.cc:151: Check failed: st_nb >= 0 (-1128613112 vs. 0) ERROR cannot find video stream with wanted index: -1
[19:22:19]   skipping LZ4Q2W5XaL0_0.mp4: [19:22:19] /github/workspace/src/video/video_reader.cc:151: Check failed: st_nb >= 0 (-1128613112 vs. 0) ERROR cannot find video stream with wanted index: -1
[19:22:20]   skipping OMGO51u4ou4_4.mp4: [19:22:20] /github/workspace/src/video/video_reader.cc:151: Check failed: st_nb >= 0 (-1128613112 vs. 0) ERROR cannot find video stream with wanted index: -1
[19:22:20]   skipping FuHJQatc-PE_2.mp4: [19:22:20] /github/workspace/src/video/video_reader.cc:151: Check failed: st_nb >= 0 (-1128613112 vs. 0) ERROR cannot find video stream with wanted index: -1
[19:22:21]   skipping KB7doYrBdBk_2.mp4: [19:22:21] /github/workspace/src/video/ffmpeg/threaded_decoder.cc:292: [19:22:21] /github/workspace/src/video/ffmpeg/threaded_decoder.cc:218: Check failed: avcodec_send_packet(dec_ctx_.get(), pkt.get()) >= 0 (-11 vs. 0) Thread worker: Error sending packet.
[19:22:21]   skipping myfoGCgzaTA_11.mp4: [19:22:21] /github/workspace/src/video/ffmpeg/threaded_decoder.cc:292: [19:22:21] /github/workspace/src/video/ffmpeg/threaded_decoder.cc:218: Check failed: avcodec_send_packet(dec_ctx_.get(), pkt.get()) >= 0 (-11 vs. 0) Thread worker: Error sending packet.
[19:22:21]   skipping QCUuBDTV8YY_24.mp4: [19:22:21] /github/workspace/src/video/ffmpeg/threaded_decoder.cc:292: [19:22:21] /github/workspace/src/video/ffmpeg/threaded_decoder.cc:218: Check failed: avcodec_send_packet(dec_ctx_.get(), pkt.get()) >= 0 (-11 vs. 0) Thread worker: Error sending packet.
[19:22:21]   skipping -nahoWMJM1E_3.mp4: [19:22:21] /github/workspace/src/video/ffmpeg/threaded_decoder.cc:292: [19:22:21] /github/workspace/src/video/ffmpeg/threaded_decoder.cc:218: Check failed: avcodec_send_packet(dec_ctx_.get(), pkt.get()) >= 0 (-11 vs. 0) Thread worker: Error sending packet.
[19:22:22]   skipping 8XWPQX9LVoU_22.mp4: [19:22:22] /github/workspace/src/video/ffmpeg/threaded_decoder.cc:292: [19:22:22] /github/workspace/src/video/ffmpeg/threaded_decoder.cc:218: Check failed: avcodec_send_packet(dec_ctx_.get(), pkt.get()) >= 0 (-11 vs. 0) Thread worker: Error sending packet.
[19:22:22]   skipping KozSjyNnAH4_33.mp4: [19:22:22] /github/workspace/src/video/video_reader.cc:151: Check failed: st_nb >= 0 (-1128613112 vs. 0) ERROR cannot find video stream with wanted index: -1
[19:22:22]   skipping ooZRK8q-27Y_2.mp4: [19:22:22] /github/workspace/src/video/video_reader.cc:151: Check failed: st_nb >= 0 (-1128613112 vs. 0) ERROR cannot find video stream with wanted index: -1
[19:22:23]   skipping nZbmaDfYIs8_6.mp4: [19:22:23] /github/workspace/src/video/ffmpeg/threaded_decoder.cc:292: [19:22:23] /github/workspace/src/video/ffmpeg/threaded_decoder.cc:218: Check failed: avcodec_send_packet(dec_ctx_.get(), pkt.get()) >= 0 (-11 vs. 0) Thread worker: Error sending packet.
[19:22:23]   skipping Fil0i6xKNG8_7.mp4: [19:22:23] /github/workspace/src/video/ffmpeg/threaded_decoder.cc:292: [19:22:23] /github/workspace/src/video/ffmpeg/threaded_decoder.cc:218: Check failed: avcodec_send_packet(dec_ctx_.get(), pkt.get()) >= 0 (-11 vs. 0) Thread worker: Error sending packet.
[19:22:26]   skipping nmXmslnHoFU_16.mp4: [19:22:26] /github/workspace/src/video/ffmpeg/threaded_decoder.cc:292: [19:22:26] /github/workspace/src/video/ffmpeg/threaded_decoder.cc:218: Check failed: avcodec_send_packet(dec_ctx_.get(), pkt.get()) >= 0 (-11 vs. 0) Thread worker: Error sending packet.
[19:22:28]   skipping ydRISDRNyCM_0.mp4: [19:22:28] /github/workspace/src/video/ffmpeg/threaded_decoder.cc:292: [19:22:28] /github/workspace/src/video/ffmpeg/threaded_decoder.cc:218: Check failed: avcodec_send_packet(dec_ctx_.get(), pkt.get()) >= 0 (-11 vs. 0) Thread worker: Error sending packet.
[19:22:29]   skipping 3t0tjJACoz0_3.mp4: [19:22:29] /github/workspace/src/video/ffmpeg/threaded_decoder.cc:292: [19:22:29] /github/workspace/src/video/ffmpeg/threaded_decoder.cc:218: Check failed: avcodec_send_packet(dec_ctx_.get(), pkt.get()) >= 0 (-11 vs. 0) Thread worker: Error sending packet.
[19:22:29]   skipping 63HDsjAOmR0_63.mp4: [19:22:29] /github/workspace/src/video/video_reader.cc:151: Check failed: st_nb >= 0 (-1128613112 vs. 0) ERROR cannot find video stream with wanted index: -1
[19:22:31]   skipping zFEpjVaPFJo_0.mp4: [19:22:31] /github/workspace/src/video/ffmpeg/threaded_decoder.cc:292: [19:22:31] /github/workspace/src/video/ffmpeg/threaded_decoder.cc:218: Check failed: avcodec_send_packet(dec_ctx_.get(), pkt.get()) >= 0 (-11 vs. 0) Thread worker: Error sending packet.
[19:22:31]   skipping 6qgCC63H9yI_40.mp4: [19:22:31] /github/workspace/src/video/ffmpeg/threaded_decoder.cc:292: [19:22:31] /github/workspace/src/video/ffmpeg/threaded_decoder.cc:218: Check failed: avcodec_send_packet(dec_ctx_.get(), pkt.get()) >= 0 (-11 vs. 0) Thread worker: Error sending packet.
[19:22:32]   skipping NTKUo1-0cQY_15.mp4: [19:22:32] /github/workspace/src/video/video_reader.cc:151: Check failed: st_nb >= 0 (-1128613112 vs. 0) ERROR cannot find video stream with wanted index: -1
[19:22:32]   skipping -RJ6USD2nEU_3.mp4: [19:22:32] /github/workspace/src/video/video_reader.cc:151: Check failed: st_nb >= 0 (-1128613112 vs. 0) ERROR cannot find video stream with wanted index: -1
[19:22:33]   skipping fazhSHz4WUM_7.mp4: [19:22:33] /github/workspace/src/video/ffmpeg/threaded_decoder.cc:292: [19:22:33] /github/workspace/src/video/ffmpeg/threaded_decoder.cc:218: Check failed: avcodec_send_packet(dec_ctx_.get(), pkt.get()) >= 0 (-11 vs. 0) Thread worker: Error sending packet.
[19:22:35]   skipping rCo5sX6D9M8_1.mp4: [19:22:35] /github/workspace/src/video/ffmpeg/threaded_decoder.cc:292: [19:22:35] /github/workspace/src/video/ffmpeg/threaded_decoder.cc:218: Check failed: avcodec_send_packet(dec_ctx_.get(), pkt.get()) >= 0 (-11 vs. 0) Thread worker: Error sending packet.
[19:22:35]   skipping wpsgfdtNMWk_2.mp4: [19:22:35] /github/workspace/src/video/ffmpeg/threaded_decoder.cc:292: [19:22:35] /github/workspace/src/video/ffmpeg/threaded_decoder.cc:218: Check failed: avcodec_send_packet(dec_ctx_.get(), pkt.get()) >= 0 (-11 vs. 0) Thread worker: Error sending packet.
[19:22:36]   skipping _xxl5o-7-zE_1.mp4: [19:22:36] /github/workspace/src/video/ffmpeg/threaded_decoder.cc:292: [19:22:36] /github/workspace/src/video/ffmpeg/threaded_decoder.cc:218: Check failed: avcodec_send_packet(dec_ctx_.get(), pkt.get()) >= 0 (-11 vs. 0) Thread worker: Error sending packet.
[19:22:36]   skipping 8BhntKzc0TY_8.mp4: [19:22:36] /github/workspace/src/video/ffmpeg/threaded_decoder.cc:292: [19:22:36] /github/workspace/src/video/ffmpeg/threaded_decoder.cc:218: Check failed: avcodec_send_packet(dec_ctx_.get(), pkt.get()) >= 0 (-11 vs. 0) Thread worker: Error sending packet.
[19:22:36]   skipping fmF09VS_oyo_33.mp4: [19:22:36] /github/workspace/src/video/ffmpeg/threaded_decoder.cc:292: [19:22:36] /github/workspace/src/video/ffmpeg/threaded_decoder.cc:218: Check failed: avcodec_send_packet(dec_ctx_.get(), pkt.get()) >= 0 (-11 vs. 0) Thread worker: Error sending packet.
[19:22:36]   skipping dCwLaQ_JVe4_12.mp4: [19:22:36] /github/workspace/src/video/ffmpeg/threaded_decoder.cc:292: [19:22:36] /github/workspace/src/video/ffmpeg/threaded_decoder.cc:218: Check failed: avcodec_send_packet(dec_ctx_.get(), pkt.get()) >= 0 (-11 vs. 0) Thread worker: Error sending packet.
[19:22:36]   skipping u1nq7a-GrFk_4.mp4: [19:22:36] /github/workspace/src/video/video_reader.cc:151: Check failed: st_nb >= 0 (-1128613112 vs. 0) ERROR cannot find video stream with wanted index: -1
[19:22:36]   skipping L32u5GHo9uQ_11.mp4: [19:22:36] /github/workspace/src/video/video_reader.cc:151: Check failed: st_nb >= 0 (-1128613112 vs. 0) ERROR cannot find video stream with wanted index: -1
[19:22:36]   skipping ZsMxGbwfcXE_2.mp4: [19:22:36] /github/workspace/src/video/ffmpeg/threaded_decoder.cc:292: [19:22:36] /github/workspace/src/video/ffmpeg/threaded_decoder.cc:218: Check failed: avcodec_send_packet(dec_ctx_.get(), pkt.get()) >= 0 (-11 vs. 0) Thread worker: Error sending packet.
[19:22:39]   skipping 2kWhDth0Tik_72.mp4: [19:22:39] /github/workspace/src/video/video_reader.cc:151: Check failed: st_nb >= 0 (-1128613112 vs. 0) ERROR cannot find video stream with wanted index: -1
[19:22:39]   skipping ScRrg8a5fpI_6.mp4: [19:22:39] /github/workspace/src/video/ffmpeg/threaded_decoder.cc:292: [19:22:39] /github/workspace/src/video/ffmpeg/threaded_decoder.cc:218: Check failed: avcodec_send_packet(dec_ctx_.get(), pkt.get()) >= 0 (-11 vs. 0) Thread worker: Error sending packet.
[19:22:40]   skipping Rp3tde_n9jk_1.mp4: [19:22:40] /github/workspace/src/video/ffmpeg/threaded_decoder.cc:292: [19:22:40] /github/workspace/src/video/ffmpeg/threaded_decoder.cc:218: Check failed: avcodec_send_packet(dec_ctx_.get(), pkt.get()) >= 0 (-11 vs. 0) Thread worker: Error sending packet.
[19:22:41]   skipping Ngk1FDVd0rs_4.mp4: [19:22:41] /github/workspace/src/video/ffmpeg/threaded_decoder.cc:292: [19:22:41] /github/workspace/src/video/ffmpeg/threaded_decoder.cc:218: Check failed: avcodec_send_packet(dec_ctx_.get(), pkt.get()) >= 0 (-11 vs. 0) Thread worker: Error sending packet.
[19:22:41]   skipping BdCYG-hfGA8_40.mp4: [19:22:41] /github/workspace/src/video/video_reader.cc:151: Check failed: st_nb >= 0 (-1128613112 vs. 0) ERROR cannot find video stream with wanted index: -1
[19:22:41]   skipping Buvii64raoU_1.mp4: [19:22:41] /github/workspace/src/video/ffmpeg/threaded_decoder.cc:292: [19:22:41] /github/workspace/src/video/ffmpeg/threaded_decoder.cc:218: Check failed: avcodec_send_packet(dec_ctx_.get(), pkt.get()) >= 0 (-11 vs. 0) Thread worker: Error sending packet.
[19:22:42]   skipping joXOyrADBRE_8.mp4: [19:22:42] /github/workspace/src/video/ffmpeg/threaded_decoder.cc:292: [19:22:42] /github/workspace/src/video/ffmpeg/threaded_decoder.cc:218: Check failed: avcodec_send_packet(dec_ctx_.get(), pkt.get()) >= 0 (-11 vs. 0) Thread worker: Error sending packet.
[19:22:43]   skipping C22EGX5gwfI_4.mp4: [19:22:43] /github/workspace/src/video/ffmpeg/threaded_decoder.cc:292: [19:22:43] /github/workspace/src/video/ffmpeg/threaded_decoder.cc:218: Check failed: avcodec_send_packet(dec_ctx_.get(), pkt.get()) >= 0 (-11 vs. 0) Thread worker: Error sending packet.
[19:22:45]   skipping G29HvOWVln0_142.mp4: [19:22:45] /github/workspace/src/video/video_reader.cc:151: Check failed: st_nb >= 0 (-1128613112 vs. 0) ERROR cannot find video stream with wanted index: -1
[19:22:45]   skipping 85PQknw_hls_1.mp4: [19:22:45] /github/workspace/src/video/ffmpeg/threaded_decoder.cc:292: [19:22:45] /github/workspace/src/video/ffmpeg/threaded_decoder.cc:218: Check failed: avcodec_send_packet(dec_ctx_.get(), pkt.get()) >= 0 (-11 vs. 0) Thread worker: Error sending packet.
[19:22:45]   skipping ftsQYS1fkOs_71.mp4: [19:22:45] /github/workspace/src/video/video_reader.cc:151: Check failed: st_nb >= 0 (-1128613112 vs. 0) ERROR cannot find video stream with wanted index: -1
[19:22:46]   skipping LMgYK0TgajU_26.mp4: [19:22:46] /github/workspace/src/video/video_reader.cc:151: Check failed: st_nb >= 0 (-1128613112 vs. 0) ERROR cannot find video stream with wanted index: -1
[19:22:46]   skipping danm2Kgxozo_10.mp4: [19:22:46] /github/workspace/src/video/video_reader.cc:151: Check failed: st_nb >= 0 (-1128613112 vs. 0) ERROR cannot find video stream with wanted index: -1
[19:22:46]   skipping dsMQoZcCfns_16.mp4: [19:22:46] /github/workspace/src/video/ffmpeg/threaded_decoder.cc:292: [19:22:46] /github/workspace/src/video/ffmpeg/threaded_decoder.cc:218: Check failed: avcodec_send_packet(dec_ctx_.get(), pkt.get()) >= 0 (-11 vs. 0) Thread worker: Error sending packet.
[19:22:46]   skipping LjnRBI0HyFQ_6.mp4: [19:22:46] /github/workspace/src/video/ffmpeg/threaded_decoder.cc:292: [19:22:46] /github/workspace/src/video/ffmpeg/threaded_decoder.cc:218: Check failed: avcodec_send_packet(dec_ctx_.get(), pkt.get()) >= 0 (-11 vs. 0) Thread worker: Error sending packet.
[19:22:47]   step 1400: val_loss_ce=1.6874 val_loss_latent=0.2140 val_loss_total=1.7088 (n=200, 55.1s)
[19:22:47] ======================================================================
[19:22:47] Checkpoint step 1600: /scratch/users/anirban/tamaghnam/latentvans/checkpoints/stage0_run1/step_1600
[19:22:47] ======================================================================
[19:22:49] added 3 latent-reasoning special tokens; vocab size now 151668
[19:22:53] resumed LoRA adapter (+ embed_tokens/lm_head) from /scratch/users/anirban/tamaghnam/latentvans/checkpoints/stage0_run1/step_1600
trainable params: 624,918,528 || all params: 4,378,992,640 || trainable%: 14.2708
[19:22:54] vision-tower target embedding dim confirmed: 2048 (matches QWEN_HIDDEN_SIZE)
[19:22:54] validation stream: 1447 row(s) usable
[19:22:55]   skipping c1pQ19a8pMM_5.mp4: [19:22:55] /github/workspace/src/video/video_reader.cc:151: Check failed: st_nb >= 0 (-1128613112 vs. 0) ERROR cannot find video stream with wanted index: -1
[19:22:56]   skipping 6m7CwarmCo4_5.mp4: [19:22:56] /github/workspace/src/video/ffmpeg/threaded_decoder.cc:292: [19:22:56] /github/workspace/src/video/ffmpeg/threaded_decoder.cc:218: Check failed: avcodec_send_packet(dec_ctx_.get(), pkt.get()) >= 0 (-11 vs. 0) Thread worker: Error sending packet.
[19:22:56]   skipping mWY35fsCUgo_6.mp4: [19:22:56] /github/workspace/src/video/ffmpeg/threaded_decoder.cc:292: [19:22:56] /github/workspace/src/video/ffmpeg/threaded_decoder.cc:218: Check failed: avcodec_send_packet(dec_ctx_.get(), pkt.get()) >= 0 (-11 vs. 0) Thread worker: Error sending packet.
[19:22:58]   skipping DA6YnIZRTX8_7.mp4: [19:22:58] /github/workspace/src/video/ffmpeg/threaded_decoder.cc:292: [19:22:58] /github/workspace/src/video/ffmpeg/threaded_decoder.cc:218: Check failed: avcodec_send_packet(dec_ctx_.get(), pkt.get()) >= 0 (-11 vs. 0) Thread worker: Error sending packet.
[19:23:00]   skipping IF6iBVGKREo_91.mp4: [19:23:00] /github/workspace/src/video/video_reader.cc:151: Check failed: st_nb >= 0 (-1128613112 vs. 0) ERROR cannot find video stream with wanted index: -1
[19:23:00]   skipping Jo4XXm8OUP4_12.mp4: [19:23:00] /github/workspace/src/video/video_reader.cc:151: Check failed: st_nb >= 0 (-1128613112 vs. 0) ERROR cannot find video stream with wanted index: -1
[19:23:00]   skipping nZBk1GObVuk_0.mp4: [19:23:00] /github/workspace/src/video/ffmpeg/threaded_decoder.cc:292: [19:23:00] /github/workspace/src/video/ffmpeg/threaded_decoder.cc:218: Check failed: avcodec_send_packet(dec_ctx_.get(), pkt.get()) >= 0 (-11 vs. 0) Thread worker: Error sending packet.
[19:23:00]   skipping OX5lX2yOr0M_88.mp4: [19:23:00] /github/workspace/src/video/video_reader.cc:151: Check failed: st_nb >= 0 (-1128613112 vs. 0) ERROR cannot find video stream with wanted index: -1
[19:23:01]   skipping QN3t9ngsVyM_7.mp4: [19:23:01] /github/workspace/src/video/ffmpeg/threaded_decoder.cc:292: [19:23:01] /github/workspace/src/video/ffmpeg/threaded_decoder.cc:218: Check failed: avcodec_send_packet(dec_ctx_.get(), pkt.get()) >= 0 (-11 vs. 0) Thread worker: Error sending packet.
[19:23:01]   skipping MPhysZLZbls_3.mp4: [19:23:01] /github/workspace/src/video/ffmpeg/threaded_decoder.cc:292: [19:23:01] /github/workspace/src/video/ffmpeg/threaded_decoder.cc:218: Check failed: avcodec_send_packet(dec_ctx_.get(), pkt.get()) >= 0 (-11 vs. 0) Thread worker: Error sending packet.
[19:23:02]   skipping 3U1ZrW-l7Ns_3.mp4: [19:23:02] /github/workspace/src/video/ffmpeg/threaded_decoder.cc:292: [19:23:02] /github/workspace/src/video/ffmpeg/threaded_decoder.cc:218: Check failed: avcodec_send_packet(dec_ctx_.get(), pkt.get()) >= 0 (-11 vs. 0) Thread worker: Error sending packet.
[19:23:02]   skipping v_1UO1GTsg0_60.mp4: [19:23:02] /github/workspace/src/video/video_reader.cc:151: Check failed: st_nb >= 0 (-1128613112 vs. 0) ERROR cannot find video stream with wanted index: -1
[19:23:03]   skipping we18JQrdzNM_5.mp4: [19:23:03] /github/workspace/src/video/ffmpeg/threaded_decoder.cc:292: [19:23:03] /github/workspace/src/video/ffmpeg/threaded_decoder.cc:218: Check failed: avcodec_send_packet(dec_ctx_.get(), pkt.get()) >= 0 (-11 vs. 0) Thread worker: Error sending packet.
[19:23:03]   skipping kXrhcA8wl5E_1.mp4: [19:23:03] /github/workspace/src/video/ffmpeg/threaded_decoder.cc:292: [19:23:03] /github/workspace/src/video/ffmpeg/threaded_decoder.cc:218: Check failed: avcodec_send_packet(dec_ctx_.get(), pkt.get()) >= 0 (-11 vs. 0) Thread worker: Error sending packet.
[19:23:04]   skipping LeKS3lZM9N8_41.mp4: [19:23:04] /github/workspace/src/video/video_reader.cc:151: Check failed: st_nb >= 0 (-1128613112 vs. 0) ERROR cannot find video stream with wanted index: -1
[19:23:05]   skipping yyg6-NUkYCg_7.mp4: [19:23:05] /github/workspace/src/video/ffmpeg/threaded_decoder.cc:292: [19:23:05] /github/workspace/src/video/ffmpeg/threaded_decoder.cc:218: Check failed: avcodec_send_packet(dec_ctx_.get(), pkt.get()) >= 0 (-11 vs. 0) Thread worker: Error sending packet.
[19:23:05]   skipping f8pjSfCh8as_77.mp4: [19:23:05] /github/workspace/src/video/ffmpeg/threaded_decoder.cc:292: [19:23:05] /github/workspace/src/video/ffmpeg/threaded_decoder.cc:218: Check failed: avcodec_send_packet(dec_ctx_.get(), pkt.get()) >= 0 (-11 vs. 0) Thread worker: Error sending packet.
[19:23:05]   skipping MW41EAmaWAE_49.mp4: [19:23:05] /github/workspace/src/video/video_reader.cc:151: Check failed: st_nb >= 0 (-1128613112 vs. 0) ERROR cannot find video stream with wanted index: -1
[19:23:05]   skipping dJNduDhBIYA_16.mp4: [19:23:05] /github/workspace/src/video/video_reader.cc:151: Check failed: st_nb >= 0 (-1128613112 vs. 0) ERROR cannot find video stream with wanted index: -1
[19:23:05]   skipping Za0TBlSOIOw_2.mp4: [19:23:05] /github/workspace/src/video/video_reader.cc:151: Check failed: st_nb >= 0 (-1128613112 vs. 0) ERROR cannot find video stream with wanted index: -1
[19:23:06]   skipping Rj2fVXY7auI_4.mp4: [19:23:06] /github/workspace/src/video/ffmpeg/threaded_decoder.cc:292: [19:23:06] /github/workspace/src/video/ffmpeg/threaded_decoder.cc:218: Check failed: avcodec_send_packet(dec_ctx_.get(), pkt.get()) >= 0 (-11 vs. 0) Thread worker: Error sending packet.
[19:23:06]   skipping s0lCx-poYe0_18.mp4: [19:23:06] /github/workspace/src/video/video_reader.cc:151: Check failed: st_nb >= 0 (-1128613112 vs. 0) ERROR cannot find video stream with wanted index: -1
[19:23:07]   skipping 8pwRyKcqqhk_2.mp4: [19:23:07] /github/workspace/src/video/ffmpeg/threaded_decoder.cc:292: [19:23:07] /github/workspace/src/video/ffmpeg/threaded_decoder.cc:218: Check failed: avcodec_send_packet(dec_ctx_.get(), pkt.get()) >= 0 (-11 vs. 0) Thread worker: Error sending packet.
[19:23:07]   skipping dvQ0sBZ1-nI_3.mp4: [19:23:07] /github/workspace/src/video/ffmpeg/threaded_decoder.cc:292: [19:23:07] /github/workspace/src/video/ffmpeg/threaded_decoder.cc:218: Check failed: avcodec_send_packet(dec_ctx_.get(), pkt.get()) >= 0 (-11 vs. 0) Thread worker: Error sending packet.
[19:23:07]   skipping SuphEZDxSI8_18.mp4: [19:23:07] /github/workspace/src/video/ffmpeg/threaded_decoder.cc:292: [19:23:07] /github/workspace/src/video/ffmpeg/threaded_decoder.cc:218: Check failed: avcodec_send_packet(dec_ctx_.get(), pkt.get()) >= 0 (-11 vs. 0) Thread worker: Error sending packet.
[19:23:07]   skipping ksU6Ii668Qk_2.mp4: [19:23:07] /github/workspace/src/video/video_reader.cc:151: Check failed: st_nb >= 0 (-1128613112 vs. 0) ERROR cannot find video stream with wanted index: -1
[19:23:07]   skipping OAd1Y7UbxTg_1.mp4: [19:23:07] /github/workspace/src/video/ffmpeg/threaded_decoder.cc:292: [19:23:07] /github/workspace/src/video/ffmpeg/threaded_decoder.cc:218: Check failed: avcodec_send_packet(dec_ctx_.get(), pkt.get()) >= 0 (-11 vs. 0) Thread worker: Error sending packet.
[19:23:09]   skipping ZymSrDfLhW8_43.mp4: [19:23:09] /github/workspace/src/video/video_reader.cc:151: Check failed: st_nb >= 0 (-1128613112 vs. 0) ERROR cannot find video stream with wanted index: -1
[19:23:09]   skipping yU8-TOldiyE_62.mp4: [19:23:09] /github/workspace/src/video/video_reader.cc:151: Check failed: st_nb >= 0 (-1128613112 vs. 0) ERROR cannot find video stream with wanted index: -1
[19:23:10]   skipping hZ1mAXpd1cY_71.mp4: [19:23:10] /github/workspace/src/video/video_reader.cc:151: Check failed: st_nb >= 0 (-1128613112 vs. 0) ERROR cannot find video stream with wanted index: -1
[19:23:10]   skipping vAYb7klhj8k_8.mp4: [19:23:10] /github/workspace/src/video/ffmpeg/threaded_decoder.cc:292: [19:23:10] /github/workspace/src/video/ffmpeg/threaded_decoder.cc:218: Check failed: avcodec_send_packet(dec_ctx_.get(), pkt.get()) >= 0 (-11 vs. 0) Thread worker: Error sending packet.
[19:23:10]   skipping Rs4Hg69vhqQ_4.mp4: [19:23:10] /github/workspace/src/video/ffmpeg/threaded_decoder.cc:292: [19:23:10] /github/workspace/src/video/ffmpeg/threaded_decoder.cc:218: Check failed: avcodec_send_packet(dec_ctx_.get(), pkt.get()) >= 0 (-11 vs. 0) Thread worker: Error sending packet.
[19:23:11]   skipping X_cItpBBO6M_5.mp4: [19:23:11] /github/workspace/src/video/ffmpeg/threaded_decoder.cc:292: [19:23:11] /github/workspace/src/video/ffmpeg/threaded_decoder.cc:218: Check failed: avcodec_send_packet(dec_ctx_.get(), pkt.get()) >= 0 (-11 vs. 0) Thread worker: Error sending packet.
[19:23:12]   skipping 8UNYXycC1yM_12.mp4: [19:23:12] /github/workspace/src/video/ffmpeg/threaded_decoder.cc:292: [19:23:12] /github/workspace/src/video/ffmpeg/threaded_decoder.cc:218: Check failed: avcodec_send_packet(dec_ctx_.get(), pkt.get()) >= 0 (-11 vs. 0) Thread worker: Error sending packet.
[19:23:16]   skipping bERjl3VRKQo_5.mp4: [19:23:16] /github/workspace/src/video/ffmpeg/threaded_decoder.cc:292: [19:23:16] /github/workspace/src/video/ffmpeg/threaded_decoder.cc:218: Check failed: avcodec_send_packet(dec_ctx_.get(), pkt.get()) >= 0 (-11 vs. 0) Thread worker: Error sending packet.
[19:23:16]   skipping Vj4f0Jjyy0w_35.mp4: [19:23:16] /github/workspace/src/video/ffmpeg/threaded_decoder.cc:292: [19:23:16] /github/workspace/src/video/ffmpeg/threaded_decoder.cc:218: Check failed: avcodec_send_packet(dec_ctx_.get(), pkt.get()) >= 0 (-11 vs. 0) Thread worker: Error sending packet.
[19:23:16]   skipping daYmVkHtkeU_5.mp4: [19:23:16] /github/workspace/src/video/video_reader.cc:151: Check failed: st_nb >= 0 (-1128613112 vs. 0) ERROR cannot find video stream with wanted index: -1
[19:23:16]   skipping a6Yltl1nVPk_18.mp4: [19:23:16] /github/workspace/src/video/video_reader.cc:151: Check failed: st_nb >= 0 (-1128613112 vs. 0) ERROR cannot find video stream with wanted index: -1
[19:23:18]   skipping Vn6dEcyr_WE_0.mp4: [19:23:18] /github/workspace/src/video/ffmpeg/threaded_decoder.cc:292: [19:23:18] /github/workspace/src/video/ffmpeg/threaded_decoder.cc:218: Check failed: avcodec_send_packet(dec_ctx_.get(), pkt.get()) >= 0 (-11 vs. 0) Thread worker: Error sending packet.
[19:23:19]   skipping 5oEGhFvW8vk_80.mp4: [19:23:19] /github/workspace/src/video/video_reader.cc:151: Check failed: st_nb >= 0 (-1128613112 vs. 0) ERROR cannot find video stream with wanted index: -1
[19:23:20]   skipping zrjiSnV-m40_23.mp4: [19:23:20] /github/workspace/src/video/ffmpeg/threaded_decoder.cc:292: [19:23:20] /github/workspace/src/video/ffmpeg/threaded_decoder.cc:218: Check failed: avcodec_send_packet(dec_ctx_.get(), pkt.get()) >= 0 (-11 vs. 0) Thread worker: Error sending packet.
[19:23:21]   skipping F2QAMwDkHZw_629.mp4: [19:23:21] /github/workspace/src/video/video_reader.cc:151: Check failed: st_nb >= 0 (-1128613112 vs. 0) ERROR cannot find video stream with wanted index: -1
[19:23:21]   skipping LZ4Q2W5XaL0_0.mp4: [19:23:21] /github/workspace/src/video/video_reader.cc:151: Check failed: st_nb >= 0 (-1128613112 vs. 0) ERROR cannot find video stream with wanted index: -1
[19:23:21]   skipping OMGO51u4ou4_4.mp4: [19:23:21] /github/workspace/src/video/video_reader.cc:151: Check failed: st_nb >= 0 (-1128613112 vs. 0) ERROR cannot find video stream with wanted index: -1
[19:23:22]   skipping FuHJQatc-PE_2.mp4: [19:23:22] /github/workspace/src/video/video_reader.cc:151: Check failed: st_nb >= 0 (-1128613112 vs. 0) ERROR cannot find video stream with wanted index: -1
[19:23:23]   skipping KB7doYrBdBk_2.mp4: [19:23:23] /github/workspace/src/video/ffmpeg/threaded_decoder.cc:292: [19:23:23] /github/workspace/src/video/ffmpeg/threaded_decoder.cc:218: Check failed: avcodec_send_packet(dec_ctx_.get(), pkt.get()) >= 0 (-11 vs. 0) Thread worker: Error sending packet.
[19:23:23]   skipping myfoGCgzaTA_11.mp4: [19:23:23] /github/workspace/src/video/ffmpeg/threaded_decoder.cc:292: [19:23:23] /github/workspace/src/video/ffmpeg/threaded_decoder.cc:218: Check failed: avcodec_send_packet(dec_ctx_.get(), pkt.get()) >= 0 (-11 vs. 0) Thread worker: Error sending packet.
[19:23:23]   skipping QCUuBDTV8YY_24.mp4: [19:23:23] /github/workspace/src/video/ffmpeg/threaded_decoder.cc:292: [19:23:23] /github/workspace/src/video/ffmpeg/threaded_decoder.cc:218: Check failed: avcodec_send_packet(dec_ctx_.get(), pkt.get()) >= 0 (-11 vs. 0) Thread worker: Error sending packet.
[19:23:23]   skipping -nahoWMJM1E_3.mp4: [19:23:23] /github/workspace/src/video/ffmpeg/threaded_decoder.cc:292: [19:23:23] /github/workspace/src/video/ffmpeg/threaded_decoder.cc:218: Check failed: avcodec_send_packet(dec_ctx_.get(), pkt.get()) >= 0 (-11 vs. 0) Thread worker: Error sending packet.
[19:23:23]   skipping 8XWPQX9LVoU_22.mp4: [19:23:23] /github/workspace/src/video/ffmpeg/threaded_decoder.cc:292: [19:23:23] /github/workspace/src/video/ffmpeg/threaded_decoder.cc:218: Check failed: avcodec_send_packet(dec_ctx_.get(), pkt.get()) >= 0 (-11 vs. 0) Thread worker: Error sending packet.
[19:23:24]   skipping KozSjyNnAH4_33.mp4: [19:23:24] /github/workspace/src/video/video_reader.cc:151: Check failed: st_nb >= 0 (-1128613112 vs. 0) ERROR cannot find video stream with wanted index: -1
[19:23:24]   skipping ooZRK8q-27Y_2.mp4: [19:23:24] /github/workspace/src/video/video_reader.cc:151: Check failed: st_nb >= 0 (-1128613112 vs. 0) ERROR cannot find video stream with wanted index: -1
[19:23:24]   skipping nZbmaDfYIs8_6.mp4: [19:23:24] /github/workspace/src/video/ffmpeg/threaded_decoder.cc:292: [19:23:24] /github/workspace/src/video/ffmpeg/threaded_decoder.cc:218: Check failed: avcodec_send_packet(dec_ctx_.get(), pkt.get()) >= 0 (-11 vs. 0) Thread worker: Error sending packet.
[19:23:25]   skipping Fil0i6xKNG8_7.mp4: [19:23:25] /github/workspace/src/video/ffmpeg/threaded_decoder.cc:292: [19:23:25] /github/workspace/src/video/ffmpeg/threaded_decoder.cc:218: Check failed: avcodec_send_packet(dec_ctx_.get(), pkt.get()) >= 0 (-11 vs. 0) Thread worker: Error sending packet.
[19:23:28]   skipping nmXmslnHoFU_16.mp4: [19:23:28] /github/workspace/src/video/ffmpeg/threaded_decoder.cc:292: [19:23:28] /github/workspace/src/video/ffmpeg/threaded_decoder.cc:218: Check failed: avcodec_send_packet(dec_ctx_.get(), pkt.get()) >= 0 (-11 vs. 0) Thread worker: Error sending packet.
[19:23:29]   skipping ydRISDRNyCM_0.mp4: [19:23:29] /github/workspace/src/video/ffmpeg/threaded_decoder.cc:292: [19:23:29] /github/workspace/src/video/ffmpeg/threaded_decoder.cc:218: Check failed: avcodec_send_packet(dec_ctx_.get(), pkt.get()) >= 0 (-11 vs. 0) Thread worker: Error sending packet.
