===== Stage 0 -- Validation-Only Evaluation =====
Job ID: 58656
Node: cn7.cds.iisc.in
Start: Sun Sep 13 07:24:32 PM IST 2026
CHECKPOINT_ROOT=/scratch/users/anirban/tamaghnam/latentvans/checkpoints/stage0_run1
VAL_METADATA_DIR=/scratch/users/anirban/tamaghnam/latentvans/data/twiff_metadata_val
VAL_VIDEO_ROOT=/scratch/users/anirban/tamaghnam/latentvans/data/panda70m_clips_val
EVAL_MAX_EXAMPLES=200
Sun Sep 13 19:24:32 2026       
+-----------------------------------------------------------------------------------------+
| NVIDIA-SMI 575.64.03              Driver Version: 575.64.03      CUDA Version: 12.9     |
|-----------------------------------------+------------------------+----------------------+
| GPU  Name                 Persistence-M | Bus-Id          Disp.A | Volatile Uncorr. ECC |
| Fan  Temp   Perf          Pwr:Usage/Cap |           Memory-Usage | GPU-Util  Compute M. |
|                                         |                        |               MIG M. |
|=========================================+========================+======================|
|   0  NVIDIA RTX 6000 Ada Gene...    Off |   00000000:27:00.0 Off |                  Off |
| 30%   44C    P8             29W /  300W |       2MiB /  49140MiB |      0%      Default |
|                                         |                        |                  N/A |
+-----------------------------------------+------------------------+----------------------+
                                                                                         
+-----------------------------------------------------------------------------------------+
| Processes:                                                                              |
|  GPU   GI   CI              PID   Type   Process name                        GPU Memory |
|        ID   ID                                                               Usage      |
|=========================================================================================|
|  No running processes found                                                             |
+-----------------------------------------------------------------------------------------+
Requirement already satisfied: matplotlib in /scratch/users/anirban/tamaghnam/envs/latentvans/lib/python3.11/site-packages (3.11.2)
Requirement already satisfied: contourpy>=1.0.1 in /scratch/users/anirban/tamaghnam/envs/latentvans/lib/python3.11/site-packages (from matplotlib) (1.3.3)
Requirement already satisfied: cycler>=0.10 in /scratch/users/anirban/tamaghnam/envs/latentvans/lib/python3.11/site-packages (from matplotlib) (0.12.1)
Requirement already satisfied: fonttools>=4.28.2 in /scratch/users/anirban/tamaghnam/envs/latentvans/lib/python3.11/site-packages (from matplotlib) (4.65.0)
Requirement already satisfied: kiwisolver>=1.3.1 in /scratch/users/anirban/tamaghnam/envs/latentvans/lib/python3.11/site-packages (from matplotlib) (1.5.1)
Requirement already satisfied: numpy>=1.25 in /scratch/users/anirban/tamaghnam/envs/latentvans/lib/python3.11/site-packages (from matplotlib) (2.4.6)
Requirement already satisfied: packaging>=20.0 in /scratch/users/anirban/tamaghnam/envs/latentvans/lib/python3.11/site-packages (from matplotlib) (26.3)
Requirement already satisfied: pillow>=9 in /scratch/users/anirban/tamaghnam/envs/latentvans/lib/python3.11/site-packages (from matplotlib) (12.3.0)
Requirement already satisfied: pyparsing>=3 in /scratch/users/anirban/tamaghnam/envs/latentvans/lib/python3.11/site-packages (from matplotlib) (3.3.2)
Requirement already satisfied: python-dateutil>=2.7 in /scratch/users/anirban/tamaghnam/envs/latentvans/lib/python3.11/site-packages (from matplotlib) (2.9.0.post0)
Requirement already satisfied: six>=1.5 in /scratch/users/anirban/tamaghnam/envs/latentvans/lib/python3.11/site-packages (from python-dateutil>=2.7->matplotlib) (1.17.0)
[19:24:36] torch=2.5.1+cu121 device=cuda compute_dtype=torch.bfloat16
[19:24:41] will evaluate 10 checkpoint(s): [200, 400, 600, 800, 1000, 1200, 1400, 1600, 1800, 2000]
[19:24:47] WARNING: --wandb_project was set but W&B init failed (No API key configured. Use `wandb login` to log in.) -- continuing without it. If you passed --wandb_resume_run_id, double-check it against the training run's URL.
[19:24:47] ======================================================================
[19:24:47] Checkpoint step 200: /scratch/users/anirban/tamaghnam/latentvans/checkpoints/stage0_run1/step_200
[19:24:47] ======================================================================
[19:24:49] added 3 latent-reasoning special tokens; vocab size now 151668
[19:24:51] resumed LoRA adapter (+ embed_tokens/lm_head) from /scratch/users/anirban/tamaghnam/latentvans/checkpoints/stage0_run1/step_200
trainable params: 624,918,528 || all params: 4,378,992,640 || trainable%: 14.2708
[19:24:52] vision-tower target embedding dim confirmed: 2048 (matches QWEN_HIDDEN_SIZE)
[19:24:52] validation stream: 1447 row(s) usable
[19:24:54]   skipping c1pQ19a8pMM_5.mp4: [19:24:54] /github/workspace/src/video/video_reader.cc:151: Check failed: st_nb >= 0 (-1128613112 vs. 0) ERROR cannot find video stream with wanted index: -1
[19:24:55]   skipping 6m7CwarmCo4_5.mp4: [19:24:55] /github/workspace/src/video/ffmpeg/threaded_decoder.cc:292: [19:24:55] /github/workspace/src/video/ffmpeg/threaded_decoder.cc:218: Check failed: avcodec_send_packet(dec_ctx_.get(), pkt.get()) >= 0 (-11 vs. 0) Thread worker: Error sending packet.
[19:24:55]   skipping mWY35fsCUgo_6.mp4: [19:24:55] /github/workspace/src/video/ffmpeg/threaded_decoder.cc:292: [19:24:55] /github/workspace/src/video/ffmpeg/threaded_decoder.cc:218: Check failed: avcodec_send_packet(dec_ctx_.get(), pkt.get()) >= 0 (-11 vs. 0) Thread worker: Error sending packet.
[19:24:57]   skipping DA6YnIZRTX8_7.mp4: [19:24:57] /github/workspace/src/video/ffmpeg/threaded_decoder.cc:292: [19:24:57] /github/workspace/src/video/ffmpeg/threaded_decoder.cc:218: Check failed: avcodec_send_packet(dec_ctx_.get(), pkt.get()) >= 0 (-11 vs. 0) Thread worker: Error sending packet.
[19:24:59]   skipping IF6iBVGKREo_91.mp4: [19:24:59] /github/workspace/src/video/video_reader.cc:151: Check failed: st_nb >= 0 (-1128613112 vs. 0) ERROR cannot find video stream with wanted index: -1
[19:24:59]   skipping Jo4XXm8OUP4_12.mp4: [19:24:59] /github/workspace/src/video/video_reader.cc:151: Check failed: st_nb >= 0 (-1128613112 vs. 0) ERROR cannot find video stream with wanted index: -1
[19:24:59]   skipping nZBk1GObVuk_0.mp4: [19:24:59] /github/workspace/src/video/ffmpeg/threaded_decoder.cc:292: [19:24:59] /github/workspace/src/video/ffmpeg/threaded_decoder.cc:218: Check failed: avcodec_send_packet(dec_ctx_.get(), pkt.get()) >= 0 (-11 vs. 0) Thread worker: Error sending packet.
[19:24:59]   skipping OX5lX2yOr0M_88.mp4: [19:24:59] /github/workspace/src/video/video_reader.cc:151: Check failed: st_nb >= 0 (-1128613112 vs. 0) ERROR cannot find video stream with wanted index: -1
[19:24:59]   skipping QN3t9ngsVyM_7.mp4: [19:24:59] /github/workspace/src/video/ffmpeg/threaded_decoder.cc:292: [19:24:59] /github/workspace/src/video/ffmpeg/threaded_decoder.cc:218: Check failed: avcodec_send_packet(dec_ctx_.get(), pkt.get()) >= 0 (-11 vs. 0) Thread worker: Error sending packet.
[19:25:00]   skipping MPhysZLZbls_3.mp4: [19:25:00] /github/workspace/src/video/ffmpeg/threaded_decoder.cc:292: [19:25:00] /github/workspace/src/video/ffmpeg/threaded_decoder.cc:218: Check failed: avcodec_send_packet(dec_ctx_.get(), pkt.get()) >= 0 (-11 vs. 0) Thread worker: Error sending packet.
[19:25:01]   skipping 3U1ZrW-l7Ns_3.mp4: [19:25:01] /github/workspace/src/video/ffmpeg/threaded_decoder.cc:292: [19:25:01] /github/workspace/src/video/ffmpeg/threaded_decoder.cc:218: Check failed: avcodec_send_packet(dec_ctx_.get(), pkt.get()) >= 0 (-11 vs. 0) Thread worker: Error sending packet.
[19:25:01]   skipping v_1UO1GTsg0_60.mp4: [19:25:01] /github/workspace/src/video/video_reader.cc:151: Check failed: st_nb >= 0 (-1128613112 vs. 0) ERROR cannot find video stream with wanted index: -1
[19:25:02]   skipping we18JQrdzNM_5.mp4: [19:25:02] /github/workspace/src/video/ffmpeg/threaded_decoder.cc:292: [19:25:02] /github/workspace/src/video/ffmpeg/threaded_decoder.cc:218: Check failed: avcodec_send_packet(dec_ctx_.get(), pkt.get()) >= 0 (-11 vs. 0) Thread worker: Error sending packet.
[19:25:02]   skipping kXrhcA8wl5E_1.mp4: [19:25:02] /github/workspace/src/video/ffmpeg/threaded_decoder.cc:292: [19:25:02] /github/workspace/src/video/ffmpeg/threaded_decoder.cc:218: Check failed: avcodec_send_packet(dec_ctx_.get(), pkt.get()) >= 0 (-11 vs. 0) Thread worker: Error sending packet.
[19:25:03]   skipping LeKS3lZM9N8_41.mp4: [19:25:03] /github/workspace/src/video/video_reader.cc:151: Check failed: st_nb >= 0 (-1128613112 vs. 0) ERROR cannot find video stream with wanted index: -1
[19:25:03]   skipping yyg6-NUkYCg_7.mp4: [19:25:03] /github/workspace/src/video/ffmpeg/threaded_decoder.cc:292: [19:25:03] /github/workspace/src/video/ffmpeg/threaded_decoder.cc:218: Check failed: avcodec_send_packet(dec_ctx_.get(), pkt.get()) >= 0 (-11 vs. 0) Thread worker: Error sending packet.
[19:25:03]   skipping f8pjSfCh8as_77.mp4: [19:25:03] /github/workspace/src/video/ffmpeg/threaded_decoder.cc:292: [19:25:03] /github/workspace/src/video/ffmpeg/threaded_decoder.cc:218: Check failed: avcodec_send_packet(dec_ctx_.get(), pkt.get()) >= 0 (-11 vs. 0) Thread worker: Error sending packet.
[19:25:03]   skipping MW41EAmaWAE_49.mp4: [19:25:03] /github/workspace/src/video/video_reader.cc:151: Check failed: st_nb >= 0 (-1128613112 vs. 0) ERROR cannot find video stream with wanted index: -1
[19:25:04]   skipping dJNduDhBIYA_16.mp4: [19:25:04] /github/workspace/src/video/video_reader.cc:151: Check failed: st_nb >= 0 (-1128613112 vs. 0) ERROR cannot find video stream with wanted index: -1
[19:25:04]   skipping Za0TBlSOIOw_2.mp4: [19:25:04] /github/workspace/src/video/video_reader.cc:151: Check failed: st_nb >= 0 (-1128613112 vs. 0) ERROR cannot find video stream with wanted index: -1
[19:25:05]   skipping Rj2fVXY7auI_4.mp4: [19:25:05] /github/workspace/src/video/ffmpeg/threaded_decoder.cc:292: [19:25:05] /github/workspace/src/video/ffmpeg/threaded_decoder.cc:218: Check failed: avcodec_send_packet(dec_ctx_.get(), pkt.get()) >= 0 (-11 vs. 0) Thread worker: Error sending packet.
[19:25:05]   skipping s0lCx-poYe0_18.mp4: [19:25:05] /github/workspace/src/video/video_reader.cc:151: Check failed: st_nb >= 0 (-1128613112 vs. 0) ERROR cannot find video stream with wanted index: -1
[19:25:05]   skipping 8pwRyKcqqhk_2.mp4: [19:25:05] /github/workspace/src/video/ffmpeg/threaded_decoder.cc:292: [19:25:05] /github/workspace/src/video/ffmpeg/threaded_decoder.cc:218: Check failed: avcodec_send_packet(dec_ctx_.get(), pkt.get()) >= 0 (-11 vs. 0) Thread worker: Error sending packet.
[19:25:06]   skipping dvQ0sBZ1-nI_3.mp4: [19:25:06] /github/workspace/src/video/ffmpeg/threaded_decoder.cc:292: [19:25:06] /github/workspace/src/video/ffmpeg/threaded_decoder.cc:218: Check failed: avcodec_send_packet(dec_ctx_.get(), pkt.get()) >= 0 (-11 vs. 0) Thread worker: Error sending packet.
[19:25:06]   skipping SuphEZDxSI8_18.mp4: [19:25:06] /github/workspace/src/video/ffmpeg/threaded_decoder.cc:292: [19:25:06] /github/workspace/src/video/ffmpeg/threaded_decoder.cc:218: Check failed: avcodec_send_packet(dec_ctx_.get(), pkt.get()) >= 0 (-11 vs. 0) Thread worker: Error sending packet.
[19:25:06]   skipping ksU6Ii668Qk_2.mp4: [19:25:06] /github/workspace/src/video/video_reader.cc:151: Check failed: st_nb >= 0 (-1128613112 vs. 0) ERROR cannot find video stream with wanted index: -1
[19:25:06]   skipping OAd1Y7UbxTg_1.mp4: [19:25:06] /github/workspace/src/video/ffmpeg/threaded_decoder.cc:292: [19:25:06] /github/workspace/src/video/ffmpeg/threaded_decoder.cc:218: Check failed: avcodec_send_packet(dec_ctx_.get(), pkt.get()) >= 0 (-11 vs. 0) Thread worker: Error sending packet.
[19:25:08]   skipping ZymSrDfLhW8_43.mp4: [19:25:08] /github/workspace/src/video/video_reader.cc:151: Check failed: st_nb >= 0 (-1128613112 vs. 0) ERROR cannot find video stream with wanted index: -1
[19:25:08]   skipping yU8-TOldiyE_62.mp4: [19:25:08] /github/workspace/src/video/video_reader.cc:151: Check failed: st_nb >= 0 (-1128613112 vs. 0) ERROR cannot find video stream with wanted index: -1
[19:25:08]   skipping hZ1mAXpd1cY_71.mp4: [19:25:08] /github/workspace/src/video/video_reader.cc:151: Check failed: st_nb >= 0 (-1128613112 vs. 0) ERROR cannot find video stream with wanted index: -1
[19:25:09]   skipping vAYb7klhj8k_8.mp4: [19:25:09] /github/workspace/src/video/ffmpeg/threaded_decoder.cc:292: [19:25:09] /github/workspace/src/video/ffmpeg/threaded_decoder.cc:218: Check failed: avcodec_send_packet(dec_ctx_.get(), pkt.get()) >= 0 (-11 vs. 0) Thread worker: Error sending packet.
[19:25:09]   skipping Rs4Hg69vhqQ_4.mp4: [19:25:09] /github/workspace/src/video/ffmpeg/threaded_decoder.cc:292: [19:25:09] /github/workspace/src/video/ffmpeg/threaded_decoder.cc:218: Check failed: avcodec_send_packet(dec_ctx_.get(), pkt.get()) >= 0 (-11 vs. 0) Thread worker: Error sending packet.
[19:25:10]   skipping X_cItpBBO6M_5.mp4: [19:25:10] /github/workspace/src/video/ffmpeg/threaded_decoder.cc:292: [19:25:10] /github/workspace/src/video/ffmpeg/threaded_decoder.cc:218: Check failed: avcodec_send_packet(dec_ctx_.get(), pkt.get()) >= 0 (-11 vs. 0) Thread worker: Error sending packet.
[19:25:10]   skipping 8UNYXycC1yM_12.mp4: [19:25:10] /github/workspace/src/video/ffmpeg/threaded_decoder.cc:292: [19:25:10] /github/workspace/src/video/ffmpeg/threaded_decoder.cc:218: Check failed: avcodec_send_packet(dec_ctx_.get(), pkt.get()) >= 0 (-11 vs. 0) Thread worker: Error sending packet.
[19:25:15]   skipping bERjl3VRKQo_5.mp4: [19:25:15] /github/workspace/src/video/ffmpeg/threaded_decoder.cc:292: [19:25:15] /github/workspace/src/video/ffmpeg/threaded_decoder.cc:218: Check failed: avcodec_send_packet(dec_ctx_.get(), pkt.get()) >= 0 (-11 vs. 0) Thread worker: Error sending packet.
[19:25:15]   skipping Vj4f0Jjyy0w_35.mp4: [19:25:15] /github/workspace/src/video/ffmpeg/threaded_decoder.cc:292: [19:25:15] /github/workspace/src/video/ffmpeg/threaded_decoder.cc:218: Check failed: avcodec_send_packet(dec_ctx_.get(), pkt.get()) >= 0 (-11 vs. 0) Thread worker: Error sending packet.
[19:25:15]   skipping daYmVkHtkeU_5.mp4: [19:25:15] /github/workspace/src/video/video_reader.cc:151: Check failed: st_nb >= 0 (-1128613112 vs. 0) ERROR cannot find video stream with wanted index: -1
[19:25:15]   skipping a6Yltl1nVPk_18.mp4: [19:25:15] /github/workspace/src/video/video_reader.cc:151: Check failed: st_nb >= 0 (-1128613112 vs. 0) ERROR cannot find video stream with wanted index: -1
[19:25:17]   skipping Vn6dEcyr_WE_0.mp4: [19:25:17] /github/workspace/src/video/ffmpeg/threaded_decoder.cc:292: [19:25:17] /github/workspace/src/video/ffmpeg/threaded_decoder.cc:218: Check failed: avcodec_send_packet(dec_ctx_.get(), pkt.get()) >= 0 (-11 vs. 0) Thread worker: Error sending packet.
[19:25:17]   skipping 5oEGhFvW8vk_80.mp4: [19:25:17] /github/workspace/src/video/video_reader.cc:151: Check failed: st_nb >= 0 (-1128613112 vs. 0) ERROR cannot find video stream with wanted index: -1
[19:25:19]   skipping zrjiSnV-m40_23.mp4: [19:25:19] /github/workspace/src/video/ffmpeg/threaded_decoder.cc:292: [19:25:19] /github/workspace/src/video/ffmpeg/threaded_decoder.cc:218: Check failed: avcodec_send_packet(dec_ctx_.get(), pkt.get()) >= 0 (-11 vs. 0) Thread worker: Error sending packet.
[19:25:19]   skipping F2QAMwDkHZw_629.mp4: [19:25:19] /github/workspace/src/video/video_reader.cc:151: Check failed: st_nb >= 0 (-1128613112 vs. 0) ERROR cannot find video stream with wanted index: -1
[19:25:19]   skipping LZ4Q2W5XaL0_0.mp4: [19:25:19] /github/workspace/src/video/video_reader.cc:151: Check failed: st_nb >= 0 (-1128613112 vs. 0) ERROR cannot find video stream with wanted index: -1
[19:25:20]   skipping OMGO51u4ou4_4.mp4: [19:25:20] /github/workspace/src/video/video_reader.cc:151: Check failed: st_nb >= 0 (-1128613112 vs. 0) ERROR cannot find video stream with wanted index: -1
[19:25:21]   skipping FuHJQatc-PE_2.mp4: [19:25:21] /github/workspace/src/video/video_reader.cc:151: Check failed: st_nb >= 0 (-1128613112 vs. 0) ERROR cannot find video stream with wanted index: -1
[19:25:22]   skipping KB7doYrBdBk_2.mp4: [19:25:22] /github/workspace/src/video/ffmpeg/threaded_decoder.cc:292: [19:25:22] /github/workspace/src/video/ffmpeg/threaded_decoder.cc:218: Check failed: avcodec_send_packet(dec_ctx_.get(), pkt.get()) >= 0 (-11 vs. 0) Thread worker: Error sending packet.
[19:25:22]   skipping myfoGCgzaTA_11.mp4: [19:25:22] /github/workspace/src/video/ffmpeg/threaded_decoder.cc:292: [19:25:22] /github/workspace/src/video/ffmpeg/threaded_decoder.cc:218: Check failed: avcodec_send_packet(dec_ctx_.get(), pkt.get()) >= 0 (-11 vs. 0) Thread worker: Error sending packet.
[19:25:22]   skipping QCUuBDTV8YY_24.mp4: [19:25:22] /github/workspace/src/video/ffmpeg/threaded_decoder.cc:292: [19:25:22] /github/workspace/src/video/ffmpeg/threaded_decoder.cc:218: Check failed: avcodec_send_packet(dec_ctx_.get(), pkt.get()) >= 0 (-11 vs. 0) Thread worker: Error sending packet.
[19:25:22]   skipping -nahoWMJM1E_3.mp4: [19:25:22] /github/workspace/src/video/ffmpeg/threaded_decoder.cc:292: [19:25:22] /github/workspace/src/video/ffmpeg/threaded_decoder.cc:218: Check failed: avcodec_send_packet(dec_ctx_.get(), pkt.get()) >= 0 (-11 vs. 0) Thread worker: Error sending packet.
[19:25:22]   skipping 8XWPQX9LVoU_22.mp4: [19:25:22] /github/workspace/src/video/ffmpeg/threaded_decoder.cc:292: [19:25:22] /github/workspace/src/video/ffmpeg/threaded_decoder.cc:218: Check failed: avcodec_send_packet(dec_ctx_.get(), pkt.get()) >= 0 (-11 vs. 0) Thread worker: Error sending packet.
[19:25:22]   skipping KozSjyNnAH4_33.mp4: [19:25:22] /github/workspace/src/video/video_reader.cc:151: Check failed: st_nb >= 0 (-1128613112 vs. 0) ERROR cannot find video stream with wanted index: -1
[19:25:22]   skipping ooZRK8q-27Y_2.mp4: [19:25:22] /github/workspace/src/video/video_reader.cc:151: Check failed: st_nb >= 0 (-1128613112 vs. 0) ERROR cannot find video stream with wanted index: -1
[19:25:23]   skipping nZbmaDfYIs8_6.mp4: [19:25:23] /github/workspace/src/video/ffmpeg/threaded_decoder.cc:292: [19:25:23] /github/workspace/src/video/ffmpeg/threaded_decoder.cc:218: Check failed: avcodec_send_packet(dec_ctx_.get(), pkt.get()) >= 0 (-11 vs. 0) Thread worker: Error sending packet.
[19:25:24]   skipping Fil0i6xKNG8_7.mp4: [19:25:24] /github/workspace/src/video/ffmpeg/threaded_decoder.cc:292: [19:25:24] /github/workspace/src/video/ffmpeg/threaded_decoder.cc:218: Check failed: avcodec_send_packet(dec_ctx_.get(), pkt.get()) >= 0 (-11 vs. 0) Thread worker: Error sending packet.
[19:25:27]   skipping nmXmslnHoFU_16.mp4: [19:25:27] /github/workspace/src/video/ffmpeg/threaded_decoder.cc:292: [19:25:27] /github/workspace/src/video/ffmpeg/threaded_decoder.cc:218: Check failed: avcodec_send_packet(dec_ctx_.get(), pkt.get()) >= 0 (-11 vs. 0) Thread worker: Error sending packet.
[19:25:28]   skipping ydRISDRNyCM_0.mp4: [19:25:28] /github/workspace/src/video/ffmpeg/threaded_decoder.cc:292: [19:25:28] /github/workspace/src/video/ffmpeg/threaded_decoder.cc:218: Check failed: avcodec_send_packet(dec_ctx_.get(), pkt.get()) >= 0 (-11 vs. 0) Thread worker: Error sending packet.
[19:25:29]   skipping 3t0tjJACoz0_3.mp4: [19:25:29] /github/workspace/src/video/ffmpeg/threaded_decoder.cc:292: [19:25:29] /github/workspace/src/video/ffmpeg/threaded_decoder.cc:218: Check failed: avcodec_send_packet(dec_ctx_.get(), pkt.get()) >= 0 (-11 vs. 0) Thread worker: Error sending packet.
[19:25:30]   skipping 63HDsjAOmR0_63.mp4: [19:25:30] /github/workspace/src/video/video_reader.cc:151: Check failed: st_nb >= 0 (-1128613112 vs. 0) ERROR cannot find video stream with wanted index: -1
[19:25:31]   skipping zFEpjVaPFJo_0.mp4: [19:25:31] /github/workspace/src/video/ffmpeg/threaded_decoder.cc:292: [19:25:31] /github/workspace/src/video/ffmpeg/threaded_decoder.cc:218: Check failed: avcodec_send_packet(dec_ctx_.get(), pkt.get()) >= 0 (-11 vs. 0) Thread worker: Error sending packet.
[19:25:31]   skipping 6qgCC63H9yI_40.mp4: [19:25:31] /github/workspace/src/video/ffmpeg/threaded_decoder.cc:292: [19:25:31] /github/workspace/src/video/ffmpeg/threaded_decoder.cc:218: Check failed: avcodec_send_packet(dec_ctx_.get(), pkt.get()) >= 0 (-11 vs. 0) Thread worker: Error sending packet.
[19:25:32]   skipping NTKUo1-0cQY_15.mp4: [19:25:32] /github/workspace/src/video/video_reader.cc:151: Check failed: st_nb >= 0 (-1128613112 vs. 0) ERROR cannot find video stream with wanted index: -1
[19:25:32]   skipping -RJ6USD2nEU_3.mp4: [19:25:32] /github/workspace/src/video/video_reader.cc:151: Check failed: st_nb >= 0 (-1128613112 vs. 0) ERROR cannot find video stream with wanted index: -1
[19:25:34]   skipping fazhSHz4WUM_7.mp4: [19:25:34] /github/workspace/src/video/ffmpeg/threaded_decoder.cc:292: [19:25:34] /github/workspace/src/video/ffmpeg/threaded_decoder.cc:218: Check failed: avcodec_send_packet(dec_ctx_.get(), pkt.get()) >= 0 (-11 vs. 0) Thread worker: Error sending packet.
[19:25:35]   skipping rCo5sX6D9M8_1.mp4: [19:25:35] /github/workspace/src/video/ffmpeg/threaded_decoder.cc:292: [19:25:35] /github/workspace/src/video/ffmpeg/threaded_decoder.cc:218: Check failed: avcodec_send_packet(dec_ctx_.get(), pkt.get()) >= 0 (-11 vs. 0) Thread worker: Error sending packet.
[19:25:36]   skipping wpsgfdtNMWk_2.mp4: [19:25:36] /github/workspace/src/video/ffmpeg/threaded_decoder.cc:292: [19:25:35] /github/workspace/src/video/ffmpeg/threaded_decoder.cc:218: Check failed: avcodec_send_packet(dec_ctx_.get(), pkt.get()) >= 0 (-11 vs. 0) Thread worker: Error sending packet.
[19:25:36]   skipping _xxl5o-7-zE_1.mp4: [19:25:36] /github/workspace/src/video/ffmpeg/threaded_decoder.cc:292: [19:25:36] /github/workspace/src/video/ffmpeg/threaded_decoder.cc:218: Check failed: avcodec_send_packet(dec_ctx_.get(), pkt.get()) >= 0 (-11 vs. 0) Thread worker: Error sending packet.
[19:25:36]   skipping 8BhntKzc0TY_8.mp4: [19:25:36] /github/workspace/src/video/ffmpeg/threaded_decoder.cc:292: [19:25:36] /github/workspace/src/video/ffmpeg/threaded_decoder.cc:218: Check failed: avcodec_send_packet(dec_ctx_.get(), pkt.get()) >= 0 (-11 vs. 0) Thread worker: Error sending packet.
[19:25:36]   skipping fmF09VS_oyo_33.mp4: [19:25:36] /github/workspace/src/video/ffmpeg/threaded_decoder.cc:292: [19:25:36] /github/workspace/src/video/ffmpeg/threaded_decoder.cc:218: Check failed: avcodec_send_packet(dec_ctx_.get(), pkt.get()) >= 0 (-11 vs. 0) Thread worker: Error sending packet.
[19:25:36]   skipping dCwLaQ_JVe4_12.mp4: [19:25:36] /github/workspace/src/video/ffmpeg/threaded_decoder.cc:292: [19:25:36] /github/workspace/src/video/ffmpeg/threaded_decoder.cc:218: Check failed: avcodec_send_packet(dec_ctx_.get(), pkt.get()) >= 0 (-11 vs. 0) Thread worker: Error sending packet.
[19:25:36]   skipping u1nq7a-GrFk_4.mp4: [19:25:36] /github/workspace/src/video/video_reader.cc:151: Check failed: st_nb >= 0 (-1128613112 vs. 0) ERROR cannot find video stream with wanted index: -1
[19:25:36]   skipping L32u5GHo9uQ_11.mp4: [19:25:36] /github/workspace/src/video/video_reader.cc:151: Check failed: st_nb >= 0 (-1128613112 vs. 0) ERROR cannot find video stream with wanted index: -1
[19:25:36]   skipping ZsMxGbwfcXE_2.mp4: [19:25:36] /github/workspace/src/video/ffmpeg/threaded_decoder.cc:292: [19:25:36] /github/workspace/src/video/ffmpeg/threaded_decoder.cc:218: Check failed: avcodec_send_packet(dec_ctx_.get(), pkt.get()) >= 0 (-11 vs. 0) Thread worker: Error sending packet.
[19:25:39]   skipping 2kWhDth0Tik_72.mp4: [19:25:39] /github/workspace/src/video/video_reader.cc:151: Check failed: st_nb >= 0 (-1128613112 vs. 0) ERROR cannot find video stream with wanted index: -1
[19:25:39]   skipping ScRrg8a5fpI_6.mp4: [19:25:39] /github/workspace/src/video/ffmpeg/threaded_decoder.cc:292: [19:25:39] /github/workspace/src/video/ffmpeg/threaded_decoder.cc:218: Check failed: avcodec_send_packet(dec_ctx_.get(), pkt.get()) >= 0 (-11 vs. 0) Thread worker: Error sending packet.
[19:25:40]   skipping Rp3tde_n9jk_1.mp4: [19:25:40] /github/workspace/src/video/ffmpeg/threaded_decoder.cc:292: [19:25:40] /github/workspace/src/video/ffmpeg/threaded_decoder.cc:218: Check failed: avcodec_send_packet(dec_ctx_.get(), pkt.get()) >= 0 (-11 vs. 0) Thread worker: Error sending packet.
[19:25:41]   skipping Ngk1FDVd0rs_4.mp4: [19:25:41] /github/workspace/src/video/ffmpeg/threaded_decoder.cc:292: [19:25:41] /github/workspace/src/video/ffmpeg/threaded_decoder.cc:218: Check failed: avcodec_send_packet(dec_ctx_.get(), pkt.get()) >= 0 (-11 vs. 0) Thread worker: Error sending packet.
[19:25:41]   skipping BdCYG-hfGA8_40.mp4: [19:25:41] /github/workspace/src/video/video_reader.cc:151: Check failed: st_nb >= 0 (-1128613112 vs. 0) ERROR cannot find video stream with wanted index: -1
[19:25:42]   skipping Buvii64raoU_1.mp4: [19:25:42] /github/workspace/src/video/ffmpeg/threaded_decoder.cc:292: [19:25:42] /github/workspace/src/video/ffmpeg/threaded_decoder.cc:218: Check failed: avcodec_send_packet(dec_ctx_.get(), pkt.get()) >= 0 (-11 vs. 0) Thread worker: Error sending packet.
[19:25:42]   skipping joXOyrADBRE_8.mp4: [19:25:42] /github/workspace/src/video/ffmpeg/threaded_decoder.cc:292: [19:25:42] /github/workspace/src/video/ffmpeg/threaded_decoder.cc:218: Check failed: avcodec_send_packet(dec_ctx_.get(), pkt.get()) >= 0 (-11 vs. 0) Thread worker: Error sending packet.
[19:25:43]   skipping C22EGX5gwfI_4.mp4: [19:25:43] /github/workspace/src/video/ffmpeg/threaded_decoder.cc:292: [19:25:43] /github/workspace/src/video/ffmpeg/threaded_decoder.cc:218: Check failed: avcodec_send_packet(dec_ctx_.get(), pkt.get()) >= 0 (-11 vs. 0) Thread worker: Error sending packet.
[19:25:45]   skipping G29HvOWVln0_142.mp4: [19:25:45] /github/workspace/src/video/video_reader.cc:151: Check failed: st_nb >= 0 (-1128613112 vs. 0) ERROR cannot find video stream with wanted index: -1
[19:25:45]   skipping 85PQknw_hls_1.mp4: [19:25:45] /github/workspace/src/video/ffmpeg/threaded_decoder.cc:292: [19:25:45] /github/workspace/src/video/ffmpeg/threaded_decoder.cc:218: Check failed: avcodec_send_packet(dec_ctx_.get(), pkt.get()) >= 0 (-11 vs. 0) Thread worker: Error sending packet.
[19:25:45]   skipping ftsQYS1fkOs_71.mp4: [19:25:45] /github/workspace/src/video/video_reader.cc:151: Check failed: st_nb >= 0 (-1128613112 vs. 0) ERROR cannot find video stream with wanted index: -1
[19:25:46]   skipping LMgYK0TgajU_26.mp4: [19:25:46] /github/workspace/src/video/video_reader.cc:151: Check failed: st_nb >= 0 (-1128613112 vs. 0) ERROR cannot find video stream with wanted index: -1
[19:25:46]   skipping danm2Kgxozo_10.mp4: [19:25:46] /github/workspace/src/video/video_reader.cc:151: Check failed: st_nb >= 0 (-1128613112 vs. 0) ERROR cannot find video stream with wanted index: -1
[19:25:46]   skipping dsMQoZcCfns_16.mp4: [19:25:46] /github/workspace/src/video/ffmpeg/threaded_decoder.cc:292: [19:25:46] /github/workspace/src/video/ffmpeg/threaded_decoder.cc:218: Check failed: avcodec_send_packet(dec_ctx_.get(), pkt.get()) >= 0 (-11 vs. 0) Thread worker: Error sending packet.
[19:25:46]   skipping LjnRBI0HyFQ_6.mp4: [19:25:46] /github/workspace/src/video/ffmpeg/threaded_decoder.cc:292: [19:25:46] /github/workspace/src/video/ffmpeg/threaded_decoder.cc:218: Check failed: avcodec_send_packet(dec_ctx_.get(), pkt.get()) >= 0 (-11 vs. 0) Thread worker: Error sending packet.
[19:25:47]   step 200: val_loss_ce=1.0426 val_loss_latent=0.3551 val_loss_total=1.0781 (n=200, 54.8s)
[19:25:47] ======================================================================
[19:25:47] Checkpoint step 400: /scratch/users/anirban/tamaghnam/latentvans/checkpoints/stage0_run1/step_400
[19:25:47] ======================================================================
[19:25:49] added 3 latent-reasoning special tokens; vocab size now 151668
[19:25:51] resumed LoRA adapter (+ embed_tokens/lm_head) from /scratch/users/anirban/tamaghnam/latentvans/checkpoints/stage0_run1/step_400
trainable params: 624,918,528 || all params: 4,378,992,640 || trainable%: 14.2708
[19:25:51] vision-tower target embedding dim confirmed: 2048 (matches QWEN_HIDDEN_SIZE)
[19:25:51] validation stream: 1447 row(s) usable
[19:25:53]   skipping c1pQ19a8pMM_5.mp4: [19:25:53] /github/workspace/src/video/video_reader.cc:151: Check failed: st_nb >= 0 (-1128613112 vs. 0) ERROR cannot find video stream with wanted index: -1
[19:25:54]   skipping 6m7CwarmCo4_5.mp4: [19:25:54] /github/workspace/src/video/ffmpeg/threaded_decoder.cc:292: [19:25:54] /github/workspace/src/video/ffmpeg/threaded_decoder.cc:218: Check failed: avcodec_send_packet(dec_ctx_.get(), pkt.get()) >= 0 (-11 vs. 0) Thread worker: Error sending packet.
[19:25:54]   skipping mWY35fsCUgo_6.mp4: [19:25:54] /github/workspace/src/video/ffmpeg/threaded_decoder.cc:292: [19:25:54] /github/workspace/src/video/ffmpeg/threaded_decoder.cc:218: Check failed: avcodec_send_packet(dec_ctx_.get(), pkt.get()) >= 0 (-11 vs. 0) Thread worker: Error sending packet.
[19:25:56]   skipping DA6YnIZRTX8_7.mp4: [19:25:56] /github/workspace/src/video/ffmpeg/threaded_decoder.cc:292: [19:25:56] /github/workspace/src/video/ffmpeg/threaded_decoder.cc:218: Check failed: avcodec_send_packet(dec_ctx_.get(), pkt.get()) >= 0 (-11 vs. 0) Thread worker: Error sending packet.
[19:25:58]   skipping IF6iBVGKREo_91.mp4: [19:25:58] /github/workspace/src/video/video_reader.cc:151: Check failed: st_nb >= 0 (-1128613112 vs. 0) ERROR cannot find video stream with wanted index: -1
[19:25:58]   skipping Jo4XXm8OUP4_12.mp4: [19:25:58] /github/workspace/src/video/video_reader.cc:151: Check failed: st_nb >= 0 (-1128613112 vs. 0) ERROR cannot find video stream with wanted index: -1
[19:25:58]   skipping nZBk1GObVuk_0.mp4: [19:25:58] /github/workspace/src/video/ffmpeg/threaded_decoder.cc:292: [19:25:58] /github/workspace/src/video/ffmpeg/threaded_decoder.cc:218: Check failed: avcodec_send_packet(dec_ctx_.get(), pkt.get()) >= 0 (-11 vs. 0) Thread worker: Error sending packet.
[19:25:58]   skipping OX5lX2yOr0M_88.mp4: [19:25:58] /github/workspace/src/video/video_reader.cc:151: Check failed: st_nb >= 0 (-1128613112 vs. 0) ERROR cannot find video stream with wanted index: -1
[19:25:58]   skipping QN3t9ngsVyM_7.mp4: [19:25:58] /github/workspace/src/video/ffmpeg/threaded_decoder.cc:292: [19:25:58] /github/workspace/src/video/ffmpeg/threaded_decoder.cc:218: Check failed: avcodec_send_packet(dec_ctx_.get(), pkt.get()) >= 0 (-11 vs. 0) Thread worker: Error sending packet.
[19:25:59]   skipping MPhysZLZbls_3.mp4: [19:25:59] /github/workspace/src/video/ffmpeg/threaded_decoder.cc:292: [19:25:59] /github/workspace/src/video/ffmpeg/threaded_decoder.cc:218: Check failed: avcodec_send_packet(dec_ctx_.get(), pkt.get()) >= 0 (-11 vs. 0) Thread worker: Error sending packet.
[19:26:00]   skipping 3U1ZrW-l7Ns_3.mp4: [19:26:00] /github/workspace/src/video/ffmpeg/threaded_decoder.cc:292: [19:26:00] /github/workspace/src/video/ffmpeg/threaded_decoder.cc:218: Check failed: avcodec_send_packet(dec_ctx_.get(), pkt.get()) >= 0 (-11 vs. 0) Thread worker: Error sending packet.
[19:26:00]   skipping v_1UO1GTsg0_60.mp4: [19:26:00] /github/workspace/src/video/video_reader.cc:151: Check failed: st_nb >= 0 (-1128613112 vs. 0) ERROR cannot find video stream with wanted index: -1
[19:26:00]   skipping we18JQrdzNM_5.mp4: [19:26:00] /github/workspace/src/video/ffmpeg/threaded_decoder.cc:292: [19:26:00] /github/workspace/src/video/ffmpeg/threaded_decoder.cc:218: Check failed: avcodec_send_packet(dec_ctx_.get(), pkt.get()) >= 0 (-11 vs. 0) Thread worker: Error sending packet.
[19:26:01]   skipping kXrhcA8wl5E_1.mp4: [19:26:01] /github/workspace/src/video/ffmpeg/threaded_decoder.cc:292: [19:26:01] /github/workspace/src/video/ffmpeg/threaded_decoder.cc:218: Check failed: avcodec_send_packet(dec_ctx_.get(), pkt.get()) >= 0 (-11 vs. 0) Thread worker: Error sending packet.
[19:26:01]   skipping LeKS3lZM9N8_41.mp4: [19:26:01] /github/workspace/src/video/video_reader.cc:151: Check failed: st_nb >= 0 (-1128613112 vs. 0) ERROR cannot find video stream with wanted index: -1
[19:26:02]   skipping yyg6-NUkYCg_7.mp4: [19:26:02] /github/workspace/src/video/ffmpeg/threaded_decoder.cc:292: [19:26:02] /github/workspace/src/video/ffmpeg/threaded_decoder.cc:218: Check failed: avcodec_send_packet(dec_ctx_.get(), pkt.get()) >= 0 (-11 vs. 0) Thread worker: Error sending packet.
[19:26:02]   skipping f8pjSfCh8as_77.mp4: [19:26:02] /github/workspace/src/video/ffmpeg/threaded_decoder.cc:292: [19:26:02] /github/workspace/src/video/ffmpeg/threaded_decoder.cc:218: Check failed: avcodec_send_packet(dec_ctx_.get(), pkt.get()) >= 0 (-11 vs. 0) Thread worker: Error sending packet.
[19:26:02]   skipping MW41EAmaWAE_49.mp4: [19:26:02] /github/workspace/src/video/video_reader.cc:151: Check failed: st_nb >= 0 (-1128613112 vs. 0) ERROR cannot find video stream with wanted index: -1
[19:26:03]   skipping dJNduDhBIYA_16.mp4: [19:26:03] /github/workspace/src/video/video_reader.cc:151: Check failed: st_nb >= 0 (-1128613112 vs. 0) ERROR cannot find video stream with wanted index: -1
[19:26:03]   skipping Za0TBlSOIOw_2.mp4: [19:26:03] /github/workspace/src/video/video_reader.cc:151: Check failed: st_nb >= 0 (-1128613112 vs. 0) ERROR cannot find video stream with wanted index: -1
[19:26:04]   skipping Rj2fVXY7auI_4.mp4: [19:26:04] /github/workspace/src/video/ffmpeg/threaded_decoder.cc:292: [19:26:04] /github/workspace/src/video/ffmpeg/threaded_decoder.cc:218: Check failed: avcodec_send_packet(dec_ctx_.get(), pkt.get()) >= 0 (-11 vs. 0) Thread worker: Error sending packet.
[19:26:04]   skipping s0lCx-poYe0_18.mp4: [19:26:04] /github/workspace/src/video/video_reader.cc:151: Check failed: st_nb >= 0 (-1128613112 vs. 0) ERROR cannot find video stream with wanted index: -1
[19:26:04]   skipping 8pwRyKcqqhk_2.mp4: [19:26:04] /github/workspace/src/video/ffmpeg/threaded_decoder.cc:292: [19:26:04] /github/workspace/src/video/ffmpeg/threaded_decoder.cc:218: Check failed: avcodec_send_packet(dec_ctx_.get(), pkt.get()) >= 0 (-11 vs. 0) Thread worker: Error sending packet.
[19:26:04]   skipping dvQ0sBZ1-nI_3.mp4: [19:26:04] /github/workspace/src/video/ffmpeg/threaded_decoder.cc:292: [19:26:04] /github/workspace/src/video/ffmpeg/threaded_decoder.cc:218: Check failed: avcodec_send_packet(dec_ctx_.get(), pkt.get()) >= 0 (-11 vs. 0) Thread worker: Error sending packet.
[19:26:05]   skipping SuphEZDxSI8_18.mp4: [19:26:05] /github/workspace/src/video/ffmpeg/threaded_decoder.cc:292: [19:26:05] /github/workspace/src/video/ffmpeg/threaded_decoder.cc:218: Check failed: avcodec_send_packet(dec_ctx_.get(), pkt.get()) >= 0 (-11 vs. 0) Thread worker: Error sending packet.
[19:26:05]   skipping ksU6Ii668Qk_2.mp4: [19:26:05] /github/workspace/src/video/video_reader.cc:151: Check failed: st_nb >= 0 (-1128613112 vs. 0) ERROR cannot find video stream with wanted index: -1
[19:26:05]   skipping OAd1Y7UbxTg_1.mp4: [19:26:05] /github/workspace/src/video/ffmpeg/threaded_decoder.cc:292: [19:26:05] /github/workspace/src/video/ffmpeg/threaded_decoder.cc:218: Check failed: avcodec_send_packet(dec_ctx_.get(), pkt.get()) >= 0 (-11 vs. 0) Thread worker: Error sending packet.
[19:26:07]   skipping ZymSrDfLhW8_43.mp4: [19:26:07] /github/workspace/src/video/video_reader.cc:151: Check failed: st_nb >= 0 (-1128613112 vs. 0) ERROR cannot find video stream with wanted index: -1
[19:26:07]   skipping yU8-TOldiyE_62.mp4: [19:26:07] /github/workspace/src/video/video_reader.cc:151: Check failed: st_nb >= 0 (-1128613112 vs. 0) ERROR cannot find video stream with wanted index: -1
[19:26:07]   skipping hZ1mAXpd1cY_71.mp4: [19:26:07] /github/workspace/src/video/video_reader.cc:151: Check failed: st_nb >= 0 (-1128613112 vs. 0) ERROR cannot find video stream with wanted index: -1
[19:26:08]   skipping vAYb7klhj8k_8.mp4: [19:26:08] /github/workspace/src/video/ffmpeg/threaded_decoder.cc:292: [19:26:08] /github/workspace/src/video/ffmpeg/threaded_decoder.cc:218: Check failed: avcodec_send_packet(dec_ctx_.get(), pkt.get()) >= 0 (-11 vs. 0) Thread worker: Error sending packet.
[19:26:08]   skipping Rs4Hg69vhqQ_4.mp4: [19:26:08] /github/workspace/src/video/ffmpeg/threaded_decoder.cc:292: [19:26:08] /github/workspace/src/video/ffmpeg/threaded_decoder.cc:218: Check failed: avcodec_send_packet(dec_ctx_.get(), pkt.get()) >= 0 (-11 vs. 0) Thread worker: Error sending packet.
[19:26:09]   skipping X_cItpBBO6M_5.mp4: [19:26:09] /github/workspace/src/video/ffmpeg/threaded_decoder.cc:292: [19:26:09] /github/workspace/src/video/ffmpeg/threaded_decoder.cc:218: Check failed: avcodec_send_packet(dec_ctx_.get(), pkt.get()) >= 0 (-11 vs. 0) Thread worker: Error sending packet.
[19:26:09]   skipping 8UNYXycC1yM_12.mp4: [19:26:09] /github/workspace/src/video/ffmpeg/threaded_decoder.cc:292: [19:26:09] /github/workspace/src/video/ffmpeg/threaded_decoder.cc:218: Check failed: avcodec_send_packet(dec_ctx_.get(), pkt.get()) >= 0 (-11 vs. 0) Thread worker: Error sending packet.
[19:26:14]   skipping bERjl3VRKQo_5.mp4: [19:26:14] /github/workspace/src/video/ffmpeg/threaded_decoder.cc:292: [19:26:14] /github/workspace/src/video/ffmpeg/threaded_decoder.cc:218: Check failed: avcodec_send_packet(dec_ctx_.get(), pkt.get()) >= 0 (-11 vs. 0) Thread worker: Error sending packet.
[19:26:14]   skipping Vj4f0Jjyy0w_35.mp4: [19:26:14] /github/workspace/src/video/ffmpeg/threaded_decoder.cc:292: [19:26:14] /github/workspace/src/video/ffmpeg/threaded_decoder.cc:218: Check failed: avcodec_send_packet(dec_ctx_.get(), pkt.get()) >= 0 (-11 vs. 0) Thread worker: Error sending packet.
[19:26:14]   skipping daYmVkHtkeU_5.mp4: [19:26:14] /github/workspace/src/video/video_reader.cc:151: Check failed: st_nb >= 0 (-1128613112 vs. 0) ERROR cannot find video stream with wanted index: -1
[19:26:14]   skipping a6Yltl1nVPk_18.mp4: [19:26:14] /github/workspace/src/video/video_reader.cc:151: Check failed: st_nb >= 0 (-1128613112 vs. 0) ERROR cannot find video stream with wanted index: -1
[19:26:16]   skipping Vn6dEcyr_WE_0.mp4: [19:26:16] /github/workspace/src/video/ffmpeg/threaded_decoder.cc:292: [19:26:16] /github/workspace/src/video/ffmpeg/threaded_decoder.cc:218: Check failed: avcodec_send_packet(dec_ctx_.get(), pkt.get()) >= 0 (-11 vs. 0) Thread worker: Error sending packet.
[19:26:16]   skipping 5oEGhFvW8vk_80.mp4: [19:26:16] /github/workspace/src/video/video_reader.cc:151: Check failed: st_nb >= 0 (-1128613112 vs. 0) ERROR cannot find video stream with wanted index: -1
[19:26:18]   skipping zrjiSnV-m40_23.mp4: [19:26:18] /github/workspace/src/video/ffmpeg/threaded_decoder.cc:292: [19:26:18] /github/workspace/src/video/ffmpeg/threaded_decoder.cc:218: Check failed: avcodec_send_packet(dec_ctx_.get(), pkt.get()) >= 0 (-11 vs. 0) Thread worker: Error sending packet.
[19:26:18]   skipping F2QAMwDkHZw_629.mp4: [19:26:18] /github/workspace/src/video/video_reader.cc:151: Check failed: st_nb >= 0 (-1128613112 vs. 0) ERROR cannot find video stream with wanted index: -1
[19:26:18]   skipping LZ4Q2W5XaL0_0.mp4: [19:26:18] /github/workspace/src/video/video_reader.cc:151: Check failed: st_nb >= 0 (-1128613112 vs. 0) ERROR cannot find video stream with wanted index: -1
[19:26:19]   skipping OMGO51u4ou4_4.mp4: [19:26:19] /github/workspace/src/video/video_reader.cc:151: Check failed: st_nb >= 0 (-1128613112 vs. 0) ERROR cannot find video stream with wanted index: -1
[19:26:20]   skipping FuHJQatc-PE_2.mp4: [19:26:20] /github/workspace/src/video/video_reader.cc:151: Check failed: st_nb >= 0 (-1128613112 vs. 0) ERROR cannot find video stream with wanted index: -1
[19:26:21]   skipping KB7doYrBdBk_2.mp4: [19:26:21] /github/workspace/src/video/ffmpeg/threaded_decoder.cc:292: [19:26:21] /github/workspace/src/video/ffmpeg/threaded_decoder.cc:218: Check failed: avcodec_send_packet(dec_ctx_.get(), pkt.get()) >= 0 (-11 vs. 0) Thread worker: Error sending packet.
[19:26:21]   skipping myfoGCgzaTA_11.mp4: [19:26:21] /github/workspace/src/video/ffmpeg/threaded_decoder.cc:292: [19:26:21] /github/workspace/src/video/ffmpeg/threaded_decoder.cc:218: Check failed: avcodec_send_packet(dec_ctx_.get(), pkt.get()) >= 0 (-11 vs. 0) Thread worker: Error sending packet.
[19:26:21]   skipping QCUuBDTV8YY_24.mp4: [19:26:21] /github/workspace/src/video/ffmpeg/threaded_decoder.cc:292: [19:26:21] /github/workspace/src/video/ffmpeg/threaded_decoder.cc:218: Check failed: avcodec_send_packet(dec_ctx_.get(), pkt.get()) >= 0 (-11 vs. 0) Thread worker: Error sending packet.
[19:26:21]   skipping -nahoWMJM1E_3.mp4: [19:26:21] /github/workspace/src/video/ffmpeg/threaded_decoder.cc:292: [19:26:21] /github/workspace/src/video/ffmpeg/threaded_decoder.cc:218: Check failed: avcodec_send_packet(dec_ctx_.get(), pkt.get()) >= 0 (-11 vs. 0) Thread worker: Error sending packet.
[19:26:21]   skipping 8XWPQX9LVoU_22.mp4: [19:26:21] /github/workspace/src/video/ffmpeg/threaded_decoder.cc:292: [19:26:21] /github/workspace/src/video/ffmpeg/threaded_decoder.cc:218: Check failed: avcodec_send_packet(dec_ctx_.get(), pkt.get()) >= 0 (-11 vs. 0) Thread worker: Error sending packet.
[19:26:21]   skipping KozSjyNnAH4_33.mp4: [19:26:21] /github/workspace/src/video/video_reader.cc:151: Check failed: st_nb >= 0 (-1128613112 vs. 0) ERROR cannot find video stream with wanted index: -1
[19:26:21]   skipping ooZRK8q-27Y_2.mp4: [19:26:21] /github/workspace/src/video/video_reader.cc:151: Check failed: st_nb >= 0 (-1128613112 vs. 0) ERROR cannot find video stream with wanted index: -1
[19:26:22]   skipping nZbmaDfYIs8_6.mp4: [19:26:22] /github/workspace/src/video/ffmpeg/threaded_decoder.cc:292: [19:26:22] /github/workspace/src/video/ffmpeg/threaded_decoder.cc:218: Check failed: avcodec_send_packet(dec_ctx_.get(), pkt.get()) >= 0 (-11 vs. 0) Thread worker: Error sending packet.
[19:26:23]   skipping Fil0i6xKNG8_7.mp4: [19:26:23] /github/workspace/src/video/ffmpeg/threaded_decoder.cc:292: [19:26:23] /github/workspace/src/video/ffmpeg/threaded_decoder.cc:218: Check failed: avcodec_send_packet(dec_ctx_.get(), pkt.get()) >= 0 (-11 vs. 0) Thread worker: Error sending packet.
[19:26:26]   skipping nmXmslnHoFU_16.mp4: [19:26:26] /github/workspace/src/video/ffmpeg/threaded_decoder.cc:292: [19:26:26] /github/workspace/src/video/ffmpeg/threaded_decoder.cc:218: Check failed: avcodec_send_packet(dec_ctx_.get(), pkt.get()) >= 0 (-11 vs. 0) Thread worker: Error sending packet.
[19:26:27]   skipping ydRISDRNyCM_0.mp4: [19:26:27] /github/workspace/src/video/ffmpeg/threaded_decoder.cc:292: [19:26:27] /github/workspace/src/video/ffmpeg/threaded_decoder.cc:218: Check failed: avcodec_send_packet(dec_ctx_.get(), pkt.get()) >= 0 (-11 vs. 0) Thread worker: Error sending packet.
[19:26:28]   skipping 3t0tjJACoz0_3.mp4: [19:26:28] /github/workspace/src/video/ffmpeg/threaded_decoder.cc:292: [19:26:28] /github/workspace/src/video/ffmpeg/threaded_decoder.cc:218: Check failed: avcodec_send_packet(dec_ctx_.get(), pkt.get()) >= 0 (-11 vs. 0) Thread worker: Error sending packet.
[19:26:29]   skipping 63HDsjAOmR0_63.mp4: [19:26:29] /github/workspace/src/video/video_reader.cc:151: Check failed: st_nb >= 0 (-1128613112 vs. 0) ERROR cannot find video stream with wanted index: -1
[19:26:30]   skipping zFEpjVaPFJo_0.mp4: [19:26:30] /github/workspace/src/video/ffmpeg/threaded_decoder.cc:292: [19:26:30] /github/workspace/src/video/ffmpeg/threaded_decoder.cc:218: Check failed: avcodec_send_packet(dec_ctx_.get(), pkt.get()) >= 0 (-11 vs. 0) Thread worker: Error sending packet.
[19:26:30]   skipping 6qgCC63H9yI_40.mp4: [19:26:30] /github/workspace/src/video/ffmpeg/threaded_decoder.cc:292: [19:26:30] /github/workspace/src/video/ffmpeg/threaded_decoder.cc:218: Check failed: avcodec_send_packet(dec_ctx_.get(), pkt.get()) >= 0 (-11 vs. 0) Thread worker: Error sending packet.
[19:26:31]   skipping NTKUo1-0cQY_15.mp4: [19:26:31] /github/workspace/src/video/video_reader.cc:151: Check failed: st_nb >= 0 (-1128613112 vs. 0) ERROR cannot find video stream with wanted index: -1
[19:26:31]   skipping -RJ6USD2nEU_3.mp4: [19:26:31] /github/workspace/src/video/video_reader.cc:151: Check failed: st_nb >= 0 (-1128613112 vs. 0) ERROR cannot find video stream with wanted index: -1
[19:26:33]   skipping fazhSHz4WUM_7.mp4: [19:26:33] /github/workspace/src/video/ffmpeg/threaded_decoder.cc:292: [19:26:33] /github/workspace/src/video/ffmpeg/threaded_decoder.cc:218: Check failed: avcodec_send_packet(dec_ctx_.get(), pkt.get()) >= 0 (-11 vs. 0) Thread worker: Error sending packet.
[19:26:34]   skipping rCo5sX6D9M8_1.mp4: [19:26:34] /github/workspace/src/video/ffmpeg/threaded_decoder.cc:292: [19:26:34] /github/workspace/src/video/ffmpeg/threaded_decoder.cc:218: Check failed: avcodec_send_packet(dec_ctx_.get(), pkt.get()) >= 0 (-11 vs. 0) Thread worker: Error sending packet.
[19:26:34]   skipping wpsgfdtNMWk_2.mp4: [19:26:34] /github/workspace/src/video/ffmpeg/threaded_decoder.cc:292: [19:26:34] /github/workspace/src/video/ffmpeg/threaded_decoder.cc:218: Check failed: avcodec_send_packet(dec_ctx_.get(), pkt.get()) >= 0 (-11 vs. 0) Thread worker: Error sending packet.
[19:26:35]   skipping _xxl5o-7-zE_1.mp4: [19:26:35] /github/workspace/src/video/ffmpeg/threaded_decoder.cc:292: [19:26:35] /github/workspace/src/video/ffmpeg/threaded_decoder.cc:218: Check failed: avcodec_send_packet(dec_ctx_.get(), pkt.get()) >= 0 (-11 vs. 0) Thread worker: Error sending packet.
[19:26:35]   skipping 8BhntKzc0TY_8.mp4: [19:26:35] /github/workspace/src/video/ffmpeg/threaded_decoder.cc:292: [19:26:35] /github/workspace/src/video/ffmpeg/threaded_decoder.cc:218: Check failed: avcodec_send_packet(dec_ctx_.get(), pkt.get()) >= 0 (-11 vs. 0) Thread worker: Error sending packet.
[19:26:35]   skipping fmF09VS_oyo_33.mp4: [19:26:35] /github/workspace/src/video/ffmpeg/threaded_decoder.cc:292: [19:26:35] /github/workspace/src/video/ffmpeg/threaded_decoder.cc:218: Check failed: avcodec_send_packet(dec_ctx_.get(), pkt.get()) >= 0 (-11 vs. 0) Thread worker: Error sending packet.
[19:26:35]   skipping dCwLaQ_JVe4_12.mp4: [19:26:35] /github/workspace/src/video/ffmpeg/threaded_decoder.cc:292: [19:26:35] /github/workspace/src/video/ffmpeg/threaded_decoder.cc:218: Check failed: avcodec_send_packet(dec_ctx_.get(), pkt.get()) >= 0 (-11 vs. 0) Thread worker: Error sending packet.
[19:26:35]   skipping u1nq7a-GrFk_4.mp4: [19:26:35] /github/workspace/src/video/video_reader.cc:151: Check failed: st_nb >= 0 (-1128613112 vs. 0) ERROR cannot find video stream with wanted index: -1
[19:26:35]   skipping L32u5GHo9uQ_11.mp4: [19:26:35] /github/workspace/src/video/video_reader.cc:151: Check failed: st_nb >= 0 (-1128613112 vs. 0) ERROR cannot find video stream with wanted index: -1
[19:26:35]   skipping ZsMxGbwfcXE_2.mp4: [19:26:35] /github/workspace/src/video/ffmpeg/threaded_decoder.cc:292: [19:26:35] /github/workspace/src/video/ffmpeg/threaded_decoder.cc:218: Check failed: avcodec_send_packet(dec_ctx_.get(), pkt.get()) >= 0 (-11 vs. 0) Thread worker: Error sending packet.
[19:26:38]   skipping 2kWhDth0Tik_72.mp4: [19:26:38] /github/workspace/src/video/video_reader.cc:151: Check failed: st_nb >= 0 (-1128613112 vs. 0) ERROR cannot find video stream with wanted index: -1
[19:26:38]   skipping ScRrg8a5fpI_6.mp4: [19:26:38] /github/workspace/src/video/ffmpeg/threaded_decoder.cc:292: [19:26:38] /github/workspace/src/video/ffmpeg/threaded_decoder.cc:218: Check failed: avcodec_send_packet(dec_ctx_.get(), pkt.get()) >= 0 (-11 vs. 0) Thread worker: Error sending packet.
[19:26:39]   skipping Rp3tde_n9jk_1.mp4: [19:26:39] /github/workspace/src/video/ffmpeg/threaded_decoder.cc:292: [19:26:39] /github/workspace/src/video/ffmpeg/threaded_decoder.cc:218: Check failed: avcodec_send_packet(dec_ctx_.get(), pkt.get()) >= 0 (-11 vs. 0) Thread worker: Error sending packet.
[19:26:40]   skipping Ngk1FDVd0rs_4.mp4: [19:26:40] /github/workspace/src/video/ffmpeg/threaded_decoder.cc:292: [19:26:40] /github/workspace/src/video/ffmpeg/threaded_decoder.cc:218: Check failed: avcodec_send_packet(dec_ctx_.get(), pkt.get()) >= 0 (-11 vs. 0) Thread worker: Error sending packet.
[19:26:40]   skipping BdCYG-hfGA8_40.mp4: [19:26:40] /github/workspace/src/video/video_reader.cc:151: Check failed: st_nb >= 0 (-1128613112 vs. 0) ERROR cannot find video stream with wanted index: -1
[19:26:40]   skipping Buvii64raoU_1.mp4: [19:26:40] /github/workspace/src/video/ffmpeg/threaded_decoder.cc:292: [19:26:40] /github/workspace/src/video/ffmpeg/threaded_decoder.cc:218: Check failed: avcodec_send_packet(dec_ctx_.get(), pkt.get()) >= 0 (-11 vs. 0) Thread worker: Error sending packet.
[19:26:41]   skipping joXOyrADBRE_8.mp4: [19:26:41] /github/workspace/src/video/ffmpeg/threaded_decoder.cc:292: [19:26:41] /github/workspace/src/video/ffmpeg/threaded_decoder.cc:218: Check failed: avcodec_send_packet(dec_ctx_.get(), pkt.get()) >= 0 (-11 vs. 0) Thread worker: Error sending packet.
[19:26:42]   skipping C22EGX5gwfI_4.mp4: [19:26:42] /github/workspace/src/video/ffmpeg/threaded_decoder.cc:292: [19:26:42] /github/workspace/src/video/ffmpeg/threaded_decoder.cc:218: Check failed: avcodec_send_packet(dec_ctx_.get(), pkt.get()) >= 0 (-11 vs. 0) Thread worker: Error sending packet.
[19:26:44]   skipping G29HvOWVln0_142.mp4: [19:26:44] /github/workspace/src/video/video_reader.cc:151: Check failed: st_nb >= 0 (-1128613112 vs. 0) ERROR cannot find video stream with wanted index: -1
[19:26:44]   skipping 85PQknw_hls_1.mp4: [19:26:44] /github/workspace/src/video/ffmpeg/threaded_decoder.cc:292: [19:26:44] /github/workspace/src/video/ffmpeg/threaded_decoder.cc:218: Check failed: avcodec_send_packet(dec_ctx_.get(), pkt.get()) >= 0 (-11 vs. 0) Thread worker: Error sending packet.
[19:26:44]   skipping ftsQYS1fkOs_71.mp4: [19:26:44] /github/workspace/src/video/video_reader.cc:151: Check failed: st_nb >= 0 (-1128613112 vs. 0) ERROR cannot find video stream with wanted index: -1
[19:26:45]   skipping LMgYK0TgajU_26.mp4: [19:26:45] /github/workspace/src/video/video_reader.cc:151: Check failed: st_nb >= 0 (-1128613112 vs. 0) ERROR cannot find video stream with wanted index: -1
[19:26:45]   skipping danm2Kgxozo_10.mp4: [19:26:45] /github/workspace/src/video/video_reader.cc:151: Check failed: st_nb >= 0 (-1128613112 vs. 0) ERROR cannot find video stream with wanted index: -1
[19:26:45]   skipping dsMQoZcCfns_16.mp4: [19:26:45] /github/workspace/src/video/ffmpeg/threaded_decoder.cc:292: [19:26:45] /github/workspace/src/video/ffmpeg/threaded_decoder.cc:218: Check failed: avcodec_send_packet(dec_ctx_.get(), pkt.get()) >= 0 (-11 vs. 0) Thread worker: Error sending packet.
[19:26:45]   skipping LjnRBI0HyFQ_6.mp4: [19:26:45] /github/workspace/src/video/ffmpeg/threaded_decoder.cc:292: [19:26:45] /github/workspace/src/video/ffmpeg/threaded_decoder.cc:218: Check failed: avcodec_send_packet(dec_ctx_.get(), pkt.get()) >= 0 (-11 vs. 0) Thread worker: Error sending packet.
[19:26:46]   step 400: val_loss_ce=1.1418 val_loss_latent=0.2575 val_loss_total=1.1676 (n=200, 54.8s)
[19:26:46] ======================================================================
[19:26:46] Checkpoint step 600: /scratch/users/anirban/tamaghnam/latentvans/checkpoints/stage0_run1/step_600
[19:26:46] ======================================================================
[19:26:48] added 3 latent-reasoning special tokens; vocab size now 151668
[19:26:50] resumed LoRA adapter (+ embed_tokens/lm_head) from /scratch/users/anirban/tamaghnam/latentvans/checkpoints/stage0_run1/step_600
trainable params: 624,918,528 || all params: 4,378,992,640 || trainable%: 14.2708
[19:26:50] vision-tower target embedding dim confirmed: 2048 (matches QWEN_HIDDEN_SIZE)
[19:26:50] validation stream: 1447 row(s) usable
[19:26:52]   skipping c1pQ19a8pMM_5.mp4: [19:26:52] /github/workspace/src/video/video_reader.cc:151: Check failed: st_nb >= 0 (-1128613112 vs. 0) ERROR cannot find video stream with wanted index: -1
[19:26:53]   skipping 6m7CwarmCo4_5.mp4: [19:26:53] /github/workspace/src/video/ffmpeg/threaded_decoder.cc:292: [19:26:53] /github/workspace/src/video/ffmpeg/threaded_decoder.cc:218: Check failed: avcodec_send_packet(dec_ctx_.get(), pkt.get()) >= 0 (-11 vs. 0) Thread worker: Error sending packet.
[19:26:53]   skipping mWY35fsCUgo_6.mp4: [19:26:53] /github/workspace/src/video/ffmpeg/threaded_decoder.cc:292: [19:26:53] /github/workspace/src/video/ffmpeg/threaded_decoder.cc:218: Check failed: avcodec_send_packet(dec_ctx_.get(), pkt.get()) >= 0 (-11 vs. 0) Thread worker: Error sending packet.
[19:26:54]   skipping DA6YnIZRTX8_7.mp4: [19:26:54] /github/workspace/src/video/ffmpeg/threaded_decoder.cc:292: [19:26:54] /github/workspace/src/video/ffmpeg/threaded_decoder.cc:218: Check failed: avcodec_send_packet(dec_ctx_.get(), pkt.get()) >= 0 (-11 vs. 0) Thread worker: Error sending packet.
[19:26:56]   skipping IF6iBVGKREo_91.mp4: [19:26:56] /github/workspace/src/video/video_reader.cc:151: Check failed: st_nb >= 0 (-1128613112 vs. 0) ERROR cannot find video stream with wanted index: -1
[19:26:56]   skipping Jo4XXm8OUP4_12.mp4: [19:26:56] /github/workspace/src/video/video_reader.cc:151: Check failed: st_nb >= 0 (-1128613112 vs. 0) ERROR cannot find video stream with wanted index: -1
[19:26:56]   skipping nZBk1GObVuk_0.mp4: [19:26:56] /github/workspace/src/video/ffmpeg/threaded_decoder.cc:292: [19:26:56] /github/workspace/src/video/ffmpeg/threaded_decoder.cc:218: Check failed: avcodec_send_packet(dec_ctx_.get(), pkt.get()) >= 0 (-11 vs. 0) Thread worker: Error sending packet.
[19:26:56]   skipping OX5lX2yOr0M_88.mp4: [19:26:56] /github/workspace/src/video/video_reader.cc:151: Check failed: st_nb >= 0 (-1128613112 vs. 0) ERROR cannot find video stream with wanted index: -1
[19:26:57]   skipping QN3t9ngsVyM_7.mp4: [19:26:57] /github/workspace/src/video/ffmpeg/threaded_decoder.cc:292: [19:26:57] /github/workspace/src/video/ffmpeg/threaded_decoder.cc:218: Check failed: avcodec_send_packet(dec_ctx_.get(), pkt.get()) >= 0 (-11 vs. 0) Thread worker: Error sending packet.
[19:26:58]   skipping MPhysZLZbls_3.mp4: [19:26:58] /github/workspace/src/video/ffmpeg/threaded_decoder.cc:292: [19:26:58] /github/workspace/src/video/ffmpeg/threaded_decoder.cc:218: Check failed: avcodec_send_packet(dec_ctx_.get(), pkt.get()) >= 0 (-11 vs. 0) Thread worker: Error sending packet.
[19:26:58]   skipping 3U1ZrW-l7Ns_3.mp4: [19:26:58] /github/workspace/src/video/ffmpeg/threaded_decoder.cc:292: [19:26:58] /github/workspace/src/video/ffmpeg/threaded_decoder.cc:218: Check failed: avcodec_send_packet(dec_ctx_.get(), pkt.get()) >= 0 (-11 vs. 0) Thread worker: Error sending packet.
[19:26:58]   skipping v_1UO1GTsg0_60.mp4: [19:26:58] /github/workspace/src/video/video_reader.cc:151: Check failed: st_nb >= 0 (-1128613112 vs. 0) ERROR cannot find video stream with wanted index: -1
[19:26:59]   skipping we18JQrdzNM_5.mp4: [19:26:59] /github/workspace/src/video/ffmpeg/threaded_decoder.cc:292: [19:26:59] /github/workspace/src/video/ffmpeg/threaded_decoder.cc:218: Check failed: avcodec_send_packet(dec_ctx_.get(), pkt.get()) >= 0 (-11 vs. 0) Thread worker: Error sending packet.
[19:26:59]   skipping kXrhcA8wl5E_1.mp4: [19:26:59] /github/workspace/src/video/ffmpeg/threaded_decoder.cc:292: [19:26:59] /github/workspace/src/video/ffmpeg/threaded_decoder.cc:218: Check failed: avcodec_send_packet(dec_ctx_.get(), pkt.get()) >= 0 (-11 vs. 0) Thread worker: Error sending packet.
[19:27:00]   skipping LeKS3lZM9N8_41.mp4: [19:27:00] /github/workspace/src/video/video_reader.cc:151: Check failed: st_nb >= 0 (-1128613112 vs. 0) ERROR cannot find video stream with wanted index: -1
[19:27:01]   skipping yyg6-NUkYCg_7.mp4: [19:27:01] /github/workspace/src/video/ffmpeg/threaded_decoder.cc:292: [19:27:01] /github/workspace/src/video/ffmpeg/threaded_decoder.cc:218: Check failed: avcodec_send_packet(dec_ctx_.get(), pkt.get()) >= 0 (-11 vs. 0) Thread worker: Error sending packet.
[19:27:01]   skipping f8pjSfCh8as_77.mp4: [19:27:01] /github/workspace/src/video/ffmpeg/threaded_decoder.cc:292: [19:27:01] /github/workspace/src/video/ffmpeg/threaded_decoder.cc:218: Check failed: avcodec_send_packet(dec_ctx_.get(), pkt.get()) >= 0 (-11 vs. 0) Thread worker: Error sending packet.
[19:27:01]   skipping MW41EAmaWAE_49.mp4: [19:27:01] /github/workspace/src/video/video_reader.cc:151: Check failed: st_nb >= 0 (-1128613112 vs. 0) ERROR cannot find video stream with wanted index: -1
[19:27:01]   skipping dJNduDhBIYA_16.mp4: [19:27:01] /github/workspace/src/video/video_reader.cc:151: Check failed: st_nb >= 0 (-1128613112 vs. 0) ERROR cannot find video stream with wanted index: -1
[19:27:01]   skipping Za0TBlSOIOw_2.mp4: [19:27:01] /github/workspace/src/video/video_reader.cc:151: Check failed: st_nb >= 0 (-1128613112 vs. 0) ERROR cannot find video stream with wanted index: -1
[19:27:02]   skipping Rj2fVXY7auI_4.mp4: [19:27:02] /github/workspace/src/video/ffmpeg/threaded_decoder.cc:292: [19:27:02] /github/workspace/src/video/ffmpeg/threaded_decoder.cc:218: Check failed: avcodec_send_packet(dec_ctx_.get(), pkt.get()) >= 0 (-11 vs. 0) Thread worker: Error sending packet.
[19:27:02]   skipping s0lCx-poYe0_18.mp4: [19:27:02] /github/workspace/src/video/video_reader.cc:151: Check failed: st_nb >= 0 (-1128613112 vs. 0) ERROR cannot find video stream with wanted index: -1
[19:27:03]   skipping 8pwRyKcqqhk_2.mp4: [19:27:03] /github/workspace/src/video/ffmpeg/threaded_decoder.cc:292: [19:27:03] /github/workspace/src/video/ffmpeg/threaded_decoder.cc:218: Check failed: avcodec_send_packet(dec_ctx_.get(), pkt.get()) >= 0 (-11 vs. 0) Thread worker: Error sending packet.
[19:27:03]   skipping dvQ0sBZ1-nI_3.mp4: [19:27:03] /github/workspace/src/video/ffmpeg/threaded_decoder.cc:292: [19:27:03] /github/workspace/src/video/ffmpeg/threaded_decoder.cc:218: Check failed: avcodec_send_packet(dec_ctx_.get(), pkt.get()) >= 0 (-11 vs. 0) Thread worker: Error sending packet.
[19:27:03]   skipping SuphEZDxSI8_18.mp4: [19:27:03] /github/workspace/src/video/ffmpeg/threaded_decoder.cc:292: [19:27:03] /github/workspace/src/video/ffmpeg/threaded_decoder.cc:218: Check failed: avcodec_send_packet(dec_ctx_.get(), pkt.get()) >= 0 (-11 vs. 0) Thread worker: Error sending packet.
[19:27:03]   skipping ksU6Ii668Qk_2.mp4: [19:27:03] /github/workspace/src/video/video_reader.cc:151: Check failed: st_nb >= 0 (-1128613112 vs. 0) ERROR cannot find video stream with wanted index: -1
[19:27:03]   skipping OAd1Y7UbxTg_1.mp4: [19:27:03] /github/workspace/src/video/ffmpeg/threaded_decoder.cc:292: [19:27:03] /github/workspace/src/video/ffmpeg/threaded_decoder.cc:218: Check failed: avcodec_send_packet(dec_ctx_.get(), pkt.get()) >= 0 (-11 vs. 0) Thread worker: Error sending packet.
[19:27:05]   skipping ZymSrDfLhW8_43.mp4: [19:27:05] /github/workspace/src/video/video_reader.cc:151: Check failed: st_nb >= 0 (-1128613112 vs. 0) ERROR cannot find video stream with wanted index: -1
[19:27:05]   skipping yU8-TOldiyE_62.mp4: [19:27:05] /github/workspace/src/video/video_reader.cc:151: Check failed: st_nb >= 0 (-1128613112 vs. 0) ERROR cannot find video stream with wanted index: -1
[19:27:06]   skipping hZ1mAXpd1cY_71.mp4: [19:27:06] /github/workspace/src/video/video_reader.cc:151: Check failed: st_nb >= 0 (-1128613112 vs. 0) ERROR cannot find video stream with wanted index: -1
[19:27:07]   skipping vAYb7klhj8k_8.mp4: [19:27:07] /github/workspace/src/video/ffmpeg/threaded_decoder.cc:292: [19:27:07] /github/workspace/src/video/ffmpeg/threaded_decoder.cc:218: Check failed: avcodec_send_packet(dec_ctx_.get(), pkt.get()) >= 0 (-11 vs. 0) Thread worker: Error sending packet.
[19:27:07]   skipping Rs4Hg69vhqQ_4.mp4: [19:27:07] /github/workspace/src/video/ffmpeg/threaded_decoder.cc:292: [19:27:07] /github/workspace/src/video/ffmpeg/threaded_decoder.cc:218: Check failed: avcodec_send_packet(dec_ctx_.get(), pkt.get()) >= 0 (-11 vs. 0) Thread worker: Error sending packet.
[19:27:08]   skipping X_cItpBBO6M_5.mp4: [19:27:08] /github/workspace/src/video/ffmpeg/threaded_decoder.cc:292: [19:27:08] /github/workspace/src/video/ffmpeg/threaded_decoder.cc:218: Check failed: avcodec_send_packet(dec_ctx_.get(), pkt.get()) >= 0 (-11 vs. 0) Thread worker: Error sending packet.
[19:27:08]   skipping 8UNYXycC1yM_12.mp4: [19:27:08] /github/workspace/src/video/ffmpeg/threaded_decoder.cc:292: [19:27:08] /github/workspace/src/video/ffmpeg/threaded_decoder.cc:218: Check failed: avcodec_send_packet(dec_ctx_.get(), pkt.get()) >= 0 (-11 vs. 0) Thread worker: Error sending packet.
[19:27:12]   skipping bERjl3VRKQo_5.mp4: [19:27:12] /github/workspace/src/video/ffmpeg/threaded_decoder.cc:292: [19:27:12] /github/workspace/src/video/ffmpeg/threaded_decoder.cc:218: Check failed: avcodec_send_packet(dec_ctx_.get(), pkt.get()) >= 0 (-11 vs. 0) Thread worker: Error sending packet.
[19:27:12]   skipping Vj4f0Jjyy0w_35.mp4: [19:27:12] /github/workspace/src/video/ffmpeg/threaded_decoder.cc:292: [19:27:12] /github/workspace/src/video/ffmpeg/threaded_decoder.cc:218: Check failed: avcodec_send_packet(dec_ctx_.get(), pkt.get()) >= 0 (-11 vs. 0) Thread worker: Error sending packet.
[19:27:13]   skipping daYmVkHtkeU_5.mp4: [19:27:13] /github/workspace/src/video/video_reader.cc:151: Check failed: st_nb >= 0 (-1128613112 vs. 0) ERROR cannot find video stream with wanted index: -1
[19:27:13]   skipping a6Yltl1nVPk_18.mp4: [19:27:13] /github/workspace/src/video/video_reader.cc:151: Check failed: st_nb >= 0 (-1128613112 vs. 0) ERROR cannot find video stream with wanted index: -1
[19:27:14]   skipping Vn6dEcyr_WE_0.mp4: [19:27:14] /github/workspace/src/video/ffmpeg/threaded_decoder.cc:292: [19:27:14] /github/workspace/src/video/ffmpeg/threaded_decoder.cc:218: Check failed: avcodec_send_packet(dec_ctx_.get(), pkt.get()) >= 0 (-11 vs. 0) Thread worker: Error sending packet.
[19:27:15]   skipping 5oEGhFvW8vk_80.mp4: [19:27:15] /github/workspace/src/video/video_reader.cc:151: Check failed: st_nb >= 0 (-1128613112 vs. 0) ERROR cannot find video stream with wanted index: -1
[19:27:16]   skipping zrjiSnV-m40_23.mp4: [19:27:16] /github/workspace/src/video/ffmpeg/threaded_decoder.cc:292: [19:27:16] /github/workspace/src/video/ffmpeg/threaded_decoder.cc:218: Check failed: avcodec_send_packet(dec_ctx_.get(), pkt.get()) >= 0 (-11 vs. 0) Thread worker: Error sending packet.
[19:27:17]   skipping F2QAMwDkHZw_629.mp4: [19:27:17] /github/workspace/src/video/video_reader.cc:151: Check failed: st_nb >= 0 (-1128613112 vs. 0) ERROR cannot find video stream with wanted index: -1
[19:27:17]   skipping LZ4Q2W5XaL0_0.mp4: [19:27:17] /github/workspace/src/video/video_reader.cc:151: Check failed: st_nb >= 0 (-1128613112 vs. 0) ERROR cannot find video stream with wanted index: -1
[19:27:18]   skipping OMGO51u4ou4_4.mp4: [19:27:18] /github/workspace/src/video/video_reader.cc:151: Check failed: st_nb >= 0 (-1128613112 vs. 0) ERROR cannot find video stream with wanted index: -1
[19:27:18]   skipping FuHJQatc-PE_2.mp4: [19:27:18] /github/workspace/src/video/video_reader.cc:151: Check failed: st_nb >= 0 (-1128613112 vs. 0) ERROR cannot find video stream with wanted index: -1
[19:27:19]   skipping KB7doYrBdBk_2.mp4: [19:27:19] /github/workspace/src/video/ffmpeg/threaded_decoder.cc:292: [19:27:19] /github/workspace/src/video/ffmpeg/threaded_decoder.cc:218: Check failed: avcodec_send_packet(dec_ctx_.get(), pkt.get()) >= 0 (-11 vs. 0) Thread worker: Error sending packet.
[19:27:19]   skipping myfoGCgzaTA_11.mp4: [19:27:19] /github/workspace/src/video/ffmpeg/threaded_decoder.cc:292: [19:27:19] /github/workspace/src/video/ffmpeg/threaded_decoder.cc:218: Check failed: avcodec_send_packet(dec_ctx_.get(), pkt.get()) >= 0 (-11 vs. 0) Thread worker: Error sending packet.
[19:27:19]   skipping QCUuBDTV8YY_24.mp4: [19:27:19] /github/workspace/src/video/ffmpeg/threaded_decoder.cc:292: [19:27:19] /github/workspace/src/video/ffmpeg/threaded_decoder.cc:218: Check failed: avcodec_send_packet(dec_ctx_.get(), pkt.get()) >= 0 (-11 vs. 0) Thread worker: Error sending packet.
[19:27:19]   skipping -nahoWMJM1E_3.mp4: [19:27:19] /github/workspace/src/video/ffmpeg/threaded_decoder.cc:292: [19:27:19] /github/workspace/src/video/ffmpeg/threaded_decoder.cc:218: Check failed: avcodec_send_packet(dec_ctx_.get(), pkt.get()) >= 0 (-11 vs. 0) Thread worker: Error sending packet.
[19:27:19]   skipping 8XWPQX9LVoU_22.mp4: [19:27:19] /github/workspace/src/video/ffmpeg/threaded_decoder.cc:292: [19:27:19] /github/workspace/src/video/ffmpeg/threaded_decoder.cc:218: Check failed: avcodec_send_packet(dec_ctx_.get(), pkt.get()) >= 0 (-11 vs. 0) Thread worker: Error sending packet.
[19:27:20]   skipping KozSjyNnAH4_33.mp4: [19:27:20] /github/workspace/src/video/video_reader.cc:151: Check failed: st_nb >= 0 (-1128613112 vs. 0) ERROR cannot find video stream with wanted index: -1
[19:27:20]   skipping ooZRK8q-27Y_2.mp4: [19:27:20] /github/workspace/src/video/video_reader.cc:151: Check failed: st_nb >= 0 (-1128613112 vs. 0) ERROR cannot find video stream with wanted index: -1
[19:27:21]   skipping nZbmaDfYIs8_6.mp4: [19:27:21] /github/workspace/src/video/ffmpeg/threaded_decoder.cc:292: [19:27:21] /github/workspace/src/video/ffmpeg/threaded_decoder.cc:218: Check failed: avcodec_send_packet(dec_ctx_.get(), pkt.get()) >= 0 (-11 vs. 0) Thread worker: Error sending packet.
[19:27:21]   skipping Fil0i6xKNG8_7.mp4: [19:27:21] /github/workspace/src/video/ffmpeg/threaded_decoder.cc:292: [19:27:21] /github/workspace/src/video/ffmpeg/threaded_decoder.cc:218: Check failed: avcodec_send_packet(dec_ctx_.get(), pkt.get()) >= 0 (-11 vs. 0) Thread worker: Error sending packet.
[19:27:24]   skipping nmXmslnHoFU_16.mp4: [19:27:24] /github/workspace/src/video/ffmpeg/threaded_decoder.cc:292: [19:27:24] /github/workspace/src/video/ffmpeg/threaded_decoder.cc:218: Check failed: avcodec_send_packet(dec_ctx_.get(), pkt.get()) >= 0 (-11 vs. 0) Thread worker: Error sending packet.
[19:27:25]   skipping ydRISDRNyCM_0.mp4: [19:27:25] /github/workspace/src/video/ffmpeg/threaded_decoder.cc:292: [19:27:25] /github/workspace/src/video/ffmpeg/threaded_decoder.cc:218: Check failed: avcodec_send_packet(dec_ctx_.get(), pkt.get()) >= 0 (-11 vs. 0) Thread worker: Error sending packet.
[19:27:27]   skipping 3t0tjJACoz0_3.mp4: [19:27:27] /github/workspace/src/video/ffmpeg/threaded_decoder.cc:292: [19:27:27] /github/workspace/src/video/ffmpeg/threaded_decoder.cc:218: Check failed: avcodec_send_packet(dec_ctx_.get(), pkt.get()) >= 0 (-11 vs. 0) Thread worker: Error sending packet.
[19:27:27]   skipping 63HDsjAOmR0_63.mp4: [19:27:27] /github/workspace/src/video/video_reader.cc:151: Check failed: st_nb >= 0 (-1128613112 vs. 0) ERROR cannot find video stream with wanted index: -1
[19:27:29]   skipping zFEpjVaPFJo_0.mp4: [19:27:29] /github/workspace/src/video/ffmpeg/threaded_decoder.cc:292: [19:27:29] /github/workspace/src/video/ffmpeg/threaded_decoder.cc:218: Check failed: avcodec_send_packet(dec_ctx_.get(), pkt.get()) >= 0 (-11 vs. 0) Thread worker: Error sending packet.
[19:27:29]   skipping 6qgCC63H9yI_40.mp4: [19:27:29] /github/workspace/src/video/ffmpeg/threaded_decoder.cc:292: [19:27:29] /github/workspace/src/video/ffmpeg/threaded_decoder.cc:218: Check failed: avcodec_send_packet(dec_ctx_.get(), pkt.get()) >= 0 (-11 vs. 0) Thread worker: Error sending packet.
[19:27:30]   skipping NTKUo1-0cQY_15.mp4: [19:27:30] /github/workspace/src/video/video_reader.cc:151: Check failed: st_nb >= 0 (-1128613112 vs. 0) ERROR cannot find video stream with wanted index: -1
[19:27:30]   skipping -RJ6USD2nEU_3.mp4: [19:27:30] /github/workspace/src/video/video_reader.cc:151: Check failed: st_nb >= 0 (-1128613112 vs. 0) ERROR cannot find video stream with wanted index: -1
[19:27:31]   skipping fazhSHz4WUM_7.mp4: [19:27:31] /github/workspace/src/video/ffmpeg/threaded_decoder.cc:292: [19:27:31] /github/workspace/src/video/ffmpeg/threaded_decoder.cc:218: Check failed: avcodec_send_packet(dec_ctx_.get(), pkt.get()) >= 0 (-11 vs. 0) Thread worker: Error sending packet.
[19:27:33]   skipping rCo5sX6D9M8_1.mp4: [19:27:33] /github/workspace/src/video/ffmpeg/threaded_decoder.cc:292: [19:27:33] /github/workspace/src/video/ffmpeg/threaded_decoder.cc:218: Check failed: avcodec_send_packet(dec_ctx_.get(), pkt.get()) >= 0 (-11 vs. 0) Thread worker: Error sending packet.
[19:27:33]   skipping wpsgfdtNMWk_2.mp4: [19:27:33] /github/workspace/src/video/ffmpeg/threaded_decoder.cc:292: [19:27:33] /github/workspace/src/video/ffmpeg/threaded_decoder.cc:218: Check failed: avcodec_send_packet(dec_ctx_.get(), pkt.get()) >= 0 (-11 vs. 0) Thread worker: Error sending packet.
[19:27:34]   skipping _xxl5o-7-zE_1.mp4: [19:27:34] /github/workspace/src/video/ffmpeg/threaded_decoder.cc:292: [19:27:34] /github/workspace/src/video/ffmpeg/threaded_decoder.cc:218: Check failed: avcodec_send_packet(dec_ctx_.get(), pkt.get()) >= 0 (-11 vs. 0) Thread worker: Error sending packet.
[19:27:34]   skipping 8BhntKzc0TY_8.mp4: [19:27:34] /github/workspace/src/video/ffmpeg/threaded_decoder.cc:292: [19:27:34] /github/workspace/src/video/ffmpeg/threaded_decoder.cc:218: Check failed: avcodec_send_packet(dec_ctx_.get(), pkt.get()) >= 0 (-11 vs. 0) Thread worker: Error sending packet.
[19:27:34]   skipping fmF09VS_oyo_33.mp4: [19:27:34] /github/workspace/src/video/ffmpeg/threaded_decoder.cc:292: [19:27:34] /github/workspace/src/video/ffmpeg/threaded_decoder.cc:218: Check failed: avcodec_send_packet(dec_ctx_.get(), pkt.get()) >= 0 (-11 vs. 0) Thread worker: Error sending packet.
[19:27:34]   skipping dCwLaQ_JVe4_12.mp4: [19:27:34] /github/workspace/src/video/ffmpeg/threaded_decoder.cc:292: [19:27:34] /github/workspace/src/video/ffmpeg/threaded_decoder.cc:218: Check failed: avcodec_send_packet(dec_ctx_.get(), pkt.get()) >= 0 (-11 vs. 0) Thread worker: Error sending packet.
[19:27:34]   skipping u1nq7a-GrFk_4.mp4: [19:27:34] /github/workspace/src/video/video_reader.cc:151: Check failed: st_nb >= 0 (-1128613112 vs. 0) ERROR cannot find video stream with wanted index: -1
[19:27:34]   skipping L32u5GHo9uQ_11.mp4: [19:27:34] /github/workspace/src/video/video_reader.cc:151: Check failed: st_nb >= 0 (-1128613112 vs. 0) ERROR cannot find video stream with wanted index: -1
[19:27:34]   skipping ZsMxGbwfcXE_2.mp4: [19:27:34] /github/workspace/src/video/ffmpeg/threaded_decoder.cc:292: [19:27:34] /github/workspace/src/video/ffmpeg/threaded_decoder.cc:218: Check failed: avcodec_send_packet(dec_ctx_.get(), pkt.get()) >= 0 (-11 vs. 0) Thread worker: Error sending packet.
[19:27:37]   skipping 2kWhDth0Tik_72.mp4: [19:27:37] /github/workspace/src/video/video_reader.cc:151: Check failed: st_nb >= 0 (-1128613112 vs. 0) ERROR cannot find video stream with wanted index: -1
[19:27:37]   skipping ScRrg8a5fpI_6.mp4: [19:27:37] /github/workspace/src/video/ffmpeg/threaded_decoder.cc:292: [19:27:37] /github/workspace/src/video/ffmpeg/threaded_decoder.cc:218: Check failed: avcodec_send_packet(dec_ctx_.get(), pkt.get()) >= 0 (-11 vs. 0) Thread worker: Error sending packet.
[19:27:38]   skipping Rp3tde_n9jk_1.mp4: [19:27:38] /github/workspace/src/video/ffmpeg/threaded_decoder.cc:292: [19:27:38] /github/workspace/src/video/ffmpeg/threaded_decoder.cc:218: Check failed: avcodec_send_packet(dec_ctx_.get(), pkt.get()) >= 0 (-11 vs. 0) Thread worker: Error sending packet.
[19:27:39]   skipping Ngk1FDVd0rs_4.mp4: [19:27:39] /github/workspace/src/video/ffmpeg/threaded_decoder.cc:292: [19:27:39] /github/workspace/src/video/ffmpeg/threaded_decoder.cc:218: Check failed: avcodec_send_packet(dec_ctx_.get(), pkt.get()) >= 0 (-11 vs. 0) Thread worker: Error sending packet.
[19:27:39]   skipping BdCYG-hfGA8_40.mp4: [19:27:39] /github/workspace/src/video/video_reader.cc:151: Check failed: st_nb >= 0 (-1128613112 vs. 0) ERROR cannot find video stream with wanted index: -1
[19:27:39]   skipping Buvii64raoU_1.mp4: [19:27:39] /github/workspace/src/video/ffmpeg/threaded_decoder.cc:292: [19:27:39] /github/workspace/src/video/ffmpeg/threaded_decoder.cc:218: Check failed: avcodec_send_packet(dec_ctx_.get(), pkt.get()) >= 0 (-11 vs. 0) Thread worker: Error sending packet.
[19:27:40]   skipping joXOyrADBRE_8.mp4: [19:27:40] /github/workspace/src/video/ffmpeg/threaded_decoder.cc:292: [19:27:40] /github/workspace/src/video/ffmpeg/threaded_decoder.cc:218: Check failed: avcodec_send_packet(dec_ctx_.get(), pkt.get()) >= 0 (-11 vs. 0) Thread worker: Error sending packet.
[19:27:41]   skipping C22EGX5gwfI_4.mp4: [19:27:41] /github/workspace/src/video/ffmpeg/threaded_decoder.cc:292: [19:27:41] /github/workspace/src/video/ffmpeg/threaded_decoder.cc:218: Check failed: avcodec_send_packet(dec_ctx_.get(), pkt.get()) >= 0 (-11 vs. 0) Thread worker: Error sending packet.
[19:27:43]   skipping G29HvOWVln0_142.mp4: [19:27:43] /github/workspace/src/video/video_reader.cc:151: Check failed: st_nb >= 0 (-1128613112 vs. 0) ERROR cannot find video stream with wanted index: -1
[19:27:43]   skipping 85PQknw_hls_1.mp4: [19:27:43] /github/workspace/src/video/ffmpeg/threaded_decoder.cc:292: [19:27:43] /github/workspace/src/video/ffmpeg/threaded_decoder.cc:218: Check failed: avcodec_send_packet(dec_ctx_.get(), pkt.get()) >= 0 (-11 vs. 0) Thread worker: Error sending packet.
[19:27:43]   skipping ftsQYS1fkOs_71.mp4: [19:27:43] /github/workspace/src/video/video_reader.cc:151: Check failed: st_nb >= 0 (-1128613112 vs. 0) ERROR cannot find video stream with wanted index: -1
[19:27:44]   skipping LMgYK0TgajU_26.mp4: [19:27:44] /github/workspace/src/video/video_reader.cc:151: Check failed: st_nb >= 0 (-1128613112 vs. 0) ERROR cannot find video stream with wanted index: -1
[19:27:44]   skipping danm2Kgxozo_10.mp4: [19:27:44] /github/workspace/src/video/video_reader.cc:151: Check failed: st_nb >= 0 (-1128613112 vs. 0) ERROR cannot find video stream with wanted index: -1
[19:27:44]   skipping dsMQoZcCfns_16.mp4: [19:27:44] /github/workspace/src/video/ffmpeg/threaded_decoder.cc:292: [19:27:44] /github/workspace/src/video/ffmpeg/threaded_decoder.cc:218: Check failed: avcodec_send_packet(dec_ctx_.get(), pkt.get()) >= 0 (-11 vs. 0) Thread worker: Error sending packet.
[19:27:44]   skipping LjnRBI0HyFQ_6.mp4: [19:27:44] /github/workspace/src/video/ffmpeg/threaded_decoder.cc:292: [19:27:44] /github/workspace/src/video/ffmpeg/threaded_decoder.cc:218: Check failed: avcodec_send_packet(dec_ctx_.get(), pkt.get()) >= 0 (-11 vs. 0) Thread worker: Error sending packet.
[19:27:45]   step 600: val_loss_ce=1.2871 val_loss_latent=0.2331 val_loss_total=1.3104 (n=200, 55.0s)
[19:27:45] ======================================================================
[19:27:45] Checkpoint step 800: /scratch/users/anirban/tamaghnam/latentvans/checkpoints/stage0_run1/step_800
[19:27:45] ======================================================================
[19:27:47] added 3 latent-reasoning special tokens; vocab size now 151668
[19:27:49] resumed LoRA adapter (+ embed_tokens/lm_head) from /scratch/users/anirban/tamaghnam/latentvans/checkpoints/stage0_run1/step_800
trainable params: 624,918,528 || all params: 4,378,992,640 || trainable%: 14.2708
[19:27:49] vision-tower target embedding dim confirmed: 2048 (matches QWEN_HIDDEN_SIZE)
[19:27:49] validation stream: 1447 row(s) usable
[19:27:51]   skipping c1pQ19a8pMM_5.mp4: [19:27:51] /github/workspace/src/video/video_reader.cc:151: Check failed: st_nb >= 0 (-1128613112 vs. 0) ERROR cannot find video stream with wanted index: -1
[19:27:52]   skipping 6m7CwarmCo4_5.mp4: [19:27:52] /github/workspace/src/video/ffmpeg/threaded_decoder.cc:292: [19:27:52] /github/workspace/src/video/ffmpeg/threaded_decoder.cc:218: Check failed: avcodec_send_packet(dec_ctx_.get(), pkt.get()) >= 0 (-11 vs. 0) Thread worker: Error sending packet.
[19:27:52]   skipping mWY35fsCUgo_6.mp4: [19:27:52] /github/workspace/src/video/ffmpeg/threaded_decoder.cc:292: [19:27:52] /github/workspace/src/video/ffmpeg/threaded_decoder.cc:218: Check failed: avcodec_send_packet(dec_ctx_.get(), pkt.get()) >= 0 (-11 vs. 0) Thread worker: Error sending packet.
[19:27:53]   skipping DA6YnIZRTX8_7.mp4: [19:27:53] /github/workspace/src/video/ffmpeg/threaded_decoder.cc:292: [19:27:53] /github/workspace/src/video/ffmpeg/threaded_decoder.cc:218: Check failed: avcodec_send_packet(dec_ctx_.get(), pkt.get()) >= 0 (-11 vs. 0) Thread worker: Error sending packet.
[19:27:55]   skipping IF6iBVGKREo_91.mp4: [19:27:55] /github/workspace/src/video/video_reader.cc:151: Check failed: st_nb >= 0 (-1128613112 vs. 0) ERROR cannot find video stream with wanted index: -1
[19:27:55]   skipping Jo4XXm8OUP4_12.mp4: [19:27:55] /github/workspace/src/video/video_reader.cc:151: Check failed: st_nb >= 0 (-1128613112 vs. 0) ERROR cannot find video stream with wanted index: -1
[19:27:55]   skipping nZBk1GObVuk_0.mp4: [19:27:55] /github/workspace/src/video/ffmpeg/threaded_decoder.cc:292: [19:27:55] /github/workspace/src/video/ffmpeg/threaded_decoder.cc:218: Check failed: avcodec_send_packet(dec_ctx_.get(), pkt.get()) >= 0 (-11 vs. 0) Thread worker: Error sending packet.
[19:27:56]   skipping OX5lX2yOr0M_88.mp4: [19:27:56] /github/workspace/src/video/video_reader.cc:151: Check failed: st_nb >= 0 (-1128613112 vs. 0) ERROR cannot find video stream with wanted index: -1
[19:27:56]   skipping QN3t9ngsVyM_7.mp4: [19:27:56] /github/workspace/src/video/ffmpeg/threaded_decoder.cc:292: [19:27:56] /github/workspace/src/video/ffmpeg/threaded_decoder.cc:218: Check failed: avcodec_send_packet(dec_ctx_.get(), pkt.get()) >= 0 (-11 vs. 0) Thread worker: Error sending packet.
[19:27:57]   skipping MPhysZLZbls_3.mp4: [19:27:57] /github/workspace/src/video/ffmpeg/threaded_decoder.cc:292: [19:27:57] /github/workspace/src/video/ffmpeg/threaded_decoder.cc:218: Check failed: avcodec_send_packet(dec_ctx_.get(), pkt.get()) >= 0 (-11 vs. 0) Thread worker: Error sending packet.
[19:27:58]   skipping 3U1ZrW-l7Ns_3.mp4: [19:27:58] /github/workspace/src/video/ffmpeg/threaded_decoder.cc:292: [19:27:58] /github/workspace/src/video/ffmpeg/threaded_decoder.cc:218: Check failed: avcodec_send_packet(dec_ctx_.get(), pkt.get()) >= 0 (-11 vs. 0) Thread worker: Error sending packet.
[19:27:58]   skipping v_1UO1GTsg0_60.mp4: [19:27:58] /github/workspace/src/video/video_reader.cc:151: Check failed: st_nb >= 0 (-1128613112 vs. 0) ERROR cannot find video stream with wanted index: -1
[19:27:58]   skipping we18JQrdzNM_5.mp4: [19:27:58] /github/workspace/src/video/ffmpeg/threaded_decoder.cc:292: [19:27:58] /github/workspace/src/video/ffmpeg/threaded_decoder.cc:218: Check failed: avcodec_send_packet(dec_ctx_.get(), pkt.get()) >= 0 (-11 vs. 0) Thread worker: Error sending packet.
[19:27:58]   skipping kXrhcA8wl5E_1.mp4: [19:27:58] /github/workspace/src/video/ffmpeg/threaded_decoder.cc:292: [19:27:58] /github/workspace/src/video/ffmpeg/threaded_decoder.cc:218: Check failed: avcodec_send_packet(dec_ctx_.get(), pkt.get()) >= 0 (-11 vs. 0) Thread worker: Error sending packet.
[19:27:59]   skipping LeKS3lZM9N8_41.mp4: [19:27:59] /github/workspace/src/video/video_reader.cc:151: Check failed: st_nb >= 0 (-1128613112 vs. 0) ERROR cannot find video stream with wanted index: -1
[19:28:00]   skipping yyg6-NUkYCg_7.mp4: [19:28:00] /github/workspace/src/video/ffmpeg/threaded_decoder.cc:292: [19:28:00] /github/workspace/src/video/ffmpeg/threaded_decoder.cc:218: Check failed: avcodec_send_packet(dec_ctx_.get(), pkt.get()) >= 0 (-11 vs. 0) Thread worker: Error sending packet.
[19:28:00]   skipping f8pjSfCh8as_77.mp4: [19:28:00] /github/workspace/src/video/ffmpeg/threaded_decoder.cc:292: [19:28:00] /github/workspace/src/video/ffmpeg/threaded_decoder.cc:218: Check failed: avcodec_send_packet(dec_ctx_.get(), pkt.get()) >= 0 (-11 vs. 0) Thread worker: Error sending packet.
[19:28:00]   skipping MW41EAmaWAE_49.mp4: [19:28:00] /github/workspace/src/video/video_reader.cc:151: Check failed: st_nb >= 0 (-1128613112 vs. 0) ERROR cannot find video stream with wanted index: -1
[19:28:00]   skipping dJNduDhBIYA_16.mp4: [19:28:00] /github/workspace/src/video/video_reader.cc:151: Check failed: st_nb >= 0 (-1128613112 vs. 0) ERROR cannot find video stream with wanted index: -1
[19:28:00]   skipping Za0TBlSOIOw_2.mp4: [19:28:00] /github/workspace/src/video/video_reader.cc:151: Check failed: st_nb >= 0 (-1128613112 vs. 0) ERROR cannot find video stream with wanted index: -1
[19:28:01]   skipping Rj2fVXY7auI_4.mp4: [19:28:01] /github/workspace/src/video/ffmpeg/threaded_decoder.cc:292: [19:28:01] /github/workspace/src/video/ffmpeg/threaded_decoder.cc:218: Check failed: avcodec_send_packet(dec_ctx_.get(), pkt.get()) >= 0 (-11 vs. 0) Thread worker: Error sending packet.
[19:28:01]   skipping s0lCx-poYe0_18.mp4: [19:28:01] /github/workspace/src/video/video_reader.cc:151: Check failed: st_nb >= 0 (-1128613112 vs. 0) ERROR cannot find video stream with wanted index: -1
[19:28:02]   skipping 8pwRyKcqqhk_2.mp4: [19:28:02] /github/workspace/src/video/ffmpeg/threaded_decoder.cc:292: [19:28:02] /github/workspace/src/video/ffmpeg/threaded_decoder.cc:218: Check failed: avcodec_send_packet(dec_ctx_.get(), pkt.get()) >= 0 (-11 vs. 0) Thread worker: Error sending packet.
[19:28:02]   skipping dvQ0sBZ1-nI_3.mp4: [19:28:02] /github/workspace/src/video/ffmpeg/threaded_decoder.cc:292: [19:28:02] /github/workspace/src/video/ffmpeg/threaded_decoder.cc:218: Check failed: avcodec_send_packet(dec_ctx_.get(), pkt.get()) >= 0 (-11 vs. 0) Thread worker: Error sending packet.
[19:28:02]   skipping SuphEZDxSI8_18.mp4: [19:28:02] /github/workspace/src/video/ffmpeg/threaded_decoder.cc:292: [19:28:02] /github/workspace/src/video/ffmpeg/threaded_decoder.cc:218: Check failed: avcodec_send_packet(dec_ctx_.get(), pkt.get()) >= 0 (-11 vs. 0) Thread worker: Error sending packet.
[19:28:02]   skipping ksU6Ii668Qk_2.mp4: [19:28:02] /github/workspace/src/video/video_reader.cc:151: Check failed: st_nb >= 0 (-1128613112 vs. 0) ERROR cannot find video stream with wanted index: -1
[19:28:02]   skipping OAd1Y7UbxTg_1.mp4: [19:28:02] /github/workspace/src/video/ffmpeg/threaded_decoder.cc:292: [19:28:02] /github/workspace/src/video/ffmpeg/threaded_decoder.cc:218: Check failed: avcodec_send_packet(dec_ctx_.get(), pkt.get()) >= 0 (-11 vs. 0) Thread worker: Error sending packet.
[19:28:05]   skipping ZymSrDfLhW8_43.mp4: [19:28:05] /github/workspace/src/video/video_reader.cc:151: Check failed: st_nb >= 0 (-1128613112 vs. 0) ERROR cannot find video stream with wanted index: -1
[19:28:05]   skipping yU8-TOldiyE_62.mp4: [19:28:05] /github/workspace/src/video/video_reader.cc:151: Check failed: st_nb >= 0 (-1128613112 vs. 0) ERROR cannot find video stream with wanted index: -1
[19:28:05]   skipping hZ1mAXpd1cY_71.mp4: [19:28:05] /github/workspace/src/video/video_reader.cc:151: Check failed: st_nb >= 0 (-1128613112 vs. 0) ERROR cannot find video stream with wanted index: -1
[19:28:06]   skipping vAYb7klhj8k_8.mp4: [19:28:06] /github/workspace/src/video/ffmpeg/threaded_decoder.cc:292: [19:28:06] /github/workspace/src/video/ffmpeg/threaded_decoder.cc:218: Check failed: avcodec_send_packet(dec_ctx_.get(), pkt.get()) >= 0 (-11 vs. 0) Thread worker: Error sending packet.
[19:28:06]   skipping Rs4Hg69vhqQ_4.mp4: [19:28:06] /github/workspace/src/video/ffmpeg/threaded_decoder.cc:292: [19:28:06] /github/workspace/src/video/ffmpeg/threaded_decoder.cc:218: Check failed: avcodec_send_packet(dec_ctx_.get(), pkt.get()) >= 0 (-11 vs. 0) Thread worker: Error sending packet.
[19:28:07]   skipping X_cItpBBO6M_5.mp4: [19:28:07] /github/workspace/src/video/ffmpeg/threaded_decoder.cc:292: [19:28:07] /github/workspace/src/video/ffmpeg/threaded_decoder.cc:218: Check failed: avcodec_send_packet(dec_ctx_.get(), pkt.get()) >= 0 (-11 vs. 0) Thread worker: Error sending packet.
[19:28:07]   skipping 8UNYXycC1yM_12.mp4: [19:28:07] /github/workspace/src/video/ffmpeg/threaded_decoder.cc:292: [19:28:07] /github/workspace/src/video/ffmpeg/threaded_decoder.cc:218: Check failed: avcodec_send_packet(dec_ctx_.get(), pkt.get()) >= 0 (-11 vs. 0) Thread worker: Error sending packet.
[19:28:11]   skipping bERjl3VRKQo_5.mp4: [19:28:11] /github/workspace/src/video/ffmpeg/threaded_decoder.cc:292: [19:28:11] /github/workspace/src/video/ffmpeg/threaded_decoder.cc:218: Check failed: avcodec_send_packet(dec_ctx_.get(), pkt.get()) >= 0 (-11 vs. 0) Thread worker: Error sending packet.
[19:28:11]   skipping Vj4f0Jjyy0w_35.mp4: [19:28:11] /github/workspace/src/video/ffmpeg/threaded_decoder.cc:292: [19:28:11] /github/workspace/src/video/ffmpeg/threaded_decoder.cc:218: Check failed: avcodec_send_packet(dec_ctx_.get(), pkt.get()) >= 0 (-11 vs. 0) Thread worker: Error sending packet.
[19:28:12]   skipping daYmVkHtkeU_5.mp4: [19:28:12] /github/workspace/src/video/video_reader.cc:151: Check failed: st_nb >= 0 (-1128613112 vs. 0) ERROR cannot find video stream with wanted index: -1
[19:28:12]   skipping a6Yltl1nVPk_18.mp4: [19:28:12] /github/workspace/src/video/video_reader.cc:151: Check failed: st_nb >= 0 (-1128613112 vs. 0) ERROR cannot find video stream with wanted index: -1
[19:28:14]   skipping Vn6dEcyr_WE_0.mp4: [19:28:14] /github/workspace/src/video/ffmpeg/threaded_decoder.cc:292: [19:28:14] /github/workspace/src/video/ffmpeg/threaded_decoder.cc:218: Check failed: avcodec_send_packet(dec_ctx_.get(), pkt.get()) >= 0 (-11 vs. 0) Thread worker: Error sending packet.
[19:28:14]   skipping 5oEGhFvW8vk_80.mp4: [19:28:14] /github/workspace/src/video/video_reader.cc:151: Check failed: st_nb >= 0 (-1128613112 vs. 0) ERROR cannot find video stream with wanted index: -1
[19:28:16]   skipping zrjiSnV-m40_23.mp4: [19:28:16] /github/workspace/src/video/ffmpeg/threaded_decoder.cc:292: [19:28:16] /github/workspace/src/video/ffmpeg/threaded_decoder.cc:218: Check failed: avcodec_send_packet(dec_ctx_.get(), pkt.get()) >= 0 (-11 vs. 0) Thread worker: Error sending packet.
[19:28:16]   skipping F2QAMwDkHZw_629.mp4: [19:28:16] /github/workspace/src/video/video_reader.cc:151: Check failed: st_nb >= 0 (-1128613112 vs. 0) ERROR cannot find video stream with wanted index: -1
[19:28:16]   skipping LZ4Q2W5XaL0_0.mp4: [19:28:16] /github/workspace/src/video/video_reader.cc:151: Check failed: st_nb >= 0 (-1128613112 vs. 0) ERROR cannot find video stream with wanted index: -1
[19:28:17]   skipping OMGO51u4ou4_4.mp4: [19:28:17] /github/workspace/src/video/video_reader.cc:151: Check failed: st_nb >= 0 (-1128613112 vs. 0) ERROR cannot find video stream with wanted index: -1
[19:28:17]   skipping FuHJQatc-PE_2.mp4: [19:28:17] /github/workspace/src/video/video_reader.cc:151: Check failed: st_nb >= 0 (-1128613112 vs. 0) ERROR cannot find video stream with wanted index: -1
[19:28:18]   skipping KB7doYrBdBk_2.mp4: [19:28:18] /github/workspace/src/video/ffmpeg/threaded_decoder.cc:292: [19:28:18] /github/workspace/src/video/ffmpeg/threaded_decoder.cc:218: Check failed: avcodec_send_packet(dec_ctx_.get(), pkt.get()) >= 0 (-11 vs. 0) Thread worker: Error sending packet.
[19:28:18]   skipping myfoGCgzaTA_11.mp4: [19:28:18] /github/workspace/src/video/ffmpeg/threaded_decoder.cc:292: [19:28:18] /github/workspace/src/video/ffmpeg/threaded_decoder.cc:218: Check failed: avcodec_send_packet(dec_ctx_.get(), pkt.get()) >= 0 (-11 vs. 0) Thread worker: Error sending packet.
[19:28:18]   skipping QCUuBDTV8YY_24.mp4: [19:28:18] /github/workspace/src/video/ffmpeg/threaded_decoder.cc:292: [19:28:18] /github/workspace/src/video/ffmpeg/threaded_decoder.cc:218: Check failed: avcodec_send_packet(dec_ctx_.get(), pkt.get()) >= 0 (-11 vs. 0) Thread worker: Error sending packet.
[19:28:19]   skipping -nahoWMJM1E_3.mp4: [19:28:19] /github/workspace/src/video/ffmpeg/threaded_decoder.cc:292: [19:28:19] /github/workspace/src/video/ffmpeg/threaded_decoder.cc:218: Check failed: avcodec_send_packet(dec_ctx_.get(), pkt.get()) >= 0 (-11 vs. 0) Thread worker: Error sending packet.
[19:28:19]   skipping 8XWPQX9LVoU_22.mp4: [19:28:19] /github/workspace/src/video/ffmpeg/threaded_decoder.cc:292: [19:28:19] /github/workspace/src/video/ffmpeg/threaded_decoder.cc:218: Check failed: avcodec_send_packet(dec_ctx_.get(), pkt.get()) >= 0 (-11 vs. 0) Thread worker: Error sending packet.
[19:28:19]   skipping KozSjyNnAH4_33.mp4: [19:28:19] /github/workspace/src/video/video_reader.cc:151: Check failed: st_nb >= 0 (-1128613112 vs. 0) ERROR cannot find video stream with wanted index: -1
[19:28:19]   skipping ooZRK8q-27Y_2.mp4: [19:28:19] /github/workspace/src/video/video_reader.cc:151: Check failed: st_nb >= 0 (-1128613112 vs. 0) ERROR cannot find video stream with wanted index: -1
[19:28:20]   skipping nZbmaDfYIs8_6.mp4: [19:28:20] /github/workspace/src/video/ffmpeg/threaded_decoder.cc:292: [19:28:20] /github/workspace/src/video/ffmpeg/threaded_decoder.cc:218: Check failed: avcodec_send_packet(dec_ctx_.get(), pkt.get()) >= 0 (-11 vs. 0) Thread worker: Error sending packet.
[19:28:20]   skipping Fil0i6xKNG8_7.mp4: [19:28:20] /github/workspace/src/video/ffmpeg/threaded_decoder.cc:292: [19:28:20] /github/workspace/src/video/ffmpeg/threaded_decoder.cc:218: Check failed: avcodec_send_packet(dec_ctx_.get(), pkt.get()) >= 0 (-11 vs. 0) Thread worker: Error sending packet.
[19:28:23]   skipping nmXmslnHoFU_16.mp4: [19:28:23] /github/workspace/src/video/ffmpeg/threaded_decoder.cc:292: [19:28:23] /github/workspace/src/video/ffmpeg/threaded_decoder.cc:218: Check failed: avcodec_send_packet(dec_ctx_.get(), pkt.get()) >= 0 (-11 vs. 0) Thread worker: Error sending packet.
[19:28:25]   skipping ydRISDRNyCM_0.mp4: [19:28:25] /github/workspace/src/video/ffmpeg/threaded_decoder.cc:292: [19:28:25] /github/workspace/src/video/ffmpeg/threaded_decoder.cc:218: Check failed: avcodec_send_packet(dec_ctx_.get(), pkt.get()) >= 0 (-11 vs. 0) Thread worker: Error sending packet.
[19:28:26]   skipping 3t0tjJACoz0_3.mp4: [19:28:26] /github/workspace/src/video/ffmpeg/threaded_decoder.cc:292: [19:28:26] /github/workspace/src/video/ffmpeg/threaded_decoder.cc:218: Check failed: avcodec_send_packet(dec_ctx_.get(), pkt.get()) >= 0 (-11 vs. 0) Thread worker: Error sending packet.
[19:28:27]   skipping 63HDsjAOmR0_63.mp4: [19:28:27] /github/workspace/src/video/video_reader.cc:151: Check failed: st_nb >= 0 (-1128613112 vs. 0) ERROR cannot find video stream with wanted index: -1
[19:28:28]   skipping zFEpjVaPFJo_0.mp4: [19:28:28] /github/workspace/src/video/ffmpeg/threaded_decoder.cc:292: [19:28:28] /github/workspace/src/video/ffmpeg/threaded_decoder.cc:218: Check failed: avcodec_send_packet(dec_ctx_.get(), pkt.get()) >= 0 (-11 vs. 0) Thread worker: Error sending packet.
[19:28:28]   skipping 6qgCC63H9yI_40.mp4: [19:28:28] /github/workspace/src/video/ffmpeg/threaded_decoder.cc:292: [19:28:28] /github/workspace/src/video/ffmpeg/threaded_decoder.cc:218: Check failed: avcodec_send_packet(dec_ctx_.get(), pkt.get()) >= 0 (-11 vs. 0) Thread worker: Error sending packet.
[19:28:29]   skipping NTKUo1-0cQY_15.mp4: [19:28:29] /github/workspace/src/video/video_reader.cc:151: Check failed: st_nb >= 0 (-1128613112 vs. 0) ERROR cannot find video stream with wanted index: -1
[19:28:29]   skipping -RJ6USD2nEU_3.mp4: [19:28:29] /github/workspace/src/video/video_reader.cc:151: Check failed: st_nb >= 0 (-1128613112 vs. 0) ERROR cannot find video stream with wanted index: -1
[19:28:31]   skipping fazhSHz4WUM_7.mp4: [19:28:31] /github/workspace/src/video/ffmpeg/threaded_decoder.cc:292: [19:28:31] /github/workspace/src/video/ffmpeg/threaded_decoder.cc:218: Check failed: avcodec_send_packet(dec_ctx_.get(), pkt.get()) >= 0 (-11 vs. 0) Thread worker: Error sending packet.
[19:28:32]   skipping rCo5sX6D9M8_1.mp4: [19:28:32] /github/workspace/src/video/ffmpeg/threaded_decoder.cc:292: [19:28:32] /github/workspace/src/video/ffmpeg/threaded_decoder.cc:218: Check failed: avcodec_send_packet(dec_ctx_.get(), pkt.get()) >= 0 (-11 vs. 0) Thread worker: Error sending packet.
[19:28:32]   skipping wpsgfdtNMWk_2.mp4: [19:28:32] /github/workspace/src/video/ffmpeg/threaded_decoder.cc:292: [19:28:32] /github/workspace/src/video/ffmpeg/threaded_decoder.cc:218: Check failed: avcodec_send_packet(dec_ctx_.get(), pkt.get()) >= 0 (-11 vs. 0) Thread worker: Error sending packet.
[19:28:33]   skipping _xxl5o-7-zE_1.mp4: [19:28:33] /github/workspace/src/video/ffmpeg/threaded_decoder.cc:292: [19:28:33] /github/workspace/src/video/ffmpeg/threaded_decoder.cc:218: Check failed: avcodec_send_packet(dec_ctx_.get(), pkt.get()) >= 0 (-11 vs. 0) Thread worker: Error sending packet.
[19:28:33]   skipping 8BhntKzc0TY_8.mp4: [19:28:33] /github/workspace/src/video/ffmpeg/threaded_decoder.cc:292: [19:28:33] /github/workspace/src/video/ffmpeg/threaded_decoder.cc:218: Check failed: avcodec_send_packet(dec_ctx_.get(), pkt.get()) >= 0 (-11 vs. 0) Thread worker: Error sending packet.
[19:28:33]   skipping fmF09VS_oyo_33.mp4: [19:28:33] /github/workspace/src/video/ffmpeg/threaded_decoder.cc:292: [19:28:33] /github/workspace/src/video/ffmpeg/threaded_decoder.cc:218: Check failed: avcodec_send_packet(dec_ctx_.get(), pkt.get()) >= 0 (-11 vs. 0) Thread worker: Error sending packet.
[19:28:33]   skipping dCwLaQ_JVe4_12.mp4: [19:28:33] /github/workspace/src/video/ffmpeg/threaded_decoder.cc:292: [19:28:33] /github/workspace/src/video/ffmpeg/threaded_decoder.cc:218: Check failed: avcodec_send_packet(dec_ctx_.get(), pkt.get()) >= 0 (-11 vs. 0) Thread worker: Error sending packet.
[19:28:33]   skipping u1nq7a-GrFk_4.mp4: [19:28:33] /github/workspace/src/video/video_reader.cc:151: Check failed: st_nb >= 0 (-1128613112 vs. 0) ERROR cannot find video stream with wanted index: -1
[19:28:33]   skipping L32u5GHo9uQ_11.mp4: [19:28:33] /github/workspace/src/video/video_reader.cc:151: Check failed: st_nb >= 0 (-1128613112 vs. 0) ERROR cannot find video stream with wanted index: -1
[19:28:33]   skipping ZsMxGbwfcXE_2.mp4: [19:28:33] /github/workspace/src/video/ffmpeg/threaded_decoder.cc:292: [19:28:33] /github/workspace/src/video/ffmpeg/threaded_decoder.cc:218: Check failed: avcodec_send_packet(dec_ctx_.get(), pkt.get()) >= 0 (-11 vs. 0) Thread worker: Error sending packet.
[19:28:36]   skipping 2kWhDth0Tik_72.mp4: [19:28:36] /github/workspace/src/video/video_reader.cc:151: Check failed: st_nb >= 0 (-1128613112 vs. 0) ERROR cannot find video stream with wanted index: -1
[19:28:36]   skipping ScRrg8a5fpI_6.mp4: [19:28:36] /github/workspace/src/video/ffmpeg/threaded_decoder.cc:292: [19:28:36] /github/workspace/src/video/ffmpeg/threaded_decoder.cc:218: Check failed: avcodec_send_packet(dec_ctx_.get(), pkt.get()) >= 0 (-11 vs. 0) Thread worker: Error sending packet.
[19:28:37]   skipping Rp3tde_n9jk_1.mp4: [19:28:37] /github/workspace/src/video/ffmpeg/threaded_decoder.cc:292: [19:28:37] /github/workspace/src/video/ffmpeg/threaded_decoder.cc:218: Check failed: avcodec_send_packet(dec_ctx_.get(), pkt.get()) >= 0 (-11 vs. 0) Thread worker: Error sending packet.
[19:28:38]   skipping Ngk1FDVd0rs_4.mp4: [19:28:38] /github/workspace/src/video/ffmpeg/threaded_decoder.cc:292: [19:28:38] /github/workspace/src/video/ffmpeg/threaded_decoder.cc:218: Check failed: avcodec_send_packet(dec_ctx_.get(), pkt.get()) >= 0 (-11 vs. 0) Thread worker: Error sending packet.
[19:28:38]   skipping BdCYG-hfGA8_40.mp4: [19:28:38] /github/workspace/src/video/video_reader.cc:151: Check failed: st_nb >= 0 (-1128613112 vs. 0) ERROR cannot find video stream with wanted index: -1
[19:28:38]   skipping Buvii64raoU_1.mp4: [19:28:38] /github/workspace/src/video/ffmpeg/threaded_decoder.cc:292: [19:28:38] /github/workspace/src/video/ffmpeg/threaded_decoder.cc:218: Check failed: avcodec_send_packet(dec_ctx_.get(), pkt.get()) >= 0 (-11 vs. 0) Thread worker: Error sending packet.
[19:28:39]   skipping joXOyrADBRE_8.mp4: [19:28:39] /github/workspace/src/video/ffmpeg/threaded_decoder.cc:292: [19:28:39] /github/workspace/src/video/ffmpeg/threaded_decoder.cc:218: Check failed: avcodec_send_packet(dec_ctx_.get(), pkt.get()) >= 0 (-11 vs. 0) Thread worker: Error sending packet.
[19:28:40]   skipping C22EGX5gwfI_4.mp4: [19:28:40] /github/workspace/src/video/ffmpeg/threaded_decoder.cc:292: [19:28:40] /github/workspace/src/video/ffmpeg/threaded_decoder.cc:218: Check failed: avcodec_send_packet(dec_ctx_.get(), pkt.get()) >= 0 (-11 vs. 0) Thread worker: Error sending packet.
[19:28:42]   skipping G29HvOWVln0_142.mp4: [19:28:42] /github/workspace/src/video/video_reader.cc:151: Check failed: st_nb >= 0 (-1128613112 vs. 0) ERROR cannot find video stream with wanted index: -1
[19:28:42]   skipping 85PQknw_hls_1.mp4: [19:28:42] /github/workspace/src/video/ffmpeg/threaded_decoder.cc:292: [19:28:42] /github/workspace/src/video/ffmpeg/threaded_decoder.cc:218: Check failed: avcodec_send_packet(dec_ctx_.get(), pkt.get()) >= 0 (-11 vs. 0) Thread worker: Error sending packet.
[19:28:42]   skipping ftsQYS1fkOs_71.mp4: [19:28:42] /github/workspace/src/video/video_reader.cc:151: Check failed: st_nb >= 0 (-1128613112 vs. 0) ERROR cannot find video stream with wanted index: -1
[19:28:43]   skipping LMgYK0TgajU_26.mp4: [19:28:43] /github/workspace/src/video/video_reader.cc:151: Check failed: st_nb >= 0 (-1128613112 vs. 0) ERROR cannot find video stream with wanted index: -1
[19:28:43]   skipping danm2Kgxozo_10.mp4: [19:28:43] /github/workspace/src/video/video_reader.cc:151: Check failed: st_nb >= 0 (-1128613112 vs. 0) ERROR cannot find video stream with wanted index: -1
[19:28:43]   skipping dsMQoZcCfns_16.mp4: [19:28:43] /github/workspace/src/video/ffmpeg/threaded_decoder.cc:292: [19:28:43] /github/workspace/src/video/ffmpeg/threaded_decoder.cc:218: Check failed: avcodec_send_packet(dec_ctx_.get(), pkt.get()) >= 0 (-11 vs. 0) Thread worker: Error sending packet.
[19:28:43]   skipping LjnRBI0HyFQ_6.mp4: [19:28:43] /github/workspace/src/video/ffmpeg/threaded_decoder.cc:292: [19:28:43] /github/workspace/src/video/ffmpeg/threaded_decoder.cc:218: Check failed: avcodec_send_packet(dec_ctx_.get(), pkt.get()) >= 0 (-11 vs. 0) Thread worker: Error sending packet.
[19:28:44]   step 800: val_loss_ce=1.3903 val_loss_latent=0.2254 val_loss_total=1.4129 (n=200, 55.0s)
[19:28:44] ======================================================================
[19:28:44] Checkpoint step 1000: /scratch/users/anirban/tamaghnam/latentvans/checkpoints/stage0_run1/step_1000
[19:28:44] ======================================================================
[19:28:46] added 3 latent-reasoning special tokens; vocab size now 151668
[19:28:48] resumed LoRA adapter (+ embed_tokens/lm_head) from /scratch/users/anirban/tamaghnam/latentvans/checkpoints/stage0_run1/step_1000
trainable params: 624,918,528 || all params: 4,378,992,640 || trainable%: 14.2708
[19:28:48] vision-tower target embedding dim confirmed: 2048 (matches QWEN_HIDDEN_SIZE)
[19:28:48] validation stream: 1447 row(s) usable
[19:28:49]   skipping c1pQ19a8pMM_5.mp4: [19:28:49] /github/workspace/src/video/video_reader.cc:151: Check failed: st_nb >= 0 (-1128613112 vs. 0) ERROR cannot find video stream with wanted index: -1
[19:28:51]   skipping 6m7CwarmCo4_5.mp4: [19:28:51] /github/workspace/src/video/ffmpeg/threaded_decoder.cc:292: [19:28:51] /github/workspace/src/video/ffmpeg/threaded_decoder.cc:218: Check failed: avcodec_send_packet(dec_ctx_.get(), pkt.get()) >= 0 (-11 vs. 0) Thread worker: Error sending packet.
[19:28:51]   skipping mWY35fsCUgo_6.mp4: [19:28:51] /github/workspace/src/video/ffmpeg/threaded_decoder.cc:292: [19:28:51] /github/workspace/src/video/ffmpeg/threaded_decoder.cc:218: Check failed: avcodec_send_packet(dec_ctx_.get(), pkt.get()) >= 0 (-11 vs. 0) Thread worker: Error sending packet.
[19:28:52]   skipping DA6YnIZRTX8_7.mp4: [19:28:52] /github/workspace/src/video/ffmpeg/threaded_decoder.cc:292: [19:28:52] /github/workspace/src/video/ffmpeg/threaded_decoder.cc:218: Check failed: avcodec_send_packet(dec_ctx_.get(), pkt.get()) >= 0 (-11 vs. 0) Thread worker: Error sending packet.
[19:28:54]   skipping IF6iBVGKREo_91.mp4: [19:28:54] /github/workspace/src/video/video_reader.cc:151: Check failed: st_nb >= 0 (-1128613112 vs. 0) ERROR cannot find video stream with wanted index: -1
[19:28:54]   skipping Jo4XXm8OUP4_12.mp4: [19:28:54] /github/workspace/src/video/video_reader.cc:151: Check failed: st_nb >= 0 (-1128613112 vs. 0) ERROR cannot find video stream with wanted index: -1
[19:28:54]   skipping nZBk1GObVuk_0.mp4: [19:28:54] /github/workspace/src/video/ffmpeg/threaded_decoder.cc:292: [19:28:54] /github/workspace/src/video/ffmpeg/threaded_decoder.cc:218: Check failed: avcodec_send_packet(dec_ctx_.get(), pkt.get()) >= 0 (-11 vs. 0) Thread worker: Error sending packet.
[19:28:54]   skipping OX5lX2yOr0M_88.mp4: [19:28:54] /github/workspace/src/video/video_reader.cc:151: Check failed: st_nb >= 0 (-1128613112 vs. 0) ERROR cannot find video stream with wanted index: -1
[19:28:55]   skipping QN3t9ngsVyM_7.mp4: [19:28:55] /github/workspace/src/video/ffmpeg/threaded_decoder.cc:292: [19:28:55] /github/workspace/src/video/ffmpeg/threaded_decoder.cc:218: Check failed: avcodec_send_packet(dec_ctx_.get(), pkt.get()) >= 0 (-11 vs. 0) Thread worker: Error sending packet.
[19:28:55]   skipping MPhysZLZbls_3.mp4: [19:28:55] /github/workspace/src/video/ffmpeg/threaded_decoder.cc:292: [19:28:55] /github/workspace/src/video/ffmpeg/threaded_decoder.cc:218: Check failed: avcodec_send_packet(dec_ctx_.get(), pkt.get()) >= 0 (-11 vs. 0) Thread worker: Error sending packet.
[19:28:56]   skipping 3U1ZrW-l7Ns_3.mp4: [19:28:56] /github/workspace/src/video/ffmpeg/threaded_decoder.cc:292: [19:28:56] /github/workspace/src/video/ffmpeg/threaded_decoder.cc:218: Check failed: avcodec_send_packet(dec_ctx_.get(), pkt.get()) >= 0 (-11 vs. 0) Thread worker: Error sending packet.
[19:28:56]   skipping v_1UO1GTsg0_60.mp4: [19:28:56] /github/workspace/src/video/video_reader.cc:151: Check failed: st_nb >= 0 (-1128613112 vs. 0) ERROR cannot find video stream with wanted index: -1
[19:28:57]   skipping we18JQrdzNM_5.mp4: [19:28:57] /github/workspace/src/video/ffmpeg/threaded_decoder.cc:292: [19:28:57] /github/workspace/src/video/ffmpeg/threaded_decoder.cc:218: Check failed: avcodec_send_packet(dec_ctx_.get(), pkt.get()) >= 0 (-11 vs. 0) Thread worker: Error sending packet.
[19:28:57]   skipping kXrhcA8wl5E_1.mp4: [19:28:57] /github/workspace/src/video/ffmpeg/threaded_decoder.cc:292: [19:28:57] /github/workspace/src/video/ffmpeg/threaded_decoder.cc:218: Check failed: avcodec_send_packet(dec_ctx_.get(), pkt.get()) >= 0 (-11 vs. 0) Thread worker: Error sending packet.
[19:28:58]   skipping LeKS3lZM9N8_41.mp4: [19:28:58] /github/workspace/src/video/video_reader.cc:151: Check failed: st_nb >= 0 (-1128613112 vs. 0) ERROR cannot find video stream with wanted index: -1
[19:28:59]   skipping yyg6-NUkYCg_7.mp4: [19:28:59] /github/workspace/src/video/ffmpeg/threaded_decoder.cc:292: [19:28:59] /github/workspace/src/video/ffmpeg/threaded_decoder.cc:218: Check failed: avcodec_send_packet(dec_ctx_.get(), pkt.get()) >= 0 (-11 vs. 0) Thread worker: Error sending packet.
[19:28:59]   skipping f8pjSfCh8as_77.mp4: [19:28:59] /github/workspace/src/video/ffmpeg/threaded_decoder.cc:292: [19:28:59] /github/workspace/src/video/ffmpeg/threaded_decoder.cc:218: Check failed: avcodec_send_packet(dec_ctx_.get(), pkt.get()) >= 0 (-11 vs. 0) Thread worker: Error sending packet.
[19:28:59]   skipping MW41EAmaWAE_49.mp4: [19:28:59] /github/workspace/src/video/video_reader.cc:151: Check failed: st_nb >= 0 (-1128613112 vs. 0) ERROR cannot find video stream with wanted index: -1
[19:28:59]   skipping dJNduDhBIYA_16.mp4: [19:28:59] /github/workspace/src/video/video_reader.cc:151: Check failed: st_nb >= 0 (-1128613112 vs. 0) ERROR cannot find video stream with wanted index: -1
[19:28:59]   skipping Za0TBlSOIOw_2.mp4: [19:28:59] /github/workspace/src/video/video_reader.cc:151: Check failed: st_nb >= 0 (-1128613112 vs. 0) ERROR cannot find video stream with wanted index: -1
[19:29:00]   skipping Rj2fVXY7auI_4.mp4: [19:29:00] /github/workspace/src/video/ffmpeg/threaded_decoder.cc:292: [19:29:00] /github/workspace/src/video/ffmpeg/threaded_decoder.cc:218: Check failed: avcodec_send_packet(dec_ctx_.get(), pkt.get()) >= 0 (-11 vs. 0) Thread worker: Error sending packet.
[19:29:00]   skipping s0lCx-poYe0_18.mp4: [19:29:00] /github/workspace/src/video/video_reader.cc:151: Check failed: st_nb >= 0 (-1128613112 vs. 0) ERROR cannot find video stream with wanted index: -1
[19:29:01]   skipping 8pwRyKcqqhk_2.mp4: [19:29:01] /github/workspace/src/video/ffmpeg/threaded_decoder.cc:292: [19:29:01] /github/workspace/src/video/ffmpeg/threaded_decoder.cc:218: Check failed: avcodec_send_packet(dec_ctx_.get(), pkt.get()) >= 0 (-11 vs. 0) Thread worker: Error sending packet.
[19:29:01]   skipping dvQ0sBZ1-nI_3.mp4: [19:29:01] /github/workspace/src/video/ffmpeg/threaded_decoder.cc:292: [19:29:01] /github/workspace/src/video/ffmpeg/threaded_decoder.cc:218: Check failed: avcodec_send_packet(dec_ctx_.get(), pkt.get()) >= 0 (-11 vs. 0) Thread worker: Error sending packet.
[19:29:01]   skipping SuphEZDxSI8_18.mp4: [19:29:01] /github/workspace/src/video/ffmpeg/threaded_decoder.cc:292: [19:29:01] /github/workspace/src/video/ffmpeg/threaded_decoder.cc:218: Check failed: avcodec_send_packet(dec_ctx_.get(), pkt.get()) >= 0 (-11 vs. 0) Thread worker: Error sending packet.
[19:29:01]   skipping ksU6Ii668Qk_2.mp4: [19:29:01] /github/workspace/src/video/video_reader.cc:151: Check failed: st_nb >= 0 (-1128613112 vs. 0) ERROR cannot find video stream with wanted index: -1
[19:29:01]   skipping OAd1Y7UbxTg_1.mp4: [19:29:01] /github/workspace/src/video/ffmpeg/threaded_decoder.cc:292: [19:29:01] /github/workspace/src/video/ffmpeg/threaded_decoder.cc:218: Check failed: avcodec_send_packet(dec_ctx_.get(), pkt.get()) >= 0 (-11 vs. 0) Thread worker: Error sending packet.
[19:29:03]   skipping ZymSrDfLhW8_43.mp4: [19:29:03] /github/workspace/src/video/video_reader.cc:151: Check failed: st_nb >= 0 (-1128613112 vs. 0) ERROR cannot find video stream with wanted index: -1
[19:29:03]   skipping yU8-TOldiyE_62.mp4: [19:29:03] /github/workspace/src/video/video_reader.cc:151: Check failed: st_nb >= 0 (-1128613112 vs. 0) ERROR cannot find video stream with wanted index: -1
[19:29:04]   skipping hZ1mAXpd1cY_71.mp4: [19:29:04] /github/workspace/src/video/video_reader.cc:151: Check failed: st_nb >= 0 (-1128613112 vs. 0) ERROR cannot find video stream with wanted index: -1
[19:29:04]   skipping vAYb7klhj8k_8.mp4: [19:29:04] /github/workspace/src/video/ffmpeg/threaded_decoder.cc:292: [19:29:04] /github/workspace/src/video/ffmpeg/threaded_decoder.cc:218: Check failed: avcodec_send_packet(dec_ctx_.get(), pkt.get()) >= 0 (-11 vs. 0) Thread worker: Error sending packet.
[19:29:04]   skipping Rs4Hg69vhqQ_4.mp4: [19:29:04] /github/workspace/src/video/ffmpeg/threaded_decoder.cc:292: [19:29:04] /github/workspace/src/video/ffmpeg/threaded_decoder.cc:218: Check failed: avcodec_send_packet(dec_ctx_.get(), pkt.get()) >= 0 (-11 vs. 0) Thread worker: Error sending packet.
[19:29:05]   skipping X_cItpBBO6M_5.mp4: [19:29:05] /github/workspace/src/video/ffmpeg/threaded_decoder.cc:292: [19:29:05] /github/workspace/src/video/ffmpeg/threaded_decoder.cc:218: Check failed: avcodec_send_packet(dec_ctx_.get(), pkt.get()) >= 0 (-11 vs. 0) Thread worker: Error sending packet.
[19:29:06]   skipping 8UNYXycC1yM_12.mp4: [19:29:06] /github/workspace/src/video/ffmpeg/threaded_decoder.cc:292: [19:29:06] /github/workspace/src/video/ffmpeg/threaded_decoder.cc:218: Check failed: avcodec_send_packet(dec_ctx_.get(), pkt.get()) >= 0 (-11 vs. 0) Thread worker: Error sending packet.
[19:29:10]   skipping bERjl3VRKQo_5.mp4: [19:29:10] /github/workspace/src/video/ffmpeg/threaded_decoder.cc:292: [19:29:10] /github/workspace/src/video/ffmpeg/threaded_decoder.cc:218: Check failed: avcodec_send_packet(dec_ctx_.get(), pkt.get()) >= 0 (-11 vs. 0) Thread worker: Error sending packet.
[19:29:10]   skipping Vj4f0Jjyy0w_35.mp4: [19:29:10] /github/workspace/src/video/ffmpeg/threaded_decoder.cc:292: [19:29:10] /github/workspace/src/video/ffmpeg/threaded_decoder.cc:218: Check failed: avcodec_send_packet(dec_ctx_.get(), pkt.get()) >= 0 (-11 vs. 0) Thread worker: Error sending packet.
[19:29:10]   skipping daYmVkHtkeU_5.mp4: [19:29:10] /github/workspace/src/video/video_reader.cc:151: Check failed: st_nb >= 0 (-1128613112 vs. 0) ERROR cannot find video stream with wanted index: -1
[19:29:10]   skipping a6Yltl1nVPk_18.mp4: [19:29:10] /github/workspace/src/video/video_reader.cc:151: Check failed: st_nb >= 0 (-1128613112 vs. 0) ERROR cannot find video stream with wanted index: -1
[19:29:12]   skipping Vn6dEcyr_WE_0.mp4: [19:29:12] /github/workspace/src/video/ffmpeg/threaded_decoder.cc:292: [19:29:12] /github/workspace/src/video/ffmpeg/threaded_decoder.cc:218: Check failed: avcodec_send_packet(dec_ctx_.get(), pkt.get()) >= 0 (-11 vs. 0) Thread worker: Error sending packet.
[19:29:13]   skipping 5oEGhFvW8vk_80.mp4: [19:29:13] /github/workspace/src/video/video_reader.cc:151: Check failed: st_nb >= 0 (-1128613112 vs. 0) ERROR cannot find video stream with wanted index: -1
[19:29:14]   skipping zrjiSnV-m40_23.mp4: [19:29:14] /github/workspace/src/video/ffmpeg/threaded_decoder.cc:292: [19:29:14] /github/workspace/src/video/ffmpeg/threaded_decoder.cc:218: Check failed: avcodec_send_packet(dec_ctx_.get(), pkt.get()) >= 0 (-11 vs. 0) Thread worker: Error sending packet.
[19:29:15]   skipping F2QAMwDkHZw_629.mp4: [19:29:15] /github/workspace/src/video/video_reader.cc:151: Check failed: st_nb >= 0 (-1128613112 vs. 0) ERROR cannot find video stream with wanted index: -1
[19:29:15]   skipping LZ4Q2W5XaL0_0.mp4: [19:29:15] /github/workspace/src/video/video_reader.cc:151: Check failed: st_nb >= 0 (-1128613112 vs. 0) ERROR cannot find video stream with wanted index: -1
[19:29:15]   skipping OMGO51u4ou4_4.mp4: [19:29:15] /github/workspace/src/video/video_reader.cc:151: Check failed: st_nb >= 0 (-1128613112 vs. 0) ERROR cannot find video stream with wanted index: -1
[19:29:16]   skipping FuHJQatc-PE_2.mp4: [19:29:16] /github/workspace/src/video/video_reader.cc:151: Check failed: st_nb >= 0 (-1128613112 vs. 0) ERROR cannot find video stream with wanted index: -1
[19:29:17]   skipping KB7doYrBdBk_2.mp4: [19:29:17] /github/workspace/src/video/ffmpeg/threaded_decoder.cc:292: [19:29:17] /github/workspace/src/video/ffmpeg/threaded_decoder.cc:218: Check failed: avcodec_send_packet(dec_ctx_.get(), pkt.get()) >= 0 (-11 vs. 0) Thread worker: Error sending packet.
[19:29:17]   skipping myfoGCgzaTA_11.mp4: [19:29:17] /github/workspace/src/video/ffmpeg/threaded_decoder.cc:292: [19:29:17] /github/workspace/src/video/ffmpeg/threaded_decoder.cc:218: Check failed: avcodec_send_packet(dec_ctx_.get(), pkt.get()) >= 0 (-11 vs. 0) Thread worker: Error sending packet.
[19:29:17]   skipping QCUuBDTV8YY_24.mp4: [19:29:17] /github/workspace/src/video/ffmpeg/threaded_decoder.cc:292: [19:29:17] /github/workspace/src/video/ffmpeg/threaded_decoder.cc:218: Check failed: avcodec_send_packet(dec_ctx_.get(), pkt.get()) >= 0 (-11 vs. 0) Thread worker: Error sending packet.
[19:29:17]   skipping -nahoWMJM1E_3.mp4: [19:29:17] /github/workspace/src/video/ffmpeg/threaded_decoder.cc:292: [19:29:17] /github/workspace/src/video/ffmpeg/threaded_decoder.cc:218: Check failed: avcodec_send_packet(dec_ctx_.get(), pkt.get()) >= 0 (-11 vs. 0) Thread worker: Error sending packet.
[19:29:17]   skipping 8XWPQX9LVoU_22.mp4: [19:29:17] /github/workspace/src/video/ffmpeg/threaded_decoder.cc:292: [19:29:17] /github/workspace/src/video/ffmpeg/threaded_decoder.cc:218: Check failed: avcodec_send_packet(dec_ctx_.get(), pkt.get()) >= 0 (-11 vs. 0) Thread worker: Error sending packet.
[19:29:18]   skipping KozSjyNnAH4_33.mp4: [19:29:18] /github/workspace/src/video/video_reader.cc:151: Check failed: st_nb >= 0 (-1128613112 vs. 0) ERROR cannot find video stream with wanted index: -1
[19:29:18]   skipping ooZRK8q-27Y_2.mp4: [19:29:18] /github/workspace/src/video/video_reader.cc:151: Check failed: st_nb >= 0 (-1128613112 vs. 0) ERROR cannot find video stream with wanted index: -1
[19:29:18]   skipping nZbmaDfYIs8_6.mp4: [19:29:18] /github/workspace/src/video/ffmpeg/threaded_decoder.cc:292: [19:29:18] /github/workspace/src/video/ffmpeg/threaded_decoder.cc:218: Check failed: avcodec_send_packet(dec_ctx_.get(), pkt.get()) >= 0 (-11 vs. 0) Thread worker: Error sending packet.
[19:29:19]   skipping Fil0i6xKNG8_7.mp4: [19:29:19] /github/workspace/src/video/ffmpeg/threaded_decoder.cc:292: [19:29:19] /github/workspace/src/video/ffmpeg/threaded_decoder.cc:218: Check failed: avcodec_send_packet(dec_ctx_.get(), pkt.get()) >= 0 (-11 vs. 0) Thread worker: Error sending packet.
[19:29:22]   skipping nmXmslnHoFU_16.mp4: [19:29:22] /github/workspace/src/video/ffmpeg/threaded_decoder.cc:292: [19:29:22] /github/workspace/src/video/ffmpeg/threaded_decoder.cc:218: Check failed: avcodec_send_packet(dec_ctx_.get(), pkt.get()) >= 0 (-11 vs. 0) Thread worker: Error sending packet.
[19:29:23]   skipping ydRISDRNyCM_0.mp4: [19:29:23] /github/workspace/src/video/ffmpeg/threaded_decoder.cc:292: [19:29:23] /github/workspace/src/video/ffmpeg/threaded_decoder.cc:218: Check failed: avcodec_send_packet(dec_ctx_.get(), pkt.get()) >= 0 (-11 vs. 0) Thread worker: Error sending packet.
[19:29:25]   skipping 3t0tjJACoz0_3.mp4: [19:29:25] /github/workspace/src/video/ffmpeg/threaded_decoder.cc:292: [19:29:25] /github/workspace/src/video/ffmpeg/threaded_decoder.cc:218: Check failed: avcodec_send_packet(dec_ctx_.get(), pkt.get()) >= 0 (-11 vs. 0) Thread worker: Error sending packet.
[19:29:25]   skipping 63HDsjAOmR0_63.mp4: [19:29:25] /github/workspace/src/video/video_reader.cc:151: Check failed: st_nb >= 0 (-1128613112 vs. 0) ERROR cannot find video stream with wanted index: -1
[19:29:27]   skipping zFEpjVaPFJo_0.mp4: [19:29:27] /github/workspace/src/video/ffmpeg/threaded_decoder.cc:292: [19:29:27] /github/workspace/src/video/ffmpeg/threaded_decoder.cc:218: Check failed: avcodec_send_packet(dec_ctx_.get(), pkt.get()) >= 0 (-11 vs. 0) Thread worker: Error sending packet.
[19:29:27]   skipping 6qgCC63H9yI_40.mp4: [19:29:27] /github/workspace/src/video/ffmpeg/threaded_decoder.cc:292: [19:29:27] /github/workspace/src/video/ffmpeg/threaded_decoder.cc:218: Check failed: avcodec_send_packet(dec_ctx_.get(), pkt.get()) >= 0 (-11 vs. 0) Thread worker: Error sending packet.
[19:29:27]   skipping NTKUo1-0cQY_15.mp4: [19:29:27] /github/workspace/src/video/video_reader.cc:151: Check failed: st_nb >= 0 (-1128613112 vs. 0) ERROR cannot find video stream with wanted index: -1
[19:29:28]   skipping -RJ6USD2nEU_3.mp4: [19:29:28] /github/workspace/src/video/video_reader.cc:151: Check failed: st_nb >= 0 (-1128613112 vs. 0) ERROR cannot find video stream with wanted index: -1
[19:29:29]   skipping fazhSHz4WUM_7.mp4: [19:29:29] /github/workspace/src/video/ffmpeg/threaded_decoder.cc:292: [19:29:29] /github/workspace/src/video/ffmpeg/threaded_decoder.cc:218: Check failed: avcodec_send_packet(dec_ctx_.get(), pkt.get()) >= 0 (-11 vs. 0) Thread worker: Error sending packet.
[19:29:30]   skipping rCo5sX6D9M8_1.mp4: [19:29:30] /github/workspace/src/video/ffmpeg/threaded_decoder.cc:292: [19:29:30] /github/workspace/src/video/ffmpeg/threaded_decoder.cc:218: Check failed: avcodec_send_packet(dec_ctx_.get(), pkt.get()) >= 0 (-11 vs. 0) Thread worker: Error sending packet.
[19:29:31]   skipping wpsgfdtNMWk_2.mp4: [19:29:31] /github/workspace/src/video/ffmpeg/threaded_decoder.cc:292: [19:29:31] /github/workspace/src/video/ffmpeg/threaded_decoder.cc:218: Check failed: avcodec_send_packet(dec_ctx_.get(), pkt.get()) >= 0 (-11 vs. 0) Thread worker: Error sending packet.
[19:29:31]   skipping _xxl5o-7-zE_1.mp4: [19:29:31] /github/workspace/src/video/ffmpeg/threaded_decoder.cc:292: [19:29:31] /github/workspace/src/video/ffmpeg/threaded_decoder.cc:218: Check failed: avcodec_send_packet(dec_ctx_.get(), pkt.get()) >= 0 (-11 vs. 0) Thread worker: Error sending packet.
[19:29:31]   skipping 8BhntKzc0TY_8.mp4: [19:29:31] /github/workspace/src/video/ffmpeg/threaded_decoder.cc:292: [19:29:31] /github/workspace/src/video/ffmpeg/threaded_decoder.cc:218: Check failed: avcodec_send_packet(dec_ctx_.get(), pkt.get()) >= 0 (-11 vs. 0) Thread worker: Error sending packet.
[19:29:31]   skipping fmF09VS_oyo_33.mp4: [19:29:31] /github/workspace/src/video/ffmpeg/threaded_decoder.cc:292: [19:29:31] /github/workspace/src/video/ffmpeg/threaded_decoder.cc:218: Check failed: avcodec_send_packet(dec_ctx_.get(), pkt.get()) >= 0 (-11 vs. 0) Thread worker: Error sending packet.
[19:29:31]   skipping dCwLaQ_JVe4_12.mp4: [19:29:31] /github/workspace/src/video/ffmpeg/threaded_decoder.cc:292: [19:29:31] /github/workspace/src/video/ffmpeg/threaded_decoder.cc:218: Check failed: avcodec_send_packet(dec_ctx_.get(), pkt.get()) >= 0 (-11 vs. 0) Thread worker: Error sending packet.
[19:29:31]   skipping u1nq7a-GrFk_4.mp4: [19:29:31] /github/workspace/src/video/video_reader.cc:151: Check failed: st_nb >= 0 (-1128613112 vs. 0) ERROR cannot find video stream with wanted index: -1
[19:29:32]   skipping L32u5GHo9uQ_11.mp4: [19:29:32] /github/workspace/src/video/video_reader.cc:151: Check failed: st_nb >= 0 (-1128613112 vs. 0) ERROR cannot find video stream with wanted index: -1
[19:29:32]   skipping ZsMxGbwfcXE_2.mp4: [19:29:32] /github/workspace/src/video/ffmpeg/threaded_decoder.cc:292: [19:29:32] /github/workspace/src/video/ffmpeg/threaded_decoder.cc:218: Check failed: avcodec_send_packet(dec_ctx_.get(), pkt.get()) >= 0 (-11 vs. 0) Thread worker: Error sending packet.
[19:29:34]   skipping 2kWhDth0Tik_72.mp4: [19:29:34] /github/workspace/src/video/video_reader.cc:151: Check failed: st_nb >= 0 (-1128613112 vs. 0) ERROR cannot find video stream with wanted index: -1
[19:29:35]   skipping ScRrg8a5fpI_6.mp4: [19:29:35] /github/workspace/src/video/ffmpeg/threaded_decoder.cc:292: [19:29:35] /github/workspace/src/video/ffmpeg/threaded_decoder.cc:218: Check failed: avcodec_send_packet(dec_ctx_.get(), pkt.get()) >= 0 (-11 vs. 0) Thread worker: Error sending packet.
[19:29:35]   skipping Rp3tde_n9jk_1.mp4: [19:29:35] /github/workspace/src/video/ffmpeg/threaded_decoder.cc:292: [19:29:35] /github/workspace/src/video/ffmpeg/threaded_decoder.cc:218: Check failed: avcodec_send_packet(dec_ctx_.get(), pkt.get()) >= 0 (-11 vs. 0) Thread worker: Error sending packet.
[19:29:36]   skipping Ngk1FDVd0rs_4.mp4: [19:29:36] /github/workspace/src/video/ffmpeg/threaded_decoder.cc:292: [19:29:36] /github/workspace/src/video/ffmpeg/threaded_decoder.cc:218: Check failed: avcodec_send_packet(dec_ctx_.get(), pkt.get()) >= 0 (-11 vs. 0) Thread worker: Error sending packet.
[19:29:36]   skipping BdCYG-hfGA8_40.mp4: [19:29:36] /github/workspace/src/video/video_reader.cc:151: Check failed: st_nb >= 0 (-1128613112 vs. 0) ERROR cannot find video stream with wanted index: -1
[19:29:37]   skipping Buvii64raoU_1.mp4: [19:29:37] /github/workspace/src/video/ffmpeg/threaded_decoder.cc:292: [19:29:37] /github/workspace/src/video/ffmpeg/threaded_decoder.cc:218: Check failed: avcodec_send_packet(dec_ctx_.get(), pkt.get()) >= 0 (-11 vs. 0) Thread worker: Error sending packet.
[19:29:37]   skipping joXOyrADBRE_8.mp4: [19:29:37] /github/workspace/src/video/ffmpeg/threaded_decoder.cc:292: [19:29:37] /github/workspace/src/video/ffmpeg/threaded_decoder.cc:218: Check failed: avcodec_send_packet(dec_ctx_.get(), pkt.get()) >= 0 (-11 vs. 0) Thread worker: Error sending packet.
[19:29:38]   skipping C22EGX5gwfI_4.mp4: [19:29:38] /github/workspace/src/video/ffmpeg/threaded_decoder.cc:292: [19:29:38] /github/workspace/src/video/ffmpeg/threaded_decoder.cc:218: Check failed: avcodec_send_packet(dec_ctx_.get(), pkt.get()) >= 0 (-11 vs. 0) Thread worker: Error sending packet.
[19:29:40]   skipping G29HvOWVln0_142.mp4: [19:29:40] /github/workspace/src/video/video_reader.cc:151: Check failed: st_nb >= 0 (-1128613112 vs. 0) ERROR cannot find video stream with wanted index: -1
[19:29:40]   skipping 85PQknw_hls_1.mp4: [19:29:40] /github/workspace/src/video/ffmpeg/threaded_decoder.cc:292: [19:29:40] /github/workspace/src/video/ffmpeg/threaded_decoder.cc:218: Check failed: avcodec_send_packet(dec_ctx_.get(), pkt.get()) >= 0 (-11 vs. 0) Thread worker: Error sending packet.
[19:29:41]   skipping ftsQYS1fkOs_71.mp4: [19:29:41] /github/workspace/src/video/video_reader.cc:151: Check failed: st_nb >= 0 (-1128613112 vs. 0) ERROR cannot find video stream with wanted index: -1
[19:29:41]   skipping LMgYK0TgajU_26.mp4: [19:29:41] /github/workspace/src/video/video_reader.cc:151: Check failed: st_nb >= 0 (-1128613112 vs. 0) ERROR cannot find video stream with wanted index: -1
[19:29:41]   skipping danm2Kgxozo_10.mp4: [19:29:41] /github/workspace/src/video/video_reader.cc:151: Check failed: st_nb >= 0 (-1128613112 vs. 0) ERROR cannot find video stream with wanted index: -1
[19:29:41]   skipping dsMQoZcCfns_16.mp4: [19:29:41] /github/workspace/src/video/ffmpeg/threaded_decoder.cc:292: [19:29:41] /github/workspace/src/video/ffmpeg/threaded_decoder.cc:218: Check failed: avcodec_send_packet(dec_ctx_.get(), pkt.get()) >= 0 (-11 vs. 0) Thread worker: Error sending packet.
[19:29:41]   skipping LjnRBI0HyFQ_6.mp4: [19:29:41] /github/workspace/src/video/ffmpeg/threaded_decoder.cc:292: [19:29:41] /github/workspace/src/video/ffmpeg/threaded_decoder.cc:218: Check failed: avcodec_send_packet(dec_ctx_.get(), pkt.get()) >= 0 (-11 vs. 0) Thread worker: Error sending packet.
[19:29:42]   step 1000: val_loss_ce=1.5307 val_loss_latent=0.2193 val_loss_total=1.5526 (n=200, 54.7s)
[19:29:43] ======================================================================
[19:29:43] Checkpoint step 1200: /scratch/users/anirban/tamaghnam/latentvans/checkpoints/stage0_run1/step_1200
[19:29:43] ======================================================================
[19:29:45] added 3 latent-reasoning special tokens; vocab size now 151668
[19:29:46] resumed LoRA adapter (+ embed_tokens/lm_head) from /scratch/users/anirban/tamaghnam/latentvans/checkpoints/stage0_run1/step_1200
trainable params: 624,918,528 || all params: 4,378,992,640 || trainable%: 14.2708
[19:29:46] vision-tower target embedding dim confirmed: 2048 (matches QWEN_HIDDEN_SIZE)
[19:29:46] validation stream: 1447 row(s) usable
[19:29:48]   skipping c1pQ19a8pMM_5.mp4: [19:29:48] /github/workspace/src/video/video_reader.cc:151: Check failed: st_nb >= 0 (-1128613112 vs. 0) ERROR cannot find video stream with wanted index: -1
[19:29:49]   skipping 6m7CwarmCo4_5.mp4: [19:29:49] /github/workspace/src/video/ffmpeg/threaded_decoder.cc:292: [19:29:49] /github/workspace/src/video/ffmpeg/threaded_decoder.cc:218: Check failed: avcodec_send_packet(dec_ctx_.get(), pkt.get()) >= 0 (-11 vs. 0) Thread worker: Error sending packet.
[19:29:49]   skipping mWY35fsCUgo_6.mp4: [19:29:49] /github/workspace/src/video/ffmpeg/threaded_decoder.cc:292: [19:29:49] /github/workspace/src/video/ffmpeg/threaded_decoder.cc:218: Check failed: avcodec_send_packet(dec_ctx_.get(), pkt.get()) >= 0 (-11 vs. 0) Thread worker: Error sending packet.
[19:29:51]   skipping DA6YnIZRTX8_7.mp4: [19:29:51] /github/workspace/src/video/ffmpeg/threaded_decoder.cc:292: [19:29:51] /github/workspace/src/video/ffmpeg/threaded_decoder.cc:218: Check failed: avcodec_send_packet(dec_ctx_.get(), pkt.get()) >= 0 (-11 vs. 0) Thread worker: Error sending packet.
[19:29:53]   skipping IF6iBVGKREo_91.mp4: [19:29:53] /github/workspace/src/video/video_reader.cc:151: Check failed: st_nb >= 0 (-1128613112 vs. 0) ERROR cannot find video stream with wanted index: -1
[19:29:53]   skipping Jo4XXm8OUP4_12.mp4: [19:29:53] /github/workspace/src/video/video_reader.cc:151: Check failed: st_nb >= 0 (-1128613112 vs. 0) ERROR cannot find video stream with wanted index: -1
[19:29:53]   skipping nZBk1GObVuk_0.mp4: [19:29:53] /github/workspace/src/video/ffmpeg/threaded_decoder.cc:292: [19:29:53] /github/workspace/src/video/ffmpeg/threaded_decoder.cc:218: Check failed: avcodec_send_packet(dec_ctx_.get(), pkt.get()) >= 0 (-11 vs. 0) Thread worker: Error sending packet.
[19:29:53]   skipping OX5lX2yOr0M_88.mp4: [19:29:53] /github/workspace/src/video/video_reader.cc:151: Check failed: st_nb >= 0 (-1128613112 vs. 0) ERROR cannot find video stream with wanted index: -1
[19:29:53]   skipping QN3t9ngsVyM_7.mp4: [19:29:53] /github/workspace/src/video/ffmpeg/threaded_decoder.cc:292: [19:29:53] /github/workspace/src/video/ffmpeg/threaded_decoder.cc:218: Check failed: avcodec_send_packet(dec_ctx_.get(), pkt.get()) >= 0 (-11 vs. 0) Thread worker: Error sending packet.
[19:29:54]   skipping MPhysZLZbls_3.mp4: [19:29:54] /github/workspace/src/video/ffmpeg/threaded_decoder.cc:292: [19:29:54] /github/workspace/src/video/ffmpeg/threaded_decoder.cc:218: Check failed: avcodec_send_packet(dec_ctx_.get(), pkt.get()) >= 0 (-11 vs. 0) Thread worker: Error sending packet.
[19:29:55]   skipping 3U1ZrW-l7Ns_3.mp4: [19:29:55] /github/workspace/src/video/ffmpeg/threaded_decoder.cc:292: [19:29:55] /github/workspace/src/video/ffmpeg/threaded_decoder.cc:218: Check failed: avcodec_send_packet(dec_ctx_.get(), pkt.get()) >= 0 (-11 vs. 0) Thread worker: Error sending packet.
[19:29:55]   skipping v_1UO1GTsg0_60.mp4: [19:29:55] /github/workspace/src/video/video_reader.cc:151: Check failed: st_nb >= 0 (-1128613112 vs. 0) ERROR cannot find video stream with wanted index: -1
[19:29:56]   skipping we18JQrdzNM_5.mp4: [19:29:56] /github/workspace/src/video/ffmpeg/threaded_decoder.cc:292: [19:29:56] /github/workspace/src/video/ffmpeg/threaded_decoder.cc:218: Check failed: avcodec_send_packet(dec_ctx_.get(), pkt.get()) >= 0 (-11 vs. 0) Thread worker: Error sending packet.
[19:29:56]   skipping kXrhcA8wl5E_1.mp4: [19:29:56] /github/workspace/src/video/ffmpeg/threaded_decoder.cc:292: [19:29:56] /github/workspace/src/video/ffmpeg/threaded_decoder.cc:218: Check failed: avcodec_send_packet(dec_ctx_.get(), pkt.get()) >= 0 (-11 vs. 0) Thread worker: Error sending packet.
[19:29:57]   skipping LeKS3lZM9N8_41.mp4: [19:29:57] /github/workspace/src/video/video_reader.cc:151: Check failed: st_nb >= 0 (-1128613112 vs. 0) ERROR cannot find video stream with wanted index: -1
[19:29:57]   skipping yyg6-NUkYCg_7.mp4: [19:29:57] /github/workspace/src/video/ffmpeg/threaded_decoder.cc:292: [19:29:57] /github/workspace/src/video/ffmpeg/threaded_decoder.cc:218: Check failed: avcodec_send_packet(dec_ctx_.get(), pkt.get()) >= 0 (-11 vs. 0) Thread worker: Error sending packet.
[19:29:57]   skipping f8pjSfCh8as_77.mp4: [19:29:57] /github/workspace/src/video/ffmpeg/threaded_decoder.cc:292: [19:29:57] /github/workspace/src/video/ffmpeg/threaded_decoder.cc:218: Check failed: avcodec_send_packet(dec_ctx_.get(), pkt.get()) >= 0 (-11 vs. 0) Thread worker: Error sending packet.
[19:29:57]   skipping MW41EAmaWAE_49.mp4: [19:29:57] /github/workspace/src/video/video_reader.cc:151: Check failed: st_nb >= 0 (-1128613112 vs. 0) ERROR cannot find video stream with wanted index: -1
[19:29:58]   skipping dJNduDhBIYA_16.mp4: [19:29:58] /github/workspace/src/video/video_reader.cc:151: Check failed: st_nb >= 0 (-1128613112 vs. 0) ERROR cannot find video stream with wanted index: -1
[19:29:58]   skipping Za0TBlSOIOw_2.mp4: [19:29:58] /github/workspace/src/video/video_reader.cc:151: Check failed: st_nb >= 0 (-1128613112 vs. 0) ERROR cannot find video stream with wanted index: -1
[19:29:59]   skipping Rj2fVXY7auI_4.mp4: [19:29:59] /github/workspace/src/video/ffmpeg/threaded_decoder.cc:292: [19:29:59] /github/workspace/src/video/ffmpeg/threaded_decoder.cc:218: Check failed: avcodec_send_packet(dec_ctx_.get(), pkt.get()) >= 0 (-11 vs. 0) Thread worker: Error sending packet.
[19:29:59]   skipping s0lCx-poYe0_18.mp4: [19:29:59] /github/workspace/src/video/video_reader.cc:151: Check failed: st_nb >= 0 (-1128613112 vs. 0) ERROR cannot find video stream with wanted index: -1
[19:29:59]   skipping 8pwRyKcqqhk_2.mp4: [19:29:59] /github/workspace/src/video/ffmpeg/threaded_decoder.cc:292: [19:29:59] /github/workspace/src/video/ffmpeg/threaded_decoder.cc:218: Check failed: avcodec_send_packet(dec_ctx_.get(), pkt.get()) >= 0 (-11 vs. 0) Thread worker: Error sending packet.
[19:29:59]   skipping dvQ0sBZ1-nI_3.mp4: [19:29:59] /github/workspace/src/video/ffmpeg/threaded_decoder.cc:292: [19:29:59] /github/workspace/src/video/ffmpeg/threaded_decoder.cc:218: Check failed: avcodec_send_packet(dec_ctx_.get(), pkt.get()) >= 0 (-11 vs. 0) Thread worker: Error sending packet.
[19:30:00]   skipping SuphEZDxSI8_18.mp4: [19:30:00] /github/workspace/src/video/ffmpeg/threaded_decoder.cc:292: [19:30:00] /github/workspace/src/video/ffmpeg/threaded_decoder.cc:218: Check failed: avcodec_send_packet(dec_ctx_.get(), pkt.get()) >= 0 (-11 vs. 0) Thread worker: Error sending packet.
[19:30:00]   skipping ksU6Ii668Qk_2.mp4: [19:30:00] /github/workspace/src/video/video_reader.cc:151: Check failed: st_nb >= 0 (-1128613112 vs. 0) ERROR cannot find video stream with wanted index: -1
[19:30:00]   skipping OAd1Y7UbxTg_1.mp4: [19:30:00] /github/workspace/src/video/ffmpeg/threaded_decoder.cc:292: [19:30:00] /github/workspace/src/video/ffmpeg/threaded_decoder.cc:218: Check failed: avcodec_send_packet(dec_ctx_.get(), pkt.get()) >= 0 (-11 vs. 0) Thread worker: Error sending packet.
[19:30:02]   skipping ZymSrDfLhW8_43.mp4: [19:30:02] /github/workspace/src/video/video_reader.cc:151: Check failed: st_nb >= 0 (-1128613112 vs. 0) ERROR cannot find video stream with wanted index: -1
[19:30:02]   skipping yU8-TOldiyE_62.mp4: [19:30:02] /github/workspace/src/video/video_reader.cc:151: Check failed: st_nb >= 0 (-1128613112 vs. 0) ERROR cannot find video stream with wanted index: -1
[19:30:02]   skipping hZ1mAXpd1cY_71.mp4: [19:30:02] /github/workspace/src/video/video_reader.cc:151: Check failed: st_nb >= 0 (-1128613112 vs. 0) ERROR cannot find video stream with wanted index: -1
[19:30:03]   skipping vAYb7klhj8k_8.mp4: [19:30:03] /github/workspace/src/video/ffmpeg/threaded_decoder.cc:292: [19:30:03] /github/workspace/src/video/ffmpeg/threaded_decoder.cc:218: Check failed: avcodec_send_packet(dec_ctx_.get(), pkt.get()) >= 0 (-11 vs. 0) Thread worker: Error sending packet.
[19:30:03]   skipping Rs4Hg69vhqQ_4.mp4: [19:30:03] /github/workspace/src/video/ffmpeg/threaded_decoder.cc:292: [19:30:03] /github/workspace/src/video/ffmpeg/threaded_decoder.cc:218: Check failed: avcodec_send_packet(dec_ctx_.get(), pkt.get()) >= 0 (-11 vs. 0) Thread worker: Error sending packet.
[19:30:04]   skipping X_cItpBBO6M_5.mp4: [19:30:04] /github/workspace/src/video/ffmpeg/threaded_decoder.cc:292: [19:30:04] /github/workspace/src/video/ffmpeg/threaded_decoder.cc:218: Check failed: avcodec_send_packet(dec_ctx_.get(), pkt.get()) >= 0 (-11 vs. 0) Thread worker: Error sending packet.
[19:30:04]   skipping 8UNYXycC1yM_12.mp4: [19:30:04] /github/workspace/src/video/ffmpeg/threaded_decoder.cc:292: [19:30:04] /github/workspace/src/video/ffmpeg/threaded_decoder.cc:218: Check failed: avcodec_send_packet(dec_ctx_.get(), pkt.get()) >= 0 (-11 vs. 0) Thread worker: Error sending packet.
[19:30:09]   skipping bERjl3VRKQo_5.mp4: [19:30:09] /github/workspace/src/video/ffmpeg/threaded_decoder.cc:292: [19:30:09] /github/workspace/src/video/ffmpeg/threaded_decoder.cc:218: Check failed: avcodec_send_packet(dec_ctx_.get(), pkt.get()) >= 0 (-11 vs. 0) Thread worker: Error sending packet.
[19:30:09]   skipping Vj4f0Jjyy0w_35.mp4: [19:30:09] /github/workspace/src/video/ffmpeg/threaded_decoder.cc:292: [19:30:09] /github/workspace/src/video/ffmpeg/threaded_decoder.cc:218: Check failed: avcodec_send_packet(dec_ctx_.get(), pkt.get()) >= 0 (-11 vs. 0) Thread worker: Error sending packet.
[19:30:09]   skipping daYmVkHtkeU_5.mp4: [19:30:09] /github/workspace/src/video/video_reader.cc:151: Check failed: st_nb >= 0 (-1128613112 vs. 0) ERROR cannot find video stream with wanted index: -1
[19:30:09]   skipping a6Yltl1nVPk_18.mp4: [19:30:09] /github/workspace/src/video/video_reader.cc:151: Check failed: st_nb >= 0 (-1128613112 vs. 0) ERROR cannot find video stream with wanted index: -1
[19:30:11]   skipping Vn6dEcyr_WE_0.mp4: [19:30:11] /github/workspace/src/video/ffmpeg/threaded_decoder.cc:292: [19:30:11] /github/workspace/src/video/ffmpeg/threaded_decoder.cc:218: Check failed: avcodec_send_packet(dec_ctx_.get(), pkt.get()) >= 0 (-11 vs. 0) Thread worker: Error sending packet.
[19:30:11]   skipping 5oEGhFvW8vk_80.mp4: [19:30:11] /github/workspace/src/video/video_reader.cc:151: Check failed: st_nb >= 0 (-1128613112 vs. 0) ERROR cannot find video stream with wanted index: -1
[19:30:13]   skipping zrjiSnV-m40_23.mp4: [19:30:13] /github/workspace/src/video/ffmpeg/threaded_decoder.cc:292: [19:30:13] /github/workspace/src/video/ffmpeg/threaded_decoder.cc:218: Check failed: avcodec_send_packet(dec_ctx_.get(), pkt.get()) >= 0 (-11 vs. 0) Thread worker: Error sending packet.
[19:30:14]   skipping F2QAMwDkHZw_629.mp4: [19:30:14] /github/workspace/src/video/video_reader.cc:151: Check failed: st_nb >= 0 (-1128613112 vs. 0) ERROR cannot find video stream with wanted index: -1
[19:30:14]   skipping LZ4Q2W5XaL0_0.mp4: [19:30:14] /github/workspace/src/video/video_reader.cc:151: Check failed: st_nb >= 0 (-1128613112 vs. 0) ERROR cannot find video stream with wanted index: -1
[19:30:14]   skipping OMGO51u4ou4_4.mp4: [19:30:14] /github/workspace/src/video/video_reader.cc:151: Check failed: st_nb >= 0 (-1128613112 vs. 0) ERROR cannot find video stream with wanted index: -1
[19:30:15]   skipping FuHJQatc-PE_2.mp4: [19:30:15] /github/workspace/src/video/video_reader.cc:151: Check failed: st_nb >= 0 (-1128613112 vs. 0) ERROR cannot find video stream with wanted index: -1
[19:30:16]   skipping KB7doYrBdBk_2.mp4: [19:30:16] /github/workspace/src/video/ffmpeg/threaded_decoder.cc:292: [19:30:16] /github/workspace/src/video/ffmpeg/threaded_decoder.cc:218: Check failed: avcodec_send_packet(dec_ctx_.get(), pkt.get()) >= 0 (-11 vs. 0) Thread worker: Error sending packet.
[19:30:16]   skipping myfoGCgzaTA_11.mp4: [19:30:16] /github/workspace/src/video/ffmpeg/threaded_decoder.cc:292: [19:30:16] /github/workspace/src/video/ffmpeg/threaded_decoder.cc:218: Check failed: avcodec_send_packet(dec_ctx_.get(), pkt.get()) >= 0 (-11 vs. 0) Thread worker: Error sending packet.
[19:30:16]   skipping QCUuBDTV8YY_24.mp4: [19:30:16] /github/workspace/src/video/ffmpeg/threaded_decoder.cc:292: [19:30:16] /github/workspace/src/video/ffmpeg/threaded_decoder.cc:218: Check failed: avcodec_send_packet(dec_ctx_.get(), pkt.get()) >= 0 (-11 vs. 0) Thread worker: Error sending packet.
[19:30:16]   skipping -nahoWMJM1E_3.mp4: [19:30:16] /github/workspace/src/video/ffmpeg/threaded_decoder.cc:292: [19:30:16] /github/workspace/src/video/ffmpeg/threaded_decoder.cc:218: Check failed: avcodec_send_packet(dec_ctx_.get(), pkt.get()) >= 0 (-11 vs. 0) Thread worker: Error sending packet.
[19:30:16]   skipping 8XWPQX9LVoU_22.mp4: [19:30:16] /github/workspace/src/video/ffmpeg/threaded_decoder.cc:292: [19:30:16] /github/workspace/src/video/ffmpeg/threaded_decoder.cc:218: Check failed: avcodec_send_packet(dec_ctx_.get(), pkt.get()) >= 0 (-11 vs. 0) Thread worker: Error sending packet.
[19:30:16]   skipping KozSjyNnAH4_33.mp4: [19:30:16] /github/workspace/src/video/video_reader.cc:151: Check failed: st_nb >= 0 (-1128613112 vs. 0) ERROR cannot find video stream with wanted index: -1
[19:30:16]   skipping ooZRK8q-27Y_2.mp4: [19:30:16] /github/workspace/src/video/video_reader.cc:151: Check failed: st_nb >= 0 (-1128613112 vs. 0) ERROR cannot find video stream with wanted index: -1
[19:30:17]   skipping nZbmaDfYIs8_6.mp4: [19:30:17] /github/workspace/src/video/ffmpeg/threaded_decoder.cc:292: [19:30:17] /github/workspace/src/video/ffmpeg/threaded_decoder.cc:218: Check failed: avcodec_send_packet(dec_ctx_.get(), pkt.get()) >= 0 (-11 vs. 0) Thread worker: Error sending packet.
[19:30:18]   skipping Fil0i6xKNG8_7.mp4: [19:30:18] /github/workspace/src/video/ffmpeg/threaded_decoder.cc:292: [19:30:18] /github/workspace/src/video/ffmpeg/threaded_decoder.cc:218: Check failed: avcodec_send_packet(dec_ctx_.get(), pkt.get()) >= 0 (-11 vs. 0) Thread worker: Error sending packet.
[19:30:21]   skipping nmXmslnHoFU_16.mp4: [19:30:21] /github/workspace/src/video/ffmpeg/threaded_decoder.cc:292: [19:30:21] /github/workspace/src/video/ffmpeg/threaded_decoder.cc:218: Check failed: avcodec_send_packet(dec_ctx_.get(), pkt.get()) >= 0 (-11 vs. 0) Thread worker: Error sending packet.
[19:30:22]   skipping ydRISDRNyCM_0.mp4: [19:30:22] /github/workspace/src/video/ffmpeg/threaded_decoder.cc:292: [19:30:22] /github/workspace/src/video/ffmpeg/threaded_decoder.cc:218: Check failed: avcodec_send_packet(dec_ctx_.get(), pkt.get()) >= 0 (-11 vs. 0) Thread worker: Error sending packet.
[19:30:24]   skipping 3t0tjJACoz0_3.mp4: [19:30:24] /github/workspace/src/video/ffmpeg/threaded_decoder.cc:292: [19:30:24] /github/workspace/src/video/ffmpeg/threaded_decoder.cc:218: Check failed: avcodec_send_packet(dec_ctx_.get(), pkt.get()) >= 0 (-11 vs. 0) Thread worker: Error sending packet.
[19:30:24]   skipping 63HDsjAOmR0_63.mp4: [19:30:24] /github/workspace/src/video/video_reader.cc:151: Check failed: st_nb >= 0 (-1128613112 vs. 0) ERROR cannot find video stream with wanted index: -1
[19:30:26]   skipping zFEpjVaPFJo_0.mp4: [19:30:26] /github/workspace/src/video/ffmpeg/threaded_decoder.cc:292: [19:30:26] /github/workspace/src/video/ffmpeg/threaded_decoder.cc:218: Check failed: avcodec_send_packet(dec_ctx_.get(), pkt.get()) >= 0 (-11 vs. 0) Thread worker: Error sending packet.
[19:30:26]   skipping 6qgCC63H9yI_40.mp4: [19:30:26] /github/workspace/src/video/ffmpeg/threaded_decoder.cc:292: [19:30:26] /github/workspace/src/video/ffmpeg/threaded_decoder.cc:218: Check failed: avcodec_send_packet(dec_ctx_.get(), pkt.get()) >= 0 (-11 vs. 0) Thread worker: Error sending packet.
[19:30:26]   skipping NTKUo1-0cQY_15.mp4: [19:30:26] /github/workspace/src/video/video_reader.cc:151: Check failed: st_nb >= 0 (-1128613112 vs. 0) ERROR cannot find video stream with wanted index: -1
[19:30:27]   skipping -RJ6USD2nEU_3.mp4: [19:30:27] /github/workspace/src/video/video_reader.cc:151: Check failed: st_nb >= 0 (-1128613112 vs. 0) ERROR cannot find video stream with wanted index: -1
[19:30:28]   skipping fazhSHz4WUM_7.mp4: [19:30:28] /github/workspace/src/video/ffmpeg/threaded_decoder.cc:292: [19:30:28] /github/workspace/src/video/ffmpeg/threaded_decoder.cc:218: Check failed: avcodec_send_packet(dec_ctx_.get(), pkt.get()) >= 0 (-11 vs. 0) Thread worker: Error sending packet.
[19:30:29]   skipping rCo5sX6D9M8_1.mp4: [19:30:29] /github/workspace/src/video/ffmpeg/threaded_decoder.cc:292: [19:30:29] /github/workspace/src/video/ffmpeg/threaded_decoder.cc:218: Check failed: avcodec_send_packet(dec_ctx_.get(), pkt.get()) >= 0 (-11 vs. 0) Thread worker: Error sending packet.
[19:30:30]   skipping wpsgfdtNMWk_2.mp4: [19:30:30] /github/workspace/src/video/ffmpeg/threaded_decoder.cc:292: [19:30:30] /github/workspace/src/video/ffmpeg/threaded_decoder.cc:218: Check failed: avcodec_send_packet(dec_ctx_.get(), pkt.get()) >= 0 (-11 vs. 0) Thread worker: Error sending packet.
[19:30:30]   skipping _xxl5o-7-zE_1.mp4: [19:30:30] /github/workspace/src/video/ffmpeg/threaded_decoder.cc:292: [19:30:30] /github/workspace/src/video/ffmpeg/threaded_decoder.cc:218: Check failed: avcodec_send_packet(dec_ctx_.get(), pkt.get()) >= 0 (-11 vs. 0) Thread worker: Error sending packet.
[19:30:30]   skipping 8BhntKzc0TY_8.mp4: [19:30:30] /github/workspace/src/video/ffmpeg/threaded_decoder.cc:292: [19:30:30] /github/workspace/src/video/ffmpeg/threaded_decoder.cc:218: Check failed: avcodec_send_packet(dec_ctx_.get(), pkt.get()) >= 0 (-11 vs. 0) Thread worker: Error sending packet.
[19:30:30]   skipping fmF09VS_oyo_33.mp4: [19:30:30] /github/workspace/src/video/ffmpeg/threaded_decoder.cc:292: [19:30:30] /github/workspace/src/video/ffmpeg/threaded_decoder.cc:218: Check failed: avcodec_send_packet(dec_ctx_.get(), pkt.get()) >= 0 (-11 vs. 0) Thread worker: Error sending packet.
[19:30:30]   skipping dCwLaQ_JVe4_12.mp4: [19:30:30] /github/workspace/src/video/ffmpeg/threaded_decoder.cc:292: [19:30:30] /github/workspace/src/video/ffmpeg/threaded_decoder.cc:218: Check failed: avcodec_send_packet(dec_ctx_.get(), pkt.get()) >= 0 (-11 vs. 0) Thread worker: Error sending packet.
[19:30:30]   skipping u1nq7a-GrFk_4.mp4: [19:30:30] /github/workspace/src/video/video_reader.cc:151: Check failed: st_nb >= 0 (-1128613112 vs. 0) ERROR cannot find video stream with wanted index: -1
[19:30:31]   skipping L32u5GHo9uQ_11.mp4: [19:30:31] /github/workspace/src/video/video_reader.cc:151: Check failed: st_nb >= 0 (-1128613112 vs. 0) ERROR cannot find video stream with wanted index: -1
[19:30:31]   skipping ZsMxGbwfcXE_2.mp4: [19:30:31] /github/workspace/src/video/ffmpeg/threaded_decoder.cc:292: [19:30:31] /github/workspace/src/video/ffmpeg/threaded_decoder.cc:218: Check failed: avcodec_send_packet(dec_ctx_.get(), pkt.get()) >= 0 (-11 vs. 0) Thread worker: Error sending packet.
[19:30:33]   skipping 2kWhDth0Tik_72.mp4: [19:30:33] /github/workspace/src/video/video_reader.cc:151: Check failed: st_nb >= 0 (-1128613112 vs. 0) ERROR cannot find video stream with wanted index: -1
[19:30:33]   skipping ScRrg8a5fpI_6.mp4: [19:30:33] /github/workspace/src/video/ffmpeg/threaded_decoder.cc:292: [19:30:33] /github/workspace/src/video/ffmpeg/threaded_decoder.cc:218: Check failed: avcodec_send_packet(dec_ctx_.get(), pkt.get()) >= 0 (-11 vs. 0) Thread worker: Error sending packet.
[19:30:34]   skipping Rp3tde_n9jk_1.mp4: [19:30:34] /github/workspace/src/video/ffmpeg/threaded_decoder.cc:292: [19:30:34] /github/workspace/src/video/ffmpeg/threaded_decoder.cc:218: Check failed: avcodec_send_packet(dec_ctx_.get(), pkt.get()) >= 0 (-11 vs. 0) Thread worker: Error sending packet.
[19:30:35]   skipping Ngk1FDVd0rs_4.mp4: [19:30:35] /github/workspace/src/video/ffmpeg/threaded_decoder.cc:292: [19:30:35] /github/workspace/src/video/ffmpeg/threaded_decoder.cc:218: Check failed: avcodec_send_packet(dec_ctx_.get(), pkt.get()) >= 0 (-11 vs. 0) Thread worker: Error sending packet.
[19:30:35]   skipping BdCYG-hfGA8_40.mp4: [19:30:35] /github/workspace/src/video/video_reader.cc:151: Check failed: st_nb >= 0 (-1128613112 vs. 0) ERROR cannot find video stream with wanted index: -1
[19:30:36]   skipping Buvii64raoU_1.mp4: [19:30:36] /github/workspace/src/video/ffmpeg/threaded_decoder.cc:292: [19:30:36] /github/workspace/src/video/ffmpeg/threaded_decoder.cc:218: Check failed: avcodec_send_packet(dec_ctx_.get(), pkt.get()) >= 0 (-11 vs. 0) Thread worker: Error sending packet.
[19:30:36]   skipping joXOyrADBRE_8.mp4: [19:30:36] /github/workspace/src/video/ffmpeg/threaded_decoder.cc:292: [19:30:36] /github/workspace/src/video/ffmpeg/threaded_decoder.cc:218: Check failed: avcodec_send_packet(dec_ctx_.get(), pkt.get()) >= 0 (-11 vs. 0) Thread worker: Error sending packet.
[19:30:37]   skipping C22EGX5gwfI_4.mp4: [19:30:37] /github/workspace/src/video/ffmpeg/threaded_decoder.cc:292: [19:30:37] /github/workspace/src/video/ffmpeg/threaded_decoder.cc:218: Check failed: avcodec_send_packet(dec_ctx_.get(), pkt.get()) >= 0 (-11 vs. 0) Thread worker: Error sending packet.
[19:30:39]   skipping G29HvOWVln0_142.mp4: [19:30:39] /github/workspace/src/video/video_reader.cc:151: Check failed: st_nb >= 0 (-1128613112 vs. 0) ERROR cannot find video stream with wanted index: -1
[19:30:39]   skipping 85PQknw_hls_1.mp4: [19:30:39] /github/workspace/src/video/ffmpeg/threaded_decoder.cc:292: [19:30:39] /github/workspace/src/video/ffmpeg/threaded_decoder.cc:218: Check failed: avcodec_send_packet(dec_ctx_.get(), pkt.get()) >= 0 (-11 vs. 0) Thread worker: Error sending packet.
[19:30:40]   skipping ftsQYS1fkOs_71.mp4: [19:30:40] /github/workspace/src/video/video_reader.cc:151: Check failed: st_nb >= 0 (-1128613112 vs. 0) ERROR cannot find video stream with wanted index: -1
[19:30:40]   skipping LMgYK0TgajU_26.mp4: [19:30:40] /github/workspace/src/video/video_reader.cc:151: Check failed: st_nb >= 0 (-1128613112 vs. 0) ERROR cannot find video stream with wanted index: -1
[19:30:40]   skipping danm2Kgxozo_10.mp4: [19:30:40] /github/workspace/src/video/video_reader.cc:151: Check failed: st_nb >= 0 (-1128613112 vs. 0) ERROR cannot find video stream with wanted index: -1
[19:30:40]   skipping dsMQoZcCfns_16.mp4: [19:30:40] /github/workspace/src/video/ffmpeg/threaded_decoder.cc:292: [19:30:40] /github/workspace/src/video/ffmpeg/threaded_decoder.cc:218: Check failed: avcodec_send_packet(dec_ctx_.get(), pkt.get()) >= 0 (-11 vs. 0) Thread worker: Error sending packet.
[19:30:40]   skipping LjnRBI0HyFQ_6.mp4: [19:30:40] /github/workspace/src/video/ffmpeg/threaded_decoder.cc:292: [19:30:40] /github/workspace/src/video/ffmpeg/threaded_decoder.cc:218: Check failed: avcodec_send_packet(dec_ctx_.get(), pkt.get()) >= 0 (-11 vs. 0) Thread worker: Error sending packet.
[19:30:41]   step 1200: val_loss_ce=1.6291 val_loss_latent=0.2158 val_loss_total=1.6507 (n=200, 55.1s)
[19:30:42] ======================================================================
[19:30:42] Checkpoint step 1400: /scratch/users/anirban/tamaghnam/latentvans/checkpoints/stage0_run1/step_1400
[19:30:42] ======================================================================
[19:30:44] added 3 latent-reasoning special tokens; vocab size now 151668
[19:30:45] resumed LoRA adapter (+ embed_tokens/lm_head) from /scratch/users/anirban/tamaghnam/latentvans/checkpoints/stage0_run1/step_1400
trainable params: 624,918,528 || all params: 4,378,992,640 || trainable%: 14.2708
[19:30:45] vision-tower target embedding dim confirmed: 2048 (matches QWEN_HIDDEN_SIZE)
[19:30:45] validation stream: 1447 row(s) usable
[19:30:47]   skipping c1pQ19a8pMM_5.mp4: [19:30:47] /github/workspace/src/video/video_reader.cc:151: Check failed: st_nb >= 0 (-1128613112 vs. 0) ERROR cannot find video stream with wanted index: -1
[19:30:48]   skipping 6m7CwarmCo4_5.mp4: [19:30:48] /github/workspace/src/video/ffmpeg/threaded_decoder.cc:292: [19:30:48] /github/workspace/src/video/ffmpeg/threaded_decoder.cc:218: Check failed: avcodec_send_packet(dec_ctx_.get(), pkt.get()) >= 0 (-11 vs. 0) Thread worker: Error sending packet.
[19:30:48]   skipping mWY35fsCUgo_6.mp4: [19:30:48] /github/workspace/src/video/ffmpeg/threaded_decoder.cc:292: [19:30:48] /github/workspace/src/video/ffmpeg/threaded_decoder.cc:218: Check failed: avcodec_send_packet(dec_ctx_.get(), pkt.get()) >= 0 (-11 vs. 0) Thread worker: Error sending packet.
[19:30:50]   skipping DA6YnIZRTX8_7.mp4: [19:30:50] /github/workspace/src/video/ffmpeg/threaded_decoder.cc:292: [19:30:50] /github/workspace/src/video/ffmpeg/threaded_decoder.cc:218: Check failed: avcodec_send_packet(dec_ctx_.get(), pkt.get()) >= 0 (-11 vs. 0) Thread worker: Error sending packet.
[19:30:52]   skipping IF6iBVGKREo_91.mp4: [19:30:52] /github/workspace/src/video/video_reader.cc:151: Check failed: st_nb >= 0 (-1128613112 vs. 0) ERROR cannot find video stream with wanted index: -1
[19:30:52]   skipping Jo4XXm8OUP4_12.mp4: [19:30:52] /github/workspace/src/video/video_reader.cc:151: Check failed: st_nb >= 0 (-1128613112 vs. 0) ERROR cannot find video stream with wanted index: -1
[19:30:52]   skipping nZBk1GObVuk_0.mp4: [19:30:52] /github/workspace/src/video/ffmpeg/threaded_decoder.cc:292: [19:30:52] /github/workspace/src/video/ffmpeg/threaded_decoder.cc:218: Check failed: avcodec_send_packet(dec_ctx_.get(), pkt.get()) >= 0 (-11 vs. 0) Thread worker: Error sending packet.
[19:30:52]   skipping OX5lX2yOr0M_88.mp4: [19:30:52] /github/workspace/src/video/video_reader.cc:151: Check failed: st_nb >= 0 (-1128613112 vs. 0) ERROR cannot find video stream with wanted index: -1
[19:30:52]   skipping QN3t9ngsVyM_7.mp4: [19:30:52] /github/workspace/src/video/ffmpeg/threaded_decoder.cc:292: [19:30:52] /github/workspace/src/video/ffmpeg/threaded_decoder.cc:218: Check failed: avcodec_send_packet(dec_ctx_.get(), pkt.get()) >= 0 (-11 vs. 0) Thread worker: Error sending packet.
[19:30:53]   skipping MPhysZLZbls_3.mp4: [19:30:53] /github/workspace/src/video/ffmpeg/threaded_decoder.cc:292: [19:30:53] /github/workspace/src/video/ffmpeg/threaded_decoder.cc:218: Check failed: avcodec_send_packet(dec_ctx_.get(), pkt.get()) >= 0 (-11 vs. 0) Thread worker: Error sending packet.
[19:30:54]   skipping 3U1ZrW-l7Ns_3.mp4: [19:30:54] /github/workspace/src/video/ffmpeg/threaded_decoder.cc:292: [19:30:54] /github/workspace/src/video/ffmpeg/threaded_decoder.cc:218: Check failed: avcodec_send_packet(dec_ctx_.get(), pkt.get()) >= 0 (-11 vs. 0) Thread worker: Error sending packet.
[19:30:54]   skipping v_1UO1GTsg0_60.mp4: [19:30:54] /github/workspace/src/video/video_reader.cc:151: Check failed: st_nb >= 0 (-1128613112 vs. 0) ERROR cannot find video stream with wanted index: -1
[19:30:55]   skipping we18JQrdzNM_5.mp4: [19:30:55] /github/workspace/src/video/ffmpeg/threaded_decoder.cc:292: [19:30:55] /github/workspace/src/video/ffmpeg/threaded_decoder.cc:218: Check failed: avcodec_send_packet(dec_ctx_.get(), pkt.get()) >= 0 (-11 vs. 0) Thread worker: Error sending packet.
[19:30:55]   skipping kXrhcA8wl5E_1.mp4: [19:30:55] /github/workspace/src/video/ffmpeg/threaded_decoder.cc:292: [19:30:55] /github/workspace/src/video/ffmpeg/threaded_decoder.cc:218: Check failed: avcodec_send_packet(dec_ctx_.get(), pkt.get()) >= 0 (-11 vs. 0) Thread worker: Error sending packet.
[19:30:56]   skipping LeKS3lZM9N8_41.mp4: [19:30:56] /github/workspace/src/video/video_reader.cc:151: Check failed: st_nb >= 0 (-1128613112 vs. 0) ERROR cannot find video stream with wanted index: -1
[19:30:57]   skipping yyg6-NUkYCg_7.mp4: [19:30:57] /github/workspace/src/video/ffmpeg/threaded_decoder.cc:292: [19:30:57] /github/workspace/src/video/ffmpeg/threaded_decoder.cc:218: Check failed: avcodec_send_packet(dec_ctx_.get(), pkt.get()) >= 0 (-11 vs. 0) Thread worker: Error sending packet.
[19:30:57]   skipping f8pjSfCh8as_77.mp4: [19:30:57] /github/workspace/src/video/ffmpeg/threaded_decoder.cc:292: [19:30:57] /github/workspace/src/video/ffmpeg/threaded_decoder.cc:218: Check failed: avcodec_send_packet(dec_ctx_.get(), pkt.get()) >= 0 (-11 vs. 0) Thread worker: Error sending packet.
[19:30:57]   skipping MW41EAmaWAE_49.mp4: [19:30:57] /github/workspace/src/video/video_reader.cc:151: Check failed: st_nb >= 0 (-1128613112 vs. 0) ERROR cannot find video stream with wanted index: -1
[19:30:57]   skipping dJNduDhBIYA_16.mp4: [19:30:57] /github/workspace/src/video/video_reader.cc:151: Check failed: st_nb >= 0 (-1128613112 vs. 0) ERROR cannot find video stream with wanted index: -1
[19:30:57]   skipping Za0TBlSOIOw_2.mp4: [19:30:57] /github/workspace/src/video/video_reader.cc:151: Check failed: st_nb >= 0 (-1128613112 vs. 0) ERROR cannot find video stream with wanted index: -1
[19:30:58]   skipping Rj2fVXY7auI_4.mp4: [19:30:58] /github/workspace/src/video/ffmpeg/threaded_decoder.cc:292: [19:30:58] /github/workspace/src/video/ffmpeg/threaded_decoder.cc:218: Check failed: avcodec_send_packet(dec_ctx_.get(), pkt.get()) >= 0 (-11 vs. 0) Thread worker: Error sending packet.
[19:30:58]   skipping s0lCx-poYe0_18.mp4: [19:30:58] /github/workspace/src/video/video_reader.cc:151: Check failed: st_nb >= 0 (-1128613112 vs. 0) ERROR cannot find video stream with wanted index: -1
[19:30:59]   skipping 8pwRyKcqqhk_2.mp4: [19:30:59] /github/workspace/src/video/ffmpeg/threaded_decoder.cc:292: [19:30:59] /github/workspace/src/video/ffmpeg/threaded_decoder.cc:218: Check failed: avcodec_send_packet(dec_ctx_.get(), pkt.get()) >= 0 (-11 vs. 0) Thread worker: Error sending packet.
[19:30:59]   skipping dvQ0sBZ1-nI_3.mp4: [19:30:59] /github/workspace/src/video/ffmpeg/threaded_decoder.cc:292: [19:30:59] /github/workspace/src/video/ffmpeg/threaded_decoder.cc:218: Check failed: avcodec_send_packet(dec_ctx_.get(), pkt.get()) >= 0 (-11 vs. 0) Thread worker: Error sending packet.
[19:30:59]   skipping SuphEZDxSI8_18.mp4: [19:30:59] /github/workspace/src/video/ffmpeg/threaded_decoder.cc:292: [19:30:59] /github/workspace/src/video/ffmpeg/threaded_decoder.cc:218: Check failed: avcodec_send_packet(dec_ctx_.get(), pkt.get()) >= 0 (-11 vs. 0) Thread worker: Error sending packet.
[19:30:59]   skipping ksU6Ii668Qk_2.mp4: [19:30:59] /github/workspace/src/video/video_reader.cc:151: Check failed: st_nb >= 0 (-1128613112 vs. 0) ERROR cannot find video stream with wanted index: -1
[19:30:59]   skipping OAd1Y7UbxTg_1.mp4: [19:30:59] /github/workspace/src/video/ffmpeg/threaded_decoder.cc:292: [19:30:59] /github/workspace/src/video/ffmpeg/threaded_decoder.cc:218: Check failed: avcodec_send_packet(dec_ctx_.get(), pkt.get()) >= 0 (-11 vs. 0) Thread worker: Error sending packet.
[19:31:01]   skipping ZymSrDfLhW8_43.mp4: [19:31:01] /github/workspace/src/video/video_reader.cc:151: Check failed: st_nb >= 0 (-1128613112 vs. 0) ERROR cannot find video stream with wanted index: -1
[19:31:01]   skipping yU8-TOldiyE_62.mp4: [19:31:01] /github/workspace/src/video/video_reader.cc:151: Check failed: st_nb >= 0 (-1128613112 vs. 0) ERROR cannot find video stream with wanted index: -1
[19:31:02]   skipping hZ1mAXpd1cY_71.mp4: [19:31:02] /github/workspace/src/video/video_reader.cc:151: Check failed: st_nb >= 0 (-1128613112 vs. 0) ERROR cannot find video stream with wanted index: -1
[19:31:02]   skipping vAYb7klhj8k_8.mp4: [19:31:02] /github/workspace/src/video/ffmpeg/threaded_decoder.cc:292: [19:31:02] /github/workspace/src/video/ffmpeg/threaded_decoder.cc:218: Check failed: avcodec_send_packet(dec_ctx_.get(), pkt.get()) >= 0 (-11 vs. 0) Thread worker: Error sending packet.
[19:31:02]   skipping Rs4Hg69vhqQ_4.mp4: [19:31:02] /github/workspace/src/video/ffmpeg/threaded_decoder.cc:292: [19:31:02] /github/workspace/src/video/ffmpeg/threaded_decoder.cc:218: Check failed: avcodec_send_packet(dec_ctx_.get(), pkt.get()) >= 0 (-11 vs. 0) Thread worker: Error sending packet.
[19:31:03]   skipping X_cItpBBO6M_5.mp4: [19:31:03] /github/workspace/src/video/ffmpeg/threaded_decoder.cc:292: [19:31:03] /github/workspace/src/video/ffmpeg/threaded_decoder.cc:218: Check failed: avcodec_send_packet(dec_ctx_.get(), pkt.get()) >= 0 (-11 vs. 0) Thread worker: Error sending packet.
[19:31:04]   skipping 8UNYXycC1yM_12.mp4: [19:31:04] /github/workspace/src/video/ffmpeg/threaded_decoder.cc:292: [19:31:04] /github/workspace/src/video/ffmpeg/threaded_decoder.cc:218: Check failed: avcodec_send_packet(dec_ctx_.get(), pkt.get()) >= 0 (-11 vs. 0) Thread worker: Error sending packet.
[19:31:08]   skipping bERjl3VRKQo_5.mp4: [19:31:08] /github/workspace/src/video/ffmpeg/threaded_decoder.cc:292: [19:31:08] /github/workspace/src/video/ffmpeg/threaded_decoder.cc:218: Check failed: avcodec_send_packet(dec_ctx_.get(), pkt.get()) >= 0 (-11 vs. 0) Thread worker: Error sending packet.
[19:31:08]   skipping Vj4f0Jjyy0w_35.mp4: [19:31:08] /github/workspace/src/video/ffmpeg/threaded_decoder.cc:292: [19:31:08] /github/workspace/src/video/ffmpeg/threaded_decoder.cc:218: Check failed: avcodec_send_packet(dec_ctx_.get(), pkt.get()) >= 0 (-11 vs. 0) Thread worker: Error sending packet.
[19:31:08]   skipping daYmVkHtkeU_5.mp4: [19:31:08] /github/workspace/src/video/video_reader.cc:151: Check failed: st_nb >= 0 (-1128613112 vs. 0) ERROR cannot find video stream with wanted index: -1
[19:31:08]   skipping a6Yltl1nVPk_18.mp4: [19:31:08] /github/workspace/src/video/video_reader.cc:151: Check failed: st_nb >= 0 (-1128613112 vs. 0) ERROR cannot find video stream with wanted index: -1
[19:31:10]   skipping Vn6dEcyr_WE_0.mp4: [19:31:10] /github/workspace/src/video/ffmpeg/threaded_decoder.cc:292: [19:31:10] /github/workspace/src/video/ffmpeg/threaded_decoder.cc:218: Check failed: avcodec_send_packet(dec_ctx_.get(), pkt.get()) >= 0 (-11 vs. 0) Thread worker: Error sending packet.
[19:31:11]   skipping 5oEGhFvW8vk_80.mp4: [19:31:11] /github/workspace/src/video/video_reader.cc:151: Check failed: st_nb >= 0 (-1128613112 vs. 0) ERROR cannot find video stream with wanted index: -1
[19:31:12]   skipping zrjiSnV-m40_23.mp4: [19:31:12] /github/workspace/src/video/ffmpeg/threaded_decoder.cc:292: [19:31:12] /github/workspace/src/video/ffmpeg/threaded_decoder.cc:218: Check failed: avcodec_send_packet(dec_ctx_.get(), pkt.get()) >= 0 (-11 vs. 0) Thread worker: Error sending packet.
[19:31:13]   skipping F2QAMwDkHZw_629.mp4: [19:31:13] /github/workspace/src/video/video_reader.cc:151: Check failed: st_nb >= 0 (-1128613112 vs. 0) ERROR cannot find video stream with wanted index: -1
[19:31:13]   skipping LZ4Q2W5XaL0_0.mp4: [19:31:13] /github/workspace/src/video/video_reader.cc:151: Check failed: st_nb >= 0 (-1128613112 vs. 0) ERROR cannot find video stream with wanted index: -1
[19:31:13]   skipping OMGO51u4ou4_4.mp4: [19:31:13] /github/workspace/src/video/video_reader.cc:151: Check failed: st_nb >= 0 (-1128613112 vs. 0) ERROR cannot find video stream with wanted index: -1
[19:31:14]   skipping FuHJQatc-PE_2.mp4: [19:31:14] /github/workspace/src/video/video_reader.cc:151: Check failed: st_nb >= 0 (-1128613112 vs. 0) ERROR cannot find video stream with wanted index: -1
[19:31:15]   skipping KB7doYrBdBk_2.mp4: [19:31:15] /github/workspace/src/video/ffmpeg/threaded_decoder.cc:292: [19:31:15] /github/workspace/src/video/ffmpeg/threaded_decoder.cc:218: Check failed: avcodec_send_packet(dec_ctx_.get(), pkt.get()) >= 0 (-11 vs. 0) Thread worker: Error sending packet.
[19:31:15]   skipping myfoGCgzaTA_11.mp4: [19:31:15] /github/workspace/src/video/ffmpeg/threaded_decoder.cc:292: [19:31:15] /github/workspace/src/video/ffmpeg/threaded_decoder.cc:218: Check failed: avcodec_send_packet(dec_ctx_.get(), pkt.get()) >= 0 (-11 vs. 0) Thread worker: Error sending packet.
[19:31:15]   skipping QCUuBDTV8YY_24.mp4: [19:31:15] /github/workspace/src/video/ffmpeg/threaded_decoder.cc:292: [19:31:15] /github/workspace/src/video/ffmpeg/threaded_decoder.cc:218: Check failed: avcodec_send_packet(dec_ctx_.get(), pkt.get()) >= 0 (-11 vs. 0) Thread worker: Error sending packet.
[19:31:15]   skipping -nahoWMJM1E_3.mp4: [19:31:15] /github/workspace/src/video/ffmpeg/threaded_decoder.cc:292: [19:31:15] /github/workspace/src/video/ffmpeg/threaded_decoder.cc:218: Check failed: avcodec_send_packet(dec_ctx_.get(), pkt.get()) >= 0 (-11 vs. 0) Thread worker: Error sending packet.
[19:31:15]   skipping 8XWPQX9LVoU_22.mp4: [19:31:15] /github/workspace/src/video/ffmpeg/threaded_decoder.cc:292: [19:31:15] /github/workspace/src/video/ffmpeg/threaded_decoder.cc:218: Check failed: avcodec_send_packet(dec_ctx_.get(), pkt.get()) >= 0 (-11 vs. 0) Thread worker: Error sending packet.
[19:31:16]   skipping KozSjyNnAH4_33.mp4: [19:31:16] /github/workspace/src/video/video_reader.cc:151: Check failed: st_nb >= 0 (-1128613112 vs. 0) ERROR cannot find video stream with wanted index: -1
[19:31:16]   skipping ooZRK8q-27Y_2.mp4: [19:31:16] /github/workspace/src/video/video_reader.cc:151: Check failed: st_nb >= 0 (-1128613112 vs. 0) ERROR cannot find video stream with wanted index: -1
[19:31:16]   skipping nZbmaDfYIs8_6.mp4: [19:31:16] /github/workspace/src/video/ffmpeg/threaded_decoder.cc:292: [19:31:16] /github/workspace/src/video/ffmpeg/threaded_decoder.cc:218: Check failed: avcodec_send_packet(dec_ctx_.get(), pkt.get()) >= 0 (-11 vs. 0) Thread worker: Error sending packet.
[19:31:17]   skipping Fil0i6xKNG8_7.mp4: [19:31:17] /github/workspace/src/video/ffmpeg/threaded_decoder.cc:292: [19:31:17] /github/workspace/src/video/ffmpeg/threaded_decoder.cc:218: Check failed: avcodec_send_packet(dec_ctx_.get(), pkt.get()) >= 0 (-11 vs. 0) Thread worker: Error sending packet.
[19:31:20]   skipping nmXmslnHoFU_16.mp4: [19:31:20] /github/workspace/src/video/ffmpeg/threaded_decoder.cc:292: [19:31:20] /github/workspace/src/video/ffmpeg/threaded_decoder.cc:218: Check failed: avcodec_send_packet(dec_ctx_.get(), pkt.get()) >= 0 (-11 vs. 0) Thread worker: Error sending packet.
[19:31:21]   skipping ydRISDRNyCM_0.mp4: [19:31:21] /github/workspace/src/video/ffmpeg/threaded_decoder.cc:292: [19:31:21] /github/workspace/src/video/ffmpeg/threaded_decoder.cc:218: Check failed: avcodec_send_packet(dec_ctx_.get(), pkt.get()) >= 0 (-11 vs. 0) Thread worker: Error sending packet.
[19:31:23]   skipping 3t0tjJACoz0_3.mp4: [19:31:23] /github/workspace/src/video/ffmpeg/threaded_decoder.cc:292: [19:31:23] /github/workspace/src/video/ffmpeg/threaded_decoder.cc:218: Check failed: avcodec_send_packet(dec_ctx_.get(), pkt.get()) >= 0 (-11 vs. 0) Thread worker: Error sending packet.
[19:31:23]   skipping 63HDsjAOmR0_63.mp4: [19:31:23] /github/workspace/src/video/video_reader.cc:151: Check failed: st_nb >= 0 (-1128613112 vs. 0) ERROR cannot find video stream with wanted index: -1
[19:31:25]   skipping zFEpjVaPFJo_0.mp4: [19:31:25] /github/workspace/src/video/ffmpeg/threaded_decoder.cc:292: [19:31:25] /github/workspace/src/video/ffmpeg/threaded_decoder.cc:218: Check failed: avcodec_send_packet(dec_ctx_.get(), pkt.get()) >= 0 (-11 vs. 0) Thread worker: Error sending packet.
[19:31:25]   skipping 6qgCC63H9yI_40.mp4: [19:31:25] /github/workspace/src/video/ffmpeg/threaded_decoder.cc:292: [19:31:25] /github/workspace/src/video/ffmpeg/threaded_decoder.cc:218: Check failed: avcodec_send_packet(dec_ctx_.get(), pkt.get()) >= 0 (-11 vs. 0) Thread worker: Error sending packet.
[19:31:25]   skipping NTKUo1-0cQY_15.mp4: [19:31:25] /github/workspace/src/video/video_reader.cc:151: Check failed: st_nb >= 0 (-1128613112 vs. 0) ERROR cannot find video stream with wanted index: -1
[19:31:26]   skipping -RJ6USD2nEU_3.mp4: [19:31:26] /github/workspace/src/video/video_reader.cc:151: Check failed: st_nb >= 0 (-1128613112 vs. 0) ERROR cannot find video stream with wanted index: -1
[19:31:27]   skipping fazhSHz4WUM_7.mp4: [19:31:27] /github/workspace/src/video/ffmpeg/threaded_decoder.cc:292: [19:31:27] /github/workspace/src/video/ffmpeg/threaded_decoder.cc:218: Check failed: avcodec_send_packet(dec_ctx_.get(), pkt.get()) >= 0 (-11 vs. 0) Thread worker: Error sending packet.
[19:31:28]   skipping rCo5sX6D9M8_1.mp4: [19:31:28] /github/workspace/src/video/ffmpeg/threaded_decoder.cc:292: [19:31:28] /github/workspace/src/video/ffmpeg/threaded_decoder.cc:218: Check failed: avcodec_send_packet(dec_ctx_.get(), pkt.get()) >= 0 (-11 vs. 0) Thread worker: Error sending packet.
[19:31:29]   skipping wpsgfdtNMWk_2.mp4: [19:31:29] /github/workspace/src/video/ffmpeg/threaded_decoder.cc:292: [19:31:29] /github/workspace/src/video/ffmpeg/threaded_decoder.cc:218: Check failed: avcodec_send_packet(dec_ctx_.get(), pkt.get()) >= 0 (-11 vs. 0) Thread worker: Error sending packet.
[19:31:29]   skipping _xxl5o-7-zE_1.mp4: [19:31:29] /github/workspace/src/video/ffmpeg/threaded_decoder.cc:292: [19:31:29] /github/workspace/src/video/ffmpeg/threaded_decoder.cc:218: Check failed: avcodec_send_packet(dec_ctx_.get(), pkt.get()) >= 0 (-11 vs. 0) Thread worker: Error sending packet.
[19:31:29]   skipping 8BhntKzc0TY_8.mp4: [19:31:29] /github/workspace/src/video/ffmpeg/threaded_decoder.cc:292: [19:31:29] /github/workspace/src/video/ffmpeg/threaded_decoder.cc:218: Check failed: avcodec_send_packet(dec_ctx_.get(), pkt.get()) >= 0 (-11 vs. 0) Thread worker: Error sending packet.
[19:31:29]   skipping fmF09VS_oyo_33.mp4: [19:31:29] /github/workspace/src/video/ffmpeg/threaded_decoder.cc:292: [19:31:29] /github/workspace/src/video/ffmpeg/threaded_decoder.cc:218: Check failed: avcodec_send_packet(dec_ctx_.get(), pkt.get()) >= 0 (-11 vs. 0) Thread worker: Error sending packet.
[19:31:30]   skipping dCwLaQ_JVe4_12.mp4: [19:31:30] /github/workspace/src/video/ffmpeg/threaded_decoder.cc:292: [19:31:30] /github/workspace/src/video/ffmpeg/threaded_decoder.cc:218: Check failed: avcodec_send_packet(dec_ctx_.get(), pkt.get()) >= 0 (-11 vs. 0) Thread worker: Error sending packet.
[19:31:30]   skipping u1nq7a-GrFk_4.mp4: [19:31:30] /github/workspace/src/video/video_reader.cc:151: Check failed: st_nb >= 0 (-1128613112 vs. 0) ERROR cannot find video stream with wanted index: -1
[19:31:30]   skipping L32u5GHo9uQ_11.mp4: [19:31:30] /github/workspace/src/video/video_reader.cc:151: Check failed: st_nb >= 0 (-1128613112 vs. 0) ERROR cannot find video stream with wanted index: -1
[19:31:30]   skipping ZsMxGbwfcXE_2.mp4: [19:31:30] /github/workspace/src/video/ffmpeg/threaded_decoder.cc:292: [19:31:30] /github/workspace/src/video/ffmpeg/threaded_decoder.cc:218: Check failed: avcodec_send_packet(dec_ctx_.get(), pkt.get()) >= 0 (-11 vs. 0) Thread worker: Error sending packet.
[19:31:32]   skipping 2kWhDth0Tik_72.mp4: [19:31:32] /github/workspace/src/video/video_reader.cc:151: Check failed: st_nb >= 0 (-1128613112 vs. 0) ERROR cannot find video stream with wanted index: -1
[19:31:33]   skipping ScRrg8a5fpI_6.mp4: [19:31:33] /github/workspace/src/video/ffmpeg/threaded_decoder.cc:292: [19:31:33] /github/workspace/src/video/ffmpeg/threaded_decoder.cc:218: Check failed: avcodec_send_packet(dec_ctx_.get(), pkt.get()) >= 0 (-11 vs. 0) Thread worker: Error sending packet.
[19:31:33]   skipping Rp3tde_n9jk_1.mp4: [19:31:33] /github/workspace/src/video/ffmpeg/threaded_decoder.cc:292: [19:31:33] /github/workspace/src/video/ffmpeg/threaded_decoder.cc:218: Check failed: avcodec_send_packet(dec_ctx_.get(), pkt.get()) >= 0 (-11 vs. 0) Thread worker: Error sending packet.
[19:31:34]   skipping Ngk1FDVd0rs_4.mp4: [19:31:34] /github/workspace/src/video/ffmpeg/threaded_decoder.cc:292: [19:31:34] /github/workspace/src/video/ffmpeg/threaded_decoder.cc:218: Check failed: avcodec_send_packet(dec_ctx_.get(), pkt.get()) >= 0 (-11 vs. 0) Thread worker: Error sending packet.
[19:31:34]   skipping BdCYG-hfGA8_40.mp4: [19:31:34] /github/workspace/src/video/video_reader.cc:151: Check failed: st_nb >= 0 (-1128613112 vs. 0) ERROR cannot find video stream with wanted index: -1
[19:31:35]   skipping Buvii64raoU_1.mp4: [19:31:35] /github/workspace/src/video/ffmpeg/threaded_decoder.cc:292: [19:31:35] /github/workspace/src/video/ffmpeg/threaded_decoder.cc:218: Check failed: avcodec_send_packet(dec_ctx_.get(), pkt.get()) >= 0 (-11 vs. 0) Thread worker: Error sending packet.
[19:31:35]   skipping joXOyrADBRE_8.mp4: [19:31:35] /github/workspace/src/video/ffmpeg/threaded_decoder.cc:292: [19:31:35] /github/workspace/src/video/ffmpeg/threaded_decoder.cc:218: Check failed: avcodec_send_packet(dec_ctx_.get(), pkt.get()) >= 0 (-11 vs. 0) Thread worker: Error sending packet.
[19:31:36]   skipping C22EGX5gwfI_4.mp4: [19:31:36] /github/workspace/src/video/ffmpeg/threaded_decoder.cc:292: [19:31:36] /github/workspace/src/video/ffmpeg/threaded_decoder.cc:218: Check failed: avcodec_send_packet(dec_ctx_.get(), pkt.get()) >= 0 (-11 vs. 0) Thread worker: Error sending packet.
[19:31:38]   skipping G29HvOWVln0_142.mp4: [19:31:38] /github/workspace/src/video/video_reader.cc:151: Check failed: st_nb >= 0 (-1128613112 vs. 0) ERROR cannot find video stream with wanted index: -1
[19:31:38]   skipping 85PQknw_hls_1.mp4: [19:31:38] /github/workspace/src/video/ffmpeg/threaded_decoder.cc:292: [19:31:38] /github/workspace/src/video/ffmpeg/threaded_decoder.cc:218: Check failed: avcodec_send_packet(dec_ctx_.get(), pkt.get()) >= 0 (-11 vs. 0) Thread worker: Error sending packet.
[19:31:39]   skipping ftsQYS1fkOs_71.mp4: [19:31:39] /github/workspace/src/video/video_reader.cc:151: Check failed: st_nb >= 0 (-1128613112 vs. 0) ERROR cannot find video stream with wanted index: -1
[19:31:39]   skipping LMgYK0TgajU_26.mp4: [19:31:39] /github/workspace/src/video/video_reader.cc:151: Check failed: st_nb >= 0 (-1128613112 vs. 0) ERROR cannot find video stream with wanted index: -1
[19:31:39]   skipping danm2Kgxozo_10.mp4: [19:31:39] /github/workspace/src/video/video_reader.cc:151: Check failed: st_nb >= 0 (-1128613112 vs. 0) ERROR cannot find video stream with wanted index: -1
[19:31:39]   skipping dsMQoZcCfns_16.mp4: [19:31:39] /github/workspace/src/video/ffmpeg/threaded_decoder.cc:292: [19:31:39] /github/workspace/src/video/ffmpeg/threaded_decoder.cc:218: Check failed: avcodec_send_packet(dec_ctx_.get(), pkt.get()) >= 0 (-11 vs. 0) Thread worker: Error sending packet.
[19:31:39]   skipping LjnRBI0HyFQ_6.mp4: [19:31:39] /github/workspace/src/video/ffmpeg/threaded_decoder.cc:292: [19:31:39] /github/workspace/src/video/ffmpeg/threaded_decoder.cc:218: Check failed: avcodec_send_packet(dec_ctx_.get(), pkt.get()) >= 0 (-11 vs. 0) Thread worker: Error sending packet.
[19:31:40]   step 1400: val_loss_ce=1.6874 val_loss_latent=0.2140 val_loss_total=1.7088 (n=200, 55.0s)
[19:31:41] ======================================================================
[19:31:41] Checkpoint step 1600: /scratch/users/anirban/tamaghnam/latentvans/checkpoints/stage0_run1/step_1600
[19:31:41] ======================================================================
[19:31:43] added 3 latent-reasoning special tokens; vocab size now 151668
[19:31:44] resumed LoRA adapter (+ embed_tokens/lm_head) from /scratch/users/anirban/tamaghnam/latentvans/checkpoints/stage0_run1/step_1600
trainable params: 624,918,528 || all params: 4,378,992,640 || trainable%: 14.2708
[19:31:44] vision-tower target embedding dim confirmed: 2048 (matches QWEN_HIDDEN_SIZE)
[19:31:44] validation stream: 1447 row(s) usable
[19:31:46]   skipping c1pQ19a8pMM_5.mp4: [19:31:46] /github/workspace/src/video/video_reader.cc:151: Check failed: st_nb >= 0 (-1128613112 vs. 0) ERROR cannot find video stream with wanted index: -1
[19:31:47]   skipping 6m7CwarmCo4_5.mp4: [19:31:47] /github/workspace/src/video/ffmpeg/threaded_decoder.cc:292: [19:31:47] /github/workspace/src/video/ffmpeg/threaded_decoder.cc:218: Check failed: avcodec_send_packet(dec_ctx_.get(), pkt.get()) >= 0 (-11 vs. 0) Thread worker: Error sending packet.
[19:31:47]   skipping mWY35fsCUgo_6.mp4: [19:31:47] /github/workspace/src/video/ffmpeg/threaded_decoder.cc:292: [19:31:47] /github/workspace/src/video/ffmpeg/threaded_decoder.cc:218: Check failed: avcodec_send_packet(dec_ctx_.get(), pkt.get()) >= 0 (-11 vs. 0) Thread worker: Error sending packet.
[19:31:49]   skipping DA6YnIZRTX8_7.mp4: [19:31:49] /github/workspace/src/video/ffmpeg/threaded_decoder.cc:292: [19:31:49] /github/workspace/src/video/ffmpeg/threaded_decoder.cc:218: Check failed: avcodec_send_packet(dec_ctx_.get(), pkt.get()) >= 0 (-11 vs. 0) Thread worker: Error sending packet.
[19:31:51]   skipping IF6iBVGKREo_91.mp4: [19:31:51] /github/workspace/src/video/video_reader.cc:151: Check failed: st_nb >= 0 (-1128613112 vs. 0) ERROR cannot find video stream with wanted index: -1
[19:31:51]   skipping Jo4XXm8OUP4_12.mp4: [19:31:51] /github/workspace/src/video/video_reader.cc:151: Check failed: st_nb >= 0 (-1128613112 vs. 0) ERROR cannot find video stream with wanted index: -1
[19:31:51]   skipping nZBk1GObVuk_0.mp4: [19:31:51] /github/workspace/src/video/ffmpeg/threaded_decoder.cc:292: [19:31:51] /github/workspace/src/video/ffmpeg/threaded_decoder.cc:218: Check failed: avcodec_send_packet(dec_ctx_.get(), pkt.get()) >= 0 (-11 vs. 0) Thread worker: Error sending packet.
[19:31:51]   skipping OX5lX2yOr0M_88.mp4: [19:31:51] /github/workspace/src/video/video_reader.cc:151: Check failed: st_nb >= 0 (-1128613112 vs. 0) ERROR cannot find video stream with wanted index: -1
[19:31:51]   skipping QN3t9ngsVyM_7.mp4: [19:31:51] /github/workspace/src/video/ffmpeg/threaded_decoder.cc:292: [19:31:51] /github/workspace/src/video/ffmpeg/threaded_decoder.cc:218: Check failed: avcodec_send_packet(dec_ctx_.get(), pkt.get()) >= 0 (-11 vs. 0) Thread worker: Error sending packet.
[19:31:52]   skipping MPhysZLZbls_3.mp4: [19:31:52] /github/workspace/src/video/ffmpeg/threaded_decoder.cc:292: [19:31:52] /github/workspace/src/video/ffmpeg/threaded_decoder.cc:218: Check failed: avcodec_send_packet(dec_ctx_.get(), pkt.get()) >= 0 (-11 vs. 0) Thread worker: Error sending packet.
[19:31:53]   skipping 3U1ZrW-l7Ns_3.mp4: [19:31:53] /github/workspace/src/video/ffmpeg/threaded_decoder.cc:292: [19:31:53] /github/workspace/src/video/ffmpeg/threaded_decoder.cc:218: Check failed: avcodec_send_packet(dec_ctx_.get(), pkt.get()) >= 0 (-11 vs. 0) Thread worker: Error sending packet.
[19:31:53]   skipping v_1UO1GTsg0_60.mp4: [19:31:53] /github/workspace/src/video/video_reader.cc:151: Check failed: st_nb >= 0 (-1128613112 vs. 0) ERROR cannot find video stream with wanted index: -1
[19:31:53]   skipping we18JQrdzNM_5.mp4: [19:31:53] /github/workspace/src/video/ffmpeg/threaded_decoder.cc:292: [19:31:53] /github/workspace/src/video/ffmpeg/threaded_decoder.cc:218: Check failed: avcodec_send_packet(dec_ctx_.get(), pkt.get()) >= 0 (-11 vs. 0) Thread worker: Error sending packet.
[19:31:54]   skipping kXrhcA8wl5E_1.mp4: [19:31:54] /github/workspace/src/video/ffmpeg/threaded_decoder.cc:292: [19:31:54] /github/workspace/src/video/ffmpeg/threaded_decoder.cc:218: Check failed: avcodec_send_packet(dec_ctx_.get(), pkt.get()) >= 0 (-11 vs. 0) Thread worker: Error sending packet.
[19:31:54]   skipping LeKS3lZM9N8_41.mp4: [19:31:54] /github/workspace/src/video/video_reader.cc:151: Check failed: st_nb >= 0 (-1128613112 vs. 0) ERROR cannot find video stream with wanted index: -1
[19:31:55]   skipping yyg6-NUkYCg_7.mp4: [19:31:55] /github/workspace/src/video/ffmpeg/threaded_decoder.cc:292: [19:31:55] /github/workspace/src/video/ffmpeg/threaded_decoder.cc:218: Check failed: avcodec_send_packet(dec_ctx_.get(), pkt.get()) >= 0 (-11 vs. 0) Thread worker: Error sending packet.
[19:31:55]   skipping f8pjSfCh8as_77.mp4: [19:31:55] /github/workspace/src/video/ffmpeg/threaded_decoder.cc:292: [19:31:55] /github/workspace/src/video/ffmpeg/threaded_decoder.cc:218: Check failed: avcodec_send_packet(dec_ctx_.get(), pkt.get()) >= 0 (-11 vs. 0) Thread worker: Error sending packet.
[19:31:55]   skipping MW41EAmaWAE_49.mp4: [19:31:55] /github/workspace/src/video/video_reader.cc:151: Check failed: st_nb >= 0 (-1128613112 vs. 0) ERROR cannot find video stream with wanted index: -1
[19:31:56]   skipping dJNduDhBIYA_16.mp4: [19:31:56] /github/workspace/src/video/video_reader.cc:151: Check failed: st_nb >= 0 (-1128613112 vs. 0) ERROR cannot find video stream with wanted index: -1
[19:31:56]   skipping Za0TBlSOIOw_2.mp4: [19:31:56] /github/workspace/src/video/video_reader.cc:151: Check failed: st_nb >= 0 (-1128613112 vs. 0) ERROR cannot find video stream with wanted index: -1
[19:31:57]   skipping Rj2fVXY7auI_4.mp4: [19:31:57] /github/workspace/src/video/ffmpeg/threaded_decoder.cc:292: [19:31:57] /github/workspace/src/video/ffmpeg/threaded_decoder.cc:218: Check failed: avcodec_send_packet(dec_ctx_.get(), pkt.get()) >= 0 (-11 vs. 0) Thread worker: Error sending packet.
[19:31:57]   skipping s0lCx-poYe0_18.mp4: [19:31:57] /github/workspace/src/video/video_reader.cc:151: Check failed: st_nb >= 0 (-1128613112 vs. 0) ERROR cannot find video stream with wanted index: -1
[19:31:57]   skipping 8pwRyKcqqhk_2.mp4: [19:31:57] /github/workspace/src/video/ffmpeg/threaded_decoder.cc:292: [19:31:57] /github/workspace/src/video/ffmpeg/threaded_decoder.cc:218: Check failed: avcodec_send_packet(dec_ctx_.get(), pkt.get()) >= 0 (-11 vs. 0) Thread worker: Error sending packet.
[19:31:57]   skipping dvQ0sBZ1-nI_3.mp4: [19:31:57] /github/workspace/src/video/ffmpeg/threaded_decoder.cc:292: [19:31:57] /github/workspace/src/video/ffmpeg/threaded_decoder.cc:218: Check failed: avcodec_send_packet(dec_ctx_.get(), pkt.get()) >= 0 (-11 vs. 0) Thread worker: Error sending packet.
[19:31:57]   skipping SuphEZDxSI8_18.mp4: [19:31:57] /github/workspace/src/video/ffmpeg/threaded_decoder.cc:292: [19:31:57] /github/workspace/src/video/ffmpeg/threaded_decoder.cc:218: Check failed: avcodec_send_packet(dec_ctx_.get(), pkt.get()) >= 0 (-11 vs. 0) Thread worker: Error sending packet.
[19:31:57]   skipping ksU6Ii668Qk_2.mp4: [19:31:57] /github/workspace/src/video/video_reader.cc:151: Check failed: st_nb >= 0 (-1128613112 vs. 0) ERROR cannot find video stream with wanted index: -1
[19:31:58]   skipping OAd1Y7UbxTg_1.mp4: [19:31:58] /github/workspace/src/video/ffmpeg/threaded_decoder.cc:292: [19:31:58] /github/workspace/src/video/ffmpeg/threaded_decoder.cc:218: Check failed: avcodec_send_packet(dec_ctx_.get(), pkt.get()) >= 0 (-11 vs. 0) Thread worker: Error sending packet.
[19:32:00]   skipping ZymSrDfLhW8_43.mp4: [19:32:00] /github/workspace/src/video/video_reader.cc:151: Check failed: st_nb >= 0 (-1128613112 vs. 0) ERROR cannot find video stream with wanted index: -1
[19:32:00]   skipping yU8-TOldiyE_62.mp4: [19:32:00] /github/workspace/src/video/video_reader.cc:151: Check failed: st_nb >= 0 (-1128613112 vs. 0) ERROR cannot find video stream with wanted index: -1
[19:32:00]   skipping hZ1mAXpd1cY_71.mp4: [19:32:00] /github/workspace/src/video/video_reader.cc:151: Check failed: st_nb >= 0 (-1128613112 vs. 0) ERROR cannot find video stream with wanted index: -1
[19:32:01]   skipping vAYb7klhj8k_8.mp4: [19:32:01] /github/workspace/src/video/ffmpeg/threaded_decoder.cc:292: [19:32:01] /github/workspace/src/video/ffmpeg/threaded_decoder.cc:218: Check failed: avcodec_send_packet(dec_ctx_.get(), pkt.get()) >= 0 (-11 vs. 0) Thread worker: Error sending packet.
[19:32:01]   skipping Rs4Hg69vhqQ_4.mp4: [19:32:01] /github/workspace/src/video/ffmpeg/threaded_decoder.cc:292: [19:32:01] /github/workspace/src/video/ffmpeg/threaded_decoder.cc:218: Check failed: avcodec_send_packet(dec_ctx_.get(), pkt.get()) >= 0 (-11 vs. 0) Thread worker: Error sending packet.
[19:32:02]   skipping X_cItpBBO6M_5.mp4: [19:32:02] /github/workspace/src/video/ffmpeg/threaded_decoder.cc:292: [19:32:02] /github/workspace/src/video/ffmpeg/threaded_decoder.cc:218: Check failed: avcodec_send_packet(dec_ctx_.get(), pkt.get()) >= 0 (-11 vs. 0) Thread worker: Error sending packet.
[19:32:02]   skipping 8UNYXycC1yM_12.mp4: [19:32:02] /github/workspace/src/video/ffmpeg/threaded_decoder.cc:292: [19:32:02] /github/workspace/src/video/ffmpeg/threaded_decoder.cc:218: Check failed: avcodec_send_packet(dec_ctx_.get(), pkt.get()) >= 0 (-11 vs. 0) Thread worker: Error sending packet.
[19:32:07]   skipping bERjl3VRKQo_5.mp4: [19:32:07] /github/workspace/src/video/ffmpeg/threaded_decoder.cc:292: [19:32:07] /github/workspace/src/video/ffmpeg/threaded_decoder.cc:218: Check failed: avcodec_send_packet(dec_ctx_.get(), pkt.get()) >= 0 (-11 vs. 0) Thread worker: Error sending packet.
[19:32:07]   skipping Vj4f0Jjyy0w_35.mp4: [19:32:07] /github/workspace/src/video/ffmpeg/threaded_decoder.cc:292: [19:32:07] /github/workspace/src/video/ffmpeg/threaded_decoder.cc:218: Check failed: avcodec_send_packet(dec_ctx_.get(), pkt.get()) >= 0 (-11 vs. 0) Thread worker: Error sending packet.
[19:32:07]   skipping daYmVkHtkeU_5.mp4: [19:32:07] /github/workspace/src/video/video_reader.cc:151: Check failed: st_nb >= 0 (-1128613112 vs. 0) ERROR cannot find video stream with wanted index: -1
[19:32:07]   skipping a6Yltl1nVPk_18.mp4: [19:32:07] /github/workspace/src/video/video_reader.cc:151: Check failed: st_nb >= 0 (-1128613112 vs. 0) ERROR cannot find video stream with wanted index: -1
[19:32:09]   skipping Vn6dEcyr_WE_0.mp4: [19:32:09] /github/workspace/src/video/ffmpeg/threaded_decoder.cc:292: [19:32:09] /github/workspace/src/video/ffmpeg/threaded_decoder.cc:218: Check failed: avcodec_send_packet(dec_ctx_.get(), pkt.get()) >= 0 (-11 vs. 0) Thread worker: Error sending packet.
[19:32:09]   skipping 5oEGhFvW8vk_80.mp4: [19:32:09] /github/workspace/src/video/video_reader.cc:151: Check failed: st_nb >= 0 (-1128613112 vs. 0) ERROR cannot find video stream with wanted index: -1
[19:32:11]   skipping zrjiSnV-m40_23.mp4: [19:32:11] /github/workspace/src/video/ffmpeg/threaded_decoder.cc:292: [19:32:11] /github/workspace/src/video/ffmpeg/threaded_decoder.cc:218: Check failed: avcodec_send_packet(dec_ctx_.get(), pkt.get()) >= 0 (-11 vs. 0) Thread worker: Error sending packet.
[19:32:11]   skipping F2QAMwDkHZw_629.mp4: [19:32:11] /github/workspace/src/video/video_reader.cc:151: Check failed: st_nb >= 0 (-1128613112 vs. 0) ERROR cannot find video stream with wanted index: -1
[19:32:11]   skipping LZ4Q2W5XaL0_0.mp4: [19:32:11] /github/workspace/src/video/video_reader.cc:151: Check failed: st_nb >= 0 (-1128613112 vs. 0) ERROR cannot find video stream with wanted index: -1
[19:32:12]   skipping OMGO51u4ou4_4.mp4: [19:32:12] /github/workspace/src/video/video_reader.cc:151: Check failed: st_nb >= 0 (-1128613112 vs. 0) ERROR cannot find video stream with wanted index: -1
[19:32:12]   skipping FuHJQatc-PE_2.mp4: [19:32:12] /github/workspace/src/video/video_reader.cc:151: Check failed: st_nb >= 0 (-1128613112 vs. 0) ERROR cannot find video stream with wanted index: -1
[19:32:13]   skipping KB7doYrBdBk_2.mp4: [19:32:13] /github/workspace/src/video/ffmpeg/threaded_decoder.cc:292: [19:32:13] /github/workspace/src/video/ffmpeg/threaded_decoder.cc:218: Check failed: avcodec_send_packet(dec_ctx_.get(), pkt.get()) >= 0 (-11 vs. 0) Thread worker: Error sending packet.
[19:32:13]   skipping myfoGCgzaTA_11.mp4: [19:32:13] /github/workspace/src/video/ffmpeg/threaded_decoder.cc:292: [19:32:13] /github/workspace/src/video/ffmpeg/threaded_decoder.cc:218: Check failed: avcodec_send_packet(dec_ctx_.get(), pkt.get()) >= 0 (-11 vs. 0) Thread worker: Error sending packet.
[19:32:14]   skipping QCUuBDTV8YY_24.mp4: [19:32:14] /github/workspace/src/video/ffmpeg/threaded_decoder.cc:292: [19:32:14] /github/workspace/src/video/ffmpeg/threaded_decoder.cc:218: Check failed: avcodec_send_packet(dec_ctx_.get(), pkt.get()) >= 0 (-11 vs. 0) Thread worker: Error sending packet.
[19:32:14]   skipping -nahoWMJM1E_3.mp4: [19:32:14] /github/workspace/src/video/ffmpeg/threaded_decoder.cc:292: [19:32:14] /github/workspace/src/video/ffmpeg/threaded_decoder.cc:218: Check failed: avcodec_send_packet(dec_ctx_.get(), pkt.get()) >= 0 (-11 vs. 0) Thread worker: Error sending packet.
[19:32:14]   skipping 8XWPQX9LVoU_22.mp4: [19:32:14] /github/workspace/src/video/ffmpeg/threaded_decoder.cc:292: [19:32:14] /github/workspace/src/video/ffmpeg/threaded_decoder.cc:218: Check failed: avcodec_send_packet(dec_ctx_.get(), pkt.get()) >= 0 (-11 vs. 0) Thread worker: Error sending packet.
[19:32:14]   skipping KozSjyNnAH4_33.mp4: [19:32:14] /github/workspace/src/video/video_reader.cc:151: Check failed: st_nb >= 0 (-1128613112 vs. 0) ERROR cannot find video stream with wanted index: -1
[19:32:14]   skipping ooZRK8q-27Y_2.mp4: [19:32:14] /github/workspace/src/video/video_reader.cc:151: Check failed: st_nb >= 0 (-1128613112 vs. 0) ERROR cannot find video stream with wanted index: -1
[19:32:15]   skipping nZbmaDfYIs8_6.mp4: [19:32:15] /github/workspace/src/video/ffmpeg/threaded_decoder.cc:292: [19:32:15] /github/workspace/src/video/ffmpeg/threaded_decoder.cc:218: Check failed: avcodec_send_packet(dec_ctx_.get(), pkt.get()) >= 0 (-11 vs. 0) Thread worker: Error sending packet.
[19:32:15]   skipping Fil0i6xKNG8_7.mp4: [19:32:15] /github/workspace/src/video/ffmpeg/threaded_decoder.cc:292: [19:32:15] /github/workspace/src/video/ffmpeg/threaded_decoder.cc:218: Check failed: avcodec_send_packet(dec_ctx_.get(), pkt.get()) >= 0 (-11 vs. 0) Thread worker: Error sending packet.
[19:32:18]   skipping nmXmslnHoFU_16.mp4: [19:32:18] /github/workspace/src/video/ffmpeg/threaded_decoder.cc:292: [19:32:18] /github/workspace/src/video/ffmpeg/threaded_decoder.cc:218: Check failed: avcodec_send_packet(dec_ctx_.get(), pkt.get()) >= 0 (-11 vs. 0) Thread worker: Error sending packet.
[19:32:20]   skipping ydRISDRNyCM_0.mp4: [19:32:20] /github/workspace/src/video/ffmpeg/threaded_decoder.cc:292: [19:32:20] /github/workspace/src/video/ffmpeg/threaded_decoder.cc:218: Check failed: avcodec_send_packet(dec_ctx_.get(), pkt.get()) >= 0 (-11 vs. 0) Thread worker: Error sending packet.
[19:32:21]   skipping 3t0tjJACoz0_3.mp4: [19:32:21] /github/workspace/src/video/ffmpeg/threaded_decoder.cc:292: [19:32:21] /github/workspace/src/video/ffmpeg/threaded_decoder.cc:218: Check failed: avcodec_send_packet(dec_ctx_.get(), pkt.get()) >= 0 (-11 vs. 0) Thread worker: Error sending packet.
[19:32:22]   skipping 63HDsjAOmR0_63.mp4: [19:32:22] /github/workspace/src/video/video_reader.cc:151: Check failed: st_nb >= 0 (-1128613112 vs. 0) ERROR cannot find video stream with wanted index: -1
[19:32:23]   skipping zFEpjVaPFJo_0.mp4: [19:32:23] /github/workspace/src/video/ffmpeg/threaded_decoder.cc:292: [19:32:23] /github/workspace/src/video/ffmpeg/threaded_decoder.cc:218: Check failed: avcodec_send_packet(dec_ctx_.get(), pkt.get()) >= 0 (-11 vs. 0) Thread worker: Error sending packet.
[19:32:23]   skipping 6qgCC63H9yI_40.mp4: [19:32:23] /github/workspace/src/video/ffmpeg/threaded_decoder.cc:292: [19:32:23] /github/workspace/src/video/ffmpeg/threaded_decoder.cc:218: Check failed: avcodec_send_packet(dec_ctx_.get(), pkt.get()) >= 0 (-11 vs. 0) Thread worker: Error sending packet.
[19:32:24]   skipping NTKUo1-0cQY_15.mp4: [19:32:24] /github/workspace/src/video/video_reader.cc:151: Check failed: st_nb >= 0 (-1128613112 vs. 0) ERROR cannot find video stream with wanted index: -1
[19:32:24]   skipping -RJ6USD2nEU_3.mp4: [19:32:24] /github/workspace/src/video/video_reader.cc:151: Check failed: st_nb >= 0 (-1128613112 vs. 0) ERROR cannot find video stream with wanted index: -1
[19:32:26]   skipping fazhSHz4WUM_7.mp4: [19:32:26] /github/workspace/src/video/ffmpeg/threaded_decoder.cc:292: [19:32:26] /github/workspace/src/video/ffmpeg/threaded_decoder.cc:218: Check failed: avcodec_send_packet(dec_ctx_.get(), pkt.get()) >= 0 (-11 vs. 0) Thread worker: Error sending packet.
[19:32:27]   skipping rCo5sX6D9M8_1.mp4: [19:32:27] /github/workspace/src/video/ffmpeg/threaded_decoder.cc:292: [19:32:27] /github/workspace/src/video/ffmpeg/threaded_decoder.cc:218: Check failed: avcodec_send_packet(dec_ctx_.get(), pkt.get()) >= 0 (-11 vs. 0) Thread worker: Error sending packet.
[19:32:27]   skipping wpsgfdtNMWk_2.mp4: [19:32:27] /github/workspace/src/video/ffmpeg/threaded_decoder.cc:292: [19:32:27] /github/workspace/src/video/ffmpeg/threaded_decoder.cc:218: Check failed: avcodec_send_packet(dec_ctx_.get(), pkt.get()) >= 0 (-11 vs. 0) Thread worker: Error sending packet.
[19:32:28]   skipping _xxl5o-7-zE_1.mp4: [19:32:28] /github/workspace/src/video/ffmpeg/threaded_decoder.cc:292: [19:32:28] /github/workspace/src/video/ffmpeg/threaded_decoder.cc:218: Check failed: avcodec_send_packet(dec_ctx_.get(), pkt.get()) >= 0 (-11 vs. 0) Thread worker: Error sending packet.
[19:32:28]   skipping 8BhntKzc0TY_8.mp4: [19:32:28] /github/workspace/src/video/ffmpeg/threaded_decoder.cc:292: [19:32:28] /github/workspace/src/video/ffmpeg/threaded_decoder.cc:218: Check failed: avcodec_send_packet(dec_ctx_.get(), pkt.get()) >= 0 (-11 vs. 0) Thread worker: Error sending packet.
[19:32:28]   skipping fmF09VS_oyo_33.mp4: [19:32:28] /github/workspace/src/video/ffmpeg/threaded_decoder.cc:292: [19:32:28] /github/workspace/src/video/ffmpeg/threaded_decoder.cc:218: Check failed: avcodec_send_packet(dec_ctx_.get(), pkt.get()) >= 0 (-11 vs. 0) Thread worker: Error sending packet.
[19:32:28]   skipping dCwLaQ_JVe4_12.mp4: [19:32:28] /github/workspace/src/video/ffmpeg/threaded_decoder.cc:292: [19:32:28] /github/workspace/src/video/ffmpeg/threaded_decoder.cc:218: Check failed: avcodec_send_packet(dec_ctx_.get(), pkt.get()) >= 0 (-11 vs. 0) Thread worker: Error sending packet.
[19:32:28]   skipping u1nq7a-GrFk_4.mp4: [19:32:28] /github/workspace/src/video/video_reader.cc:151: Check failed: st_nb >= 0 (-1128613112 vs. 0) ERROR cannot find video stream with wanted index: -1
[19:32:28]   skipping L32u5GHo9uQ_11.mp4: [19:32:28] /github/workspace/src/video/video_reader.cc:151: Check failed: st_nb >= 0 (-1128613112 vs. 0) ERROR cannot find video stream with wanted index: -1
[19:32:28]   skipping ZsMxGbwfcXE_2.mp4: [19:32:28] /github/workspace/src/video/ffmpeg/threaded_decoder.cc:292: [19:32:28] /github/workspace/src/video/ffmpeg/threaded_decoder.cc:218: Check failed: avcodec_send_packet(dec_ctx_.get(), pkt.get()) >= 0 (-11 vs. 0) Thread worker: Error sending packet.
[19:32:31]   skipping 2kWhDth0Tik_72.mp4: [19:32:31] /github/workspace/src/video/video_reader.cc:151: Check failed: st_nb >= 0 (-1128613112 vs. 0) ERROR cannot find video stream with wanted index: -1
[19:32:31]   skipping ScRrg8a5fpI_6.mp4: [19:32:31] /github/workspace/src/video/ffmpeg/threaded_decoder.cc:292: [19:32:31] /github/workspace/src/video/ffmpeg/threaded_decoder.cc:218: Check failed: avcodec_send_packet(dec_ctx_.get(), pkt.get()) >= 0 (-11 vs. 0) Thread worker: Error sending packet.
[19:32:32]   skipping Rp3tde_n9jk_1.mp4: [19:32:32] /github/workspace/src/video/ffmpeg/threaded_decoder.cc:292: [19:32:32] /github/workspace/src/video/ffmpeg/threaded_decoder.cc:218: Check failed: avcodec_send_packet(dec_ctx_.get(), pkt.get()) >= 0 (-11 vs. 0) Thread worker: Error sending packet.
[19:32:33]   skipping Ngk1FDVd0rs_4.mp4: [19:32:33] /github/workspace/src/video/ffmpeg/threaded_decoder.cc:292: [19:32:33] /github/workspace/src/video/ffmpeg/threaded_decoder.cc:218: Check failed: avcodec_send_packet(dec_ctx_.get(), pkt.get()) >= 0 (-11 vs. 0) Thread worker: Error sending packet.
[19:32:33]   skipping BdCYG-hfGA8_40.mp4: [19:32:33] /github/workspace/src/video/video_reader.cc:151: Check failed: st_nb >= 0 (-1128613112 vs. 0) ERROR cannot find video stream with wanted index: -1
[19:32:33]   skipping Buvii64raoU_1.mp4: [19:32:33] /github/workspace/src/video/ffmpeg/threaded_decoder.cc:292: [19:32:33] /github/workspace/src/video/ffmpeg/threaded_decoder.cc:218: Check failed: avcodec_send_packet(dec_ctx_.get(), pkt.get()) >= 0 (-11 vs. 0) Thread worker: Error sending packet.
[19:32:34]   skipping joXOyrADBRE_8.mp4: [19:32:34] /github/workspace/src/video/ffmpeg/threaded_decoder.cc:292: [19:32:34] /github/workspace/src/video/ffmpeg/threaded_decoder.cc:218: Check failed: avcodec_send_packet(dec_ctx_.get(), pkt.get()) >= 0 (-11 vs. 0) Thread worker: Error sending packet.
[19:32:35]   skipping C22EGX5gwfI_4.mp4: [19:32:35] /github/workspace/src/video/ffmpeg/threaded_decoder.cc:292: [19:32:35] /github/workspace/src/video/ffmpeg/threaded_decoder.cc:218: Check failed: avcodec_send_packet(dec_ctx_.get(), pkt.get()) >= 0 (-11 vs. 0) Thread worker: Error sending packet.
[19:32:37]   skipping G29HvOWVln0_142.mp4: [19:32:37] /github/workspace/src/video/video_reader.cc:151: Check failed: st_nb >= 0 (-1128613112 vs. 0) ERROR cannot find video stream with wanted index: -1
[19:32:37]   skipping 85PQknw_hls_1.mp4: [19:32:37] /github/workspace/src/video/ffmpeg/threaded_decoder.cc:292: [19:32:37] /github/workspace/src/video/ffmpeg/threaded_decoder.cc:218: Check failed: avcodec_send_packet(dec_ctx_.get(), pkt.get()) >= 0 (-11 vs. 0) Thread worker: Error sending packet.
[19:32:37]   skipping ftsQYS1fkOs_71.mp4: [19:32:37] /github/workspace/src/video/video_reader.cc:151: Check failed: st_nb >= 0 (-1128613112 vs. 0) ERROR cannot find video stream with wanted index: -1
[19:32:38]   skipping LMgYK0TgajU_26.mp4: [19:32:38] /github/workspace/src/video/video_reader.cc:151: Check failed: st_nb >= 0 (-1128613112 vs. 0) ERROR cannot find video stream with wanted index: -1
[19:32:38]   skipping danm2Kgxozo_10.mp4: [19:32:38] /github/workspace/src/video/video_reader.cc:151: Check failed: st_nb >= 0 (-1128613112 vs. 0) ERROR cannot find video stream with wanted index: -1
[19:32:38]   skipping dsMQoZcCfns_16.mp4: [19:32:38] /github/workspace/src/video/ffmpeg/threaded_decoder.cc:292: [19:32:38] /github/workspace/src/video/ffmpeg/threaded_decoder.cc:218: Check failed: avcodec_send_packet(dec_ctx_.get(), pkt.get()) >= 0 (-11 vs. 0) Thread worker: Error sending packet.
[19:32:38]   skipping LjnRBI0HyFQ_6.mp4: [19:32:38] /github/workspace/src/video/ffmpeg/threaded_decoder.cc:292: [19:32:38] /github/workspace/src/video/ffmpeg/threaded_decoder.cc:218: Check failed: avcodec_send_packet(dec_ctx_.get(), pkt.get()) >= 0 (-11 vs. 0) Thread worker: Error sending packet.
[19:32:39]   step 1600: val_loss_ce=1.7376 val_loss_latent=0.2135 val_loss_total=1.7589 (n=200, 54.6s)
[19:32:39] ======================================================================
[19:32:39] Checkpoint step 1800: /scratch/users/anirban/tamaghnam/latentvans/checkpoints/stage0_run1/step_1800
[19:32:39] ======================================================================
[19:32:41] added 3 latent-reasoning special tokens; vocab size now 151668
[19:32:45] resumed LoRA adapter (+ embed_tokens/lm_head) from /scratch/users/anirban/tamaghnam/latentvans/checkpoints/stage0_run1/step_1800
trainable params: 624,918,528 || all params: 4,378,992,640 || trainable%: 14.2708
[19:32:45] vision-tower target embedding dim confirmed: 2048 (matches QWEN_HIDDEN_SIZE)
[19:32:45] validation stream: 1447 row(s) usable
[19:32:47]   skipping c1pQ19a8pMM_5.mp4: [19:32:47] /github/workspace/src/video/video_reader.cc:151: Check failed: st_nb >= 0 (-1128613112 vs. 0) ERROR cannot find video stream with wanted index: -1
[19:32:48]   skipping 6m7CwarmCo4_5.mp4: [19:32:48] /github/workspace/src/video/ffmpeg/threaded_decoder.cc:292: [19:32:48] /github/workspace/src/video/ffmpeg/threaded_decoder.cc:218: Check failed: avcodec_send_packet(dec_ctx_.get(), pkt.get()) >= 0 (-11 vs. 0) Thread worker: Error sending packet.
[19:32:48]   skipping mWY35fsCUgo_6.mp4: [19:32:48] /github/workspace/src/video/ffmpeg/threaded_decoder.cc:292: [19:32:48] /github/workspace/src/video/ffmpeg/threaded_decoder.cc:218: Check failed: avcodec_send_packet(dec_ctx_.get(), pkt.get()) >= 0 (-11 vs. 0) Thread worker: Error sending packet.
[19:32:50]   skipping DA6YnIZRTX8_7.mp4: [19:32:50] /github/workspace/src/video/ffmpeg/threaded_decoder.cc:292: [19:32:50] /github/workspace/src/video/ffmpeg/threaded_decoder.cc:218: Check failed: avcodec_send_packet(dec_ctx_.get(), pkt.get()) >= 0 (-11 vs. 0) Thread worker: Error sending packet.
[19:32:52]   skipping IF6iBVGKREo_91.mp4: [19:32:52] /github/workspace/src/video/video_reader.cc:151: Check failed: st_nb >= 0 (-1128613112 vs. 0) ERROR cannot find video stream with wanted index: -1
[19:32:52]   skipping Jo4XXm8OUP4_12.mp4: [19:32:52] /github/workspace/src/video/video_reader.cc:151: Check failed: st_nb >= 0 (-1128613112 vs. 0) ERROR cannot find video stream with wanted index: -1
[19:32:52]   skipping nZBk1GObVuk_0.mp4: [19:32:52] /github/workspace/src/video/ffmpeg/threaded_decoder.cc:292: [19:32:52] /github/workspace/src/video/ffmpeg/threaded_decoder.cc:218: Check failed: avcodec_send_packet(dec_ctx_.get(), pkt.get()) >= 0 (-11 vs. 0) Thread worker: Error sending packet.
[19:32:52]   skipping OX5lX2yOr0M_88.mp4: [19:32:52] /github/workspace/src/video/video_reader.cc:151: Check failed: st_nb >= 0 (-1128613112 vs. 0) ERROR cannot find video stream with wanted index: -1
[19:32:53]   skipping QN3t9ngsVyM_7.mp4: [19:32:53] /github/workspace/src/video/ffmpeg/threaded_decoder.cc:292: [19:32:53] /github/workspace/src/video/ffmpeg/threaded_decoder.cc:218: Check failed: avcodec_send_packet(dec_ctx_.get(), pkt.get()) >= 0 (-11 vs. 0) Thread worker: Error sending packet.
[19:32:53]   skipping MPhysZLZbls_3.mp4: [19:32:53] /github/workspace/src/video/ffmpeg/threaded_decoder.cc:292: [19:32:53] /github/workspace/src/video/ffmpeg/threaded_decoder.cc:218: Check failed: avcodec_send_packet(dec_ctx_.get(), pkt.get()) >= 0 (-11 vs. 0) Thread worker: Error sending packet.
[19:32:54]   skipping 3U1ZrW-l7Ns_3.mp4: [19:32:54] /github/workspace/src/video/ffmpeg/threaded_decoder.cc:292: [19:32:54] /github/workspace/src/video/ffmpeg/threaded_decoder.cc:218: Check failed: avcodec_send_packet(dec_ctx_.get(), pkt.get()) >= 0 (-11 vs. 0) Thread worker: Error sending packet.
[19:32:54]   skipping v_1UO1GTsg0_60.mp4: [19:32:54] /github/workspace/src/video/video_reader.cc:151: Check failed: st_nb >= 0 (-1128613112 vs. 0) ERROR cannot find video stream with wanted index: -1
[19:32:55]   skipping we18JQrdzNM_5.mp4: [19:32:55] /github/workspace/src/video/ffmpeg/threaded_decoder.cc:292: [19:32:55] /github/workspace/src/video/ffmpeg/threaded_decoder.cc:218: Check failed: avcodec_send_packet(dec_ctx_.get(), pkt.get()) >= 0 (-11 vs. 0) Thread worker: Error sending packet.
[19:32:55]   skipping kXrhcA8wl5E_1.mp4: [19:32:55] /github/workspace/src/video/ffmpeg/threaded_decoder.cc:292: [19:32:55] /github/workspace/src/video/ffmpeg/threaded_decoder.cc:218: Check failed: avcodec_send_packet(dec_ctx_.get(), pkt.get()) >= 0 (-11 vs. 0) Thread worker: Error sending packet.
[19:32:56]   skipping LeKS3lZM9N8_41.mp4: [19:32:56] /github/workspace/src/video/video_reader.cc:151: Check failed: st_nb >= 0 (-1128613112 vs. 0) ERROR cannot find video stream with wanted index: -1
[19:32:57]   skipping yyg6-NUkYCg_7.mp4: [19:32:57] /github/workspace/src/video/ffmpeg/threaded_decoder.cc:292: [19:32:57] /github/workspace/src/video/ffmpeg/threaded_decoder.cc:218: Check failed: avcodec_send_packet(dec_ctx_.get(), pkt.get()) >= 0 (-11 vs. 0) Thread worker: Error sending packet.
[19:32:57]   skipping f8pjSfCh8as_77.mp4: [19:32:57] /github/workspace/src/video/ffmpeg/threaded_decoder.cc:292: [19:32:57] /github/workspace/src/video/ffmpeg/threaded_decoder.cc:218: Check failed: avcodec_send_packet(dec_ctx_.get(), pkt.get()) >= 0 (-11 vs. 0) Thread worker: Error sending packet.
[19:32:57]   skipping MW41EAmaWAE_49.mp4: [19:32:57] /github/workspace/src/video/video_reader.cc:151: Check failed: st_nb >= 0 (-1128613112 vs. 0) ERROR cannot find video stream with wanted index: -1
[19:32:57]   skipping dJNduDhBIYA_16.mp4: [19:32:57] /github/workspace/src/video/video_reader.cc:151: Check failed: st_nb >= 0 (-1128613112 vs. 0) ERROR cannot find video stream with wanted index: -1
[19:32:57]   skipping Za0TBlSOIOw_2.mp4: [19:32:57] /github/workspace/src/video/video_reader.cc:151: Check failed: st_nb >= 0 (-1128613112 vs. 0) ERROR cannot find video stream with wanted index: -1
[19:32:58]   skipping Rj2fVXY7auI_4.mp4: [19:32:58] /github/workspace/src/video/ffmpeg/threaded_decoder.cc:292: [19:32:58] /github/workspace/src/video/ffmpeg/threaded_decoder.cc:218: Check failed: avcodec_send_packet(dec_ctx_.get(), pkt.get()) >= 0 (-11 vs. 0) Thread worker: Error sending packet.
[19:32:58]   skipping s0lCx-poYe0_18.mp4: [19:32:58] /github/workspace/src/video/video_reader.cc:151: Check failed: st_nb >= 0 (-1128613112 vs. 0) ERROR cannot find video stream with wanted index: -1
[19:32:59]   skipping 8pwRyKcqqhk_2.mp4: [19:32:59] /github/workspace/src/video/ffmpeg/threaded_decoder.cc:292: [19:32:59] /github/workspace/src/video/ffmpeg/threaded_decoder.cc:218: Check failed: avcodec_send_packet(dec_ctx_.get(), pkt.get()) >= 0 (-11 vs. 0) Thread worker: Error sending packet.
[19:32:59]   skipping dvQ0sBZ1-nI_3.mp4: [19:32:59] /github/workspace/src/video/ffmpeg/threaded_decoder.cc:292: [19:32:59] /github/workspace/src/video/ffmpeg/threaded_decoder.cc:218: Check failed: avcodec_send_packet(dec_ctx_.get(), pkt.get()) >= 0 (-11 vs. 0) Thread worker: Error sending packet.
[19:32:59]   skipping SuphEZDxSI8_18.mp4: [19:32:59] /github/workspace/src/video/ffmpeg/threaded_decoder.cc:292: [19:32:59] /github/workspace/src/video/ffmpeg/threaded_decoder.cc:218: Check failed: avcodec_send_packet(dec_ctx_.get(), pkt.get()) >= 0 (-11 vs. 0) Thread worker: Error sending packet.
[19:32:59]   skipping ksU6Ii668Qk_2.mp4: [19:32:59] /github/workspace/src/video/video_reader.cc:151: Check failed: st_nb >= 0 (-1128613112 vs. 0) ERROR cannot find video stream with wanted index: -1
[19:32:59]   skipping OAd1Y7UbxTg_1.mp4: [19:32:59] /github/workspace/src/video/ffmpeg/threaded_decoder.cc:292: [19:32:59] /github/workspace/src/video/ffmpeg/threaded_decoder.cc:218: Check failed: avcodec_send_packet(dec_ctx_.get(), pkt.get()) >= 0 (-11 vs. 0) Thread worker: Error sending packet.
[19:33:01]   skipping ZymSrDfLhW8_43.mp4: [19:33:01] /github/workspace/src/video/video_reader.cc:151: Check failed: st_nb >= 0 (-1128613112 vs. 0) ERROR cannot find video stream with wanted index: -1
[19:33:01]   skipping yU8-TOldiyE_62.mp4: [19:33:01] /github/workspace/src/video/video_reader.cc:151: Check failed: st_nb >= 0 (-1128613112 vs. 0) ERROR cannot find video stream with wanted index: -1
[19:33:02]   skipping hZ1mAXpd1cY_71.mp4: [19:33:02] /github/workspace/src/video/video_reader.cc:151: Check failed: st_nb >= 0 (-1128613112 vs. 0) ERROR cannot find video stream with wanted index: -1
[19:33:02]   skipping vAYb7klhj8k_8.mp4: [19:33:02] /github/workspace/src/video/ffmpeg/threaded_decoder.cc:292: [19:33:02] /github/workspace/src/video/ffmpeg/threaded_decoder.cc:218: Check failed: avcodec_send_packet(dec_ctx_.get(), pkt.get()) >= 0 (-11 vs. 0) Thread worker: Error sending packet.
[19:33:02]   skipping Rs4Hg69vhqQ_4.mp4: [19:33:02] /github/workspace/src/video/ffmpeg/threaded_decoder.cc:292: [19:33:02] /github/workspace/src/video/ffmpeg/threaded_decoder.cc:218: Check failed: avcodec_send_packet(dec_ctx_.get(), pkt.get()) >= 0 (-11 vs. 0) Thread worker: Error sending packet.
[19:33:03]   skipping X_cItpBBO6M_5.mp4: [19:33:03] /github/workspace/src/video/ffmpeg/threaded_decoder.cc:292: [19:33:03] /github/workspace/src/video/ffmpeg/threaded_decoder.cc:218: Check failed: avcodec_send_packet(dec_ctx_.get(), pkt.get()) >= 0 (-11 vs. 0) Thread worker: Error sending packet.
[19:33:04]   skipping 8UNYXycC1yM_12.mp4: [19:33:04] /github/workspace/src/video/ffmpeg/threaded_decoder.cc:292: [19:33:04] /github/workspace/src/video/ffmpeg/threaded_decoder.cc:218: Check failed: avcodec_send_packet(dec_ctx_.get(), pkt.get()) >= 0 (-11 vs. 0) Thread worker: Error sending packet.
[19:33:08]   skipping bERjl3VRKQo_5.mp4: [19:33:08] /github/workspace/src/video/ffmpeg/threaded_decoder.cc:292: [19:33:08] /github/workspace/src/video/ffmpeg/threaded_decoder.cc:218: Check failed: avcodec_send_packet(dec_ctx_.get(), pkt.get()) >= 0 (-11 vs. 0) Thread worker: Error sending packet.
[19:33:08]   skipping Vj4f0Jjyy0w_35.mp4: [19:33:08] /github/workspace/src/video/ffmpeg/threaded_decoder.cc:292: [19:33:08] /github/workspace/src/video/ffmpeg/threaded_decoder.cc:218: Check failed: avcodec_send_packet(dec_ctx_.get(), pkt.get()) >= 0 (-11 vs. 0) Thread worker: Error sending packet.
[19:33:08]   skipping daYmVkHtkeU_5.mp4: [19:33:08] /github/workspace/src/video/video_reader.cc:151: Check failed: st_nb >= 0 (-1128613112 vs. 0) ERROR cannot find video stream with wanted index: -1
[19:33:08]   skipping a6Yltl1nVPk_18.mp4: [19:33:08] /github/workspace/src/video/video_reader.cc:151: Check failed: st_nb >= 0 (-1128613112 vs. 0) ERROR cannot find video stream with wanted index: -1
[19:33:10]   skipping Vn6dEcyr_WE_0.mp4: [19:33:10] /github/workspace/src/video/ffmpeg/threaded_decoder.cc:292: [19:33:10] /github/workspace/src/video/ffmpeg/threaded_decoder.cc:218: Check failed: avcodec_send_packet(dec_ctx_.get(), pkt.get()) >= 0 (-11 vs. 0) Thread worker: Error sending packet.
[19:33:11]   skipping 5oEGhFvW8vk_80.mp4: [19:33:11] /github/workspace/src/video/video_reader.cc:151: Check failed: st_nb >= 0 (-1128613112 vs. 0) ERROR cannot find video stream with wanted index: -1
[19:33:12]   skipping zrjiSnV-m40_23.mp4: [19:33:12] /github/workspace/src/video/ffmpeg/threaded_decoder.cc:292: [19:33:12] /github/workspace/src/video/ffmpeg/threaded_decoder.cc:218: Check failed: avcodec_send_packet(dec_ctx_.get(), pkt.get()) >= 0 (-11 vs. 0) Thread worker: Error sending packet.
[19:33:13]   skipping F2QAMwDkHZw_629.mp4: [19:33:13] /github/workspace/src/video/video_reader.cc:151: Check failed: st_nb >= 0 (-1128613112 vs. 0) ERROR cannot find video stream with wanted index: -1
[19:33:13]   skipping LZ4Q2W5XaL0_0.mp4: [19:33:13] /github/workspace/src/video/video_reader.cc:151: Check failed: st_nb >= 0 (-1128613112 vs. 0) ERROR cannot find video stream with wanted index: -1
[19:33:13]   skipping OMGO51u4ou4_4.mp4: [19:33:13] /github/workspace/src/video/video_reader.cc:151: Check failed: st_nb >= 0 (-1128613112 vs. 0) ERROR cannot find video stream with wanted index: -1
[19:33:14]   skipping FuHJQatc-PE_2.mp4: [19:33:14] /github/workspace/src/video/video_reader.cc:151: Check failed: st_nb >= 0 (-1128613112 vs. 0) ERROR cannot find video stream with wanted index: -1
[19:33:15]   skipping KB7doYrBdBk_2.mp4: [19:33:15] /github/workspace/src/video/ffmpeg/threaded_decoder.cc:292: [19:33:15] /github/workspace/src/video/ffmpeg/threaded_decoder.cc:218: Check failed: avcodec_send_packet(dec_ctx_.get(), pkt.get()) >= 0 (-11 vs. 0) Thread worker: Error sending packet.
[19:33:15]   skipping myfoGCgzaTA_11.mp4: [19:33:15] /github/workspace/src/video/ffmpeg/threaded_decoder.cc:292: [19:33:15] /github/workspace/src/video/ffmpeg/threaded_decoder.cc:218: Check failed: avcodec_send_packet(dec_ctx_.get(), pkt.get()) >= 0 (-11 vs. 0) Thread worker: Error sending packet.
[19:33:15]   skipping QCUuBDTV8YY_24.mp4: [19:33:15] /github/workspace/src/video/ffmpeg/threaded_decoder.cc:292: [19:33:15] /github/workspace/src/video/ffmpeg/threaded_decoder.cc:218: Check failed: avcodec_send_packet(dec_ctx_.get(), pkt.get()) >= 0 (-11 vs. 0) Thread worker: Error sending packet.
[19:33:15]   skipping -nahoWMJM1E_3.mp4: [19:33:15] /github/workspace/src/video/ffmpeg/threaded_decoder.cc:292: [19:33:15] /github/workspace/src/video/ffmpeg/threaded_decoder.cc:218: Check failed: avcodec_send_packet(dec_ctx_.get(), pkt.get()) >= 0 (-11 vs. 0) Thread worker: Error sending packet.
[19:33:15]   skipping 8XWPQX9LVoU_22.mp4: [19:33:15] /github/workspace/src/video/ffmpeg/threaded_decoder.cc:292: [19:33:15] /github/workspace/src/video/ffmpeg/threaded_decoder.cc:218: Check failed: avcodec_send_packet(dec_ctx_.get(), pkt.get()) >= 0 (-11 vs. 0) Thread worker: Error sending packet.
[19:33:16]   skipping KozSjyNnAH4_33.mp4: [19:33:16] /github/workspace/src/video/video_reader.cc:151: Check failed: st_nb >= 0 (-1128613112 vs. 0) ERROR cannot find video stream with wanted index: -1
[19:33:16]   skipping ooZRK8q-27Y_2.mp4: [19:33:16] /github/workspace/src/video/video_reader.cc:151: Check failed: st_nb >= 0 (-1128613112 vs. 0) ERROR cannot find video stream with wanted index: -1
[19:33:16]   skipping nZbmaDfYIs8_6.mp4: [19:33:16] /github/workspace/src/video/ffmpeg/threaded_decoder.cc:292: [19:33:16] /github/workspace/src/video/ffmpeg/threaded_decoder.cc:218: Check failed: avcodec_send_packet(dec_ctx_.get(), pkt.get()) >= 0 (-11 vs. 0) Thread worker: Error sending packet.
[19:33:17]   skipping Fil0i6xKNG8_7.mp4: [19:33:17] /github/workspace/src/video/ffmpeg/threaded_decoder.cc:292: [19:33:17] /github/workspace/src/video/ffmpeg/threaded_decoder.cc:218: Check failed: avcodec_send_packet(dec_ctx_.get(), pkt.get()) >= 0 (-11 vs. 0) Thread worker: Error sending packet.
[19:33:20]   skipping nmXmslnHoFU_16.mp4: [19:33:20] /github/workspace/src/video/ffmpeg/threaded_decoder.cc:292: [19:33:20] /github/workspace/src/video/ffmpeg/threaded_decoder.cc:218: Check failed: avcodec_send_packet(dec_ctx_.get(), pkt.get()) >= 0 (-11 vs. 0) Thread worker: Error sending packet.
[19:33:21]   skipping ydRISDRNyCM_0.mp4: [19:33:21] /github/workspace/src/video/ffmpeg/threaded_decoder.cc:292: [19:33:21] /github/workspace/src/video/ffmpeg/threaded_decoder.cc:218: Check failed: avcodec_send_packet(dec_ctx_.get(), pkt.get()) >= 0 (-11 vs. 0) Thread worker: Error sending packet.
[19:33:23]   skipping 3t0tjJACoz0_3.mp4: [19:33:23] /github/workspace/src/video/ffmpeg/threaded_decoder.cc:292: [19:33:23] /github/workspace/src/video/ffmpeg/threaded_decoder.cc:218: Check failed: avcodec_send_packet(dec_ctx_.get(), pkt.get()) >= 0 (-11 vs. 0) Thread worker: Error sending packet.
[19:33:23]   skipping 63HDsjAOmR0_63.mp4: [19:33:23] /github/workspace/src/video/video_reader.cc:151: Check failed: st_nb >= 0 (-1128613112 vs. 0) ERROR cannot find video stream with wanted index: -1
[19:33:25]   skipping zFEpjVaPFJo_0.mp4: [19:33:25] /github/workspace/src/video/ffmpeg/threaded_decoder.cc:292: [19:33:25] /github/workspace/src/video/ffmpeg/threaded_decoder.cc:218: Check failed: avcodec_send_packet(dec_ctx_.get(), pkt.get()) >= 0 (-11 vs. 0) Thread worker: Error sending packet.
[19:33:25]   skipping 6qgCC63H9yI_40.mp4: [19:33:25] /github/workspace/src/video/ffmpeg/threaded_decoder.cc:292: [19:33:25] /github/workspace/src/video/ffmpeg/threaded_decoder.cc:218: Check failed: avcodec_send_packet(dec_ctx_.get(), pkt.get()) >= 0 (-11 vs. 0) Thread worker: Error sending packet.
[19:33:26]   skipping NTKUo1-0cQY_15.mp4: [19:33:26] /github/workspace/src/video/video_reader.cc:151: Check failed: st_nb >= 0 (-1128613112 vs. 0) ERROR cannot find video stream with wanted index: -1
[19:33:26]   skipping -RJ6USD2nEU_3.mp4: [19:33:26] /github/workspace/src/video/video_reader.cc:151: Check failed: st_nb >= 0 (-1128613112 vs. 0) ERROR cannot find video stream with wanted index: -1
[19:33:27]   skipping fazhSHz4WUM_7.mp4: [19:33:27] /github/workspace/src/video/ffmpeg/threaded_decoder.cc:292: [19:33:27] /github/workspace/src/video/ffmpeg/threaded_decoder.cc:218: Check failed: avcodec_send_packet(dec_ctx_.get(), pkt.get()) >= 0 (-11 vs. 0) Thread worker: Error sending packet.
[19:33:29]   skipping rCo5sX6D9M8_1.mp4: [19:33:29] /github/workspace/src/video/ffmpeg/threaded_decoder.cc:292: [19:33:29] /github/workspace/src/video/ffmpeg/threaded_decoder.cc:218: Check failed: avcodec_send_packet(dec_ctx_.get(), pkt.get()) >= 0 (-11 vs. 0) Thread worker: Error sending packet.
[19:33:29]   skipping wpsgfdtNMWk_2.mp4: [19:33:29] /github/workspace/src/video/ffmpeg/threaded_decoder.cc:292: [19:33:29] /github/workspace/src/video/ffmpeg/threaded_decoder.cc:218: Check failed: avcodec_send_packet(dec_ctx_.get(), pkt.get()) >= 0 (-11 vs. 0) Thread worker: Error sending packet.
[19:33:30]   skipping _xxl5o-7-zE_1.mp4: [19:33:29] /github/workspace/src/video/ffmpeg/threaded_decoder.cc:292: [19:33:29] /github/workspace/src/video/ffmpeg/threaded_decoder.cc:218: Check failed: avcodec_send_packet(dec_ctx_.get(), pkt.get()) >= 0 (-11 vs. 0) Thread worker: Error sending packet.
[19:33:30]   skipping 8BhntKzc0TY_8.mp4: [19:33:30] /github/workspace/src/video/ffmpeg/threaded_decoder.cc:292: [19:33:30] /github/workspace/src/video/ffmpeg/threaded_decoder.cc:218: Check failed: avcodec_send_packet(dec_ctx_.get(), pkt.get()) >= 0 (-11 vs. 0) Thread worker: Error sending packet.
[19:33:30]   skipping fmF09VS_oyo_33.mp4: [19:33:30] /github/workspace/src/video/ffmpeg/threaded_decoder.cc:292: [19:33:30] /github/workspace/src/video/ffmpeg/threaded_decoder.cc:218: Check failed: avcodec_send_packet(dec_ctx_.get(), pkt.get()) >= 0 (-11 vs. 0) Thread worker: Error sending packet.
[19:33:30]   skipping dCwLaQ_JVe4_12.mp4: [19:33:30] /github/workspace/src/video/ffmpeg/threaded_decoder.cc:292: [19:33:30] /github/workspace/src/video/ffmpeg/threaded_decoder.cc:218: Check failed: avcodec_send_packet(dec_ctx_.get(), pkt.get()) >= 0 (-11 vs. 0) Thread worker: Error sending packet.
[19:33:30]   skipping u1nq7a-GrFk_4.mp4: [19:33:30] /github/workspace/src/video/video_reader.cc:151: Check failed: st_nb >= 0 (-1128613112 vs. 0) ERROR cannot find video stream with wanted index: -1
[19:33:30]   skipping L32u5GHo9uQ_11.mp4: [19:33:30] /github/workspace/src/video/video_reader.cc:151: Check failed: st_nb >= 0 (-1128613112 vs. 0) ERROR cannot find video stream with wanted index: -1
[19:33:30]   skipping ZsMxGbwfcXE_2.mp4: [19:33:30] /github/workspace/src/video/ffmpeg/threaded_decoder.cc:292: [19:33:30] /github/workspace/src/video/ffmpeg/threaded_decoder.cc:218: Check failed: avcodec_send_packet(dec_ctx_.get(), pkt.get()) >= 0 (-11 vs. 0) Thread worker: Error sending packet.
[19:33:33]   skipping 2kWhDth0Tik_72.mp4: [19:33:33] /github/workspace/src/video/video_reader.cc:151: Check failed: st_nb >= 0 (-1128613112 vs. 0) ERROR cannot find video stream with wanted index: -1
[19:33:33]   skipping ScRrg8a5fpI_6.mp4: [19:33:33] /github/workspace/src/video/ffmpeg/threaded_decoder.cc:292: [19:33:33] /github/workspace/src/video/ffmpeg/threaded_decoder.cc:218: Check failed: avcodec_send_packet(dec_ctx_.get(), pkt.get()) >= 0 (-11 vs. 0) Thread worker: Error sending packet.
[19:33:34]   skipping Rp3tde_n9jk_1.mp4: [19:33:34] /github/workspace/src/video/ffmpeg/threaded_decoder.cc:292: [19:33:34] /github/workspace/src/video/ffmpeg/threaded_decoder.cc:218: Check failed: avcodec_send_packet(dec_ctx_.get(), pkt.get()) >= 0 (-11 vs. 0) Thread worker: Error sending packet.
[19:33:35]   skipping Ngk1FDVd0rs_4.mp4: [19:33:35] /github/workspace/src/video/ffmpeg/threaded_decoder.cc:292: [19:33:35] /github/workspace/src/video/ffmpeg/threaded_decoder.cc:218: Check failed: avcodec_send_packet(dec_ctx_.get(), pkt.get()) >= 0 (-11 vs. 0) Thread worker: Error sending packet.
[19:33:35]   skipping BdCYG-hfGA8_40.mp4: [19:33:35] /github/workspace/src/video/video_reader.cc:151: Check failed: st_nb >= 0 (-1128613112 vs. 0) ERROR cannot find video stream with wanted index: -1
[19:33:35]   skipping Buvii64raoU_1.mp4: [19:33:35] /github/workspace/src/video/ffmpeg/threaded_decoder.cc:292: [19:33:35] /github/workspace/src/video/ffmpeg/threaded_decoder.cc:218: Check failed: avcodec_send_packet(dec_ctx_.get(), pkt.get()) >= 0 (-11 vs. 0) Thread worker: Error sending packet.
[19:33:35]   skipping joXOyrADBRE_8.mp4: [19:33:35] /github/workspace/src/video/ffmpeg/threaded_decoder.cc:292: [19:33:35] /github/workspace/src/video/ffmpeg/threaded_decoder.cc:218: Check failed: avcodec_send_packet(dec_ctx_.get(), pkt.get()) >= 0 (-11 vs. 0) Thread worker: Error sending packet.
[19:33:37]   skipping C22EGX5gwfI_4.mp4: [19:33:37] /github/workspace/src/video/ffmpeg/threaded_decoder.cc:292: [19:33:37] /github/workspace/src/video/ffmpeg/threaded_decoder.cc:218: Check failed: avcodec_send_packet(dec_ctx_.get(), pkt.get()) >= 0 (-11 vs. 0) Thread worker: Error sending packet.
[19:33:39]   skipping G29HvOWVln0_142.mp4: [19:33:39] /github/workspace/src/video/video_reader.cc:151: Check failed: st_nb >= 0 (-1128613112 vs. 0) ERROR cannot find video stream with wanted index: -1
[19:33:39]   skipping 85PQknw_hls_1.mp4: [19:33:39] /github/workspace/src/video/ffmpeg/threaded_decoder.cc:292: [19:33:39] /github/workspace/src/video/ffmpeg/threaded_decoder.cc:218: Check failed: avcodec_send_packet(dec_ctx_.get(), pkt.get()) >= 0 (-11 vs. 0) Thread worker: Error sending packet.
[19:33:39]   skipping ftsQYS1fkOs_71.mp4: [19:33:39] /github/workspace/src/video/video_reader.cc:151: Check failed: st_nb >= 0 (-1128613112 vs. 0) ERROR cannot find video stream with wanted index: -1
[19:33:40]   skipping LMgYK0TgajU_26.mp4: [19:33:40] /github/workspace/src/video/video_reader.cc:151: Check failed: st_nb >= 0 (-1128613112 vs. 0) ERROR cannot find video stream with wanted index: -1
[19:33:40]   skipping danm2Kgxozo_10.mp4: [19:33:40] /github/workspace/src/video/video_reader.cc:151: Check failed: st_nb >= 0 (-1128613112 vs. 0) ERROR cannot find video stream with wanted index: -1
[19:33:40]   skipping dsMQoZcCfns_16.mp4: [19:33:40] /github/workspace/src/video/ffmpeg/threaded_decoder.cc:292: [19:33:40] /github/workspace/src/video/ffmpeg/threaded_decoder.cc:218: Check failed: avcodec_send_packet(dec_ctx_.get(), pkt.get()) >= 0 (-11 vs. 0) Thread worker: Error sending packet.
[19:33:40]   skipping LjnRBI0HyFQ_6.mp4: [19:33:40] /github/workspace/src/video/ffmpeg/threaded_decoder.cc:292: [19:33:40] /github/workspace/src/video/ffmpeg/threaded_decoder.cc:218: Check failed: avcodec_send_packet(dec_ctx_.get(), pkt.get()) >= 0 (-11 vs. 0) Thread worker: Error sending packet.
[19:33:41]   step 1800: val_loss_ce=1.7651 val_loss_latent=0.2125 val_loss_total=1.7863 (n=200, 55.3s)
[19:33:41] ======================================================================
[19:33:41] Checkpoint step 2000: /scratch/users/anirban/tamaghnam/latentvans/checkpoints/stage0_run1/step_2000
[19:33:41] ======================================================================
[19:33:43] added 3 latent-reasoning special tokens; vocab size now 151668
[19:33:47] resumed LoRA adapter (+ embed_tokens/lm_head) from /scratch/users/anirban/tamaghnam/latentvans/checkpoints/stage0_run1/step_2000
trainable params: 624,918,528 || all params: 4,378,992,640 || trainable%: 14.2708
[19:33:47] vision-tower target embedding dim confirmed: 2048 (matches QWEN_HIDDEN_SIZE)
[19:33:47] validation stream: 1447 row(s) usable
[19:33:49]   skipping c1pQ19a8pMM_5.mp4: [19:33:49] /github/workspace/src/video/video_reader.cc:151: Check failed: st_nb >= 0 (-1128613112 vs. 0) ERROR cannot find video stream with wanted index: -1
[19:33:50]   skipping 6m7CwarmCo4_5.mp4: [19:33:50] /github/workspace/src/video/ffmpeg/threaded_decoder.cc:292: [19:33:50] /github/workspace/src/video/ffmpeg/threaded_decoder.cc:218: Check failed: avcodec_send_packet(dec_ctx_.get(), pkt.get()) >= 0 (-11 vs. 0) Thread worker: Error sending packet.
[19:33:50]   skipping mWY35fsCUgo_6.mp4: [19:33:50] /github/workspace/src/video/ffmpeg/threaded_decoder.cc:292: [19:33:50] /github/workspace/src/video/ffmpeg/threaded_decoder.cc:218: Check failed: avcodec_send_packet(dec_ctx_.get(), pkt.get()) >= 0 (-11 vs. 0) Thread worker: Error sending packet.
[19:33:51]   skipping DA6YnIZRTX8_7.mp4: [19:33:51] /github/workspace/src/video/ffmpeg/threaded_decoder.cc:292: [19:33:51] /github/workspace/src/video/ffmpeg/threaded_decoder.cc:218: Check failed: avcodec_send_packet(dec_ctx_.get(), pkt.get()) >= 0 (-11 vs. 0) Thread worker: Error sending packet.
[19:33:53]   skipping IF6iBVGKREo_91.mp4: [19:33:53] /github/workspace/src/video/video_reader.cc:151: Check failed: st_nb >= 0 (-1128613112 vs. 0) ERROR cannot find video stream with wanted index: -1
[19:33:53]   skipping Jo4XXm8OUP4_12.mp4: [19:33:53] /github/workspace/src/video/video_reader.cc:151: Check failed: st_nb >= 0 (-1128613112 vs. 0) ERROR cannot find video stream with wanted index: -1
[19:33:53]   skipping nZBk1GObVuk_0.mp4: [19:33:53] /github/workspace/src/video/ffmpeg/threaded_decoder.cc:292: [19:33:53] /github/workspace/src/video/ffmpeg/threaded_decoder.cc:218: Check failed: avcodec_send_packet(dec_ctx_.get(), pkt.get()) >= 0 (-11 vs. 0) Thread worker: Error sending packet.
[19:33:54]   skipping OX5lX2yOr0M_88.mp4: [19:33:54] /github/workspace/src/video/video_reader.cc:151: Check failed: st_nb >= 0 (-1128613112 vs. 0) ERROR cannot find video stream with wanted index: -1
[19:33:54]   skipping QN3t9ngsVyM_7.mp4: [19:33:54] /github/workspace/src/video/ffmpeg/threaded_decoder.cc:292: [19:33:54] /github/workspace/src/video/ffmpeg/threaded_decoder.cc:218: Check failed: avcodec_send_packet(dec_ctx_.get(), pkt.get()) >= 0 (-11 vs. 0) Thread worker: Error sending packet.
[19:33:55]   skipping MPhysZLZbls_3.mp4: [19:33:55] /github/workspace/src/video/ffmpeg/threaded_decoder.cc:292: [19:33:55] /github/workspace/src/video/ffmpeg/threaded_decoder.cc:218: Check failed: avcodec_send_packet(dec_ctx_.get(), pkt.get()) >= 0 (-11 vs. 0) Thread worker: Error sending packet.
[19:33:56]   skipping 3U1ZrW-l7Ns_3.mp4: [19:33:56] /github/workspace/src/video/ffmpeg/threaded_decoder.cc:292: [19:33:56] /github/workspace/src/video/ffmpeg/threaded_decoder.cc:218: Check failed: avcodec_send_packet(dec_ctx_.get(), pkt.get()) >= 0 (-11 vs. 0) Thread worker: Error sending packet.
[19:33:56]   skipping v_1UO1GTsg0_60.mp4: [19:33:56] /github/workspace/src/video/video_reader.cc:151: Check failed: st_nb >= 0 (-1128613112 vs. 0) ERROR cannot find video stream with wanted index: -1
[19:33:56]   skipping we18JQrdzNM_5.mp4: [19:33:56] /github/workspace/src/video/ffmpeg/threaded_decoder.cc:292: [19:33:56] /github/workspace/src/video/ffmpeg/threaded_decoder.cc:218: Check failed: avcodec_send_packet(dec_ctx_.get(), pkt.get()) >= 0 (-11 vs. 0) Thread worker: Error sending packet.
[19:33:56]   skipping kXrhcA8wl5E_1.mp4: [19:33:56] /github/workspace/src/video/ffmpeg/threaded_decoder.cc:292: [19:33:56] /github/workspace/src/video/ffmpeg/threaded_decoder.cc:218: Check failed: avcodec_send_packet(dec_ctx_.get(), pkt.get()) >= 0 (-11 vs. 0) Thread worker: Error sending packet.
[19:33:57]   skipping LeKS3lZM9N8_41.mp4: [19:33:57] /github/workspace/src/video/video_reader.cc:151: Check failed: st_nb >= 0 (-1128613112 vs. 0) ERROR cannot find video stream with wanted index: -1
[19:33:58]   skipping yyg6-NUkYCg_7.mp4: [19:33:58] /github/workspace/src/video/ffmpeg/threaded_decoder.cc:292: [19:33:58] /github/workspace/src/video/ffmpeg/threaded_decoder.cc:218: Check failed: avcodec_send_packet(dec_ctx_.get(), pkt.get()) >= 0 (-11 vs. 0) Thread worker: Error sending packet.
[19:33:58]   skipping f8pjSfCh8as_77.mp4: [19:33:58] /github/workspace/src/video/ffmpeg/threaded_decoder.cc:292: [19:33:58] /github/workspace/src/video/ffmpeg/threaded_decoder.cc:218: Check failed: avcodec_send_packet(dec_ctx_.get(), pkt.get()) >= 0 (-11 vs. 0) Thread worker: Error sending packet.
[19:33:58]   skipping MW41EAmaWAE_49.mp4: [19:33:58] /github/workspace/src/video/video_reader.cc:151: Check failed: st_nb >= 0 (-1128613112 vs. 0) ERROR cannot find video stream with wanted index: -1
[19:33:58]   skipping dJNduDhBIYA_16.mp4: [19:33:58] /github/workspace/src/video/video_reader.cc:151: Check failed: st_nb >= 0 (-1128613112 vs. 0) ERROR cannot find video stream with wanted index: -1
[19:33:58]   skipping Za0TBlSOIOw_2.mp4: [19:33:58] /github/workspace/src/video/video_reader.cc:151: Check failed: st_nb >= 0 (-1128613112 vs. 0) ERROR cannot find video stream with wanted index: -1
[19:33:59]   skipping Rj2fVXY7auI_4.mp4: [19:33:59] /github/workspace/src/video/ffmpeg/threaded_decoder.cc:292: [19:33:59] /github/workspace/src/video/ffmpeg/threaded_decoder.cc:218: Check failed: avcodec_send_packet(dec_ctx_.get(), pkt.get()) >= 0 (-11 vs. 0) Thread worker: Error sending packet.
[19:33:59]   skipping s0lCx-poYe0_18.mp4: [19:33:59] /github/workspace/src/video/video_reader.cc:151: Check failed: st_nb >= 0 (-1128613112 vs. 0) ERROR cannot find video stream with wanted index: -1
[19:34:00]   skipping 8pwRyKcqqhk_2.mp4: [19:34:00] /github/workspace/src/video/ffmpeg/threaded_decoder.cc:292: [19:34:00] /github/workspace/src/video/ffmpeg/threaded_decoder.cc:218: Check failed: avcodec_send_packet(dec_ctx_.get(), pkt.get()) >= 0 (-11 vs. 0) Thread worker: Error sending packet.
[19:34:00]   skipping dvQ0sBZ1-nI_3.mp4: [19:34:00] /github/workspace/src/video/ffmpeg/threaded_decoder.cc:292: [19:34:00] /github/workspace/src/video/ffmpeg/threaded_decoder.cc:218: Check failed: avcodec_send_packet(dec_ctx_.get(), pkt.get()) >= 0 (-11 vs. 0) Thread worker: Error sending packet.
[19:34:00]   skipping SuphEZDxSI8_18.mp4: [19:34:00] /github/workspace/src/video/ffmpeg/threaded_decoder.cc:292: [19:34:00] /github/workspace/src/video/ffmpeg/threaded_decoder.cc:218: Check failed: avcodec_send_packet(dec_ctx_.get(), pkt.get()) >= 0 (-11 vs. 0) Thread worker: Error sending packet.
[19:34:00]   skipping ksU6Ii668Qk_2.mp4: [19:34:00] /github/workspace/src/video/video_reader.cc:151: Check failed: st_nb >= 0 (-1128613112 vs. 0) ERROR cannot find video stream with wanted index: -1
[19:34:00]   skipping OAd1Y7UbxTg_1.mp4: [19:34:00] /github/workspace/src/video/ffmpeg/threaded_decoder.cc:292: [19:34:00] /github/workspace/src/video/ffmpeg/threaded_decoder.cc:218: Check failed: avcodec_send_packet(dec_ctx_.get(), pkt.get()) >= 0 (-11 vs. 0) Thread worker: Error sending packet.
[19:34:03]   skipping ZymSrDfLhW8_43.mp4: [19:34:03] /github/workspace/src/video/video_reader.cc:151: Check failed: st_nb >= 0 (-1128613112 vs. 0) ERROR cannot find video stream with wanted index: -1
[19:34:03]   skipping yU8-TOldiyE_62.mp4: [19:34:03] /github/workspace/src/video/video_reader.cc:151: Check failed: st_nb >= 0 (-1128613112 vs. 0) ERROR cannot find video stream with wanted index: -1
[19:34:03]   skipping hZ1mAXpd1cY_71.mp4: [19:34:03] /github/workspace/src/video/video_reader.cc:151: Check failed: st_nb >= 0 (-1128613112 vs. 0) ERROR cannot find video stream with wanted index: -1
[19:34:04]   skipping vAYb7klhj8k_8.mp4: [19:34:04] /github/workspace/src/video/ffmpeg/threaded_decoder.cc:292: [19:34:04] /github/workspace/src/video/ffmpeg/threaded_decoder.cc:218: Check failed: avcodec_send_packet(dec_ctx_.get(), pkt.get()) >= 0 (-11 vs. 0) Thread worker: Error sending packet.
[19:34:04]   skipping Rs4Hg69vhqQ_4.mp4: [19:34:04] /github/workspace/src/video/ffmpeg/threaded_decoder.cc:292: [19:34:04] /github/workspace/src/video/ffmpeg/threaded_decoder.cc:218: Check failed: avcodec_send_packet(dec_ctx_.get(), pkt.get()) >= 0 (-11 vs. 0) Thread worker: Error sending packet.
[19:34:05]   skipping X_cItpBBO6M_5.mp4: [19:34:05] /github/workspace/src/video/ffmpeg/threaded_decoder.cc:292: [19:34:05] /github/workspace/src/video/ffmpeg/threaded_decoder.cc:218: Check failed: avcodec_send_packet(dec_ctx_.get(), pkt.get()) >= 0 (-11 vs. 0) Thread worker: Error sending packet.
[19:34:05]   skipping 8UNYXycC1yM_12.mp4: [19:34:05] /github/workspace/src/video/ffmpeg/threaded_decoder.cc:292: [19:34:05] /github/workspace/src/video/ffmpeg/threaded_decoder.cc:218: Check failed: avcodec_send_packet(dec_ctx_.get(), pkt.get()) >= 0 (-11 vs. 0) Thread worker: Error sending packet.
[19:34:09]   skipping bERjl3VRKQo_5.mp4: [19:34:09] /github/workspace/src/video/ffmpeg/threaded_decoder.cc:292: [19:34:09] /github/workspace/src/video/ffmpeg/threaded_decoder.cc:218: Check failed: avcodec_send_packet(dec_ctx_.get(), pkt.get()) >= 0 (-11 vs. 0) Thread worker: Error sending packet.
[19:34:09]   skipping Vj4f0Jjyy0w_35.mp4: [19:34:09] /github/workspace/src/video/ffmpeg/threaded_decoder.cc:292: [19:34:09] /github/workspace/src/video/ffmpeg/threaded_decoder.cc:218: Check failed: avcodec_send_packet(dec_ctx_.get(), pkt.get()) >= 0 (-11 vs. 0) Thread worker: Error sending packet.
[19:34:10]   skipping daYmVkHtkeU_5.mp4: [19:34:10] /github/workspace/src/video/video_reader.cc:151: Check failed: st_nb >= 0 (-1128613112 vs. 0) ERROR cannot find video stream with wanted index: -1
[19:34:10]   skipping a6Yltl1nVPk_18.mp4: [19:34:10] /github/workspace/src/video/video_reader.cc:151: Check failed: st_nb >= 0 (-1128613112 vs. 0) ERROR cannot find video stream with wanted index: -1
[19:34:11]   skipping Vn6dEcyr_WE_0.mp4: [19:34:11] /github/workspace/src/video/ffmpeg/threaded_decoder.cc:292: [19:34:11] /github/workspace/src/video/ffmpeg/threaded_decoder.cc:218: Check failed: avcodec_send_packet(dec_ctx_.get(), pkt.get()) >= 0 (-11 vs. 0) Thread worker: Error sending packet.
[19:34:12]   skipping 5oEGhFvW8vk_80.mp4: [19:34:12] /github/workspace/src/video/video_reader.cc:151: Check failed: st_nb >= 0 (-1128613112 vs. 0) ERROR cannot find video stream with wanted index: -1
[19:34:13]   skipping zrjiSnV-m40_23.mp4: [19:34:13] /github/workspace/src/video/ffmpeg/threaded_decoder.cc:292: [19:34:13] /github/workspace/src/video/ffmpeg/threaded_decoder.cc:218: Check failed: avcodec_send_packet(dec_ctx_.get(), pkt.get()) >= 0 (-11 vs. 0) Thread worker: Error sending packet.
[19:34:14]   skipping F2QAMwDkHZw_629.mp4: [19:34:14] /github/workspace/src/video/video_reader.cc:151: Check failed: st_nb >= 0 (-1128613112 vs. 0) ERROR cannot find video stream with wanted index: -1
[19:34:14]   skipping LZ4Q2W5XaL0_0.mp4: [19:34:14] /github/workspace/src/video/video_reader.cc:151: Check failed: st_nb >= 0 (-1128613112 vs. 0) ERROR cannot find video stream with wanted index: -1
[19:34:15]   skipping OMGO51u4ou4_4.mp4: [19:34:15] /github/workspace/src/video/video_reader.cc:151: Check failed: st_nb >= 0 (-1128613112 vs. 0) ERROR cannot find video stream with wanted index: -1
[19:34:15]   skipping FuHJQatc-PE_2.mp4: [19:34:15] /github/workspace/src/video/video_reader.cc:151: Check failed: st_nb >= 0 (-1128613112 vs. 0) ERROR cannot find video stream with wanted index: -1
[19:34:16]   skipping KB7doYrBdBk_2.mp4: [19:34:16] /github/workspace/src/video/ffmpeg/threaded_decoder.cc:292: [19:34:16] /github/workspace/src/video/ffmpeg/threaded_decoder.cc:218: Check failed: avcodec_send_packet(dec_ctx_.get(), pkt.get()) >= 0 (-11 vs. 0) Thread worker: Error sending packet.
[19:34:16]   skipping myfoGCgzaTA_11.mp4: [19:34:16] /github/workspace/src/video/ffmpeg/threaded_decoder.cc:292: [19:34:16] /github/workspace/src/video/ffmpeg/threaded_decoder.cc:218: Check failed: avcodec_send_packet(dec_ctx_.get(), pkt.get()) >= 0 (-11 vs. 0) Thread worker: Error sending packet.
[19:34:16]   skipping QCUuBDTV8YY_24.mp4: [19:34:16] /github/workspace/src/video/ffmpeg/threaded_decoder.cc:292: [19:34:16] /github/workspace/src/video/ffmpeg/threaded_decoder.cc:218: Check failed: avcodec_send_packet(dec_ctx_.get(), pkt.get()) >= 0 (-11 vs. 0) Thread worker: Error sending packet.
[19:34:16]   skipping -nahoWMJM1E_3.mp4: [19:34:16] /github/workspace/src/video/ffmpeg/threaded_decoder.cc:292: [19:34:16] /github/workspace/src/video/ffmpeg/threaded_decoder.cc:218: Check failed: avcodec_send_packet(dec_ctx_.get(), pkt.get()) >= 0 (-11 vs. 0) Thread worker: Error sending packet.
[19:34:16]   skipping 8XWPQX9LVoU_22.mp4: [19:34:16] /github/workspace/src/video/ffmpeg/threaded_decoder.cc:292: [19:34:16] /github/workspace/src/video/ffmpeg/threaded_decoder.cc:218: Check failed: avcodec_send_packet(dec_ctx_.get(), pkt.get()) >= 0 (-11 vs. 0) Thread worker: Error sending packet.
[19:34:17]   skipping KozSjyNnAH4_33.mp4: [19:34:17] /github/workspace/src/video/video_reader.cc:151: Check failed: st_nb >= 0 (-1128613112 vs. 0) ERROR cannot find video stream with wanted index: -1
[19:34:17]   skipping ooZRK8q-27Y_2.mp4: [19:34:17] /github/workspace/src/video/video_reader.cc:151: Check failed: st_nb >= 0 (-1128613112 vs. 0) ERROR cannot find video stream with wanted index: -1
[19:34:18]   skipping nZbmaDfYIs8_6.mp4: [19:34:18] /github/workspace/src/video/ffmpeg/threaded_decoder.cc:292: [19:34:18] /github/workspace/src/video/ffmpeg/threaded_decoder.cc:218: Check failed: avcodec_send_packet(dec_ctx_.get(), pkt.get()) >= 0 (-11 vs. 0) Thread worker: Error sending packet.
[19:34:18]   skipping Fil0i6xKNG8_7.mp4: [19:34:18] /github/workspace/src/video/ffmpeg/threaded_decoder.cc:292: [19:34:18] /github/workspace/src/video/ffmpeg/threaded_decoder.cc:218: Check failed: avcodec_send_packet(dec_ctx_.get(), pkt.get()) >= 0 (-11 vs. 0) Thread worker: Error sending packet.
[19:34:21]   skipping nmXmslnHoFU_16.mp4: [19:34:21] /github/workspace/src/video/ffmpeg/threaded_decoder.cc:292: [19:34:21] /github/workspace/src/video/ffmpeg/threaded_decoder.cc:218: Check failed: avcodec_send_packet(dec_ctx_.get(), pkt.get()) >= 0 (-11 vs. 0) Thread worker: Error sending packet.
[19:34:22]   skipping ydRISDRNyCM_0.mp4: [19:34:22] /github/workspace/src/video/ffmpeg/threaded_decoder.cc:292: [19:34:22] /github/workspace/src/video/ffmpeg/threaded_decoder.cc:218: Check failed: avcodec_send_packet(dec_ctx_.get(), pkt.get()) >= 0 (-11 vs. 0) Thread worker: Error sending packet.
[19:34:24]   skipping 3t0tjJACoz0_3.mp4: [19:34:24] /github/workspace/src/video/ffmpeg/threaded_decoder.cc:292: [19:34:24] /github/workspace/src/video/ffmpeg/threaded_decoder.cc:218: Check failed: avcodec_send_packet(dec_ctx_.get(), pkt.get()) >= 0 (-11 vs. 0) Thread worker: Error sending packet.
[19:34:24]   skipping 63HDsjAOmR0_63.mp4: [19:34:24] /github/workspace/src/video/video_reader.cc:151: Check failed: st_nb >= 0 (-1128613112 vs. 0) ERROR cannot find video stream with wanted index: -1
[19:34:26]   skipping zFEpjVaPFJo_0.mp4: [19:34:26] /github/workspace/src/video/ffmpeg/threaded_decoder.cc:292: [19:34:26] /github/workspace/src/video/ffmpeg/threaded_decoder.cc:218: Check failed: avcodec_send_packet(dec_ctx_.get(), pkt.get()) >= 0 (-11 vs. 0) Thread worker: Error sending packet.
[19:34:26]   skipping 6qgCC63H9yI_40.mp4: [19:34:26] /github/workspace/src/video/ffmpeg/threaded_decoder.cc:292: [19:34:26] /github/workspace/src/video/ffmpeg/threaded_decoder.cc:218: Check failed: avcodec_send_packet(dec_ctx_.get(), pkt.get()) >= 0 (-11 vs. 0) Thread worker: Error sending packet.
[19:34:27]   skipping NTKUo1-0cQY_15.mp4: [19:34:27] /github/workspace/src/video/video_reader.cc:151: Check failed: st_nb >= 0 (-1128613112 vs. 0) ERROR cannot find video stream with wanted index: -1
[19:34:27]   skipping -RJ6USD2nEU_3.mp4: [19:34:27] /github/workspace/src/video/video_reader.cc:151: Check failed: st_nb >= 0 (-1128613112 vs. 0) ERROR cannot find video stream with wanted index: -1
[19:34:28]   skipping fazhSHz4WUM_7.mp4: [19:34:28] /github/workspace/src/video/ffmpeg/threaded_decoder.cc:292: [19:34:28] /github/workspace/src/video/ffmpeg/threaded_decoder.cc:218: Check failed: avcodec_send_packet(dec_ctx_.get(), pkt.get()) >= 0 (-11 vs. 0) Thread worker: Error sending packet.
[19:34:30]   skipping rCo5sX6D9M8_1.mp4: [19:34:30] /github/workspace/src/video/ffmpeg/threaded_decoder.cc:292: [19:34:30] /github/workspace/src/video/ffmpeg/threaded_decoder.cc:218: Check failed: avcodec_send_packet(dec_ctx_.get(), pkt.get()) >= 0 (-11 vs. 0) Thread worker: Error sending packet.
[19:34:30]   skipping wpsgfdtNMWk_2.mp4: [19:34:30] /github/workspace/src/video/ffmpeg/threaded_decoder.cc:292: [19:34:30] /github/workspace/src/video/ffmpeg/threaded_decoder.cc:218: Check failed: avcodec_send_packet(dec_ctx_.get(), pkt.get()) >= 0 (-11 vs. 0) Thread worker: Error sending packet.
[19:34:30]   skipping _xxl5o-7-zE_1.mp4: [19:34:30] /github/workspace/src/video/ffmpeg/threaded_decoder.cc:292: [19:34:30] /github/workspace/src/video/ffmpeg/threaded_decoder.cc:218: Check failed: avcodec_send_packet(dec_ctx_.get(), pkt.get()) >= 0 (-11 vs. 0) Thread worker: Error sending packet.
[19:34:31]   skipping 8BhntKzc0TY_8.mp4: [19:34:31] /github/workspace/src/video/ffmpeg/threaded_decoder.cc:292: [19:34:31] /github/workspace/src/video/ffmpeg/threaded_decoder.cc:218: Check failed: avcodec_send_packet(dec_ctx_.get(), pkt.get()) >= 0 (-11 vs. 0) Thread worker: Error sending packet.
[19:34:31]   skipping fmF09VS_oyo_33.mp4: [19:34:31] /github/workspace/src/video/ffmpeg/threaded_decoder.cc:292: [19:34:31] /github/workspace/src/video/ffmpeg/threaded_decoder.cc:218: Check failed: avcodec_send_packet(dec_ctx_.get(), pkt.get()) >= 0 (-11 vs. 0) Thread worker: Error sending packet.
[19:34:31]   skipping dCwLaQ_JVe4_12.mp4: [19:34:31] /github/workspace/src/video/ffmpeg/threaded_decoder.cc:292: [19:34:31] /github/workspace/src/video/ffmpeg/threaded_decoder.cc:218: Check failed: avcodec_send_packet(dec_ctx_.get(), pkt.get()) >= 0 (-11 vs. 0) Thread worker: Error sending packet.
[19:34:31]   skipping u1nq7a-GrFk_4.mp4: [19:34:31] /github/workspace/src/video/video_reader.cc:151: Check failed: st_nb >= 0 (-1128613112 vs. 0) ERROR cannot find video stream with wanted index: -1
[19:34:31]   skipping L32u5GHo9uQ_11.mp4: [19:34:31] /github/workspace/src/video/video_reader.cc:151: Check failed: st_nb >= 0 (-1128613112 vs. 0) ERROR cannot find video stream with wanted index: -1
[19:34:31]   skipping ZsMxGbwfcXE_2.mp4: [19:34:31] /github/workspace/src/video/ffmpeg/threaded_decoder.cc:292: [19:34:31] /github/workspace/src/video/ffmpeg/threaded_decoder.cc:218: Check failed: avcodec_send_packet(dec_ctx_.get(), pkt.get()) >= 0 (-11 vs. 0) Thread worker: Error sending packet.
[19:34:33]   skipping 2kWhDth0Tik_72.mp4: [19:34:33] /github/workspace/src/video/video_reader.cc:151: Check failed: st_nb >= 0 (-1128613112 vs. 0) ERROR cannot find video stream with wanted index: -1
[19:34:34]   skipping ScRrg8a5fpI_6.mp4: [19:34:34] /github/workspace/src/video/ffmpeg/threaded_decoder.cc:292: [19:34:34] /github/workspace/src/video/ffmpeg/threaded_decoder.cc:218: Check failed: avcodec_send_packet(dec_ctx_.get(), pkt.get()) >= 0 (-11 vs. 0) Thread worker: Error sending packet.
[19:34:34]   skipping Rp3tde_n9jk_1.mp4: [19:34:34] /github/workspace/src/video/ffmpeg/threaded_decoder.cc:292: [19:34:34] /github/workspace/src/video/ffmpeg/threaded_decoder.cc:218: Check failed: avcodec_send_packet(dec_ctx_.get(), pkt.get()) >= 0 (-11 vs. 0) Thread worker: Error sending packet.
[19:34:36]   skipping Ngk1FDVd0rs_4.mp4: [19:34:36] /github/workspace/src/video/ffmpeg/threaded_decoder.cc:292: [19:34:36] /github/workspace/src/video/ffmpeg/threaded_decoder.cc:218: Check failed: avcodec_send_packet(dec_ctx_.get(), pkt.get()) >= 0 (-11 vs. 0) Thread worker: Error sending packet.
[19:34:36]   skipping BdCYG-hfGA8_40.mp4: [19:34:36] /github/workspace/src/video/video_reader.cc:151: Check failed: st_nb >= 0 (-1128613112 vs. 0) ERROR cannot find video stream with wanted index: -1
[19:34:36]   skipping Buvii64raoU_1.mp4: [19:34:36] /github/workspace/src/video/ffmpeg/threaded_decoder.cc:292: [19:34:36] /github/workspace/src/video/ffmpeg/threaded_decoder.cc:218: Check failed: avcodec_send_packet(dec_ctx_.get(), pkt.get()) >= 0 (-11 vs. 0) Thread worker: Error sending packet.
[19:34:36]   skipping joXOyrADBRE_8.mp4: [19:34:36] /github/workspace/src/video/ffmpeg/threaded_decoder.cc:292: [19:34:36] /github/workspace/src/video/ffmpeg/threaded_decoder.cc:218: Check failed: avcodec_send_packet(dec_ctx_.get(), pkt.get()) >= 0 (-11 vs. 0) Thread worker: Error sending packet.
[19:34:38]   skipping C22EGX5gwfI_4.mp4: [19:34:38] /github/workspace/src/video/ffmpeg/threaded_decoder.cc:292: [19:34:38] /github/workspace/src/video/ffmpeg/threaded_decoder.cc:218: Check failed: avcodec_send_packet(dec_ctx_.get(), pkt.get()) >= 0 (-11 vs. 0) Thread worker: Error sending packet.
[19:34:40]   skipping G29HvOWVln0_142.mp4: [19:34:40] /github/workspace/src/video/video_reader.cc:151: Check failed: st_nb >= 0 (-1128613112 vs. 0) ERROR cannot find video stream with wanted index: -1
[19:34:40]   skipping 85PQknw_hls_1.mp4: [19:34:40] /github/workspace/src/video/ffmpeg/threaded_decoder.cc:292: [19:34:40] /github/workspace/src/video/ffmpeg/threaded_decoder.cc:218: Check failed: avcodec_send_packet(dec_ctx_.get(), pkt.get()) >= 0 (-11 vs. 0) Thread worker: Error sending packet.
[19:34:40]   skipping ftsQYS1fkOs_71.mp4: [19:34:40] /github/workspace/src/video/video_reader.cc:151: Check failed: st_nb >= 0 (-1128613112 vs. 0) ERROR cannot find video stream with wanted index: -1
[19:34:41]   skipping LMgYK0TgajU_26.mp4: [19:34:41] /github/workspace/src/video/video_reader.cc:151: Check failed: st_nb >= 0 (-1128613112 vs. 0) ERROR cannot find video stream with wanted index: -1
[19:34:41]   skipping danm2Kgxozo_10.mp4: [19:34:41] /github/workspace/src/video/video_reader.cc:151: Check failed: st_nb >= 0 (-1128613112 vs. 0) ERROR cannot find video stream with wanted index: -1
[19:34:41]   skipping dsMQoZcCfns_16.mp4: [19:34:41] /github/workspace/src/video/ffmpeg/threaded_decoder.cc:292: [19:34:41] /github/workspace/src/video/ffmpeg/threaded_decoder.cc:218: Check failed: avcodec_send_packet(dec_ctx_.get(), pkt.get()) >= 0 (-11 vs. 0) Thread worker: Error sending packet.
[19:34:41]   skipping LjnRBI0HyFQ_6.mp4: [19:34:41] /github/workspace/src/video/ffmpeg/threaded_decoder.cc:292: [19:34:41] /github/workspace/src/video/ffmpeg/threaded_decoder.cc:218: Check failed: avcodec_send_packet(dec_ctx_.get(), pkt.get()) >= 0 (-11 vs. 0) Thread worker: Error sending packet.
[19:34:42]   step 2000: val_loss_ce=1.7664 val_loss_latent=0.2124 val_loss_total=1.7876 (n=200, 54.6s)
[19:34:42] ======================================================================
[19:34:42] VALIDATION-ONLY EVAL COMPLETE -- 10/10 checkpoint(s) produced usable validation numbers. See /scratch/users/anirban/tamaghnam/latentvans/checkpoints/stage0_run1/eval_only/eval_metrics.jsonl
[19:34:42] ======================================================================
[19:34:42] loaded 200 train-loss point(s) from /scratch/users/anirban/tamaghnam/latentvans/checkpoints/stage0_run1/metrics.jsonl for the overlay
[19:34:48] wrote plot: /scratch/users/anirban/tamaghnam/latentvans/checkpoints/stage0_run1/eval_only/val_vs_train_loss.png
[19:34:48] wrote plot: /scratch/users/anirban/tamaghnam/latentvans/checkpoints/stage0_run1/eval_only/val_loss_components.png
[19:34:48] wrote train-vs-val summary (with generalization gap): /scratch/users/anirban/tamaghnam/latentvans/checkpoints/stage0_run1/eval_only/train_vs_val_summary.jsonl
===== Validation-only evaluation completed — see /scratch/users/anirban/tamaghnam/latentvans/checkpoints/stage0_run1/eval_only/ =====
  eval_metrics.jsonl        -- raw per-checkpoint numbers
  val_vs_train_loss.png     -- train vs val loss_total by step (THE graph)
  val_loss_components.png   -- val loss_ce / loss_latent split out separately
  train_vs_val_summary.jsonl -- per-checkpoint train/val/gap (the memorization-vs-generalization read)
End: Sun Sep 13 07:34:50 PM IST 2026
